,End Date,Start Date,End Price,Start Price,Weekly Returns,Bin Label,News,Basics
0,2024-01-12,2024-01-05,0.5473330020904541,0.5412420034408569,0.011253743447246604,U2,"[{""date"": ""20231214031850"", ""headline"": ""Total Value of Cardano DeFi Ecosystem Nears $450M Amid Layer 1 Push; ADA Rockets 17%"", ""summary"": ""Value locked on Cardano\u2019s ecosystem grew rapidly in the past few weeks as a recent boost in Ethereum alternatives, such as Solana and Avalanche, is likely pushing crypto investors and users toward oth..."", ""url"": ""https://coindesk.com/markets/2023/12/14/total-value-of-cardano-defi-ecosystem-nears-450m-amid-layer-1-push-ada-rockets-17"", ""source"": ""CoinDesk"", ""sentiment"": ""POSITIVE"", ""keywords"": ""Cardano|ADA|DeFi"", ""id"": 42409235, ""guid"": ""GJVPKSa3D710Liw1gcEseF""}, {""date"": ""20231208141944"", ""headline"": ""Cardano Jumps 20% as Analyst Eyes Bitcoin Pullback to $40K to 'Fill CME Gap'"", ""summary"": ""Layer 1 tokens ADA, ALGO, AVAX and SOL among best performers as capital rotation from stalling BTC lifts altcoins.\n\nBitcoin may revisit $40,000 to \""fill CME price gap,\"" crypto analyst Willy Woo specul..."", ""url"": ""https://coindesk.com/markets/2023/12/08/cardano-jumps-20-as-analyst-eyes-bitcoin-pullback-to-40k-to-fill-cme-gap"", ""source"": ""CoinDesk"", ""sentiment"": ""POSITIVE"", ""keywords"": ""Market Wrap|Cardano|Bitcoin|Willy Woo|21Shares|Hany Rashwan"", ""id"": 42391803, ""guid"": ""CpI5Y2Su0uMQDo69bfwJV3""}, {""date"": ""20231116064839"", ""headline"": ""Cardano, Dogecoin Lead Price Gains Among Major Cryptocurrencies as Bitcoin Nears $38K"", ""summary"": ""The latest crypto market spurt added 4.6% to overall capitalization in the past 24 hours, taking the total to $1.44 trillion, levels not seen since May 2022. Bitcoin [BTC] and several altcoins returne..."", ""url"": ""https://coindesk.com/markets/2023/11/16/cardano-dogecoin-lead-price-gains-among-major-cryptocurrencies-as-bitcoin-nears-38k"", ""source"": ""CoinDesk"", ""sentiment"": ""POSITIVE"", ""keywords"": ""Markets|Trading"", ""id"": 42391996, ""guid"": ""CpI5Y2Su0uMQDo69bfzA2P""}, {""date"": ""20231109041455"", ""headline"": ""Cardano-Based DEX MuesliSwap to Open Refund Site 'Soon' as Some Users Voice Concerns"", ""summary"": ""MuesliSwap, a Cardano-based decentralized exchange (DEX), would soon open its claims window to refund high slippage losses said to have been incurred over a 12-month period, the team told CoinDesk in ..."", ""url"": ""https://coindesk.com/tech/2023/11/09/cardano-based-dex-muesliswap-to-open-refund-site-soon-as-some-users-voice-concerns"", ""source"": ""CoinDesk"", ""sentiment"": ""NEUTRAL"", ""keywords"": ""Cardano|DEX|ADA|Exclusive "", ""id"": 42419131, ""guid"": ""ha93388BwWkPe8xtcUDvZ7""}, {""date"": ""20230929053227"", ""headline"": ""Bitcoin Traders Eye $28K; Solana, Cardano and Tellor Lead Altcoin Bump"", ""summary"": ""Bitcoin (BTC) prices held steady above the $27,000 level Friday even as broader financial markets showed mixed movements. Global oil prices retreated after a surge, while stocks in Asia and Europe inc..."", ""url"": ""https://coindesk.com/markets/2023/09/29/bitcoin-traders-eye-28k-solana-cardano-and-tellor-lead-altcoin-bump"", ""source"": ""CoinDesk"", ""sentiment"": ""POSITIVE"", ""keywords"": ""Trading|Investing|Market"", ""id"": 42392456, ""guid"": ""CpI5Y2Su0uMQDo69bg6zTZ""}]",{}
1,2024-01-19,2024-01-12,0.503150999546051,0.5473330020904541,-0.08072234339178658,D5+,"[{""date"": ""20231214031850"", ""headline"": ""Total Value of Cardano DeFi Ecosystem Nears $450M Amid Layer 1 Push; ADA Rockets 17%"", ""summary"": ""Value locked on Cardano\u2019s ecosystem grew rapidly in the past few weeks as a recent boost in Ethereum alternatives, such as Solana and Avalanche, is likely pushing crypto investors and users toward oth..."", ""url"": ""https://coindesk.com/markets/2023/12/14/total-value-of-cardano-defi-ecosystem-nears-450m-amid-layer-1-push-ada-rockets-17"", ""source"": ""CoinDesk"", ""sentiment"": ""POSITIVE"", ""keywords"": ""Cardano|ADA|DeFi"", ""id"": 42409235, ""guid"": ""GJVPKSa3D710Liw1gcEseF""}, {""date"": ""20231208141944"", ""headline"": ""Cardano Jumps 20% as Analyst Eyes Bitcoin Pullback to $40K to 'Fill CME Gap'"", ""summary"": ""Layer 1 tokens ADA, ALGO, AVAX and SOL among best performers as capital rotation from stalling BTC lifts altcoins.\n\nBitcoin may revisit $40,000 to \""fill CME price gap,\"" crypto analyst Willy Woo specul..."", ""url"": ""https://coindesk.com/markets/2023/12/08/cardano-jumps-20-as-analyst-eyes-bitcoin-pullback-to-40k-to-fill-cme-gap"", ""source"": ""CoinDesk"", ""sentiment"": ""POSITIVE"", ""keywords"": ""Market Wrap|Cardano|Bitcoin|Willy Woo|21Shares|Hany Rashwan"", ""id"": 42391803, ""guid"": ""CpI5Y2Su0uMQDo69bfwJV3""}, {""date"": ""20231116064839"", ""headline"": ""Cardano, Dogecoin Lead Price Gains Among Major Cryptocurrencies as Bitcoin Nears $38K"", ""summary"": ""The latest crypto market spurt added 4.6% to overall capitalization in the past 24 hours, taking the total to $1.44 trillion, levels not seen since May 2022. Bitcoin [BTC] and several altcoins returne..."", ""url"": ""https://coindesk.com/markets/2023/11/16/cardano-dogecoin-lead-price-gains-among-major-cryptocurrencies-as-bitcoin-nears-38k"", ""source"": ""CoinDesk"", ""sentiment"": ""POSITIVE"", ""keywords"": ""Markets|Trading"", ""id"": 42391996, ""guid"": ""CpI5Y2Su0uMQDo69bfzA2P""}, {""date"": ""20231109041455"", ""headline"": ""Cardano-Based DEX MuesliSwap to Open Refund Site 'Soon' as Some Users Voice Concerns"", ""summary"": ""MuesliSwap, a Cardano-based decentralized exchange (DEX), would soon open its claims window to refund high slippage losses said to have been incurred over a 12-month period, the team told CoinDesk in ..."", ""url"": ""https://coindesk.com/tech/2023/11/09/cardano-based-dex-muesliswap-to-open-refund-site-soon-as-some-users-voice-concerns"", ""source"": ""CoinDesk"", ""sentiment"": ""NEUTRAL"", ""keywords"": ""Cardano|DEX|ADA|Exclusive "", ""id"": 42419131, ""guid"": ""ha93388BwWkPe8xtcUDvZ7""}, {""date"": ""20230929053227"", ""headline"": ""Bitcoin Traders Eye $28K; Solana, Cardano and Tellor Lead Altcoin Bump"", ""summary"": ""Bitcoin (BTC) prices held steady above the $27,000 level Friday even as broader financial markets showed mixed movements. Global oil prices retreated after a surge, while stocks in Asia and Europe inc..."", ""url"": ""https://coindesk.com/markets/2023/09/29/bitcoin-traders-eye-28k-solana-cardano-and-tellor-lead-altcoin-bump"", ""source"": ""CoinDesk"", ""sentiment"": ""POSITIVE"", ""keywords"": ""Trading|Investing|Market"", ""id"": 42392456, ""guid"": ""CpI5Y2Su0uMQDo69bg6zTZ""}]",{}
2,2024-01-26,2024-01-19,0.48529401421546936,0.503150999546051,-0.03549031075500686,D4,"[{""date"": ""20240122080000"", ""headline"": ""First Mover Americas: Solana, Cardano Lead Losses as Market Starts Week in the Red"", ""summary"": ""This article originally appeared in First Mover, CoinDesk\u2019s daily newsletter, putting the latest moves in crypto markets in context. Subscribe to get it in your inbox every day.\n\nLatest Prices\n\nTop St..."", ""url"": ""https://coindesk.com/markets/2024/01/22/first-mover-americas-sol-ada-lead-losses-as-market-starts-week-in-the-red"", ""source"": ""CoinDesk"", ""sentiment"": ""NEGATIVE"", ""keywords"": ""First Mover|Markets|Bitcoin|Bitcoin ETF"", ""id"": 42391619, ""guid"": ""CpI5Y2Su0uMQDo69bfs2m9""}, {""date"": ""20240122042324"", ""headline"": ""Solana, Cardano Lead Crypto Market Lower as Traders Grapple With Bitcoin Headwinds"", ""summary"": ""Prominent cryptocurrencies started the week in the red as fears of large bitcoin [BTC] sales continue to confront investors, who are likely scaling back exposure in the broader market in anticipation ..."", ""url"": ""https://coindesk.com/markets/2024/01/22/solana-sol-cardano-ada-lead-crypto-market-lower-as-traders-grapple-with-btc-headwinds"", ""source"": ""CoinDesk"", ""sentiment"": ""NEGATIVE"", ""keywords"": ""Trading|Markets|Bitcoin"", ""id"": 42391602, ""guid"": ""CpI5Y2Su0uMQDo69bfs1Hp""}]",{}
3,2024-02-02,2024-01-26,0.5139579772949219,0.48529401421546936,0.059065148631167304,U5+,"[{""date"": ""20240122080000"", ""headline"": ""First Mover Americas: Solana, Cardano Lead Losses as Market Starts Week in the Red"", ""summary"": ""This article originally appeared in First Mover, CoinDesk\u2019s daily newsletter, putting the latest moves in crypto markets in context. Subscribe to get it in your inbox every day.\n\nLatest Prices\n\nTop St..."", ""url"": ""https://coindesk.com/markets/2024/01/22/first-mover-americas-sol-ada-lead-losses-as-market-starts-week-in-the-red"", ""source"": ""CoinDesk"", ""sentiment"": ""NEGATIVE"", ""keywords"": ""First Mover|Markets|Bitcoin|Bitcoin ETF"", ""id"": 42391619, ""guid"": ""CpI5Y2Su0uMQDo69bfs2m9""}, {""date"": ""20240122042324"", ""headline"": ""Solana, Cardano Lead Crypto Market Lower as Traders Grapple With Bitcoin Headwinds"", ""summary"": ""Prominent cryptocurrencies started the week in the red as fears of large bitcoin [BTC] sales continue to confront investors, who are likely scaling back exposure in the broader market in anticipation ..."", ""url"": ""https://coindesk.com/markets/2024/01/22/solana-sol-cardano-ada-lead-crypto-market-lower-as-traders-grapple-with-btc-headwinds"", ""source"": ""CoinDesk"", ""sentiment"": ""NEGATIVE"", ""keywords"": ""Trading|Markets|Bitcoin"", ""id"": 42391602, ""guid"": ""CpI5Y2Su0uMQDo69bfs1Hp""}, {""date"": ""20231214031850"", ""headline"": ""Total Value of Cardano DeFi Ecosystem Nears $450M Amid Layer 1 Push; ADA Rockets 17%"", ""summary"": ""Value locked on Cardano\u2019s ecosystem grew rapidly in the past few weeks as a recent boost in Ethereum alternatives, such as Solana and Avalanche, is likely pushing crypto investors and users toward oth..."", ""url"": ""https://coindesk.com/markets/2023/12/14/total-value-of-cardano-defi-ecosystem-nears-450m-amid-layer-1-push-ada-rockets-17"", ""source"": ""CoinDesk"", ""sentiment"": ""POSITIVE"", ""keywords"": ""Cardano|ADA|DeFi"", ""id"": 42409235, ""guid"": ""GJVPKSa3D710Liw1gcEseF""}, {""date"": ""20231208141944"", ""headline"": ""Cardano Jumps 20% as Analyst Eyes Bitcoin Pullback to $40K to 'Fill CME Gap'"", ""summary"": ""Layer 1 tokens ADA, ALGO, AVAX and SOL among best performers as capital rotation from stalling BTC lifts altcoins.\n\nBitcoin may revisit $40,000 to \""fill CME price gap,\"" crypto analyst Willy Woo specul..."", ""url"": ""https://coindesk.com/markets/2023/12/08/cardano-jumps-20-as-analyst-eyes-bitcoin-pullback-to-40k-to-fill-cme-gap"", ""source"": ""CoinDesk"", ""sentiment"": ""POSITIVE"", ""keywords"": ""Market Wrap|Cardano|Bitcoin|Willy Woo|21Shares|Hany Rashwan"", ""id"": 42391803, ""guid"": ""CpI5Y2Su0uMQDo69bfwJV3""}, {""date"": ""20231116064839"", ""headline"": ""Cardano, Dogecoin Lead Price Gains Among Major Cryptocurrencies as Bitcoin Nears $38K"", ""summary"": ""The latest crypto market spurt added 4.6% to overall capitalization in the past 24 hours, taking the total to $1.44 trillion, levels not seen since May 2022. Bitcoin [BTC] and several altcoins returne..."", ""url"": ""https://coindesk.com/markets/2023/11/16/cardano-dogecoin-lead-price-gains-among-major-cryptocurrencies-as-bitcoin-nears-38k"", ""source"": ""CoinDesk"", ""sentiment"": ""POSITIVE"", ""keywords"": ""Markets|Trading"", ""id"": 42391996, ""guid"": ""CpI5Y2Su0uMQDo69bfzA2P""}]",{}
4,2024-02-09,2024-02-02,0.5407919883728027,0.5139579772949219,0.05221051576845715,U5+,"[{""date"": ""20240122080000"", ""headline"": ""First Mover Americas: Solana, Cardano Lead Losses as Market Starts Week in the Red"", ""summary"": ""This article originally appeared in First Mover, CoinDesk\u2019s daily newsletter, putting the latest moves in crypto markets in context. Subscribe to get it in your inbox every day.\n\nLatest Prices\n\nTop St..."", ""url"": ""https://coindesk.com/markets/2024/01/22/first-mover-americas-sol-ada-lead-losses-as-market-starts-week-in-the-red"", ""source"": ""CoinDesk"", ""sentiment"": ""NEGATIVE"", ""keywords"": ""First Mover|Markets|Bitcoin|Bitcoin ETF"", ""id"": 42391619, ""guid"": ""CpI5Y2Su0uMQDo69bfs2m9""}, {""date"": ""20240122042324"", ""headline"": ""Solana, Cardano Lead Crypto Market Lower as Traders Grapple With Bitcoin Headwinds"", ""summary"": ""Prominent cryptocurrencies started the week in the red as fears of large bitcoin [BTC] sales continue to confront investors, who are likely scaling back exposure in the broader market in anticipation ..."", ""url"": ""https://coindesk.com/markets/2024/01/22/solana-sol-cardano-ada-lead-crypto-market-lower-as-traders-grapple-with-btc-headwinds"", ""source"": ""CoinDesk"", ""sentiment"": ""NEGATIVE"", ""keywords"": ""Trading|Markets|Bitcoin"", ""id"": 42391602, ""guid"": ""CpI5Y2Su0uMQDo69bfs1Hp""}, {""date"": ""20231214031850"", ""headline"": ""Total Value of Cardano DeFi Ecosystem Nears $450M Amid Layer 1 Push; ADA Rockets 17%"", ""summary"": ""Value locked on Cardano\u2019s ecosystem grew rapidly in the past few weeks as a recent boost in Ethereum alternatives, such as Solana and Avalanche, is likely pushing crypto investors and users toward oth..."", ""url"": ""https://coindesk.com/markets/2023/12/14/total-value-of-cardano-defi-ecosystem-nears-450m-amid-layer-1-push-ada-rockets-17"", ""source"": ""CoinDesk"", ""sentiment"": ""POSITIVE"", ""keywords"": ""Cardano|ADA|DeFi"", ""id"": 42409235, ""guid"": ""GJVPKSa3D710Liw1gcEseF""}, {""date"": ""20231208141944"", ""headline"": ""Cardano Jumps 20% as Analyst Eyes Bitcoin Pullback to $40K to 'Fill CME Gap'"", ""summary"": ""Layer 1 tokens ADA, ALGO, AVAX and SOL among best performers as capital rotation from stalling BTC lifts altcoins.\n\nBitcoin may revisit $40,000 to \""fill CME price gap,\"" crypto analyst Willy Woo specul..."", ""url"": ""https://coindesk.com/markets/2023/12/08/cardano-jumps-20-as-analyst-eyes-bitcoin-pullback-to-40k-to-fill-cme-gap"", ""source"": ""CoinDesk"", ""sentiment"": ""POSITIVE"", ""keywords"": ""Market Wrap|Cardano|Bitcoin|Willy Woo|21Shares|Hany Rashwan"", ""id"": 42391803, ""guid"": ""CpI5Y2Su0uMQDo69bfwJV3""}, {""date"": ""20231116064839"", ""headline"": ""Cardano, Dogecoin Lead Price Gains Among Major Cryptocurrencies as Bitcoin Nears $38K"", ""summary"": ""The latest crypto market spurt added 4.6% to overall capitalization in the past 24 hours, taking the total to $1.44 trillion, levels not seen since May 2022. Bitcoin [BTC] and several altcoins returne..."", ""url"": ""https://coindesk.com/markets/2023/11/16/cardano-dogecoin-lead-price-gains-among-major-cryptocurrencies-as-bitcoin-nears-38k"", ""source"": ""CoinDesk"", ""sentiment"": ""POSITIVE"", ""keywords"": ""Markets|Trading"", ""id"": 42391996, ""guid"": ""CpI5Y2Su0uMQDo69bfzA2P""}]",{}
5,2024-02-16,2024-02-09,0.5988720059394836,0.5407919883728027,0.10739807322486185,U5+,"[{""date"": ""20240122080000"", ""headline"": ""First Mover Americas: Solana, Cardano Lead Losses as Market Starts Week in the Red"", ""summary"": ""This article originally appeared in First Mover, CoinDesk\u2019s daily newsletter, putting the latest moves in crypto markets in context. Subscribe to get it in your inbox every day.\n\nLatest Prices\n\nTop St..."", ""url"": ""https://coindesk.com/markets/2024/01/22/first-mover-americas-sol-ada-lead-losses-as-market-starts-week-in-the-red"", ""source"": ""CoinDesk"", ""sentiment"": ""NEGATIVE"", ""keywords"": ""First Mover|Markets|Bitcoin|Bitcoin ETF"", ""id"": 42391619, ""guid"": ""CpI5Y2Su0uMQDo69bfs2m9""}, {""date"": ""20240122042324"", ""headline"": ""Solana, Cardano Lead Crypto Market Lower as Traders Grapple With Bitcoin Headwinds"", ""summary"": ""Prominent cryptocurrencies started the week in the red as fears of large bitcoin [BTC] sales continue to confront investors, who are likely scaling back exposure in the broader market in anticipation ..."", ""url"": ""https://coindesk.com/markets/2024/01/22/solana-sol-cardano-ada-lead-crypto-market-lower-as-traders-grapple-with-btc-headwinds"", ""source"": ""CoinDesk"", ""sentiment"": ""NEGATIVE"", ""keywords"": ""Trading|Markets|Bitcoin"", ""id"": 42391602, ""guid"": ""CpI5Y2Su0uMQDo69bfs1Hp""}, {""date"": ""20231214031850"", ""headline"": ""Total Value of Cardano DeFi Ecosystem Nears $450M Amid Layer 1 Push; ADA Rockets 17%"", ""summary"": ""Value locked on Cardano\u2019s ecosystem grew rapidly in the past few weeks as a recent boost in Ethereum alternatives, such as Solana and Avalanche, is likely pushing crypto investors and users toward oth..."", ""url"": ""https://coindesk.com/markets/2023/12/14/total-value-of-cardano-defi-ecosystem-nears-450m-amid-layer-1-push-ada-rockets-17"", ""source"": ""CoinDesk"", ""sentiment"": ""POSITIVE"", ""keywords"": ""Cardano|ADA|DeFi"", ""id"": 42409235, ""guid"": ""GJVPKSa3D710Liw1gcEseF""}, {""date"": ""20231208141944"", ""headline"": ""Cardano Jumps 20% as Analyst Eyes Bitcoin Pullback to $40K to 'Fill CME Gap'"", ""summary"": ""Layer 1 tokens ADA, ALGO, AVAX and SOL among best performers as capital rotation from stalling BTC lifts altcoins.\n\nBitcoin may revisit $40,000 to \""fill CME price gap,\"" crypto analyst Willy Woo specul..."", ""url"": ""https://coindesk.com/markets/2023/12/08/cardano-jumps-20-as-analyst-eyes-bitcoin-pullback-to-40k-to-fill-cme-gap"", ""source"": ""CoinDesk"", ""sentiment"": ""POSITIVE"", ""keywords"": ""Market Wrap|Cardano|Bitcoin|Willy Woo|21Shares|Hany Rashwan"", ""id"": 42391803, ""guid"": ""CpI5Y2Su0uMQDo69bfwJV3""}, {""date"": ""20231116064839"", ""headline"": ""Cardano, Dogecoin Lead Price Gains Among Major Cryptocurrencies as Bitcoin Nears $38K"", ""summary"": ""The latest crypto market spurt added 4.6% to overall capitalization in the past 24 hours, taking the total to $1.44 trillion, levels not seen since May 2022. Bitcoin [BTC] and several altcoins returne..."", ""url"": ""https://coindesk.com/markets/2023/11/16/cardano-dogecoin-lead-price-gains-among-major-cryptocurrencies-as-bitcoin-nears-38k"", ""source"": ""CoinDesk"", ""sentiment"": ""POSITIVE"", ""keywords"": ""Markets|Trading"", ""id"": 42391996, ""guid"": ""CpI5Y2Su0uMQDo69bfzA2P""}]",{}
6,2024-02-23,2024-02-16,0.5832419991493225,0.5988720059394836,-0.026099077323945834,D3,"[{""date"": ""20240219022049"", ""headline"": ""Sui Overtakes Aptos, Cardano in Value Locked; Sees $310M Inflow in 30 Days"", ""summary"": ""The total amount of capital locked on Sui has risen from $211 million to $593 million since the turn of the year.\n\nThe SUI token is up by 131% in the same period.\n\nSui has now overtaken Aptos, Cardano..."", ""url"": ""https://coindesk.com/business/2024/02/19/sui-overtakes-aptos-cardano-in-value-locked-sees-310m-inflow-in-30-days"", ""source"": ""CoinDesk"", ""sentiment"": ""POSITIVE"", ""keywords"": ""Sui|Blockchain|Aptos|Meta"", ""id"": 42391460, ""guid"": ""CpI5Y2Su0uMQDo69bexC3T""}]",{}
7,2024-03-01,2024-02-23,0.7190809845924377,0.5832419991493225,0.23290329853001127,U5+,"[{""date"": ""20240219022049"", ""headline"": ""Sui Overtakes Aptos, Cardano in Value Locked; Sees $310M Inflow in 30 Days"", ""summary"": ""The total amount of capital locked on Sui has risen from $211 million to $593 million since the turn of the year.\n\nThe SUI token is up by 131% in the same period.\n\nSui has now overtaken Aptos, Cardano..."", ""url"": ""https://coindesk.com/business/2024/02/19/sui-overtakes-aptos-cardano-in-value-locked-sees-310m-inflow-in-30-days"", ""source"": ""CoinDesk"", ""sentiment"": ""POSITIVE"", ""keywords"": ""Sui|Blockchain|Aptos|Meta"", ""id"": 42391460, ""guid"": ""CpI5Y2Su0uMQDo69bexC3T""}, {""date"": ""20240122080000"", ""headline"": ""First Mover Americas: Solana, Cardano Lead Losses as Market Starts Week in the Red"", ""summary"": ""This article originally appeared in First Mover, CoinDesk\u2019s daily newsletter, putting the latest moves in crypto markets in context. Subscribe to get it in your inbox every day.\n\nLatest Prices\n\nTop St..."", ""url"": ""https://coindesk.com/markets/2024/01/22/first-mover-americas-sol-ada-lead-losses-as-market-starts-week-in-the-red"", ""source"": ""CoinDesk"", ""sentiment"": ""NEGATIVE"", ""keywords"": ""First Mover|Markets|Bitcoin|Bitcoin ETF"", ""id"": 42391619, ""guid"": ""CpI5Y2Su0uMQDo69bfs2m9""}, {""date"": ""20240122042324"", ""headline"": ""Solana, Cardano Lead Crypto Market Lower as Traders Grapple With Bitcoin Headwinds"", ""summary"": ""Prominent cryptocurrencies started the week in the red as fears of large bitcoin [BTC] sales continue to confront investors, who are likely scaling back exposure in the broader market in anticipation ..."", ""url"": ""https://coindesk.com/markets/2024/01/22/solana-sol-cardano-ada-lead-crypto-market-lower-as-traders-grapple-with-btc-headwinds"", ""source"": ""CoinDesk"", ""sentiment"": ""NEGATIVE"", ""keywords"": ""Trading|Markets|Bitcoin"", ""id"": 42391602, ""guid"": ""CpI5Y2Su0uMQDo69bfs1Hp""}, {""date"": ""20231214031850"", ""headline"": ""Total Value of Cardano DeFi Ecosystem Nears $450M Amid Layer 1 Push; ADA Rockets 17%"", ""summary"": ""Value locked on Cardano\u2019s ecosystem grew rapidly in the past few weeks as a recent boost in Ethereum alternatives, such as Solana and Avalanche, is likely pushing crypto investors and users toward oth..."", ""url"": ""https://coindesk.com/markets/2023/12/14/total-value-of-cardano-defi-ecosystem-nears-450m-amid-layer-1-push-ada-rockets-17"", ""source"": ""CoinDesk"", ""sentiment"": ""POSITIVE"", ""keywords"": ""Cardano|ADA|DeFi"", ""id"": 42409235, ""guid"": ""GJVPKSa3D710Liw1gcEseF""}, {""date"": ""20231208141944"", ""headline"": ""Cardano Jumps 20% as Analyst Eyes Bitcoin Pullback to $40K to 'Fill CME Gap'"", ""summary"": ""Layer 1 tokens ADA, ALGO, AVAX and SOL among best performers as capital rotation from stalling BTC lifts altcoins.\n\nBitcoin may revisit $40,000 to \""fill CME price gap,\"" crypto analyst Willy Woo specul..."", ""url"": ""https://coindesk.com/markets/2023/12/08/cardano-jumps-20-as-analyst-eyes-bitcoin-pullback-to-40k-to-fill-cme-gap"", ""source"": ""CoinDesk"", ""sentiment"": ""POSITIVE"", ""keywords"": ""Market Wrap|Cardano|Bitcoin|Willy Woo|21Shares|Hany Rashwan"", ""id"": 42391803, ""guid"": ""CpI5Y2Su0uMQDo69bfwJV3""}]",{}
8,2024-03-08,2024-03-01,0.7248539924621582,0.7190809845924377,0.008028313908192825,U1,"[{""date"": ""20240219022049"", ""headline"": ""Sui Overtakes Aptos, Cardano in Value Locked; Sees $310M Inflow in 30 Days"", ""summary"": ""The total amount of capital locked on Sui has risen from $211 million to $593 million since the turn of the year.\n\nThe SUI token is up by 131% in the same period.\n\nSui has now overtaken Aptos, Cardano..."", ""url"": ""https://coindesk.com/business/2024/02/19/sui-overtakes-aptos-cardano-in-value-locked-sees-310m-inflow-in-30-days"", ""source"": ""CoinDesk"", ""sentiment"": ""POSITIVE"", ""keywords"": ""Sui|Blockchain|Aptos|Meta"", ""id"": 42391460, ""guid"": ""CpI5Y2Su0uMQDo69bexC3T""}, {""date"": ""20240122080000"", ""headline"": ""First Mover Americas: Solana, Cardano Lead Losses as Market Starts Week in the Red"", ""summary"": ""This article originally appeared in First Mover, CoinDesk\u2019s daily newsletter, putting the latest moves in crypto markets in context. Subscribe to get it in your inbox every day.\n\nLatest Prices\n\nTop St..."", ""url"": ""https://coindesk.com/markets/2024/01/22/first-mover-americas-sol-ada-lead-losses-as-market-starts-week-in-the-red"", ""source"": ""CoinDesk"", ""sentiment"": ""NEGATIVE"", ""keywords"": ""First Mover|Markets|Bitcoin|Bitcoin ETF"", ""id"": 42391619, ""guid"": ""CpI5Y2Su0uMQDo69bfs2m9""}, {""date"": ""20240122042324"", ""headline"": ""Solana, Cardano Lead Crypto Market Lower as Traders Grapple With Bitcoin Headwinds"", ""summary"": ""Prominent cryptocurrencies started the week in the red as fears of large bitcoin [BTC] sales continue to confront investors, who are likely scaling back exposure in the broader market in anticipation ..."", ""url"": ""https://coindesk.com/markets/2024/01/22/solana-sol-cardano-ada-lead-crypto-market-lower-as-traders-grapple-with-btc-headwinds"", ""source"": ""CoinDesk"", ""sentiment"": ""NEGATIVE"", ""keywords"": ""Trading|Markets|Bitcoin"", ""id"": 42391602, ""guid"": ""CpI5Y2Su0uMQDo69bfs1Hp""}, {""date"": ""20231214031850"", ""headline"": ""Total Value of Cardano DeFi Ecosystem Nears $450M Amid Layer 1 Push; ADA Rockets 17%"", ""summary"": ""Value locked on Cardano\u2019s ecosystem grew rapidly in the past few weeks as a recent boost in Ethereum alternatives, such as Solana and Avalanche, is likely pushing crypto investors and users toward oth..."", ""url"": ""https://coindesk.com/markets/2023/12/14/total-value-of-cardano-defi-ecosystem-nears-450m-amid-layer-1-push-ada-rockets-17"", ""source"": ""CoinDesk"", ""sentiment"": ""POSITIVE"", ""keywords"": ""Cardano|ADA|DeFi"", ""id"": 42409235, ""guid"": ""GJVPKSa3D710Liw1gcEseF""}, {""date"": ""20231208141944"", ""headline"": ""Cardano Jumps 20% as Analyst Eyes Bitcoin Pullback to $40K to 'Fill CME Gap'"", ""summary"": ""Layer 1 tokens ADA, ALGO, AVAX and SOL among best performers as capital rotation from stalling BTC lifts altcoins.\n\nBitcoin may revisit $40,000 to \""fill CME price gap,\"" crypto analyst Willy Woo specul..."", ""url"": ""https://coindesk.com/markets/2023/12/08/cardano-jumps-20-as-analyst-eyes-bitcoin-pullback-to-40k-to-fill-cme-gap"", ""source"": ""CoinDesk"", ""sentiment"": ""POSITIVE"", ""keywords"": ""Market Wrap|Cardano|Bitcoin|Willy Woo|21Shares|Hany Rashwan"", ""id"": 42391803, ""guid"": ""CpI5Y2Su0uMQDo69bfwJV3""}]",{}
9,2024-03-15,2024-03-08,0.7264410257339478,0.7248539924621582,0.002189452342531456,U1,"[{""date"": ""20240219022049"", ""headline"": ""Sui Overtakes Aptos, Cardano in Value Locked; Sees $310M Inflow in 30 Days"", ""summary"": ""The total amount of capital locked on Sui has risen from $211 million to $593 million since the turn of the year.\n\nThe SUI token is up by 131% in the same period.\n\nSui has now overtaken Aptos, Cardano..."", ""url"": ""https://coindesk.com/business/2024/02/19/sui-overtakes-aptos-cardano-in-value-locked-sees-310m-inflow-in-30-days"", ""source"": ""CoinDesk"", ""sentiment"": ""POSITIVE"", ""keywords"": ""Sui|Blockchain|Aptos|Meta"", ""id"": 42391460, ""guid"": ""CpI5Y2Su0uMQDo69bexC3T""}, {""date"": ""20240122080000"", ""headline"": ""First Mover Americas: Solana, Cardano Lead Losses as Market Starts Week in the Red"", ""summary"": ""This article originally appeared in First Mover, CoinDesk\u2019s daily newsletter, putting the latest moves in crypto markets in context. Subscribe to get it in your inbox every day.\n\nLatest Prices\n\nTop St..."", ""url"": ""https://coindesk.com/markets/2024/01/22/first-mover-americas-sol-ada-lead-losses-as-market-starts-week-in-the-red"", ""source"": ""CoinDesk"", ""sentiment"": ""NEGATIVE"", ""keywords"": ""First Mover|Markets|Bitcoin|Bitcoin ETF"", ""id"": 42391619, ""guid"": ""CpI5Y2Su0uMQDo69bfs2m9""}, {""date"": ""20240122042324"", ""headline"": ""Solana, Cardano Lead Crypto Market Lower as Traders Grapple With Bitcoin Headwinds"", ""summary"": ""Prominent cryptocurrencies started the week in the red as fears of large bitcoin [BTC] sales continue to confront investors, who are likely scaling back exposure in the broader market in anticipation ..."", ""url"": ""https://coindesk.com/markets/2024/01/22/solana-sol-cardano-ada-lead-crypto-market-lower-as-traders-grapple-with-btc-headwinds"", ""source"": ""CoinDesk"", ""sentiment"": ""NEGATIVE"", ""keywords"": ""Trading|Markets|Bitcoin"", ""id"": 42391602, ""guid"": ""CpI5Y2Su0uMQDo69bfs1Hp""}, {""date"": ""20231214031850"", ""headline"": ""Total Value of Cardano DeFi Ecosystem Nears $450M Amid Layer 1 Push; ADA Rockets 17%"", ""summary"": ""Value locked on Cardano\u2019s ecosystem grew rapidly in the past few weeks as a recent boost in Ethereum alternatives, such as Solana and Avalanche, is likely pushing crypto investors and users toward oth..."", ""url"": ""https://coindesk.com/markets/2023/12/14/total-value-of-cardano-defi-ecosystem-nears-450m-amid-layer-1-push-ada-rockets-17"", ""source"": ""CoinDesk"", ""sentiment"": ""POSITIVE"", ""keywords"": ""Cardano|ADA|DeFi"", ""id"": 42409235, ""guid"": ""GJVPKSa3D710Liw1gcEseF""}, {""date"": ""20231208141944"", ""headline"": ""Cardano Jumps 20% as Analyst Eyes Bitcoin Pullback to $40K to 'Fill CME Gap'"", ""summary"": ""Layer 1 tokens ADA, ALGO, AVAX and SOL among best performers as capital rotation from stalling BTC lifts altcoins.\n\nBitcoin may revisit $40,000 to \""fill CME price gap,\"" crypto analyst Willy Woo specul..."", ""url"": ""https://coindesk.com/markets/2023/12/08/cardano-jumps-20-as-analyst-eyes-bitcoin-pullback-to-40k-to-fill-cme-gap"", ""source"": ""CoinDesk"", ""sentiment"": ""POSITIVE"", ""keywords"": ""Market Wrap|Cardano|Bitcoin|Willy Woo|21Shares|Hany Rashwan"", ""id"": 42391803, ""guid"": ""CpI5Y2Su0uMQDo69bfwJV3""}]",{}
10,2024-03-22,2024-03-15,0.6132630109786987,0.7264410257339478,-0.15579793919389598,D5+,"[{""date"": ""20240219022049"", ""headline"": ""Sui Overtakes Aptos, Cardano in Value Locked; Sees $310M Inflow in 30 Days"", ""summary"": ""The total amount of capital locked on Sui has risen from $211 million to $593 million since the turn of the year.\n\nThe SUI token is up by 131% in the same period.\n\nSui has now overtaken Aptos, Cardano..."", ""url"": ""https://coindesk.com/business/2024/02/19/sui-overtakes-aptos-cardano-in-value-locked-sees-310m-inflow-in-30-days"", ""source"": ""CoinDesk"", ""sentiment"": ""POSITIVE"", ""keywords"": ""Sui|Blockchain|Aptos|Meta"", ""id"": 42391460, ""guid"": ""CpI5Y2Su0uMQDo69bexC3T""}, {""date"": ""20240122080000"", ""headline"": ""First Mover Americas: Solana, Cardano Lead Losses as Market Starts Week in the Red"", ""summary"": ""This article originally appeared in First Mover, CoinDesk\u2019s daily newsletter, putting the latest moves in crypto markets in context. Subscribe to get it in your inbox every day.\n\nLatest Prices\n\nTop St..."", ""url"": ""https://coindesk.com/markets/2024/01/22/first-mover-americas-sol-ada-lead-losses-as-market-starts-week-in-the-red"", ""source"": ""CoinDesk"", ""sentiment"": ""NEGATIVE"", ""keywords"": ""First Mover|Markets|Bitcoin|Bitcoin ETF"", ""id"": 42391619, ""guid"": ""CpI5Y2Su0uMQDo69bfs2m9""}, {""date"": ""20240122042324"", ""headline"": ""Solana, Cardano Lead Crypto Market Lower as Traders Grapple With Bitcoin Headwinds"", ""summary"": ""Prominent cryptocurrencies started the week in the red as fears of large bitcoin [BTC] sales continue to confront investors, who are likely scaling back exposure in the broader market in anticipation ..."", ""url"": ""https://coindesk.com/markets/2024/01/22/solana-sol-cardano-ada-lead-crypto-market-lower-as-traders-grapple-with-btc-headwinds"", ""source"": ""CoinDesk"", ""sentiment"": ""NEGATIVE"", ""keywords"": ""Trading|Markets|Bitcoin"", ""id"": 42391602, ""guid"": ""CpI5Y2Su0uMQDo69bfs1Hp""}, {""date"": ""20231214031850"", ""headline"": ""Total Value of Cardano DeFi Ecosystem Nears $450M Amid Layer 1 Push; ADA Rockets 17%"", ""summary"": ""Value locked on Cardano\u2019s ecosystem grew rapidly in the past few weeks as a recent boost in Ethereum alternatives, such as Solana and Avalanche, is likely pushing crypto investors and users toward oth..."", ""url"": ""https://coindesk.com/markets/2023/12/14/total-value-of-cardano-defi-ecosystem-nears-450m-amid-layer-1-push-ada-rockets-17"", ""source"": ""CoinDesk"", ""sentiment"": ""POSITIVE"", ""keywords"": ""Cardano|ADA|DeFi"", ""id"": 42409235, ""guid"": ""GJVPKSa3D710Liw1gcEseF""}, {""date"": ""20231208141944"", ""headline"": ""Cardano Jumps 20% as Analyst Eyes Bitcoin Pullback to $40K to 'Fill CME Gap'"", ""summary"": ""Layer 1 tokens ADA, ALGO, AVAX and SOL among best performers as capital rotation from stalling BTC lifts altcoins.\n\nBitcoin may revisit $40,000 to \""fill CME price gap,\"" crypto analyst Willy Woo specul..."", ""url"": ""https://coindesk.com/markets/2023/12/08/cardano-jumps-20-as-analyst-eyes-bitcoin-pullback-to-40k-to-fill-cme-gap"", ""source"": ""CoinDesk"", ""sentiment"": ""POSITIVE"", ""keywords"": ""Market Wrap|Cardano|Bitcoin|Willy Woo|21Shares|Hany Rashwan"", ""id"": 42391803, ""guid"": ""CpI5Y2Su0uMQDo69bfwJV3""}]",{}
11,2024-03-29,2024-03-22,0.6644030213356018,0.6132630109786987,0.08339001283525868,U5+,"[{""date"": ""20240219022049"", ""headline"": ""Sui Overtakes Aptos, Cardano in Value Locked; Sees $310M Inflow in 30 Days"", ""summary"": ""The total amount of capital locked on Sui has risen from $211 million to $593 million since the turn of the year.\n\nThe SUI token is up by 131% in the same period.\n\nSui has now overtaken Aptos, Cardano..."", ""url"": ""https://coindesk.com/business/2024/02/19/sui-overtakes-aptos-cardano-in-value-locked-sees-310m-inflow-in-30-days"", ""source"": ""CoinDesk"", ""sentiment"": ""POSITIVE"", ""keywords"": ""Sui|Blockchain|Aptos|Meta"", ""id"": 42391460, ""guid"": ""CpI5Y2Su0uMQDo69bexC3T""}, {""date"": ""20240122080000"", ""headline"": ""First Mover Americas: Solana, Cardano Lead Losses as Market Starts Week in the Red"", ""summary"": ""This article originally appeared in First Mover, CoinDesk\u2019s daily newsletter, putting the latest moves in crypto markets in context. Subscribe to get it in your inbox every day.\n\nLatest Prices\n\nTop St..."", ""url"": ""https://coindesk.com/markets/2024/01/22/first-mover-americas-sol-ada-lead-losses-as-market-starts-week-in-the-red"", ""source"": ""CoinDesk"", ""sentiment"": ""NEGATIVE"", ""keywords"": ""First Mover|Markets|Bitcoin|Bitcoin ETF"", ""id"": 42391619, ""guid"": ""CpI5Y2Su0uMQDo69bfs2m9""}, {""date"": ""20240122042324"", ""headline"": ""Solana, Cardano Lead Crypto Market Lower as Traders Grapple With Bitcoin Headwinds"", ""summary"": ""Prominent cryptocurrencies started the week in the red as fears of large bitcoin [BTC] sales continue to confront investors, who are likely scaling back exposure in the broader market in anticipation ..."", ""url"": ""https://coindesk.com/markets/2024/01/22/solana-sol-cardano-ada-lead-crypto-market-lower-as-traders-grapple-with-btc-headwinds"", ""source"": ""CoinDesk"", ""sentiment"": ""NEGATIVE"", ""keywords"": ""Trading|Markets|Bitcoin"", ""id"": 42391602, ""guid"": ""CpI5Y2Su0uMQDo69bfs1Hp""}, {""date"": ""20231214031850"", ""headline"": ""Total Value of Cardano DeFi Ecosystem Nears $450M Amid Layer 1 Push; ADA Rockets 17%"", ""summary"": ""Value locked on Cardano\u2019s ecosystem grew rapidly in the past few weeks as a recent boost in Ethereum alternatives, such as Solana and Avalanche, is likely pushing crypto investors and users toward oth..."", ""url"": ""https://coindesk.com/markets/2023/12/14/total-value-of-cardano-defi-ecosystem-nears-450m-amid-layer-1-push-ada-rockets-17"", ""source"": ""CoinDesk"", ""sentiment"": ""POSITIVE"", ""keywords"": ""Cardano|ADA|DeFi"", ""id"": 42409235, ""guid"": ""GJVPKSa3D710Liw1gcEseF""}, {""date"": ""20231208141944"", ""headline"": ""Cardano Jumps 20% as Analyst Eyes Bitcoin Pullback to $40K to 'Fill CME Gap'"", ""summary"": ""Layer 1 tokens ADA, ALGO, AVAX and SOL among best performers as capital rotation from stalling BTC lifts altcoins.\n\nBitcoin may revisit $40,000 to \""fill CME price gap,\"" crypto analyst Willy Woo specul..."", ""url"": ""https://coindesk.com/markets/2023/12/08/cardano-jumps-20-as-analyst-eyes-bitcoin-pullback-to-40k-to-fill-cme-gap"", ""source"": ""CoinDesk"", ""sentiment"": ""POSITIVE"", ""keywords"": ""Market Wrap|Cardano|Bitcoin|Willy Woo|21Shares|Hany Rashwan"", ""id"": 42391803, ""guid"": ""CpI5Y2Su0uMQDo69bfwJV3""}]",{}
12,2024-04-05,2024-03-29,0.5748339891433716,0.6644030213356018,-0.1348112957285715,D5+,"[{""date"": ""20240219022049"", ""headline"": ""Sui Overtakes Aptos, Cardano in Value Locked; Sees $310M Inflow in 30 Days"", ""summary"": ""The total amount of capital locked on Sui has risen from $211 million to $593 million since the turn of the year.\n\nThe SUI token is up by 131% in the same period.\n\nSui has now overtaken Aptos, Cardano..."", ""url"": ""https://coindesk.com/business/2024/02/19/sui-overtakes-aptos-cardano-in-value-locked-sees-310m-inflow-in-30-days"", ""source"": ""CoinDesk"", ""sentiment"": ""POSITIVE"", ""keywords"": ""Sui|Blockchain|Aptos|Meta"", ""id"": 42391460, ""guid"": ""CpI5Y2Su0uMQDo69bexC3T""}, {""date"": ""20240122080000"", ""headline"": ""First Mover Americas: Solana, Cardano Lead Losses as Market Starts Week in the Red"", ""summary"": ""This article originally appeared in First Mover, CoinDesk\u2019s daily newsletter, putting the latest moves in crypto markets in context. Subscribe to get it in your inbox every day.\n\nLatest Prices\n\nTop St..."", ""url"": ""https://coindesk.com/markets/2024/01/22/first-mover-americas-sol-ada-lead-losses-as-market-starts-week-in-the-red"", ""source"": ""CoinDesk"", ""sentiment"": ""NEGATIVE"", ""keywords"": ""First Mover|Markets|Bitcoin|Bitcoin ETF"", ""id"": 42391619, ""guid"": ""CpI5Y2Su0uMQDo69bfs2m9""}, {""date"": ""20240122042324"", ""headline"": ""Solana, Cardano Lead Crypto Market Lower as Traders Grapple With Bitcoin Headwinds"", ""summary"": ""Prominent cryptocurrencies started the week in the red as fears of large bitcoin [BTC] sales continue to confront investors, who are likely scaling back exposure in the broader market in anticipation ..."", ""url"": ""https://coindesk.com/markets/2024/01/22/solana-sol-cardano-ada-lead-crypto-market-lower-as-traders-grapple-with-btc-headwinds"", ""source"": ""CoinDesk"", ""sentiment"": ""NEGATIVE"", ""keywords"": ""Trading|Markets|Bitcoin"", ""id"": 42391602, ""guid"": ""CpI5Y2Su0uMQDo69bfs1Hp""}, {""date"": ""20231214031850"", ""headline"": ""Total Value of Cardano DeFi Ecosystem Nears $450M Amid Layer 1 Push; ADA Rockets 17%"", ""summary"": ""Value locked on Cardano\u2019s ecosystem grew rapidly in the past few weeks as a recent boost in Ethereum alternatives, such as Solana and Avalanche, is likely pushing crypto investors and users toward oth..."", ""url"": ""https://coindesk.com/markets/2023/12/14/total-value-of-cardano-defi-ecosystem-nears-450m-amid-layer-1-push-ada-rockets-17"", ""source"": ""CoinDesk"", ""sentiment"": ""POSITIVE"", ""keywords"": ""Cardano|ADA|DeFi"", ""id"": 42409235, ""guid"": ""GJVPKSa3D710Liw1gcEseF""}, {""date"": ""20231208141944"", ""headline"": ""Cardano Jumps 20% as Analyst Eyes Bitcoin Pullback to $40K to 'Fill CME Gap'"", ""summary"": ""Layer 1 tokens ADA, ALGO, AVAX and SOL among best performers as capital rotation from stalling BTC lifts altcoins.\n\nBitcoin may revisit $40,000 to \""fill CME price gap,\"" crypto analyst Willy Woo specul..."", ""url"": ""https://coindesk.com/markets/2023/12/08/cardano-jumps-20-as-analyst-eyes-bitcoin-pullback-to-40k-to-fill-cme-gap"", ""source"": ""CoinDesk"", ""sentiment"": ""POSITIVE"", ""keywords"": ""Market Wrap|Cardano|Bitcoin|Willy Woo|21Shares|Hany Rashwan"", ""id"": 42391803, ""guid"": ""CpI5Y2Su0uMQDo69bfwJV3""}]",{}
13,2024-04-12,2024-04-05,0.5035750269889832,0.5748339891433716,-0.12396442016342818,D5+,"[{""date"": ""20240410063840"", ""headline"": ""Bitcoin Falls Below $69K Ahead of U.S. CPI; Cardano, Dogecoin Lead Losses in Altcoins"", ""summary"": ""Bitcoin and major alternative cryptocurrencies (altcoins) trade weak ahead of the pivotal U.S. CPI release.\n\nOne observer said the pullback could soon run out of steam as selling pressure from wallets..."", ""url"": ""https://coindesk.com/markets/2024/04/10/bitcoin-falls-below-69k-ahead-of-us-cpi-cardano-dogecoin-lead-majors-losses"", ""source"": ""CoinDesk"", ""sentiment"": ""NEUTRAL"", ""keywords"": ""Trading|Markets|Invest"", ""id"": 42418423, ""guid"": ""ha93388BwWkPe8xtcThC0r""}]",{}
14,2024-04-19,2024-04-12,0.46878400444984436,0.5035750269889832,-0.0690880617078335,D5+,"[{""date"": ""20240410063840"", ""headline"": ""Bitcoin Falls Below $69K Ahead of U.S. CPI; Cardano, Dogecoin Lead Losses in Altcoins"", ""summary"": ""Bitcoin and major alternative cryptocurrencies (altcoins) trade weak ahead of the pivotal U.S. CPI release.\n\nOne observer said the pullback could soon run out of steam as selling pressure from wallets..."", ""url"": ""https://coindesk.com/markets/2024/04/10/bitcoin-falls-below-69k-ahead-of-us-cpi-cardano-dogecoin-lead-majors-losses"", ""source"": ""CoinDesk"", ""sentiment"": ""NEUTRAL"", ""keywords"": ""Trading|Markets|Invest"", ""id"": 42418423, ""guid"": ""ha93388BwWkPe8xtcThC0r""}, {""date"": ""20240219022049"", ""headline"": ""Sui Overtakes Aptos, Cardano in Value Locked; Sees $310M Inflow in 30 Days"", ""summary"": ""The total amount of capital locked on Sui has risen from $211 million to $593 million since the turn of the year.\n\nThe SUI token is up by 131% in the same period.\n\nSui has now overtaken Aptos, Cardano..."", ""url"": ""https://coindesk.com/business/2024/02/19/sui-overtakes-aptos-cardano-in-value-locked-sees-310m-inflow-in-30-days"", ""source"": ""CoinDesk"", ""sentiment"": ""POSITIVE"", ""keywords"": ""Sui|Blockchain|Aptos|Meta"", ""id"": 42391460, ""guid"": ""CpI5Y2Su0uMQDo69bexC3T""}, {""date"": ""20240122080000"", ""headline"": ""First Mover Americas: Solana, Cardano Lead Losses as Market Starts Week in the Red"", ""summary"": ""This article originally appeared in First Mover, CoinDesk\u2019s daily newsletter, putting the latest moves in crypto markets in context. Subscribe to get it in your inbox every day.\n\nLatest Prices\n\nTop St..."", ""url"": ""https://coindesk.com/markets/2024/01/22/first-mover-americas-sol-ada-lead-losses-as-market-starts-week-in-the-red"", ""source"": ""CoinDesk"", ""sentiment"": ""NEGATIVE"", ""keywords"": ""First Mover|Markets|Bitcoin|Bitcoin ETF"", ""id"": 42391619, ""guid"": ""CpI5Y2Su0uMQDo69bfs2m9""}, {""date"": ""20240122042324"", ""headline"": ""Solana, Cardano Lead Crypto Market Lower as Traders Grapple With Bitcoin Headwinds"", ""summary"": ""Prominent cryptocurrencies started the week in the red as fears of large bitcoin [BTC] sales continue to confront investors, who are likely scaling back exposure in the broader market in anticipation ..."", ""url"": ""https://coindesk.com/markets/2024/01/22/solana-sol-cardano-ada-lead-crypto-market-lower-as-traders-grapple-with-btc-headwinds"", ""source"": ""CoinDesk"", ""sentiment"": ""NEGATIVE"", ""keywords"": ""Trading|Markets|Bitcoin"", ""id"": 42391602, ""guid"": ""CpI5Y2Su0uMQDo69bfs1Hp""}, {""date"": ""20231214031850"", ""headline"": ""Total Value of Cardano DeFi Ecosystem Nears $450M Amid Layer 1 Push; ADA Rockets 17%"", ""summary"": ""Value locked on Cardano\u2019s ecosystem grew rapidly in the past few weeks as a recent boost in Ethereum alternatives, such as Solana and Avalanche, is likely pushing crypto investors and users toward oth..."", ""url"": ""https://coindesk.com/markets/2023/12/14/total-value-of-cardano-defi-ecosystem-nears-450m-amid-layer-1-push-ada-rockets-17"", ""source"": ""CoinDesk"", ""sentiment"": ""POSITIVE"", ""keywords"": ""Cardano|ADA|DeFi"", ""id"": 42409235, ""guid"": ""GJVPKSa3D710Liw1gcEseF""}]",{}
15,2024-04-26,2024-04-19,0.46272900700569153,0.46878400444984436,-0.012916390889358219,D2,"[{""date"": ""20240410063840"", ""headline"": ""Bitcoin Falls Below $69K Ahead of U.S. CPI; Cardano, Dogecoin Lead Losses in Altcoins"", ""summary"": ""Bitcoin and major alternative cryptocurrencies (altcoins) trade weak ahead of the pivotal U.S. CPI release.\n\nOne observer said the pullback could soon run out of steam as selling pressure from wallets..."", ""url"": ""https://coindesk.com/markets/2024/04/10/bitcoin-falls-below-69k-ahead-of-us-cpi-cardano-dogecoin-lead-majors-losses"", ""source"": ""CoinDesk"", ""sentiment"": ""NEUTRAL"", ""keywords"": ""Trading|Markets|Invest"", ""id"": 42418423, ""guid"": ""ha93388BwWkPe8xtcThC0r""}, {""date"": ""20240219022049"", ""headline"": ""Sui Overtakes Aptos, Cardano in Value Locked; Sees $310M Inflow in 30 Days"", ""summary"": ""The total amount of capital locked on Sui has risen from $211 million to $593 million since the turn of the year.\n\nThe SUI token is up by 131% in the same period.\n\nSui has now overtaken Aptos, Cardano..."", ""url"": ""https://coindesk.com/business/2024/02/19/sui-overtakes-aptos-cardano-in-value-locked-sees-310m-inflow-in-30-days"", ""source"": ""CoinDesk"", ""sentiment"": ""POSITIVE"", ""keywords"": ""Sui|Blockchain|Aptos|Meta"", ""id"": 42391460, ""guid"": ""CpI5Y2Su0uMQDo69bexC3T""}, {""date"": ""20240122080000"", ""headline"": ""First Mover Americas: Solana, Cardano Lead Losses as Market Starts Week in the Red"", ""summary"": ""This article originally appeared in First Mover, CoinDesk\u2019s daily newsletter, putting the latest moves in crypto markets in context. Subscribe to get it in your inbox every day.\n\nLatest Prices\n\nTop St..."", ""url"": ""https://coindesk.com/markets/2024/01/22/first-mover-americas-sol-ada-lead-losses-as-market-starts-week-in-the-red"", ""source"": ""CoinDesk"", ""sentiment"": ""NEGATIVE"", ""keywords"": ""First Mover|Markets|Bitcoin|Bitcoin ETF"", ""id"": 42391619, ""guid"": ""CpI5Y2Su0uMQDo69bfs2m9""}, {""date"": ""20240122042324"", ""headline"": ""Solana, Cardano Lead Crypto Market Lower as Traders Grapple With Bitcoin Headwinds"", ""summary"": ""Prominent cryptocurrencies started the week in the red as fears of large bitcoin [BTC] sales continue to confront investors, who are likely scaling back exposure in the broader market in anticipation ..."", ""url"": ""https://coindesk.com/markets/2024/01/22/solana-sol-cardano-ada-lead-crypto-market-lower-as-traders-grapple-with-btc-headwinds"", ""source"": ""CoinDesk"", ""sentiment"": ""NEGATIVE"", ""keywords"": ""Trading|Markets|Bitcoin"", ""id"": 42391602, ""guid"": ""CpI5Y2Su0uMQDo69bfs1Hp""}, {""date"": ""20231214031850"", ""headline"": ""Total Value of Cardano DeFi Ecosystem Nears $450M Amid Layer 1 Push; ADA Rockets 17%"", ""summary"": ""Value locked on Cardano\u2019s ecosystem grew rapidly in the past few weeks as a recent boost in Ethereum alternatives, such as Solana and Avalanche, is likely pushing crypto investors and users toward oth..."", ""url"": ""https://coindesk.com/markets/2023/12/14/total-value-of-cardano-defi-ecosystem-nears-450m-amid-layer-1-push-ada-rockets-17"", ""source"": ""CoinDesk"", ""sentiment"": ""POSITIVE"", ""keywords"": ""Cardano|ADA|DeFi"", ""id"": 42409235, ""guid"": ""GJVPKSa3D710Liw1gcEseF""}]",{}
16,2024-05-03,2024-04-26,0.46754398941993713,0.46272900700569153,0.010405620441655999,U2,"[{""date"": ""20240410063840"", ""headline"": ""Bitcoin Falls Below $69K Ahead of U.S. CPI; Cardano, Dogecoin Lead Losses in Altcoins"", ""summary"": ""Bitcoin and major alternative cryptocurrencies (altcoins) trade weak ahead of the pivotal U.S. CPI release.\n\nOne observer said the pullback could soon run out of steam as selling pressure from wallets..."", ""url"": ""https://coindesk.com/markets/2024/04/10/bitcoin-falls-below-69k-ahead-of-us-cpi-cardano-dogecoin-lead-majors-losses"", ""source"": ""CoinDesk"", ""sentiment"": ""NEUTRAL"", ""keywords"": ""Trading|Markets|Invest"", ""id"": 42418423, ""guid"": ""ha93388BwWkPe8xtcThC0r""}, {""date"": ""20240219022049"", ""headline"": ""Sui Overtakes Aptos, Cardano in Value Locked; Sees $310M Inflow in 30 Days"", ""summary"": ""The total amount of capital locked on Sui has risen from $211 million to $593 million since the turn of the year.\n\nThe SUI token is up by 131% in the same period.\n\nSui has now overtaken Aptos, Cardano..."", ""url"": ""https://coindesk.com/business/2024/02/19/sui-overtakes-aptos-cardano-in-value-locked-sees-310m-inflow-in-30-days"", ""source"": ""CoinDesk"", ""sentiment"": ""POSITIVE"", ""keywords"": ""Sui|Blockchain|Aptos|Meta"", ""id"": 42391460, ""guid"": ""CpI5Y2Su0uMQDo69bexC3T""}, {""date"": ""20240122080000"", ""headline"": ""First Mover Americas: Solana, Cardano Lead Losses as Market Starts Week in the Red"", ""summary"": ""This article originally appeared in First Mover, CoinDesk\u2019s daily newsletter, putting the latest moves in crypto markets in context. Subscribe to get it in your inbox every day.\n\nLatest Prices\n\nTop St..."", ""url"": ""https://coindesk.com/markets/2024/01/22/first-mover-americas-sol-ada-lead-losses-as-market-starts-week-in-the-red"", ""source"": ""CoinDesk"", ""sentiment"": ""NEGATIVE"", ""keywords"": ""First Mover|Markets|Bitcoin|Bitcoin ETF"", ""id"": 42391619, ""guid"": ""CpI5Y2Su0uMQDo69bfs2m9""}, {""date"": ""20240122042324"", ""headline"": ""Solana, Cardano Lead Crypto Market Lower as Traders Grapple With Bitcoin Headwinds"", ""summary"": ""Prominent cryptocurrencies started the week in the red as fears of large bitcoin [BTC] sales continue to confront investors, who are likely scaling back exposure in the broader market in anticipation ..."", ""url"": ""https://coindesk.com/markets/2024/01/22/solana-sol-cardano-ada-lead-crypto-market-lower-as-traders-grapple-with-btc-headwinds"", ""source"": ""CoinDesk"", ""sentiment"": ""NEGATIVE"", ""keywords"": ""Trading|Markets|Bitcoin"", ""id"": 42391602, ""guid"": ""CpI5Y2Su0uMQDo69bfs1Hp""}, {""date"": ""20231214031850"", ""headline"": ""Total Value of Cardano DeFi Ecosystem Nears $450M Amid Layer 1 Push; ADA Rockets 17%"", ""summary"": ""Value locked on Cardano\u2019s ecosystem grew rapidly in the past few weeks as a recent boost in Ethereum alternatives, such as Solana and Avalanche, is likely pushing crypto investors and users toward oth..."", ""url"": ""https://coindesk.com/markets/2023/12/14/total-value-of-cardano-defi-ecosystem-nears-450m-amid-layer-1-push-ada-rockets-17"", ""source"": ""CoinDesk"", ""sentiment"": ""POSITIVE"", ""keywords"": ""Cardano|ADA|DeFi"", ""id"": 42409235, ""guid"": ""GJVPKSa3D710Liw1gcEseF""}]",{}
17,2024-05-10,2024-05-03,0.4482499957084656,0.46754398941993713,-0.04126669179387555,D5,"[{""date"": ""20240410063840"", ""headline"": ""Bitcoin Falls Below $69K Ahead of U.S. CPI; Cardano, Dogecoin Lead Losses in Altcoins"", ""summary"": ""Bitcoin and major alternative cryptocurrencies (altcoins) trade weak ahead of the pivotal U.S. CPI release.\n\nOne observer said the pullback could soon run out of steam as selling pressure from wallets..."", ""url"": ""https://coindesk.com/markets/2024/04/10/bitcoin-falls-below-69k-ahead-of-us-cpi-cardano-dogecoin-lead-majors-losses"", ""source"": ""CoinDesk"", ""sentiment"": ""NEUTRAL"", ""keywords"": ""Trading|Markets|Invest"", ""id"": 42418423, ""guid"": ""ha93388BwWkPe8xtcThC0r""}, {""date"": ""20240219022049"", ""headline"": ""Sui Overtakes Aptos, Cardano in Value Locked; Sees $310M Inflow in 30 Days"", ""summary"": ""The total amount of capital locked on Sui has risen from $211 million to $593 million since the turn of the year.\n\nThe SUI token is up by 131% in the same period.\n\nSui has now overtaken Aptos, Cardano..."", ""url"": ""https://coindesk.com/business/2024/02/19/sui-overtakes-aptos-cardano-in-value-locked-sees-310m-inflow-in-30-days"", ""source"": ""CoinDesk"", ""sentiment"": ""POSITIVE"", ""keywords"": ""Sui|Blockchain|Aptos|Meta"", ""id"": 42391460, ""guid"": ""CpI5Y2Su0uMQDo69bexC3T""}, {""date"": ""20240122080000"", ""headline"": ""First Mover Americas: Solana, Cardano Lead Losses as Market Starts Week in the Red"", ""summary"": ""This article originally appeared in First Mover, CoinDesk\u2019s daily newsletter, putting the latest moves in crypto markets in context. Subscribe to get it in your inbox every day.\n\nLatest Prices\n\nTop St..."", ""url"": ""https://coindesk.com/markets/2024/01/22/first-mover-americas-sol-ada-lead-losses-as-market-starts-week-in-the-red"", ""source"": ""CoinDesk"", ""sentiment"": ""NEGATIVE"", ""keywords"": ""First Mover|Markets|Bitcoin|Bitcoin ETF"", ""id"": 42391619, ""guid"": ""CpI5Y2Su0uMQDo69bfs2m9""}, {""date"": ""20240122042324"", ""headline"": ""Solana, Cardano Lead Crypto Market Lower as Traders Grapple With Bitcoin Headwinds"", ""summary"": ""Prominent cryptocurrencies started the week in the red as fears of large bitcoin [BTC] sales continue to confront investors, who are likely scaling back exposure in the broader market in anticipation ..."", ""url"": ""https://coindesk.com/markets/2024/01/22/solana-sol-cardano-ada-lead-crypto-market-lower-as-traders-grapple-with-btc-headwinds"", ""source"": ""CoinDesk"", ""sentiment"": ""NEGATIVE"", ""keywords"": ""Trading|Markets|Bitcoin"", ""id"": 42391602, ""guid"": ""CpI5Y2Su0uMQDo69bfs1Hp""}, {""date"": ""20231214031850"", ""headline"": ""Total Value of Cardano DeFi Ecosystem Nears $450M Amid Layer 1 Push; ADA Rockets 17%"", ""summary"": ""Value locked on Cardano\u2019s ecosystem grew rapidly in the past few weeks as a recent boost in Ethereum alternatives, such as Solana and Avalanche, is likely pushing crypto investors and users toward oth..."", ""url"": ""https://coindesk.com/markets/2023/12/14/total-value-of-cardano-defi-ecosystem-nears-450m-amid-layer-1-push-ada-rockets-17"", ""source"": ""CoinDesk"", ""sentiment"": ""POSITIVE"", ""keywords"": ""Cardano|ADA|DeFi"", ""id"": 42409235, ""guid"": ""GJVPKSa3D710Liw1gcEseF""}]",{}
18,2024-05-17,2024-05-10,0.4819999933242798,0.4482499957084656,0.0752928007561313,U5+,"[{""date"": ""20240410063840"", ""headline"": ""Bitcoin Falls Below $69K Ahead of U.S. CPI; Cardano, Dogecoin Lead Losses in Altcoins"", ""summary"": ""Bitcoin and major alternative cryptocurrencies (altcoins) trade weak ahead of the pivotal U.S. CPI release.\n\nOne observer said the pullback could soon run out of steam as selling pressure from wallets..."", ""url"": ""https://coindesk.com/markets/2024/04/10/bitcoin-falls-below-69k-ahead-of-us-cpi-cardano-dogecoin-lead-majors-losses"", ""source"": ""CoinDesk"", ""sentiment"": ""NEUTRAL"", ""keywords"": ""Trading|Markets|Invest"", ""id"": 42418423, ""guid"": ""ha93388BwWkPe8xtcThC0r""}, {""date"": ""20240219022049"", ""headline"": ""Sui Overtakes Aptos, Cardano in Value Locked; Sees $310M Inflow in 30 Days"", ""summary"": ""The total amount of capital locked on Sui has risen from $211 million to $593 million since the turn of the year.\n\nThe SUI token is up by 131% in the same period.\n\nSui has now overtaken Aptos, Cardano..."", ""url"": ""https://coindesk.com/business/2024/02/19/sui-overtakes-aptos-cardano-in-value-locked-sees-310m-inflow-in-30-days"", ""source"": ""CoinDesk"", ""sentiment"": ""POSITIVE"", ""keywords"": ""Sui|Blockchain|Aptos|Meta"", ""id"": 42391460, ""guid"": ""CpI5Y2Su0uMQDo69bexC3T""}, {""date"": ""20240122080000"", ""headline"": ""First Mover Americas: Solana, Cardano Lead Losses as Market Starts Week in the Red"", ""summary"": ""This article originally appeared in First Mover, CoinDesk\u2019s daily newsletter, putting the latest moves in crypto markets in context. Subscribe to get it in your inbox every day.\n\nLatest Prices\n\nTop St..."", ""url"": ""https://coindesk.com/markets/2024/01/22/first-mover-americas-sol-ada-lead-losses-as-market-starts-week-in-the-red"", ""source"": ""CoinDesk"", ""sentiment"": ""NEGATIVE"", ""keywords"": ""First Mover|Markets|Bitcoin|Bitcoin ETF"", ""id"": 42391619, ""guid"": ""CpI5Y2Su0uMQDo69bfs2m9""}, {""date"": ""20240122042324"", ""headline"": ""Solana, Cardano Lead Crypto Market Lower as Traders Grapple With Bitcoin Headwinds"", ""summary"": ""Prominent cryptocurrencies started the week in the red as fears of large bitcoin [BTC] sales continue to confront investors, who are likely scaling back exposure in the broader market in anticipation ..."", ""url"": ""https://coindesk.com/markets/2024/01/22/solana-sol-cardano-ada-lead-crypto-market-lower-as-traders-grapple-with-btc-headwinds"", ""source"": ""CoinDesk"", ""sentiment"": ""NEGATIVE"", ""keywords"": ""Trading|Markets|Bitcoin"", ""id"": 42391602, ""guid"": ""CpI5Y2Su0uMQDo69bfs1Hp""}, {""date"": ""20231214031850"", ""headline"": ""Total Value of Cardano DeFi Ecosystem Nears $450M Amid Layer 1 Push; ADA Rockets 17%"", ""summary"": ""Value locked on Cardano\u2019s ecosystem grew rapidly in the past few weeks as a recent boost in Ethereum alternatives, such as Solana and Avalanche, is likely pushing crypto investors and users toward oth..."", ""url"": ""https://coindesk.com/markets/2023/12/14/total-value-of-cardano-defi-ecosystem-nears-450m-amid-layer-1-push-ada-rockets-17"", ""source"": ""CoinDesk"", ""sentiment"": ""POSITIVE"", ""keywords"": ""Cardano|ADA|DeFi"", ""id"": 42409235, ""guid"": ""GJVPKSa3D710Liw1gcEseF""}]",{}
19,2024-05-24,2024-05-17,0.4594939947128296,0.4819999933242798,-0.04669294382398179,D5,"[{""date"": ""20240410063840"", ""headline"": ""Bitcoin Falls Below $69K Ahead of U.S. CPI; Cardano, Dogecoin Lead Losses in Altcoins"", ""summary"": ""Bitcoin and major alternative cryptocurrencies (altcoins) trade weak ahead of the pivotal U.S. CPI release.\n\nOne observer said the pullback could soon run out of steam as selling pressure from wallets..."", ""url"": ""https://coindesk.com/markets/2024/04/10/bitcoin-falls-below-69k-ahead-of-us-cpi-cardano-dogecoin-lead-majors-losses"", ""source"": ""CoinDesk"", ""sentiment"": ""NEUTRAL"", ""keywords"": ""Trading|Markets|Invest"", ""id"": 42418423, ""guid"": ""ha93388BwWkPe8xtcThC0r""}, {""date"": ""20240219022049"", ""headline"": ""Sui Overtakes Aptos, Cardano in Value Locked; Sees $310M Inflow in 30 Days"", ""summary"": ""The total amount of capital locked on Sui has risen from $211 million to $593 million since the turn of the year.\n\nThe SUI token is up by 131% in the same period.\n\nSui has now overtaken Aptos, Cardano..."", ""url"": ""https://coindesk.com/business/2024/02/19/sui-overtakes-aptos-cardano-in-value-locked-sees-310m-inflow-in-30-days"", ""source"": ""CoinDesk"", ""sentiment"": ""POSITIVE"", ""keywords"": ""Sui|Blockchain|Aptos|Meta"", ""id"": 42391460, ""guid"": ""CpI5Y2Su0uMQDo69bexC3T""}, {""date"": ""20240122080000"", ""headline"": ""First Mover Americas: Solana, Cardano Lead Losses as Market Starts Week in the Red"", ""summary"": ""This article originally appeared in First Mover, CoinDesk\u2019s daily newsletter, putting the latest moves in crypto markets in context. Subscribe to get it in your inbox every day.\n\nLatest Prices\n\nTop St..."", ""url"": ""https://coindesk.com/markets/2024/01/22/first-mover-americas-sol-ada-lead-losses-as-market-starts-week-in-the-red"", ""source"": ""CoinDesk"", ""sentiment"": ""NEGATIVE"", ""keywords"": ""First Mover|Markets|Bitcoin|Bitcoin ETF"", ""id"": 42391619, ""guid"": ""CpI5Y2Su0uMQDo69bfs2m9""}, {""date"": ""20240122042324"", ""headline"": ""Solana, Cardano Lead Crypto Market Lower as Traders Grapple With Bitcoin Headwinds"", ""summary"": ""Prominent cryptocurrencies started the week in the red as fears of large bitcoin [BTC] sales continue to confront investors, who are likely scaling back exposure in the broader market in anticipation ..."", ""url"": ""https://coindesk.com/markets/2024/01/22/solana-sol-cardano-ada-lead-crypto-market-lower-as-traders-grapple-with-btc-headwinds"", ""source"": ""CoinDesk"", ""sentiment"": ""NEGATIVE"", ""keywords"": ""Trading|Markets|Bitcoin"", ""id"": 42391602, ""guid"": ""CpI5Y2Su0uMQDo69bfs1Hp""}, {""date"": ""20231214031850"", ""headline"": ""Total Value of Cardano DeFi Ecosystem Nears $450M Amid Layer 1 Push; ADA Rockets 17%"", ""summary"": ""Value locked on Cardano\u2019s ecosystem grew rapidly in the past few weeks as a recent boost in Ethereum alternatives, such as Solana and Avalanche, is likely pushing crypto investors and users toward oth..."", ""url"": ""https://coindesk.com/markets/2023/12/14/total-value-of-cardano-defi-ecosystem-nears-450m-amid-layer-1-push-ada-rockets-17"", ""source"": ""CoinDesk"", ""sentiment"": ""POSITIVE"", ""keywords"": ""Cardano|ADA|DeFi"", ""id"": 42409235, ""guid"": ""GJVPKSa3D710Liw1gcEseF""}]",{}
20,2024-05-31,2024-05-24,0.44746100902557373,0.4594939947128296,-0.026187471056669905,D3,"[{""date"": ""20240530182224"", ""headline"": ""Ripple's Brad Garlinghouse Foresees XRP, Solana, Cardano ETFs: Consensus 2024"", ""summary"": ""Brad Garlinghouse predicts the inevitable approval of XRP, Solana and Cardano ETFs, despite significant regulatory hurdles.\n\nGarlinghouse criticized the SEC's unclear crypto regulations, highlighting ..."", ""url"": ""https://coindesk.com/markets/2024/05/30/ripples-brad-garlinghouse-foresees-xrp-solana-cardano-etfs"", ""source"": ""CoinDesk"", ""sentiment"": ""POSITIVE"", ""keywords"": ""Brad Garlinghouse|Solana|XRP|ETF|Crypto ETF|Cardano"", ""id"": 42408112, ""guid"": ""GJVPKSa3D710Liw1ga9ovd""}]",{}
21,2024-06-07,2024-05-31,0.44964298605918884,0.44746100902557373,0.004876351211844708,U1,"[{""date"": ""20240530182224"", ""headline"": ""Ripple's Brad Garlinghouse Foresees XRP, Solana, Cardano ETFs: Consensus 2024"", ""summary"": ""Brad Garlinghouse predicts the inevitable approval of XRP, Solana and Cardano ETFs, despite significant regulatory hurdles.\n\nGarlinghouse criticized the SEC's unclear crypto regulations, highlighting ..."", ""url"": ""https://coindesk.com/markets/2024/05/30/ripples-brad-garlinghouse-foresees-xrp-solana-cardano-etfs"", ""source"": ""CoinDesk"", ""sentiment"": ""POSITIVE"", ""keywords"": ""Brad Garlinghouse|Solana|XRP|ETF|Crypto ETF|Cardano"", ""id"": 42408112, ""guid"": ""GJVPKSa3D710Liw1ga9ovd""}, {""date"": ""20240410063840"", ""headline"": ""Bitcoin Falls Below $69K Ahead of U.S. CPI; Cardano, Dogecoin Lead Losses in Altcoins"", ""summary"": ""Bitcoin and major alternative cryptocurrencies (altcoins) trade weak ahead of the pivotal U.S. CPI release.\n\nOne observer said the pullback could soon run out of steam as selling pressure from wallets..."", ""url"": ""https://coindesk.com/markets/2024/04/10/bitcoin-falls-below-69k-ahead-of-us-cpi-cardano-dogecoin-lead-majors-losses"", ""source"": ""CoinDesk"", ""sentiment"": ""NEUTRAL"", ""keywords"": ""Trading|Markets|Invest"", ""id"": 42418423, ""guid"": ""ha93388BwWkPe8xtcThC0r""}, {""date"": ""20240219022049"", ""headline"": ""Sui Overtakes Aptos, Cardano in Value Locked; Sees $310M Inflow in 30 Days"", ""summary"": ""The total amount of capital locked on Sui has risen from $211 million to $593 million since the turn of the year.\n\nThe SUI token is up by 131% in the same period.\n\nSui has now overtaken Aptos, Cardano..."", ""url"": ""https://coindesk.com/business/2024/02/19/sui-overtakes-aptos-cardano-in-value-locked-sees-310m-inflow-in-30-days"", ""source"": ""CoinDesk"", ""sentiment"": ""POSITIVE"", ""keywords"": ""Sui|Blockchain|Aptos|Meta"", ""id"": 42391460, ""guid"": ""CpI5Y2Su0uMQDo69bexC3T""}, {""date"": ""20240122080000"", ""headline"": ""First Mover Americas: Solana, Cardano Lead Losses as Market Starts Week in the Red"", ""summary"": ""This article originally appeared in First Mover, CoinDesk\u2019s daily newsletter, putting the latest moves in crypto markets in context. Subscribe to get it in your inbox every day.\n\nLatest Prices\n\nTop St..."", ""url"": ""https://coindesk.com/markets/2024/01/22/first-mover-americas-sol-ada-lead-losses-as-market-starts-week-in-the-red"", ""source"": ""CoinDesk"", ""sentiment"": ""NEGATIVE"", ""keywords"": ""First Mover|Markets|Bitcoin|Bitcoin ETF"", ""id"": 42391619, ""guid"": ""CpI5Y2Su0uMQDo69bfs2m9""}, {""date"": ""20240122042324"", ""headline"": ""Solana, Cardano Lead Crypto Market Lower as Traders Grapple With Bitcoin Headwinds"", ""summary"": ""Prominent cryptocurrencies started the week in the red as fears of large bitcoin [BTC] sales continue to confront investors, who are likely scaling back exposure in the broader market in anticipation ..."", ""url"": ""https://coindesk.com/markets/2024/01/22/solana-sol-cardano-ada-lead-crypto-market-lower-as-traders-grapple-with-btc-headwinds"", ""source"": ""CoinDesk"", ""sentiment"": ""NEGATIVE"", ""keywords"": ""Trading|Markets|Bitcoin"", ""id"": 42391602, ""guid"": ""CpI5Y2Su0uMQDo69bfs1Hp""}]",{}
22,2024-06-14,2024-06-07,0.41168299317359924,0.44964298605918884,-0.08442251755839182,D5+,"[{""date"": ""20240611051102"", ""headline"": ""Cardano Is on Track for Voltaire Upgrade This Month, Co-Founder Hoskinson Says"", ""summary"": ""Cardano's Voltaire phase, the final stage of its roadmap to create a fully decentralized blockchain ecosystem, is set to occur in June.\n\nThe Cardano Node will reach version 9.0, making it ready for a ..."", ""url"": ""https://coindesk.com/tech/2024/06/11/cardano-is-on-track-for-voltaire-upgrade-this-month-co-founder-hoskinson-says"", ""source"": ""CoinDesk"", ""sentiment"": ""POSITIVE"", ""keywords"": ""ADA|Cardano|hard-forks"", ""id"": 42417945, ""guid"": ""ha93388BwWkPe8xtcTc70X""}]",{}
23,2024-06-21,2024-06-14,0.37605199217796326,0.41168299317359924,-0.08654960633899939,D5+,"[{""date"": ""20240611051102"", ""headline"": ""Cardano Is on Track for Voltaire Upgrade This Month, Co-Founder Hoskinson Says"", ""summary"": ""Cardano's Voltaire phase, the final stage of its roadmap to create a fully decentralized blockchain ecosystem, is set to occur in June.\n\nThe Cardano Node will reach version 9.0, making it ready for a ..."", ""url"": ""https://coindesk.com/tech/2024/06/11/cardano-is-on-track-for-voltaire-upgrade-this-month-co-founder-hoskinson-says"", ""source"": ""CoinDesk"", ""sentiment"": ""POSITIVE"", ""keywords"": ""ADA|Cardano|hard-forks"", ""id"": 42417945, ""guid"": ""ha93388BwWkPe8xtcTc70X""}, {""date"": ""20240530182224"", ""headline"": ""Ripple's Brad Garlinghouse Foresees XRP, Solana, Cardano ETFs: Consensus 2024"", ""summary"": ""Brad Garlinghouse predicts the inevitable approval of XRP, Solana and Cardano ETFs, despite significant regulatory hurdles.\n\nGarlinghouse criticized the SEC's unclear crypto regulations, highlighting ..."", ""url"": ""https://coindesk.com/markets/2024/05/30/ripples-brad-garlinghouse-foresees-xrp-solana-cardano-etfs"", ""source"": ""CoinDesk"", ""sentiment"": ""POSITIVE"", ""keywords"": ""Brad Garlinghouse|Solana|XRP|ETF|Crypto ETF|Cardano"", ""id"": 42408112, ""guid"": ""GJVPKSa3D710Liw1ga9ovd""}, {""date"": ""20240410063840"", ""headline"": ""Bitcoin Falls Below $69K Ahead of U.S. CPI; Cardano, Dogecoin Lead Losses in Altcoins"", ""summary"": ""Bitcoin and major alternative cryptocurrencies (altcoins) trade weak ahead of the pivotal U.S. CPI release.\n\nOne observer said the pullback could soon run out of steam as selling pressure from wallets..."", ""url"": ""https://coindesk.com/markets/2024/04/10/bitcoin-falls-below-69k-ahead-of-us-cpi-cardano-dogecoin-lead-majors-losses"", ""source"": ""CoinDesk"", ""sentiment"": ""NEUTRAL"", ""keywords"": ""Trading|Markets|Invest"", ""id"": 42418423, ""guid"": ""ha93388BwWkPe8xtcThC0r""}, {""date"": ""20240219022049"", ""headline"": ""Sui Overtakes Aptos, Cardano in Value Locked; Sees $310M Inflow in 30 Days"", ""summary"": ""The total amount of capital locked on Sui has risen from $211 million to $593 million since the turn of the year.\n\nThe SUI token is up by 131% in the same period.\n\nSui has now overtaken Aptos, Cardano..."", ""url"": ""https://coindesk.com/business/2024/02/19/sui-overtakes-aptos-cardano-in-value-locked-sees-310m-inflow-in-30-days"", ""source"": ""CoinDesk"", ""sentiment"": ""POSITIVE"", ""keywords"": ""Sui|Blockchain|Aptos|Meta"", ""id"": 42391460, ""guid"": ""CpI5Y2Su0uMQDo69bexC3T""}, {""date"": ""20240122080000"", ""headline"": ""First Mover Americas: Solana, Cardano Lead Losses as Market Starts Week in the Red"", ""summary"": ""This article originally appeared in First Mover, CoinDesk\u2019s daily newsletter, putting the latest moves in crypto markets in context. Subscribe to get it in your inbox every day.\n\nLatest Prices\n\nTop St..."", ""url"": ""https://coindesk.com/markets/2024/01/22/first-mover-americas-sol-ada-lead-losses-as-market-starts-week-in-the-red"", ""source"": ""CoinDesk"", ""sentiment"": ""NEGATIVE"", ""keywords"": ""First Mover|Markets|Bitcoin|Bitcoin ETF"", ""id"": 42391619, ""guid"": ""CpI5Y2Su0uMQDo69bfs2m9""}]",{}
24,2024-06-28,2024-06-21,0.38542601466178894,0.37605199217796326,0.02492746396458262,U3,"[{""date"": ""20240626021753"", ""headline"": ""Cardano Unfazed by Failed DDoS Attack Targeting Staked ADA"", ""summary"": ""The Cardano blockchain successfully mitigated a DDoS attack that attempted to steal staked tokens, with no significant impact on the network's operation.\n\nThe attack involved transactions executing nu..."", ""url"": ""https://coindesk.com/tech/2024/06/26/cardano-unfazed-by-failed-ddos-attack-targeting-staked-ada"", ""source"": ""CoinDesk"", ""sentiment"": ""POSITIVE"", ""keywords"": ""ADA|Cardano|Exploit"", ""id"": 42407964, ""guid"": ""GJVPKSa3D710Liw1ga8Tcx""}]",{}
25,2024-07-05,2024-06-28,0.3498849868774414,0.38542601466178894,-0.09221232203419057,D5+,"[{""date"": ""20240626021753"", ""headline"": ""Cardano Unfazed by Failed DDoS Attack Targeting Staked ADA"", ""summary"": ""The Cardano blockchain successfully mitigated a DDoS attack that attempted to steal staked tokens, with no significant impact on the network's operation.\n\nThe attack involved transactions executing nu..."", ""url"": ""https://coindesk.com/tech/2024/06/26/cardano-unfazed-by-failed-ddos-attack-targeting-staked-ada"", ""source"": ""CoinDesk"", ""sentiment"": ""POSITIVE"", ""keywords"": ""ADA|Cardano|Exploit"", ""id"": 42407964, ""guid"": ""GJVPKSa3D710Liw1ga8Tcx""}, {""date"": ""20240611051102"", ""headline"": ""Cardano Is on Track for Voltaire Upgrade This Month, Co-Founder Hoskinson Says"", ""summary"": ""Cardano's Voltaire phase, the final stage of its roadmap to create a fully decentralized blockchain ecosystem, is set to occur in June.\n\nThe Cardano Node will reach version 9.0, making it ready for a ..."", ""url"": ""https://coindesk.com/tech/2024/06/11/cardano-is-on-track-for-voltaire-upgrade-this-month-co-founder-hoskinson-says"", ""source"": ""CoinDesk"", ""sentiment"": ""POSITIVE"", ""keywords"": ""ADA|Cardano|hard-forks"", ""id"": 42417945, ""guid"": ""ha93388BwWkPe8xtcTc70X""}, {""date"": ""20240530182224"", ""headline"": ""Ripple's Brad Garlinghouse Foresees XRP, Solana, Cardano ETFs: Consensus 2024"", ""summary"": ""Brad Garlinghouse predicts the inevitable approval of XRP, Solana and Cardano ETFs, despite significant regulatory hurdles.\n\nGarlinghouse criticized the SEC's unclear crypto regulations, highlighting ..."", ""url"": ""https://coindesk.com/markets/2024/05/30/ripples-brad-garlinghouse-foresees-xrp-solana-cardano-etfs"", ""source"": ""CoinDesk"", ""sentiment"": ""POSITIVE"", ""keywords"": ""Brad Garlinghouse|Solana|XRP|ETF|Crypto ETF|Cardano"", ""id"": 42408112, ""guid"": ""GJVPKSa3D710Liw1ga9ovd""}, {""date"": ""20240410063840"", ""headline"": ""Bitcoin Falls Below $69K Ahead of U.S. CPI; Cardano, Dogecoin Lead Losses in Altcoins"", ""summary"": ""Bitcoin and major alternative cryptocurrencies (altcoins) trade weak ahead of the pivotal U.S. CPI release.\n\nOne observer said the pullback could soon run out of steam as selling pressure from wallets..."", ""url"": ""https://coindesk.com/markets/2024/04/10/bitcoin-falls-below-69k-ahead-of-us-cpi-cardano-dogecoin-lead-majors-losses"", ""source"": ""CoinDesk"", ""sentiment"": ""NEUTRAL"", ""keywords"": ""Trading|Markets|Invest"", ""id"": 42418423, ""guid"": ""ha93388BwWkPe8xtcThC0r""}, {""date"": ""20240219022049"", ""headline"": ""Sui Overtakes Aptos, Cardano in Value Locked; Sees $310M Inflow in 30 Days"", ""summary"": ""The total amount of capital locked on Sui has risen from $211 million to $593 million since the turn of the year.\n\nThe SUI token is up by 131% in the same period.\n\nSui has now overtaken Aptos, Cardano..."", ""url"": ""https://coindesk.com/business/2024/02/19/sui-overtakes-aptos-cardano-in-value-locked-sees-310m-inflow-in-30-days"", ""source"": ""CoinDesk"", ""sentiment"": ""POSITIVE"", ""keywords"": ""Sui|Blockchain|Aptos|Meta"", ""id"": 42391460, ""guid"": ""CpI5Y2Su0uMQDo69bexC3T""}]",{}
26,2024-07-12,2024-07-05,0.4165239930152893,0.3498849868774414,0.1904597471659748,U5+,"[{""date"": ""20240626021753"", ""headline"": ""Cardano Unfazed by Failed DDoS Attack Targeting Staked ADA"", ""summary"": ""The Cardano blockchain successfully mitigated a DDoS attack that attempted to steal staked tokens, with no significant impact on the network's operation.\n\nThe attack involved transactions executing nu..."", ""url"": ""https://coindesk.com/tech/2024/06/26/cardano-unfazed-by-failed-ddos-attack-targeting-staked-ada"", ""source"": ""CoinDesk"", ""sentiment"": ""POSITIVE"", ""keywords"": ""ADA|Cardano|Exploit"", ""id"": 42407964, ""guid"": ""GJVPKSa3D710Liw1ga8Tcx""}, {""date"": ""20240611051102"", ""headline"": ""Cardano Is on Track for Voltaire Upgrade This Month, Co-Founder Hoskinson Says"", ""summary"": ""Cardano's Voltaire phase, the final stage of its roadmap to create a fully decentralized blockchain ecosystem, is set to occur in June.\n\nThe Cardano Node will reach version 9.0, making it ready for a ..."", ""url"": ""https://coindesk.com/tech/2024/06/11/cardano-is-on-track-for-voltaire-upgrade-this-month-co-founder-hoskinson-says"", ""source"": ""CoinDesk"", ""sentiment"": ""POSITIVE"", ""keywords"": ""ADA|Cardano|hard-forks"", ""id"": 42417945, ""guid"": ""ha93388BwWkPe8xtcTc70X""}, {""date"": ""20240530182224"", ""headline"": ""Ripple's Brad Garlinghouse Foresees XRP, Solana, Cardano ETFs: Consensus 2024"", ""summary"": ""Brad Garlinghouse predicts the inevitable approval of XRP, Solana and Cardano ETFs, despite significant regulatory hurdles.\n\nGarlinghouse criticized the SEC's unclear crypto regulations, highlighting ..."", ""url"": ""https://coindesk.com/markets/2024/05/30/ripples-brad-garlinghouse-foresees-xrp-solana-cardano-etfs"", ""source"": ""CoinDesk"", ""sentiment"": ""POSITIVE"", ""keywords"": ""Brad Garlinghouse|Solana|XRP|ETF|Crypto ETF|Cardano"", ""id"": 42408112, ""guid"": ""GJVPKSa3D710Liw1ga9ovd""}, {""date"": ""20240410063840"", ""headline"": ""Bitcoin Falls Below $69K Ahead of U.S. CPI; Cardano, Dogecoin Lead Losses in Altcoins"", ""summary"": ""Bitcoin and major alternative cryptocurrencies (altcoins) trade weak ahead of the pivotal U.S. CPI release.\n\nOne observer said the pullback could soon run out of steam as selling pressure from wallets..."", ""url"": ""https://coindesk.com/markets/2024/04/10/bitcoin-falls-below-69k-ahead-of-us-cpi-cardano-dogecoin-lead-majors-losses"", ""source"": ""CoinDesk"", ""sentiment"": ""NEUTRAL"", ""keywords"": ""Trading|Markets|Invest"", ""id"": 42418423, ""guid"": ""ha93388BwWkPe8xtcThC0r""}, {""date"": ""20240219022049"", ""headline"": ""Sui Overtakes Aptos, Cardano in Value Locked; Sees $310M Inflow in 30 Days"", ""summary"": ""The total amount of capital locked on Sui has risen from $211 million to $593 million since the turn of the year.\n\nThe SUI token is up by 131% in the same period.\n\nSui has now overtaken Aptos, Cardano..."", ""url"": ""https://coindesk.com/business/2024/02/19/sui-overtakes-aptos-cardano-in-value-locked-sees-310m-inflow-in-30-days"", ""source"": ""CoinDesk"", ""sentiment"": ""POSITIVE"", ""keywords"": ""Sui|Blockchain|Aptos|Meta"", ""id"": 42391460, ""guid"": ""CpI5Y2Su0uMQDo69bexC3T""}]",{}
27,2024-07-19,2024-07-12,0.43903398513793945,0.4165239930152893,0.05404248614754799,U5+,"[{""date"": ""20240626021753"", ""headline"": ""Cardano Unfazed by Failed DDoS Attack Targeting Staked ADA"", ""summary"": ""The Cardano blockchain successfully mitigated a DDoS attack that attempted to steal staked tokens, with no significant impact on the network's operation.\n\nThe attack involved transactions executing nu..."", ""url"": ""https://coindesk.com/tech/2024/06/26/cardano-unfazed-by-failed-ddos-attack-targeting-staked-ada"", ""source"": ""CoinDesk"", ""sentiment"": ""POSITIVE"", ""keywords"": ""ADA|Cardano|Exploit"", ""id"": 42407964, ""guid"": ""GJVPKSa3D710Liw1ga8Tcx""}, {""date"": ""20240611051102"", ""headline"": ""Cardano Is on Track for Voltaire Upgrade This Month, Co-Founder Hoskinson Says"", ""summary"": ""Cardano's Voltaire phase, the final stage of its roadmap to create a fully decentralized blockchain ecosystem, is set to occur in June.\n\nThe Cardano Node will reach version 9.0, making it ready for a ..."", ""url"": ""https://coindesk.com/tech/2024/06/11/cardano-is-on-track-for-voltaire-upgrade-this-month-co-founder-hoskinson-says"", ""source"": ""CoinDesk"", ""sentiment"": ""POSITIVE"", ""keywords"": ""ADA|Cardano|hard-forks"", ""id"": 42417945, ""guid"": ""ha93388BwWkPe8xtcTc70X""}, {""date"": ""20240530182224"", ""headline"": ""Ripple's Brad Garlinghouse Foresees XRP, Solana, Cardano ETFs: Consensus 2024"", ""summary"": ""Brad Garlinghouse predicts the inevitable approval of XRP, Solana and Cardano ETFs, despite significant regulatory hurdles.\n\nGarlinghouse criticized the SEC's unclear crypto regulations, highlighting ..."", ""url"": ""https://coindesk.com/markets/2024/05/30/ripples-brad-garlinghouse-foresees-xrp-solana-cardano-etfs"", ""source"": ""CoinDesk"", ""sentiment"": ""POSITIVE"", ""keywords"": ""Brad Garlinghouse|Solana|XRP|ETF|Crypto ETF|Cardano"", ""id"": 42408112, ""guid"": ""GJVPKSa3D710Liw1ga9ovd""}, {""date"": ""20240410063840"", ""headline"": ""Bitcoin Falls Below $69K Ahead of U.S. CPI; Cardano, Dogecoin Lead Losses in Altcoins"", ""summary"": ""Bitcoin and major alternative cryptocurrencies (altcoins) trade weak ahead of the pivotal U.S. CPI release.\n\nOne observer said the pullback could soon run out of steam as selling pressure from wallets..."", ""url"": ""https://coindesk.com/markets/2024/04/10/bitcoin-falls-below-69k-ahead-of-us-cpi-cardano-dogecoin-lead-majors-losses"", ""source"": ""CoinDesk"", ""sentiment"": ""NEUTRAL"", ""keywords"": ""Trading|Markets|Invest"", ""id"": 42418423, ""guid"": ""ha93388BwWkPe8xtcThC0r""}, {""date"": ""20240219022049"", ""headline"": ""Sui Overtakes Aptos, Cardano in Value Locked; Sees $310M Inflow in 30 Days"", ""summary"": ""The total amount of capital locked on Sui has risen from $211 million to $593 million since the turn of the year.\n\nThe SUI token is up by 131% in the same period.\n\nSui has now overtaken Aptos, Cardano..."", ""url"": ""https://coindesk.com/business/2024/02/19/sui-overtakes-aptos-cardano-in-value-locked-sees-310m-inflow-in-30-days"", ""source"": ""CoinDesk"", ""sentiment"": ""POSITIVE"", ""keywords"": ""Sui|Blockchain|Aptos|Meta"", ""id"": 42391460, ""guid"": ""CpI5Y2Su0uMQDo69bexC3T""}]",{}
28,2024-07-26,2024-07-19,0.41774699091911316,0.43903398513793945,-0.04848598272440837,D5,"[{""date"": ""20240626021753"", ""headline"": ""Cardano Unfazed by Failed DDoS Attack Targeting Staked ADA"", ""summary"": ""The Cardano blockchain successfully mitigated a DDoS attack that attempted to steal staked tokens, with no significant impact on the network's operation.\n\nThe attack involved transactions executing nu..."", ""url"": ""https://coindesk.com/tech/2024/06/26/cardano-unfazed-by-failed-ddos-attack-targeting-staked-ada"", ""source"": ""CoinDesk"", ""sentiment"": ""POSITIVE"", ""keywords"": ""ADA|Cardano|Exploit"", ""id"": 42407964, ""guid"": ""GJVPKSa3D710Liw1ga8Tcx""}, {""date"": ""20240611051102"", ""headline"": ""Cardano Is on Track for Voltaire Upgrade This Month, Co-Founder Hoskinson Says"", ""summary"": ""Cardano's Voltaire phase, the final stage of its roadmap to create a fully decentralized blockchain ecosystem, is set to occur in June.\n\nThe Cardano Node will reach version 9.0, making it ready for a ..."", ""url"": ""https://coindesk.com/tech/2024/06/11/cardano-is-on-track-for-voltaire-upgrade-this-month-co-founder-hoskinson-says"", ""source"": ""CoinDesk"", ""sentiment"": ""POSITIVE"", ""keywords"": ""ADA|Cardano|hard-forks"", ""id"": 42417945, ""guid"": ""ha93388BwWkPe8xtcTc70X""}, {""date"": ""20240530182224"", ""headline"": ""Ripple's Brad Garlinghouse Foresees XRP, Solana, Cardano ETFs: Consensus 2024"", ""summary"": ""Brad Garlinghouse predicts the inevitable approval of XRP, Solana and Cardano ETFs, despite significant regulatory hurdles.\n\nGarlinghouse criticized the SEC's unclear crypto regulations, highlighting ..."", ""url"": ""https://coindesk.com/markets/2024/05/30/ripples-brad-garlinghouse-foresees-xrp-solana-cardano-etfs"", ""source"": ""CoinDesk"", ""sentiment"": ""POSITIVE"", ""keywords"": ""Brad Garlinghouse|Solana|XRP|ETF|Crypto ETF|Cardano"", ""id"": 42408112, ""guid"": ""GJVPKSa3D710Liw1ga9ovd""}, {""date"": ""20240410063840"", ""headline"": ""Bitcoin Falls Below $69K Ahead of U.S. CPI; Cardano, Dogecoin Lead Losses in Altcoins"", ""summary"": ""Bitcoin and major alternative cryptocurrencies (altcoins) trade weak ahead of the pivotal U.S. CPI release.\n\nOne observer said the pullback could soon run out of steam as selling pressure from wallets..."", ""url"": ""https://coindesk.com/markets/2024/04/10/bitcoin-falls-below-69k-ahead-of-us-cpi-cardano-dogecoin-lead-majors-losses"", ""source"": ""CoinDesk"", ""sentiment"": ""NEUTRAL"", ""keywords"": ""Trading|Markets|Invest"", ""id"": 42418423, ""guid"": ""ha93388BwWkPe8xtcThC0r""}, {""date"": ""20240219022049"", ""headline"": ""Sui Overtakes Aptos, Cardano in Value Locked; Sees $310M Inflow in 30 Days"", ""summary"": ""The total amount of capital locked on Sui has risen from $211 million to $593 million since the turn of the year.\n\nThe SUI token is up by 131% in the same period.\n\nSui has now overtaken Aptos, Cardano..."", ""url"": ""https://coindesk.com/business/2024/02/19/sui-overtakes-aptos-cardano-in-value-locked-sees-310m-inflow-in-30-days"", ""source"": ""CoinDesk"", ""sentiment"": ""POSITIVE"", ""keywords"": ""Sui|Blockchain|Aptos|Meta"", ""id"": 42391460, ""guid"": ""CpI5Y2Su0uMQDo69bexC3T""}]",{}
29,2024-08-02,2024-07-26,0.36382201313972473,0.41774699091911316,-0.12908525722888983,D5+,"[{""date"": ""20240626021753"", ""headline"": ""Cardano Unfazed by Failed DDoS Attack Targeting Staked ADA"", ""summary"": ""The Cardano blockchain successfully mitigated a DDoS attack that attempted to steal staked tokens, with no significant impact on the network's operation.\n\nThe attack involved transactions executing nu..."", ""url"": ""https://coindesk.com/tech/2024/06/26/cardano-unfazed-by-failed-ddos-attack-targeting-staked-ada"", ""source"": ""CoinDesk"", ""sentiment"": ""POSITIVE"", ""keywords"": ""ADA|Cardano|Exploit"", ""id"": 42407964, ""guid"": ""GJVPKSa3D710Liw1ga8Tcx""}, {""date"": ""20240611051102"", ""headline"": ""Cardano Is on Track for Voltaire Upgrade This Month, Co-Founder Hoskinson Says"", ""summary"": ""Cardano's Voltaire phase, the final stage of its roadmap to create a fully decentralized blockchain ecosystem, is set to occur in June.\n\nThe Cardano Node will reach version 9.0, making it ready for a ..."", ""url"": ""https://coindesk.com/tech/2024/06/11/cardano-is-on-track-for-voltaire-upgrade-this-month-co-founder-hoskinson-says"", ""source"": ""CoinDesk"", ""sentiment"": ""POSITIVE"", ""keywords"": ""ADA|Cardano|hard-forks"", ""id"": 42417945, ""guid"": ""ha93388BwWkPe8xtcTc70X""}, {""date"": ""20240530182224"", ""headline"": ""Ripple's Brad Garlinghouse Foresees XRP, Solana, Cardano ETFs: Consensus 2024"", ""summary"": ""Brad Garlinghouse predicts the inevitable approval of XRP, Solana and Cardano ETFs, despite significant regulatory hurdles.\n\nGarlinghouse criticized the SEC's unclear crypto regulations, highlighting ..."", ""url"": ""https://coindesk.com/markets/2024/05/30/ripples-brad-garlinghouse-foresees-xrp-solana-cardano-etfs"", ""source"": ""CoinDesk"", ""sentiment"": ""POSITIVE"", ""keywords"": ""Brad Garlinghouse|Solana|XRP|ETF|Crypto ETF|Cardano"", ""id"": 42408112, ""guid"": ""GJVPKSa3D710Liw1ga9ovd""}, {""date"": ""20240410063840"", ""headline"": ""Bitcoin Falls Below $69K Ahead of U.S. CPI; Cardano, Dogecoin Lead Losses in Altcoins"", ""summary"": ""Bitcoin and major alternative cryptocurrencies (altcoins) trade weak ahead of the pivotal U.S. CPI release.\n\nOne observer said the pullback could soon run out of steam as selling pressure from wallets..."", ""url"": ""https://coindesk.com/markets/2024/04/10/bitcoin-falls-below-69k-ahead-of-us-cpi-cardano-dogecoin-lead-majors-losses"", ""source"": ""CoinDesk"", ""sentiment"": ""NEUTRAL"", ""keywords"": ""Trading|Markets|Invest"", ""id"": 42418423, ""guid"": ""ha93388BwWkPe8xtcThC0r""}, {""date"": ""20240219022049"", ""headline"": ""Sui Overtakes Aptos, Cardano in Value Locked; Sees $310M Inflow in 30 Days"", ""summary"": ""The total amount of capital locked on Sui has risen from $211 million to $593 million since the turn of the year.\n\nThe SUI token is up by 131% in the same period.\n\nSui has now overtaken Aptos, Cardano..."", ""url"": ""https://coindesk.com/business/2024/02/19/sui-overtakes-aptos-cardano-in-value-locked-sees-310m-inflow-in-30-days"", ""source"": ""CoinDesk"", ""sentiment"": ""POSITIVE"", ""keywords"": ""Sui|Blockchain|Aptos|Meta"", ""id"": 42391460, ""guid"": ""CpI5Y2Su0uMQDo69bexC3T""}]",{}
30,2024-08-09,2024-08-02,0.3485470116138458,0.36382201313972473,-0.041984819428758945,D5,"[{""date"": ""20240626021753"", ""headline"": ""Cardano Unfazed by Failed DDoS Attack Targeting Staked ADA"", ""summary"": ""The Cardano blockchain successfully mitigated a DDoS attack that attempted to steal staked tokens, with no significant impact on the network's operation.\n\nThe attack involved transactions executing nu..."", ""url"": ""https://coindesk.com/tech/2024/06/26/cardano-unfazed-by-failed-ddos-attack-targeting-staked-ada"", ""source"": ""CoinDesk"", ""sentiment"": ""POSITIVE"", ""keywords"": ""ADA|Cardano|Exploit"", ""id"": 42407964, ""guid"": ""GJVPKSa3D710Liw1ga8Tcx""}, {""date"": ""20240611051102"", ""headline"": ""Cardano Is on Track for Voltaire Upgrade This Month, Co-Founder Hoskinson Says"", ""summary"": ""Cardano's Voltaire phase, the final stage of its roadmap to create a fully decentralized blockchain ecosystem, is set to occur in June.\n\nThe Cardano Node will reach version 9.0, making it ready for a ..."", ""url"": ""https://coindesk.com/tech/2024/06/11/cardano-is-on-track-for-voltaire-upgrade-this-month-co-founder-hoskinson-says"", ""source"": ""CoinDesk"", ""sentiment"": ""POSITIVE"", ""keywords"": ""ADA|Cardano|hard-forks"", ""id"": 42417945, ""guid"": ""ha93388BwWkPe8xtcTc70X""}, {""date"": ""20240530182224"", ""headline"": ""Ripple's Brad Garlinghouse Foresees XRP, Solana, Cardano ETFs: Consensus 2024"", ""summary"": ""Brad Garlinghouse predicts the inevitable approval of XRP, Solana and Cardano ETFs, despite significant regulatory hurdles.\n\nGarlinghouse criticized the SEC's unclear crypto regulations, highlighting ..."", ""url"": ""https://coindesk.com/markets/2024/05/30/ripples-brad-garlinghouse-foresees-xrp-solana-cardano-etfs"", ""source"": ""CoinDesk"", ""sentiment"": ""POSITIVE"", ""keywords"": ""Brad Garlinghouse|Solana|XRP|ETF|Crypto ETF|Cardano"", ""id"": 42408112, ""guid"": ""GJVPKSa3D710Liw1ga9ovd""}, {""date"": ""20240410063840"", ""headline"": ""Bitcoin Falls Below $69K Ahead of U.S. CPI; Cardano, Dogecoin Lead Losses in Altcoins"", ""summary"": ""Bitcoin and major alternative cryptocurrencies (altcoins) trade weak ahead of the pivotal U.S. CPI release.\n\nOne observer said the pullback could soon run out of steam as selling pressure from wallets..."", ""url"": ""https://coindesk.com/markets/2024/04/10/bitcoin-falls-below-69k-ahead-of-us-cpi-cardano-dogecoin-lead-majors-losses"", ""source"": ""CoinDesk"", ""sentiment"": ""NEUTRAL"", ""keywords"": ""Trading|Markets|Invest"", ""id"": 42418423, ""guid"": ""ha93388BwWkPe8xtcThC0r""}, {""date"": ""20240219022049"", ""headline"": ""Sui Overtakes Aptos, Cardano in Value Locked; Sees $310M Inflow in 30 Days"", ""summary"": ""The total amount of capital locked on Sui has risen from $211 million to $593 million since the turn of the year.\n\nThe SUI token is up by 131% in the same period.\n\nSui has now overtaken Aptos, Cardano..."", ""url"": ""https://coindesk.com/business/2024/02/19/sui-overtakes-aptos-cardano-in-value-locked-sees-310m-inflow-in-30-days"", ""source"": ""CoinDesk"", ""sentiment"": ""POSITIVE"", ""keywords"": ""Sui|Blockchain|Aptos|Meta"", ""id"": 42391460, ""guid"": ""CpI5Y2Su0uMQDo69bexC3T""}]",{}
31,2024-08-16,2024-08-09,0.3304719924926758,0.3485470116138458,-0.05185819564907159,D5+,"[{""date"": ""20240626021753"", ""headline"": ""Cardano Unfazed by Failed DDoS Attack Targeting Staked ADA"", ""summary"": ""The Cardano blockchain successfully mitigated a DDoS attack that attempted to steal staked tokens, with no significant impact on the network's operation.\n\nThe attack involved transactions executing nu..."", ""url"": ""https://coindesk.com/tech/2024/06/26/cardano-unfazed-by-failed-ddos-attack-targeting-staked-ada"", ""source"": ""CoinDesk"", ""sentiment"": ""POSITIVE"", ""keywords"": ""ADA|Cardano|Exploit"", ""id"": 42407964, ""guid"": ""GJVPKSa3D710Liw1ga8Tcx""}, {""date"": ""20240611051102"", ""headline"": ""Cardano Is on Track for Voltaire Upgrade This Month, Co-Founder Hoskinson Says"", ""summary"": ""Cardano's Voltaire phase, the final stage of its roadmap to create a fully decentralized blockchain ecosystem, is set to occur in June.\n\nThe Cardano Node will reach version 9.0, making it ready for a ..."", ""url"": ""https://coindesk.com/tech/2024/06/11/cardano-is-on-track-for-voltaire-upgrade-this-month-co-founder-hoskinson-says"", ""source"": ""CoinDesk"", ""sentiment"": ""POSITIVE"", ""keywords"": ""ADA|Cardano|hard-forks"", ""id"": 42417945, ""guid"": ""ha93388BwWkPe8xtcTc70X""}, {""date"": ""20240530182224"", ""headline"": ""Ripple's Brad Garlinghouse Foresees XRP, Solana, Cardano ETFs: Consensus 2024"", ""summary"": ""Brad Garlinghouse predicts the inevitable approval of XRP, Solana and Cardano ETFs, despite significant regulatory hurdles.\n\nGarlinghouse criticized the SEC's unclear crypto regulations, highlighting ..."", ""url"": ""https://coindesk.com/markets/2024/05/30/ripples-brad-garlinghouse-foresees-xrp-solana-cardano-etfs"", ""source"": ""CoinDesk"", ""sentiment"": ""POSITIVE"", ""keywords"": ""Brad Garlinghouse|Solana|XRP|ETF|Crypto ETF|Cardano"", ""id"": 42408112, ""guid"": ""GJVPKSa3D710Liw1ga9ovd""}, {""date"": ""20240410063840"", ""headline"": ""Bitcoin Falls Below $69K Ahead of U.S. CPI; Cardano, Dogecoin Lead Losses in Altcoins"", ""summary"": ""Bitcoin and major alternative cryptocurrencies (altcoins) trade weak ahead of the pivotal U.S. CPI release.\n\nOne observer said the pullback could soon run out of steam as selling pressure from wallets..."", ""url"": ""https://coindesk.com/markets/2024/04/10/bitcoin-falls-below-69k-ahead-of-us-cpi-cardano-dogecoin-lead-majors-losses"", ""source"": ""CoinDesk"", ""sentiment"": ""NEUTRAL"", ""keywords"": ""Trading|Markets|Invest"", ""id"": 42418423, ""guid"": ""ha93388BwWkPe8xtcThC0r""}, {""date"": ""20240219022049"", ""headline"": ""Sui Overtakes Aptos, Cardano in Value Locked; Sees $310M Inflow in 30 Days"", ""summary"": ""The total amount of capital locked on Sui has risen from $211 million to $593 million since the turn of the year.\n\nThe SUI token is up by 131% in the same period.\n\nSui has now overtaken Aptos, Cardano..."", ""url"": ""https://coindesk.com/business/2024/02/19/sui-overtakes-aptos-cardano-in-value-locked-sees-310m-inflow-in-30-days"", ""source"": ""CoinDesk"", ""sentiment"": ""POSITIVE"", ""keywords"": ""Sui|Blockchain|Aptos|Meta"", ""id"": 42391460, ""guid"": ""CpI5Y2Su0uMQDo69bexC3T""}]",{}
32,2024-08-23,2024-08-16,0.39153599739074707,0.3304719924926758,0.18477815453430488,U5+,"[{""date"": ""20240821035440"", ""headline"": ""Trump Tops Harris on Polymarket; Tron, Cardano in the Green as Bitcoin Sinks"", ""summary"": ""Major altcoins like ETH, Solana's SOL, BNB and XRP, dropped as bitcoin's struggle to move past $60K.\n\nTron's TRX and Cardano's ADA showed gains, with TRX particularly benefiting from increased network..."", ""url"": ""https://coindesk.com/markets/2024/08/21/trump-tops-harris-on-polymarket-tron-cardano-in-green-as-bitcoin-sinks"", ""source"": ""CoinDesk"", ""sentiment"": ""NEUTRAL"", ""keywords"": """", ""id"": 42417403, ""guid"": ""ha93388BwWkPe8xtcTYIcX""}]",{}
33,2024-08-30,2024-08-23,0.34715399146080017,0.39153599739074707,-0.11335357725908998,D5+,"[{""date"": ""20240828070000"", ""headline"": ""Cardano Blockchain Heads for 'Chang Hard Fork,' Biggest Upgrade in Two Years"", ""summary"": ""Cardano, launched in 2017 by Ethereum co-founder Charles Hoskinson, is pushing toward its biggest upgrade in two years, with major changes to the structure of its main network, introducing mechanisms ..."", ""url"": ""https://coindesk.com/tech/2024/08/28/cardano-blockchain-heads-for-chang-hard-fork-biggest-upgrade-in-two-years"", ""source"": ""CoinDesk"", ""sentiment"": ""POSITIVE"", ""keywords"": ""Cardano|Cardano Foundation|hard fork|Upgrade|ADA|Charles Hoskinson"", ""id"": 42390527, ""guid"": ""CpI5Y2Su0uMQDo69bd2du5""}]",{}
34,2024-09-06,2024-08-30,0.31471800804138184,0.34715399146080017,-0.09343399245657509,D5+,"[{""date"": ""20240901174500"", ""headline"": ""Cardano\u2019s Chang Hard Fork Goes Live, Introducing On-Chain Governance"", ""summary"": ""Cardano, the layer-1 blockchain launched in 2017 by Ethereum co-founder Charles Hoskinson, activated its highly anticipated \u201cChang\u201d upgrade on Sunday, marking the ecosystem's long-planned shift toward..."", ""url"": ""https://coindesk.com/tech/2024/09/01/cardanos-chang-hard-fork-goes-live-introducing-on-chain-governance"", ""source"": ""CoinDesk"", ""sentiment"": ""POSITIVE"", ""keywords"": ""Cardano|Cardano Foundation|Upgrade|Upgrades|hard fork|decentralized governance|Governance|ADA|Charles Hoskinson"", ""id"": 42417305, ""guid"": ""ha93388BwWkPe8xtcTY5BV""}]",{}
35,2024-09-13,2024-09-06,0.36090001463890076,0.31471800804138184,0.1467409090599179,U5+,"[{""date"": ""20240901174500"", ""headline"": ""Cardano\u2019s Chang Hard Fork Goes Live, Introducing On-Chain Governance"", ""summary"": ""Cardano, the layer-1 blockchain launched in 2017 by Ethereum co-founder Charles Hoskinson, activated its highly anticipated \u201cChang\u201d upgrade on Sunday, marking the ecosystem's long-planned shift toward..."", ""url"": ""https://coindesk.com/tech/2024/09/01/cardanos-chang-hard-fork-goes-live-introducing-on-chain-governance"", ""source"": ""CoinDesk"", ""sentiment"": ""POSITIVE"", ""keywords"": ""Cardano|Cardano Foundation|Upgrade|Upgrades|hard fork|decentralized governance|Governance|ADA|Charles Hoskinson"", ""id"": 42417305, ""guid"": ""ha93388BwWkPe8xtcTY5BV""}, {""date"": ""20240828070000"", ""headline"": ""Cardano Blockchain Heads for 'Chang Hard Fork,' Biggest Upgrade in Two Years"", ""summary"": ""Cardano, launched in 2017 by Ethereum co-founder Charles Hoskinson, is pushing toward its biggest upgrade in two years, with major changes to the structure of its main network, introducing mechanisms ..."", ""url"": ""https://coindesk.com/tech/2024/08/28/cardano-blockchain-heads-for-chang-hard-fork-biggest-upgrade-in-two-years"", ""source"": ""CoinDesk"", ""sentiment"": ""POSITIVE"", ""keywords"": ""Cardano|Cardano Foundation|hard fork|Upgrade|ADA|Charles Hoskinson"", ""id"": 42390527, ""guid"": ""CpI5Y2Su0uMQDo69bd2du5""}, {""date"": ""20240821035440"", ""headline"": ""Trump Tops Harris on Polymarket; Tron, Cardano in the Green as Bitcoin Sinks"", ""summary"": ""Major altcoins like ETH, Solana's SOL, BNB and XRP, dropped as bitcoin's struggle to move past $60K.\n\nTron's TRX and Cardano's ADA showed gains, with TRX particularly benefiting from increased network..."", ""url"": ""https://coindesk.com/markets/2024/08/21/trump-tops-harris-on-polymarket-tron-cardano-in-green-as-bitcoin-sinks"", ""source"": ""CoinDesk"", ""sentiment"": ""NEUTRAL"", ""keywords"": """", ""id"": 42417403, ""guid"": ""ha93388BwWkPe8xtcTYIcX""}, {""date"": ""20240626021753"", ""headline"": ""Cardano Unfazed by Failed DDoS Attack Targeting Staked ADA"", ""summary"": ""The Cardano blockchain successfully mitigated a DDoS attack that attempted to steal staked tokens, with no significant impact on the network's operation.\n\nThe attack involved transactions executing nu..."", ""url"": ""https://coindesk.com/tech/2024/06/26/cardano-unfazed-by-failed-ddos-attack-targeting-staked-ada"", ""source"": ""CoinDesk"", ""sentiment"": ""POSITIVE"", ""keywords"": ""ADA|Cardano|Exploit"", ""id"": 42407964, ""guid"": ""GJVPKSa3D710Liw1ga8Tcx""}, {""date"": ""20240611051102"", ""headline"": ""Cardano Is on Track for Voltaire Upgrade This Month, Co-Founder Hoskinson Says"", ""summary"": ""Cardano's Voltaire phase, the final stage of its roadmap to create a fully decentralized blockchain ecosystem, is set to occur in June.\n\nThe Cardano Node will reach version 9.0, making it ready for a ..."", ""url"": ""https://coindesk.com/tech/2024/06/11/cardano-is-on-track-for-voltaire-upgrade-this-month-co-founder-hoskinson-says"", ""source"": ""CoinDesk"", ""sentiment"": ""POSITIVE"", ""keywords"": ""ADA|Cardano|hard-forks"", ""id"": 42417945, ""guid"": ""ha93388BwWkPe8xtcTc70X""}]",{}
36,2024-09-20,2024-09-13,0.3521139919757843,0.36090001463890076,-0.024344755629637,D3,"[{""date"": ""20240901174500"", ""headline"": ""Cardano\u2019s Chang Hard Fork Goes Live, Introducing On-Chain Governance"", ""summary"": ""Cardano, the layer-1 blockchain launched in 2017 by Ethereum co-founder Charles Hoskinson, activated its highly anticipated \u201cChang\u201d upgrade on Sunday, marking the ecosystem's long-planned shift toward..."", ""url"": ""https://coindesk.com/tech/2024/09/01/cardanos-chang-hard-fork-goes-live-introducing-on-chain-governance"", ""source"": ""CoinDesk"", ""sentiment"": ""POSITIVE"", ""keywords"": ""Cardano|Cardano Foundation|Upgrade|Upgrades|hard fork|decentralized governance|Governance|ADA|Charles Hoskinson"", ""id"": 42417305, ""guid"": ""ha93388BwWkPe8xtcTY5BV""}, {""date"": ""20240828070000"", ""headline"": ""Cardano Blockchain Heads for 'Chang Hard Fork,' Biggest Upgrade in Two Years"", ""summary"": ""Cardano, launched in 2017 by Ethereum co-founder Charles Hoskinson, is pushing toward its biggest upgrade in two years, with major changes to the structure of its main network, introducing mechanisms ..."", ""url"": ""https://coindesk.com/tech/2024/08/28/cardano-blockchain-heads-for-chang-hard-fork-biggest-upgrade-in-two-years"", ""source"": ""CoinDesk"", ""sentiment"": ""POSITIVE"", ""keywords"": ""Cardano|Cardano Foundation|hard fork|Upgrade|ADA|Charles Hoskinson"", ""id"": 42390527, ""guid"": ""CpI5Y2Su0uMQDo69bd2du5""}, {""date"": ""20240821035440"", ""headline"": ""Trump Tops Harris on Polymarket; Tron, Cardano in the Green as Bitcoin Sinks"", ""summary"": ""Major altcoins like ETH, Solana's SOL, BNB and XRP, dropped as bitcoin's struggle to move past $60K.\n\nTron's TRX and Cardano's ADA showed gains, with TRX particularly benefiting from increased network..."", ""url"": ""https://coindesk.com/markets/2024/08/21/trump-tops-harris-on-polymarket-tron-cardano-in-green-as-bitcoin-sinks"", ""source"": ""CoinDesk"", ""sentiment"": ""NEUTRAL"", ""keywords"": """", ""id"": 42417403, ""guid"": ""ha93388BwWkPe8xtcTYIcX""}, {""date"": ""20240626021753"", ""headline"": ""Cardano Unfazed by Failed DDoS Attack Targeting Staked ADA"", ""summary"": ""The Cardano blockchain successfully mitigated a DDoS attack that attempted to steal staked tokens, with no significant impact on the network's operation.\n\nThe attack involved transactions executing nu..."", ""url"": ""https://coindesk.com/tech/2024/06/26/cardano-unfazed-by-failed-ddos-attack-targeting-staked-ada"", ""source"": ""CoinDesk"", ""sentiment"": ""POSITIVE"", ""keywords"": ""ADA|Cardano|Exploit"", ""id"": 42407964, ""guid"": ""GJVPKSa3D710Liw1ga8Tcx""}, {""date"": ""20240611051102"", ""headline"": ""Cardano Is on Track for Voltaire Upgrade This Month, Co-Founder Hoskinson Says"", ""summary"": ""Cardano's Voltaire phase, the final stage of its roadmap to create a fully decentralized blockchain ecosystem, is set to occur in June.\n\nThe Cardano Node will reach version 9.0, making it ready for a ..."", ""url"": ""https://coindesk.com/tech/2024/06/11/cardano-is-on-track-for-voltaire-upgrade-this-month-co-founder-hoskinson-says"", ""source"": ""CoinDesk"", ""sentiment"": ""POSITIVE"", ""keywords"": ""ADA|Cardano|hard-forks"", ""id"": 42417945, ""guid"": ""ha93388BwWkPe8xtcTc70X""}]",{}
37,2024-09-27,2024-09-20,0.4023280143737793,0.3521139919757843,0.14260729065673802,U5+,"[{""date"": ""20240901174500"", ""headline"": ""Cardano\u2019s Chang Hard Fork Goes Live, Introducing On-Chain Governance"", ""summary"": ""Cardano, the layer-1 blockchain launched in 2017 by Ethereum co-founder Charles Hoskinson, activated its highly anticipated \u201cChang\u201d upgrade on Sunday, marking the ecosystem's long-planned shift toward..."", ""url"": ""https://coindesk.com/tech/2024/09/01/cardanos-chang-hard-fork-goes-live-introducing-on-chain-governance"", ""source"": ""CoinDesk"", ""sentiment"": ""POSITIVE"", ""keywords"": ""Cardano|Cardano Foundation|Upgrade|Upgrades|hard fork|decentralized governance|Governance|ADA|Charles Hoskinson"", ""id"": 42417305, ""guid"": ""ha93388BwWkPe8xtcTY5BV""}, {""date"": ""20240828070000"", ""headline"": ""Cardano Blockchain Heads for 'Chang Hard Fork,' Biggest Upgrade in Two Years"", ""summary"": ""Cardano, launched in 2017 by Ethereum co-founder Charles Hoskinson, is pushing toward its biggest upgrade in two years, with major changes to the structure of its main network, introducing mechanisms ..."", ""url"": ""https://coindesk.com/tech/2024/08/28/cardano-blockchain-heads-for-chang-hard-fork-biggest-upgrade-in-two-years"", ""source"": ""CoinDesk"", ""sentiment"": ""POSITIVE"", ""keywords"": ""Cardano|Cardano Foundation|hard fork|Upgrade|ADA|Charles Hoskinson"", ""id"": 42390527, ""guid"": ""CpI5Y2Su0uMQDo69bd2du5""}, {""date"": ""20240821035440"", ""headline"": ""Trump Tops Harris on Polymarket; Tron, Cardano in the Green as Bitcoin Sinks"", ""summary"": ""Major altcoins like ETH, Solana's SOL, BNB and XRP, dropped as bitcoin's struggle to move past $60K.\n\nTron's TRX and Cardano's ADA showed gains, with TRX particularly benefiting from increased network..."", ""url"": ""https://coindesk.com/markets/2024/08/21/trump-tops-harris-on-polymarket-tron-cardano-in-green-as-bitcoin-sinks"", ""source"": ""CoinDesk"", ""sentiment"": ""NEUTRAL"", ""keywords"": """", ""id"": 42417403, ""guid"": ""ha93388BwWkPe8xtcTYIcX""}, {""date"": ""20240626021753"", ""headline"": ""Cardano Unfazed by Failed DDoS Attack Targeting Staked ADA"", ""summary"": ""The Cardano blockchain successfully mitigated a DDoS attack that attempted to steal staked tokens, with no significant impact on the network's operation.\n\nThe attack involved transactions executing nu..."", ""url"": ""https://coindesk.com/tech/2024/06/26/cardano-unfazed-by-failed-ddos-attack-targeting-staked-ada"", ""source"": ""CoinDesk"", ""sentiment"": ""POSITIVE"", ""keywords"": ""ADA|Cardano|Exploit"", ""id"": 42407964, ""guid"": ""GJVPKSa3D710Liw1ga8Tcx""}, {""date"": ""20240611051102"", ""headline"": ""Cardano Is on Track for Voltaire Upgrade This Month, Co-Founder Hoskinson Says"", ""summary"": ""Cardano's Voltaire phase, the final stage of its roadmap to create a fully decentralized blockchain ecosystem, is set to occur in June.\n\nThe Cardano Node will reach version 9.0, making it ready for a ..."", ""url"": ""https://coindesk.com/tech/2024/06/11/cardano-is-on-track-for-voltaire-upgrade-this-month-co-founder-hoskinson-says"", ""source"": ""CoinDesk"", ""sentiment"": ""POSITIVE"", ""keywords"": ""ADA|Cardano|hard-forks"", ""id"": 42417945, ""guid"": ""ha93388BwWkPe8xtcTc70X""}]",{}
38,2024-10-04,2024-09-27,0.3513979911804199,0.4023280143737793,-0.1265883094733823,D5+,"[{""date"": ""20240901174500"", ""headline"": ""Cardano\u2019s Chang Hard Fork Goes Live, Introducing On-Chain Governance"", ""summary"": ""Cardano, the layer-1 blockchain launched in 2017 by Ethereum co-founder Charles Hoskinson, activated its highly anticipated \u201cChang\u201d upgrade on Sunday, marking the ecosystem's long-planned shift toward..."", ""url"": ""https://coindesk.com/tech/2024/09/01/cardanos-chang-hard-fork-goes-live-introducing-on-chain-governance"", ""source"": ""CoinDesk"", ""sentiment"": ""POSITIVE"", ""keywords"": ""Cardano|Cardano Foundation|Upgrade|Upgrades|hard fork|decentralized governance|Governance|ADA|Charles Hoskinson"", ""id"": 42417305, ""guid"": ""ha93388BwWkPe8xtcTY5BV""}, {""date"": ""20240828070000"", ""headline"": ""Cardano Blockchain Heads for 'Chang Hard Fork,' Biggest Upgrade in Two Years"", ""summary"": ""Cardano, launched in 2017 by Ethereum co-founder Charles Hoskinson, is pushing toward its biggest upgrade in two years, with major changes to the structure of its main network, introducing mechanisms ..."", ""url"": ""https://coindesk.com/tech/2024/08/28/cardano-blockchain-heads-for-chang-hard-fork-biggest-upgrade-in-two-years"", ""source"": ""CoinDesk"", ""sentiment"": ""POSITIVE"", ""keywords"": ""Cardano|Cardano Foundation|hard fork|Upgrade|ADA|Charles Hoskinson"", ""id"": 42390527, ""guid"": ""CpI5Y2Su0uMQDo69bd2du5""}, {""date"": ""20240821035440"", ""headline"": ""Trump Tops Harris on Polymarket; Tron, Cardano in the Green as Bitcoin Sinks"", ""summary"": ""Major altcoins like ETH, Solana's SOL, BNB and XRP, dropped as bitcoin's struggle to move past $60K.\n\nTron's TRX and Cardano's ADA showed gains, with TRX particularly benefiting from increased network..."", ""url"": ""https://coindesk.com/markets/2024/08/21/trump-tops-harris-on-polymarket-tron-cardano-in-green-as-bitcoin-sinks"", ""source"": ""CoinDesk"", ""sentiment"": ""NEUTRAL"", ""keywords"": """", ""id"": 42417403, ""guid"": ""ha93388BwWkPe8xtcTYIcX""}, {""date"": ""20240626021753"", ""headline"": ""Cardano Unfazed by Failed DDoS Attack Targeting Staked ADA"", ""summary"": ""The Cardano blockchain successfully mitigated a DDoS attack that attempted to steal staked tokens, with no significant impact on the network's operation.\n\nThe attack involved transactions executing nu..."", ""url"": ""https://coindesk.com/tech/2024/06/26/cardano-unfazed-by-failed-ddos-attack-targeting-staked-ada"", ""source"": ""CoinDesk"", ""sentiment"": ""POSITIVE"", ""keywords"": ""ADA|Cardano|Exploit"", ""id"": 42407964, ""guid"": ""GJVPKSa3D710Liw1ga8Tcx""}, {""date"": ""20240611051102"", ""headline"": ""Cardano Is on Track for Voltaire Upgrade This Month, Co-Founder Hoskinson Says"", ""summary"": ""Cardano's Voltaire phase, the final stage of its roadmap to create a fully decentralized blockchain ecosystem, is set to occur in June.\n\nThe Cardano Node will reach version 9.0, making it ready for a ..."", ""url"": ""https://coindesk.com/tech/2024/06/11/cardano-is-on-track-for-voltaire-upgrade-this-month-co-founder-hoskinson-says"", ""source"": ""CoinDesk"", ""sentiment"": ""POSITIVE"", ""keywords"": ""ADA|Cardano|hard-forks"", ""id"": 42417945, ""guid"": ""ha93388BwWkPe8xtcTc70X""}]",{}
39,2024-10-11,2024-10-04,0.35118499398231506,0.3513979911804199,-0.00060614233277019,D1,"[{""date"": ""20240901174500"", ""headline"": ""Cardano\u2019s Chang Hard Fork Goes Live, Introducing On-Chain Governance"", ""summary"": ""Cardano, the layer-1 blockchain launched in 2017 by Ethereum co-founder Charles Hoskinson, activated its highly anticipated \u201cChang\u201d upgrade on Sunday, marking the ecosystem's long-planned shift toward..."", ""url"": ""https://coindesk.com/tech/2024/09/01/cardanos-chang-hard-fork-goes-live-introducing-on-chain-governance"", ""source"": ""CoinDesk"", ""sentiment"": ""POSITIVE"", ""keywords"": ""Cardano|Cardano Foundation|Upgrade|Upgrades|hard fork|decentralized governance|Governance|ADA|Charles Hoskinson"", ""id"": 42417305, ""guid"": ""ha93388BwWkPe8xtcTY5BV""}, {""date"": ""20240828070000"", ""headline"": ""Cardano Blockchain Heads for 'Chang Hard Fork,' Biggest Upgrade in Two Years"", ""summary"": ""Cardano, launched in 2017 by Ethereum co-founder Charles Hoskinson, is pushing toward its biggest upgrade in two years, with major changes to the structure of its main network, introducing mechanisms ..."", ""url"": ""https://coindesk.com/tech/2024/08/28/cardano-blockchain-heads-for-chang-hard-fork-biggest-upgrade-in-two-years"", ""source"": ""CoinDesk"", ""sentiment"": ""POSITIVE"", ""keywords"": ""Cardano|Cardano Foundation|hard fork|Upgrade|ADA|Charles Hoskinson"", ""id"": 42390527, ""guid"": ""CpI5Y2Su0uMQDo69bd2du5""}, {""date"": ""20240821035440"", ""headline"": ""Trump Tops Harris on Polymarket; Tron, Cardano in the Green as Bitcoin Sinks"", ""summary"": ""Major altcoins like ETH, Solana's SOL, BNB and XRP, dropped as bitcoin's struggle to move past $60K.\n\nTron's TRX and Cardano's ADA showed gains, with TRX particularly benefiting from increased network..."", ""url"": ""https://coindesk.com/markets/2024/08/21/trump-tops-harris-on-polymarket-tron-cardano-in-green-as-bitcoin-sinks"", ""source"": ""CoinDesk"", ""sentiment"": ""NEUTRAL"", ""keywords"": """", ""id"": 42417403, ""guid"": ""ha93388BwWkPe8xtcTYIcX""}, {""date"": ""20240626021753"", ""headline"": ""Cardano Unfazed by Failed DDoS Attack Targeting Staked ADA"", ""summary"": ""The Cardano blockchain successfully mitigated a DDoS attack that attempted to steal staked tokens, with no significant impact on the network's operation.\n\nThe attack involved transactions executing nu..."", ""url"": ""https://coindesk.com/tech/2024/06/26/cardano-unfazed-by-failed-ddos-attack-targeting-staked-ada"", ""source"": ""CoinDesk"", ""sentiment"": ""POSITIVE"", ""keywords"": ""ADA|Cardano|Exploit"", ""id"": 42407964, ""guid"": ""GJVPKSa3D710Liw1ga8Tcx""}, {""date"": ""20240611051102"", ""headline"": ""Cardano Is on Track for Voltaire Upgrade This Month, Co-Founder Hoskinson Says"", ""summary"": ""Cardano's Voltaire phase, the final stage of its roadmap to create a fully decentralized blockchain ecosystem, is set to occur in June.\n\nThe Cardano Node will reach version 9.0, making it ready for a ..."", ""url"": ""https://coindesk.com/tech/2024/06/11/cardano-is-on-track-for-voltaire-upgrade-this-month-co-founder-hoskinson-says"", ""source"": ""CoinDesk"", ""sentiment"": ""POSITIVE"", ""keywords"": ""ADA|Cardano|hard-forks"", ""id"": 42417945, ""guid"": ""ha93388BwWkPe8xtcTc70X""}]",{}
40,2024-10-18,2024-10-11,0.3507100045681,0.35118499398231506,-0.001352533343833613,D1,"[{""date"": ""20240901174500"", ""headline"": ""Cardano\u2019s Chang Hard Fork Goes Live, Introducing On-Chain Governance"", ""summary"": ""Cardano, the layer-1 blockchain launched in 2017 by Ethereum co-founder Charles Hoskinson, activated its highly anticipated \u201cChang\u201d upgrade on Sunday, marking the ecosystem's long-planned shift toward..."", ""url"": ""https://coindesk.com/tech/2024/09/01/cardanos-chang-hard-fork-goes-live-introducing-on-chain-governance"", ""source"": ""CoinDesk"", ""sentiment"": ""POSITIVE"", ""keywords"": ""Cardano|Cardano Foundation|Upgrade|Upgrades|hard fork|decentralized governance|Governance|ADA|Charles Hoskinson"", ""id"": 42417305, ""guid"": ""ha93388BwWkPe8xtcTY5BV""}, {""date"": ""20240828070000"", ""headline"": ""Cardano Blockchain Heads for 'Chang Hard Fork,' Biggest Upgrade in Two Years"", ""summary"": ""Cardano, launched in 2017 by Ethereum co-founder Charles Hoskinson, is pushing toward its biggest upgrade in two years, with major changes to the structure of its main network, introducing mechanisms ..."", ""url"": ""https://coindesk.com/tech/2024/08/28/cardano-blockchain-heads-for-chang-hard-fork-biggest-upgrade-in-two-years"", ""source"": ""CoinDesk"", ""sentiment"": ""POSITIVE"", ""keywords"": ""Cardano|Cardano Foundation|hard fork|Upgrade|ADA|Charles Hoskinson"", ""id"": 42390527, ""guid"": ""CpI5Y2Su0uMQDo69bd2du5""}, {""date"": ""20240821035440"", ""headline"": ""Trump Tops Harris on Polymarket; Tron, Cardano in the Green as Bitcoin Sinks"", ""summary"": ""Major altcoins like ETH, Solana's SOL, BNB and XRP, dropped as bitcoin's struggle to move past $60K.\n\nTron's TRX and Cardano's ADA showed gains, with TRX particularly benefiting from increased network..."", ""url"": ""https://coindesk.com/markets/2024/08/21/trump-tops-harris-on-polymarket-tron-cardano-in-green-as-bitcoin-sinks"", ""source"": ""CoinDesk"", ""sentiment"": ""NEUTRAL"", ""keywords"": """", ""id"": 42417403, ""guid"": ""ha93388BwWkPe8xtcTYIcX""}, {""date"": ""20240626021753"", ""headline"": ""Cardano Unfazed by Failed DDoS Attack Targeting Staked ADA"", ""summary"": ""The Cardano blockchain successfully mitigated a DDoS attack that attempted to steal staked tokens, with no significant impact on the network's operation.\n\nThe attack involved transactions executing nu..."", ""url"": ""https://coindesk.com/tech/2024/06/26/cardano-unfazed-by-failed-ddos-attack-targeting-staked-ada"", ""source"": ""CoinDesk"", ""sentiment"": ""POSITIVE"", ""keywords"": ""ADA|Cardano|Exploit"", ""id"": 42407964, ""guid"": ""GJVPKSa3D710Liw1ga8Tcx""}, {""date"": ""20240611051102"", ""headline"": ""Cardano Is on Track for Voltaire Upgrade This Month, Co-Founder Hoskinson Says"", ""summary"": ""Cardano's Voltaire phase, the final stage of its roadmap to create a fully decentralized blockchain ecosystem, is set to occur in June.\n\nThe Cardano Node will reach version 9.0, making it ready for a ..."", ""url"": ""https://coindesk.com/tech/2024/06/11/cardano-is-on-track-for-voltaire-upgrade-this-month-co-founder-hoskinson-says"", ""source"": ""CoinDesk"", ""sentiment"": ""POSITIVE"", ""keywords"": ""ADA|Cardano|hard-forks"", ""id"": 42417945, ""guid"": ""ha93388BwWkPe8xtcTc70X""}]",{}
41,2024-10-25,2024-10-18,0.3244119882583618,0.3507100045681,-0.07498507589518073,D5+,"[{""date"": ""20241026090000"", ""headline"": ""From Smuggling Gold Out of Africa to Bridging Bitcoin and Cardano"", ""summary"": ""From ages 9 to 11, Edan Yago smuggled gold, hidden in his clothes by his mother, out of South Africa.\n\nThe apartheid government had instituted capital controls to stabilize the rand amid international..."", ""url"": ""https://coindesk.com/policy/2024/10/26/from-smuggling-gold-out-of-africa-to-bridging-bitcoin-and-cardano"", ""source"": ""CoinDesk"", ""sentiment"": ""POSITIVE"", ""keywords"": ""Regulations|edan yago|Crypto|South Africa|Israel|Bitcoin|Zero-Knowledge Proofs|Cardano"", ""id"": 42373489, ""guid"": ""0XGGWk56kaPxudnYllmgqn""}, {""date"": ""20241025034738"", ""headline"": ""Bitcoin Liquidity Could Flow to Cardano Ecosystem With New BTC Bridge"", ""summary"": ""Bitcoin rollup protocol BitcoinOS said its Grail bridge was going live for the Cardano network on Thursday, opening the floodgates for capital from Bitcoin flowing into the Cardano ecosystem.\n\nEMURGO,..."", ""url"": ""https://coindesk.com/markets/2024/10/25/bitcoin-liquidity-could-flow-to-cardano-ecosystem-with-new-btc-bridge"", ""source"": ""CoinDesk"", ""sentiment"": ""POSITIVE"", ""keywords"": ""Cardano|ADA"", ""id"": 42373411, ""guid"": ""0QIBFkzmrXAdmecZt58888""}, {""date"": ""20240901174500"", ""headline"": ""Cardano\u2019s Chang Hard Fork Goes Live, Introducing On-Chain Governance"", ""summary"": ""Cardano, the layer-1 blockchain launched in 2017 by Ethereum co-founder Charles Hoskinson, activated its highly anticipated \u201cChang\u201d upgrade on Sunday, marking the ecosystem's long-planned shift toward..."", ""url"": ""https://coindesk.com/tech/2024/09/01/cardanos-chang-hard-fork-goes-live-introducing-on-chain-governance"", ""source"": ""CoinDesk"", ""sentiment"": ""POSITIVE"", ""keywords"": ""Cardano|Cardano Foundation|Upgrade|Upgrades|hard fork|decentralized governance|Governance|ADA|Charles Hoskinson"", ""id"": 42417305, ""guid"": ""ha93388BwWkPe8xtcTY5BV""}, {""date"": ""20240828070000"", ""headline"": ""Cardano Blockchain Heads for 'Chang Hard Fork,' Biggest Upgrade in Two Years"", ""summary"": ""Cardano, launched in 2017 by Ethereum co-founder Charles Hoskinson, is pushing toward its biggest upgrade in two years, with major changes to the structure of its main network, introducing mechanisms ..."", ""url"": ""https://coindesk.com/tech/2024/08/28/cardano-blockchain-heads-for-chang-hard-fork-biggest-upgrade-in-two-years"", ""source"": ""CoinDesk"", ""sentiment"": ""POSITIVE"", ""keywords"": ""Cardano|Cardano Foundation|hard fork|Upgrade|ADA|Charles Hoskinson"", ""id"": 42390527, ""guid"": ""CpI5Y2Su0uMQDo69bd2du5""}, {""date"": ""20240821035440"", ""headline"": ""Trump Tops Harris on Polymarket; Tron, Cardano in the Green as Bitcoin Sinks"", ""summary"": ""Major altcoins like ETH, Solana's SOL, BNB and XRP, dropped as bitcoin's struggle to move past $60K.\n\nTron's TRX and Cardano's ADA showed gains, with TRX particularly benefiting from increased network..."", ""url"": ""https://coindesk.com/markets/2024/08/21/trump-tops-harris-on-polymarket-tron-cardano-in-green-as-bitcoin-sinks"", ""source"": ""CoinDesk"", ""sentiment"": ""NEUTRAL"", ""keywords"": """", ""id"": 42417403, ""guid"": ""ha93388BwWkPe8xtcTYIcX""}]",{}
42,2024-11-01,2024-10-25,0.3570899963378906,0.3244119882583618,0.10072996455822722,U5+,"[{""date"": ""20241026090000"", ""headline"": ""From Smuggling Gold Out of Africa to Bridging Bitcoin and Cardano"", ""summary"": ""From ages 9 to 11, Edan Yago smuggled gold, hidden in his clothes by his mother, out of South Africa.\n\nThe apartheid government had instituted capital controls to stabilize the rand amid international..."", ""url"": ""https://coindesk.com/policy/2024/10/26/from-smuggling-gold-out-of-africa-to-bridging-bitcoin-and-cardano"", ""source"": ""CoinDesk"", ""sentiment"": ""POSITIVE"", ""keywords"": ""Regulations|edan yago|Crypto|South Africa|Israel|Bitcoin|Zero-Knowledge Proofs|Cardano"", ""id"": 42373489, ""guid"": ""0XGGWk56kaPxudnYllmgqn""}, {""date"": ""20241025034738"", ""headline"": ""Bitcoin Liquidity Could Flow to Cardano Ecosystem With New BTC Bridge"", ""summary"": ""Bitcoin rollup protocol BitcoinOS said its Grail bridge was going live for the Cardano network on Thursday, opening the floodgates for capital from Bitcoin flowing into the Cardano ecosystem.\n\nEMURGO,..."", ""url"": ""https://coindesk.com/markets/2024/10/25/bitcoin-liquidity-could-flow-to-cardano-ecosystem-with-new-btc-bridge"", ""source"": ""CoinDesk"", ""sentiment"": ""POSITIVE"", ""keywords"": ""Cardano|ADA"", ""id"": 42373411, ""guid"": ""0QIBFkzmrXAdmecZt58888""}]",{}
43,2024-11-08,2024-11-01,0.4438149929046631,0.3570899963378906,0.24286593703596876,U5+,"[{""date"": ""20241110052948"", ""headline"": ""Cardano\u2019s ADA Rockets 35% as Hoskinson Says He\u2019s Helping U.S. Crypto Policy"", ""summary"": ""Cardano\u2019s ADA tokens surged 33% in the past 24 hours, outperforming bitcoin and other majors, as founder Charles Hoskinson revealed plans to help shape U.S. crypto policy under the Trump administratio..."", ""url"": ""https://coindesk.com/markets/2024/11/10/cardanos-ada-rockets-35-as-hoskinson-says-hes-helping-us-crypto-policy"", ""source"": ""CoinDesk"", ""sentiment"": ""POSITIVE"", ""keywords"": ""Trading|Markets"", ""id"": 42435167, ""guid"": ""vcdRFSInNZZ7jTkxATLIej""}, {""date"": ""20241108071351"", ""headline"": ""Cardano Pumps 16%, Bitcoin Could Pop to $100K After Fed Rate Cut"", ""summary"": ""Cardano's ADA has surged 16% in the past 24 hours, driven by marketwide increases, renewed interest in decentralized finance and growing appeal to retail investors.\n\nBitcoin has traders eyeing $100,00..."", ""url"": ""https://coindesk.com/markets/2024/11/08/cardano-pumps-16-bitcoin-could-pop-to-100k-after-fed-rate-cut"", ""source"": ""CoinDesk"", ""sentiment"": ""POSITIVE"", ""keywords"": ""Trading|Bitcoin|Markets|Market Wrap"", ""id"": 42435183, ""guid"": ""vcdRFSInNZZ7jTkxATLRJP""}, {""date"": ""20241026090000"", ""headline"": ""From Smuggling Gold Out of Africa to Bridging Bitcoin and Cardano"", ""summary"": ""From ages 9 to 11, Edan Yago smuggled gold, hidden in his clothes by his mother, out of South Africa.\n\nThe apartheid government had instituted capital controls to stabilize the rand amid international..."", ""url"": ""https://coindesk.com/policy/2024/10/26/from-smuggling-gold-out-of-africa-to-bridging-bitcoin-and-cardano"", ""source"": ""CoinDesk"", ""sentiment"": ""POSITIVE"", ""keywords"": ""Regulations|edan yago|Crypto|South Africa|Israel|Bitcoin|Zero-Knowledge Proofs|Cardano"", ""id"": 42373489, ""guid"": ""0XGGWk56kaPxudnYllmgqn""}, {""date"": ""20241025034738"", ""headline"": ""Bitcoin Liquidity Could Flow to Cardano Ecosystem With New BTC Bridge"", ""summary"": ""Bitcoin rollup protocol BitcoinOS said its Grail bridge was going live for the Cardano network on Thursday, opening the floodgates for capital from Bitcoin flowing into the Cardano ecosystem.\n\nEMURGO,..."", ""url"": ""https://coindesk.com/markets/2024/10/25/bitcoin-liquidity-could-flow-to-cardano-ecosystem-with-new-btc-bridge"", ""source"": ""CoinDesk"", ""sentiment"": ""POSITIVE"", ""keywords"": ""Cardano|ADA"", ""id"": 42373411, ""guid"": ""0QIBFkzmrXAdmecZt58888""}, {""date"": ""20240901174500"", ""headline"": ""Cardano\u2019s Chang Hard Fork Goes Live, Introducing On-Chain Governance"", ""summary"": ""Cardano, the layer-1 blockchain launched in 2017 by Ethereum co-founder Charles Hoskinson, activated its highly anticipated \u201cChang\u201d upgrade on Sunday, marking the ecosystem's long-planned shift toward..."", ""url"": ""https://coindesk.com/tech/2024/09/01/cardanos-chang-hard-fork-goes-live-introducing-on-chain-governance"", ""source"": ""CoinDesk"", ""sentiment"": ""POSITIVE"", ""keywords"": ""Cardano|Cardano Foundation|Upgrade|Upgrades|hard fork|decentralized governance|Governance|ADA|Charles Hoskinson"", ""id"": 42417305, ""guid"": ""ha93388BwWkPe8xtcTY5BV""}]",{}
44,2024-11-15,2024-11-08,0.6740599870681763,0.4438149929046631,0.5187859757882777,U5+,"[{""date"": ""20241113065058"", ""headline"": ""Cardano Foundation Spent $23.7M in 2023: Financial Insights Report"", ""summary"": ""Cardano Foundation spent $23.7 million across four areas in 2023.\n\nAs of Dec. 31, 2023, the Cardano Foundation had $478.24 million worth of assets, with 82.5% of that in ADA, 10.1% in BTC and the rema..."", ""url"": ""https://coindesk.com/business/2024/11/13/cardano-foundation-spent-237m-in-2023-financial-insights-report"", ""source"": ""CoinDesk"", ""sentiment"": ""NEUTRAL"", ""keywords"": ""Cardano|Cardano Foundation|altcoin"", ""id"": 42435387, ""guid"": ""xYK0rIu5vMPYEKIa4kpAlW""}, {""date"": ""20241110052948"", ""headline"": ""Cardano\u2019s ADA Rockets 35% as Hoskinson Says He\u2019s Helping U.S. Crypto Policy"", ""summary"": ""Cardano\u2019s ADA tokens surged 33% in the past 24 hours, outperforming bitcoin and other majors, as founder Charles Hoskinson revealed plans to help shape U.S. crypto policy under the Trump administratio..."", ""url"": ""https://coindesk.com/markets/2024/11/10/cardanos-ada-rockets-35-as-hoskinson-says-hes-helping-us-crypto-policy"", ""source"": ""CoinDesk"", ""sentiment"": ""POSITIVE"", ""keywords"": ""Trading|Markets"", ""id"": 42435167, ""guid"": ""vcdRFSInNZZ7jTkxATLIej""}, {""date"": ""20241108071351"", ""headline"": ""Cardano Pumps 16%, Bitcoin Could Pop to $100K After Fed Rate Cut"", ""summary"": ""Cardano's ADA has surged 16% in the past 24 hours, driven by marketwide increases, renewed interest in decentralized finance and growing appeal to retail investors.\n\nBitcoin has traders eyeing $100,00..."", ""url"": ""https://coindesk.com/markets/2024/11/08/cardano-pumps-16-bitcoin-could-pop-to-100k-after-fed-rate-cut"", ""source"": ""CoinDesk"", ""sentiment"": ""POSITIVE"", ""keywords"": ""Trading|Bitcoin|Markets|Market Wrap"", ""id"": 42435183, ""guid"": ""vcdRFSInNZZ7jTkxATLRJP""}]",{}
45,2024-11-22,2024-11-15,1.010422945022583,0.6740599870681763,0.49901042104192733,U5+,"[{""date"": ""20241122034332"", ""headline"": ""Cardano's ADA Leaps to 2.5-Year High of 90 Cents as Whale Holdings Exceed $12B"", ""summary"": ""Cardano's ADA hit the highest level since May 2022.\n\nOn-chain activity shows large traders are participating in the price rally.\n\nAs bitcoin {{BTC}} gets closer to the $100,000 mark for the first time..."", ""url"": ""https://coindesk.com/markets/2024/11/22/cardanos-ada-leaps-to-25-year-high-of-90-cents-as-whale-holdings-exceed-12b"", ""source"": ""CoinDesk"", ""sentiment"": ""POSITIVE"", ""keywords"": ""Cardano|ADA|Whales|Markets"", ""id"": 42435258, ""guid"": ""xYK0rIu5vMPYEKIa4kooss""}, {""date"": ""20241113065058"", ""headline"": ""Cardano Foundation Spent $23.7M in 2023: Financial Insights Report"", ""summary"": ""Cardano Foundation spent $23.7 million across four areas in 2023.\n\nAs of Dec. 31, 2023, the Cardano Foundation had $478.24 million worth of assets, with 82.5% of that in ADA, 10.1% in BTC and the rema..."", ""url"": ""https://coindesk.com/business/2024/11/13/cardano-foundation-spent-237m-in-2023-financial-insights-report"", ""source"": ""CoinDesk"", ""sentiment"": ""NEUTRAL"", ""keywords"": ""Cardano|Cardano Foundation|altcoin"", ""id"": 42435387, ""guid"": ""xYK0rIu5vMPYEKIa4kpAlW""}, {""date"": ""20241110052948"", ""headline"": ""Cardano\u2019s ADA Rockets 35% as Hoskinson Says He\u2019s Helping U.S. Crypto Policy"", ""summary"": ""Cardano\u2019s ADA tokens surged 33% in the past 24 hours, outperforming bitcoin and other majors, as founder Charles Hoskinson revealed plans to help shape U.S. crypto policy under the Trump administratio..."", ""url"": ""https://coindesk.com/markets/2024/11/10/cardanos-ada-rockets-35-as-hoskinson-says-hes-helping-us-crypto-policy"", ""source"": ""CoinDesk"", ""sentiment"": ""POSITIVE"", ""keywords"": ""Trading|Markets"", ""id"": 42435167, ""guid"": ""vcdRFSInNZZ7jTkxATLIej""}, {""date"": ""20241108071351"", ""headline"": ""Cardano Pumps 16%, Bitcoin Could Pop to $100K After Fed Rate Cut"", ""summary"": ""Cardano's ADA has surged 16% in the past 24 hours, driven by marketwide increases, renewed interest in decentralized finance and growing appeal to retail investors.\n\nBitcoin has traders eyeing $100,00..."", ""url"": ""https://coindesk.com/markets/2024/11/08/cardano-pumps-16-bitcoin-could-pop-to-100k-after-fed-rate-cut"", ""source"": ""CoinDesk"", ""sentiment"": ""POSITIVE"", ""keywords"": ""Trading|Bitcoin|Markets|Market Wrap"", ""id"": 42435183, ""guid"": ""vcdRFSInNZZ7jTkxATLRJP""}, {""date"": ""20241026090000"", ""headline"": ""From Smuggling Gold Out of Africa to Bridging Bitcoin and Cardano"", ""summary"": ""From ages 9 to 11, Edan Yago smuggled gold, hidden in his clothes by his mother, out of South Africa.\n\nThe apartheid government had instituted capital controls to stabilize the rand amid international..."", ""url"": ""https://coindesk.com/policy/2024/10/26/from-smuggling-gold-out-of-africa-to-bridging-bitcoin-and-cardano"", ""source"": ""CoinDesk"", ""sentiment"": ""POSITIVE"", ""keywords"": ""Regulations|edan yago|Crypto|South Africa|Israel|Bitcoin|Zero-Knowledge Proofs|Cardano"", ""id"": 42373489, ""guid"": ""0XGGWk56kaPxudnYllmgqn""}]",{}
46,2024-11-29,2024-11-22,1.0768580436706543,1.010422945022583,0.0657497921789439,U5+,"[{""date"": ""20241122034332"", ""headline"": ""Cardano's ADA Leaps to 2.5-Year High of 90 Cents as Whale Holdings Exceed $12B"", ""summary"": ""Cardano's ADA hit the highest level since May 2022.\n\nOn-chain activity shows large traders are participating in the price rally.\n\nAs bitcoin {{BTC}} gets closer to the $100,000 mark for the first time..."", ""url"": ""https://coindesk.com/markets/2024/11/22/cardanos-ada-leaps-to-25-year-high-of-90-cents-as-whale-holdings-exceed-12b"", ""source"": ""CoinDesk"", ""sentiment"": ""POSITIVE"", ""keywords"": ""Cardano|ADA|Whales|Markets"", ""id"": 42435258, ""guid"": ""xYK0rIu5vMPYEKIa4kooss""}]",{}
47,2024-12-06,2024-11-29,1.2311069965362549,1.0768580436706543,0.14323982048721734,U5+,"[{""date"": ""20241122034332"", ""headline"": ""Cardano's ADA Leaps to 2.5-Year High of 90 Cents as Whale Holdings Exceed $12B"", ""summary"": ""Cardano's ADA hit the highest level since May 2022.\n\nOn-chain activity shows large traders are participating in the price rally.\n\nAs bitcoin {{BTC}} gets closer to the $100,000 mark for the first time..."", ""url"": ""https://coindesk.com/markets/2024/11/22/cardanos-ada-leaps-to-25-year-high-of-90-cents-as-whale-holdings-exceed-12b"", ""source"": ""CoinDesk"", ""sentiment"": ""POSITIVE"", ""keywords"": ""Cardano|ADA|Whales|Markets"", ""id"": 42435258, ""guid"": ""xYK0rIu5vMPYEKIa4kooss""}, {""date"": ""20241113065058"", ""headline"": ""Cardano Foundation Spent $23.7M in 2023: Financial Insights Report"", ""summary"": ""Cardano Foundation spent $23.7 million across four areas in 2023.\n\nAs of Dec. 31, 2023, the Cardano Foundation had $478.24 million worth of assets, with 82.5% of that in ADA, 10.1% in BTC and the rema..."", ""url"": ""https://coindesk.com/business/2024/11/13/cardano-foundation-spent-237m-in-2023-financial-insights-report"", ""source"": ""CoinDesk"", ""sentiment"": ""NEUTRAL"", ""keywords"": ""Cardano|Cardano Foundation|altcoin"", ""id"": 42435387, ""guid"": ""xYK0rIu5vMPYEKIa4kpAlW""}, {""date"": ""20241110052948"", ""headline"": ""Cardano\u2019s ADA Rockets 35% as Hoskinson Says He\u2019s Helping U.S. Crypto Policy"", ""summary"": ""Cardano\u2019s ADA tokens surged 33% in the past 24 hours, outperforming bitcoin and other majors, as founder Charles Hoskinson revealed plans to help shape U.S. crypto policy under the Trump administratio..."", ""url"": ""https://coindesk.com/markets/2024/11/10/cardanos-ada-rockets-35-as-hoskinson-says-hes-helping-us-crypto-policy"", ""source"": ""CoinDesk"", ""sentiment"": ""POSITIVE"", ""keywords"": ""Trading|Markets"", ""id"": 42435167, ""guid"": ""vcdRFSInNZZ7jTkxATLIej""}, {""date"": ""20241108071351"", ""headline"": ""Cardano Pumps 16%, Bitcoin Could Pop to $100K After Fed Rate Cut"", ""summary"": ""Cardano's ADA has surged 16% in the past 24 hours, driven by marketwide increases, renewed interest in decentralized finance and growing appeal to retail investors.\n\nBitcoin has traders eyeing $100,00..."", ""url"": ""https://coindesk.com/markets/2024/11/08/cardano-pumps-16-bitcoin-could-pop-to-100k-after-fed-rate-cut"", ""source"": ""CoinDesk"", ""sentiment"": ""POSITIVE"", ""keywords"": ""Trading|Bitcoin|Markets|Market Wrap"", ""id"": 42435183, ""guid"": ""vcdRFSInNZZ7jTkxATLRJP""}, {""date"": ""20241026090000"", ""headline"": ""From Smuggling Gold Out of Africa to Bridging Bitcoin and Cardano"", ""summary"": ""From ages 9 to 11, Edan Yago smuggled gold, hidden in his clothes by his mother, out of South Africa.\n\nThe apartheid government had instituted capital controls to stabilize the rand amid international..."", ""url"": ""https://coindesk.com/policy/2024/10/26/from-smuggling-gold-out-of-africa-to-bridging-bitcoin-and-cardano"", ""source"": ""CoinDesk"", ""sentiment"": ""POSITIVE"", ""keywords"": ""Regulations|edan yago|Crypto|South Africa|Israel|Bitcoin|Zero-Knowledge Proofs|Cardano"", ""id"": 42373489, ""guid"": ""0XGGWk56kaPxudnYllmgqn""}]",{}
48,2024-12-13,2024-12-06,1.1196019649505615,1.2311069965362549,-0.09057298179558324,D5+,"[{""date"": ""20241209065043"", ""headline"": ""Cardano, XRP Lead Losses Among Majors as Market Slide Liquidates $300M Bullish Bets"", ""summary"": ""Crypto markets started the week in the red as bitcoin (BTC) slumped during the European morning hours after having briefly crossed the $100,000 level.\n\nBTC fell 2% from its six-figure landmark causing..."", ""url"": ""https://coindesk.com/markets/2024/12/09/cardano-xrp-lead-losses-among-majors-as-market-slide-liquidates-300-m-bullish-bets"", ""source"": ""CoinDesk"", ""sentiment"": ""NEGATIVE"", ""keywords"": """", ""id"": 42389882, ""guid"": ""872480d2-9812-4472-b9b1-664c86680866""}]",{}
49,2024-12-20,2024-12-13,0.9510110020637512,1.1196019649505615,-0.1505811602378304,D5+,"[{""date"": ""20241209065043"", ""headline"": ""Cardano, XRP Lead Losses Among Majors as Market Slide Liquidates $300M Bullish Bets"", ""summary"": ""Crypto markets started the week in the red as bitcoin (BTC) slumped during the European morning hours after having briefly crossed the $100,000 level.\n\nBTC fell 2% from its six-figure landmark causing..."", ""url"": ""https://coindesk.com/markets/2024/12/09/cardano-xrp-lead-losses-among-majors-as-market-slide-liquidates-300-m-bullish-bets"", ""source"": ""CoinDesk"", ""sentiment"": ""NEGATIVE"", ""keywords"": """", ""id"": 42389882, ""guid"": ""872480d2-9812-4472-b9b1-664c86680866""}, {""date"": ""20241122034332"", ""headline"": ""Cardano's ADA Leaps to 2.5-Year High of 90 Cents as Whale Holdings Exceed $12B"", ""summary"": ""Cardano's ADA hit the highest level since May 2022.\n\nOn-chain activity shows large traders are participating in the price rally.\n\nAs bitcoin {{BTC}} gets closer to the $100,000 mark for the first time..."", ""url"": ""https://coindesk.com/markets/2024/11/22/cardanos-ada-leaps-to-25-year-high-of-90-cents-as-whale-holdings-exceed-12b"", ""source"": ""CoinDesk"", ""sentiment"": ""POSITIVE"", ""keywords"": ""Cardano|ADA|Whales|Markets"", ""id"": 42435258, ""guid"": ""xYK0rIu5vMPYEKIa4kooss""}, {""date"": ""20241113065058"", ""headline"": ""Cardano Foundation Spent $23.7M in 2023: Financial Insights Report"", ""summary"": ""Cardano Foundation spent $23.7 million across four areas in 2023.\n\nAs of Dec. 31, 2023, the Cardano Foundation had $478.24 million worth of assets, with 82.5% of that in ADA, 10.1% in BTC and the rema..."", ""url"": ""https://coindesk.com/business/2024/11/13/cardano-foundation-spent-237m-in-2023-financial-insights-report"", ""source"": ""CoinDesk"", ""sentiment"": ""NEUTRAL"", ""keywords"": ""Cardano|Cardano Foundation|altcoin"", ""id"": 42435387, ""guid"": ""xYK0rIu5vMPYEKIa4kpAlW""}, {""date"": ""20241110052948"", ""headline"": ""Cardano\u2019s ADA Rockets 35% as Hoskinson Says He\u2019s Helping U.S. Crypto Policy"", ""summary"": ""Cardano\u2019s ADA tokens surged 33% in the past 24 hours, outperforming bitcoin and other majors, as founder Charles Hoskinson revealed plans to help shape U.S. crypto policy under the Trump administratio..."", ""url"": ""https://coindesk.com/markets/2024/11/10/cardanos-ada-rockets-35-as-hoskinson-says-hes-helping-us-crypto-policy"", ""source"": ""CoinDesk"", ""sentiment"": ""POSITIVE"", ""keywords"": ""Trading|Markets"", ""id"": 42435167, ""guid"": ""vcdRFSInNZZ7jTkxATLIej""}, {""date"": ""20241108071351"", ""headline"": ""Cardano Pumps 16%, Bitcoin Could Pop to $100K After Fed Rate Cut"", ""summary"": ""Cardano's ADA has surged 16% in the past 24 hours, driven by marketwide increases, renewed interest in decentralized finance and growing appeal to retail investors.\n\nBitcoin has traders eyeing $100,00..."", ""url"": ""https://coindesk.com/markets/2024/11/08/cardano-pumps-16-bitcoin-could-pop-to-100k-after-fed-rate-cut"", ""source"": ""CoinDesk"", ""sentiment"": ""POSITIVE"", ""keywords"": ""Trading|Bitcoin|Markets|Market Wrap"", ""id"": 42435183, ""guid"": ""vcdRFSInNZZ7jTkxATLRJP""}]",{}
50,2024-12-27,2024-12-20,0.8747680187225342,0.9510110020637512,-0.0801704535234242,D5+,"[{""date"": ""20241209065043"", ""headline"": ""Cardano, XRP Lead Losses Among Majors as Market Slide Liquidates $300M Bullish Bets"", ""summary"": ""Crypto markets started the week in the red as bitcoin (BTC) slumped during the European morning hours after having briefly crossed the $100,000 level.\n\nBTC fell 2% from its six-figure landmark causing..."", ""url"": ""https://coindesk.com/markets/2024/12/09/cardano-xrp-lead-losses-among-majors-as-market-slide-liquidates-300-m-bullish-bets"", ""source"": ""CoinDesk"", ""sentiment"": ""NEGATIVE"", ""keywords"": """", ""id"": 42389882, ""guid"": ""872480d2-9812-4472-b9b1-664c86680866""}, {""date"": ""20241122034332"", ""headline"": ""Cardano's ADA Leaps to 2.5-Year High of 90 Cents as Whale Holdings Exceed $12B"", ""summary"": ""Cardano's ADA hit the highest level since May 2022.\n\nOn-chain activity shows large traders are participating in the price rally.\n\nAs bitcoin {{BTC}} gets closer to the $100,000 mark for the first time..."", ""url"": ""https://coindesk.com/markets/2024/11/22/cardanos-ada-leaps-to-25-year-high-of-90-cents-as-whale-holdings-exceed-12b"", ""source"": ""CoinDesk"", ""sentiment"": ""POSITIVE"", ""keywords"": ""Cardano|ADA|Whales|Markets"", ""id"": 42435258, ""guid"": ""xYK0rIu5vMPYEKIa4kooss""}, {""date"": ""20241113065058"", ""headline"": ""Cardano Foundation Spent $23.7M in 2023: Financial Insights Report"", ""summary"": ""Cardano Foundation spent $23.7 million across four areas in 2023.\n\nAs of Dec. 31, 2023, the Cardano Foundation had $478.24 million worth of assets, with 82.5% of that in ADA, 10.1% in BTC and the rema..."", ""url"": ""https://coindesk.com/business/2024/11/13/cardano-foundation-spent-237m-in-2023-financial-insights-report"", ""source"": ""CoinDesk"", ""sentiment"": ""NEUTRAL"", ""keywords"": ""Cardano|Cardano Foundation|altcoin"", ""id"": 42435387, ""guid"": ""xYK0rIu5vMPYEKIa4kpAlW""}, {""date"": ""20241110052948"", ""headline"": ""Cardano\u2019s ADA Rockets 35% as Hoskinson Says He\u2019s Helping U.S. Crypto Policy"", ""summary"": ""Cardano\u2019s ADA tokens surged 33% in the past 24 hours, outperforming bitcoin and other majors, as founder Charles Hoskinson revealed plans to help shape U.S. crypto policy under the Trump administratio..."", ""url"": ""https://coindesk.com/markets/2024/11/10/cardanos-ada-rockets-35-as-hoskinson-says-hes-helping-us-crypto-policy"", ""source"": ""CoinDesk"", ""sentiment"": ""POSITIVE"", ""keywords"": ""Trading|Markets"", ""id"": 42435167, ""guid"": ""vcdRFSInNZZ7jTkxATLIej""}, {""date"": ""20241108071351"", ""headline"": ""Cardano Pumps 16%, Bitcoin Could Pop to $100K After Fed Rate Cut"", ""summary"": ""Cardano's ADA has surged 16% in the past 24 hours, driven by marketwide increases, renewed interest in decentralized finance and growing appeal to retail investors.\n\nBitcoin has traders eyeing $100,00..."", ""url"": ""https://coindesk.com/markets/2024/11/08/cardano-pumps-16-bitcoin-could-pop-to-100k-after-fed-rate-cut"", ""source"": ""CoinDesk"", ""sentiment"": ""POSITIVE"", ""keywords"": ""Trading|Bitcoin|Markets|Market Wrap"", ""id"": 42435183, ""guid"": ""vcdRFSInNZZ7jTkxATLRJP""}]",{}
51,2025-01-03,2024-12-27,0.8437650203704834,0.8747680187225342,-0.03544139439085342,D4,"[{""date"": ""20250103040433"", ""headline"": ""Cardano\u2019s ADA Zooms Above $1 as Bitcoin Remains Rangebound"", ""summary"": ""Programmable blockchain Cardano\u2019s ADA token jumped 12% in the past 24 hours to lead gains among crypto majors, with rangebound trading in bitcoin (BTC) influencing the broader market.\n\nADA crossed $1,..."", ""url"": ""https://coindesk.com/markets/2025/01/03/cardano-s-ada-zooms-above-1-as-bitcoin-remains-rangebound"", ""source"": ""CoinDesk"", ""sentiment"": ""POSITIVE"", ""keywords"": """", ""id"": 42415949, ""guid"": ""b5525461-626d-4762-a70d-a1c3bed4bd6b""}, {""date"": ""20241209065043"", ""headline"": ""Cardano, XRP Lead Losses Among Majors as Market Slide Liquidates $300M Bullish Bets"", ""summary"": ""Crypto markets started the week in the red as bitcoin (BTC) slumped during the European morning hours after having briefly crossed the $100,000 level.\n\nBTC fell 2% from its six-figure landmark causing..."", ""url"": ""https://coindesk.com/markets/2024/12/09/cardano-xrp-lead-losses-among-majors-as-market-slide-liquidates-300-m-bullish-bets"", ""source"": ""CoinDesk"", ""sentiment"": ""NEGATIVE"", ""keywords"": """", ""id"": 42389882, ""guid"": ""872480d2-9812-4472-b9b1-664c86680866""}, {""date"": ""20241122034332"", ""headline"": ""Cardano's ADA Leaps to 2.5-Year High of 90 Cents as Whale Holdings Exceed $12B"", ""summary"": ""Cardano's ADA hit the highest level since May 2022.\n\nOn-chain activity shows large traders are participating in the price rally.\n\nAs bitcoin {{BTC}} gets closer to the $100,000 mark for the first time..."", ""url"": ""https://coindesk.com/markets/2024/11/22/cardanos-ada-leaps-to-25-year-high-of-90-cents-as-whale-holdings-exceed-12b"", ""source"": ""CoinDesk"", ""sentiment"": ""POSITIVE"", ""keywords"": ""Cardano|ADA|Whales|Markets"", ""id"": 42435258, ""guid"": ""xYK0rIu5vMPYEKIa4kooss""}, {""date"": ""20241113065058"", ""headline"": ""Cardano Foundation Spent $23.7M in 2023: Financial Insights Report"", ""summary"": ""Cardano Foundation spent $23.7 million across four areas in 2023.\n\nAs of Dec. 31, 2023, the Cardano Foundation had $478.24 million worth of assets, with 82.5% of that in ADA, 10.1% in BTC and the rema..."", ""url"": ""https://coindesk.com/business/2024/11/13/cardano-foundation-spent-237m-in-2023-financial-insights-report"", ""source"": ""CoinDesk"", ""sentiment"": ""NEUTRAL"", ""keywords"": ""Cardano|Cardano Foundation|altcoin"", ""id"": 42435387, ""guid"": ""xYK0rIu5vMPYEKIa4kpAlW""}, {""date"": ""20241110052948"", ""headline"": ""Cardano\u2019s ADA Rockets 35% as Hoskinson Says He\u2019s Helping U.S. Crypto Policy"", ""summary"": ""Cardano\u2019s ADA tokens surged 33% in the past 24 hours, outperforming bitcoin and other majors, as founder Charles Hoskinson revealed plans to help shape U.S. crypto policy under the Trump administratio..."", ""url"": ""https://coindesk.com/markets/2024/11/10/cardanos-ada-rockets-35-as-hoskinson-says-hes-helping-us-crypto-policy"", ""source"": ""CoinDesk"", ""sentiment"": ""POSITIVE"", ""keywords"": ""Trading|Markets"", ""id"": 42435167, ""guid"": ""vcdRFSInNZZ7jTkxATLIej""}]",{}
