prompt,answer
"[Cryptocurrency Introduction]: Cardano (ADA) is a cryptocurrency launched in 2017. Cardano has a current supply of 44,994,501,828.187738 with 35,337,743,183.176508 in circulation. The last known price of Cardano is 0.6700872 USD and is up 1.90 over the last 24 hours. It is currently trading on 1527 active market(s) with $602,433,351.40 traded over the last 24 hours. More information can be found at https://www.cardano.org.. It has a market capilization of 23782559744.

From 2024-01-05 to 2024-01-12, ADA-USD's stock price increased from 0.54 to 0.55. News during this period are listed below:

[Headline]: Total Value of Cardano DeFi Ecosystem Nears $450M Amid Layer 1 Push; ADA Rockets 17%
[Summary]: Value locked on Cardano’s ecosystem grew rapidly in the past few weeks as a recent boost in Ethereum alternatives, such as Solana and Avalanche, is likely pushing crypto investors and users toward oth...

[Headline]: Cardano Jumps 20% as Analyst Eyes Bitcoin Pullback to $40K to 'Fill CME Gap'
[Summary]: Layer 1 tokens ADA, ALGO, AVAX and SOL among best performers as capital rotation from stalling BTC lifts altcoins.

Bitcoin may revisit $40,000 to ""fill CME price gap,"" crypto analyst Willy Woo specul...

[Headline]: Cardano, Dogecoin Lead Price Gains Among Major Cryptocurrencies as Bitcoin Nears $38K
[Summary]: The latest crypto market spurt added 4.6% to overall capitalization in the past 24 hours, taking the total to $1.44 trillion, levels not seen since May 2022. Bitcoin [BTC] and several altcoins returne...

[Headline]: Cardano-Based DEX MuesliSwap to Open Refund Site 'Soon' as Some Users Voice Concerns
[Summary]: MuesliSwap, a Cardano-based decentralized exchange (DEX), would soon open its claims window to refund high slippage losses said to have been incurred over a 12-month period, the team told CoinDesk in ...

[Headline]: Bitcoin Traders Eye $28K; Solana, Cardano and Tellor Lead Altcoin Bump
[Summary]: Bitcoin (BTC) prices held steady above the $27,000 level Friday even as broader financial markets showed mixed movements. Global oil prices retreated after a surge, while stocks in Asia and Europe inc...



Based on all the information before 2024-01-12, let's first analyze the positive developments and potential concerns for ADA-USD. Come up with 2-4 most important factors respectively and keep them concise. Most factors should be inferred from cryptocurrencies related news. Then let's assume your prediction for next week (2024-01-12 to 2024-01-19) is down by more than 5%. Provide a summary analysis to support your prediction. The prediction result need to be inferred from your analysis at the end, and thus not appearing as a foundational factor of your analysis.","**[Positive Developments]:**
1. **Growth in DeFi Ecosystem**: The total value locked (TVL) in Cardano's DeFi ecosystem neared $450 million, indicating increased investor interest and confidence in the platform.
2. **Market Capitalization Increase**: The overall crypto market capitalization increased by 4.6% in 24 hours, reaching levels not seen since May 2022, which benefits ADA as part of this broader market.
3. **Altcoin Performance**: ADA was among the best-performing altcoins, with a significant jump of 20%, as capital rotated from a stalling Bitcoin to alternative cryptocurrencies.

**[Potential Concerns]:**
1. **MuesliSwap Refund Issues**: Concerns surrounding the MuesliSwap DEX refund process could impact investor trust in Cardano's ecosystem.
2. **Bitcoin Market Influence**: The potential pullback of Bitcoin to $40K to fill the CME gap could lead to a broader market correction, affecting ADA's price.

**[Prediction & Analysis]:**
The recent positive developments, such as the growth in Cardano's DeFi ecosystem and the overall market capitalization increase, have driven ADA's price upward. However, the concerns surrounding MuesliSwap and the potential Bitcoin pullback present significant headwinds. The Bitcoin market's influence is particularly concerning, as a correction in Bitcoin's price could lead to a sell-off in the altcoin market. Additionally, the refund issues with MuesliSwap may cause some investors to be cautious about investing in Cardano's ecosystem. Therefore, despite the recent gains, the potential concerns could lead to a price decrease. Thus, the prediction is that ADA-USD will decrease by more than 5% in the upcoming week."
"[Cryptocurrency Introduction]: Cardano (ADA) is a cryptocurrency launched in 2017. Cardano has a current supply of 44,994,501,828.187738 with 35,337,743,183.176508 in circulation. The last known price of Cardano is 0.6700872 USD and is up 1.90 over the last 24 hours. It is currently trading on 1527 active market(s) with $602,433,351.40 traded over the last 24 hours. More information can be found at https://www.cardano.org.. It has a market capilization of 23782559744.

From 2024-01-05 to 2024-01-12, ADA-USD's stock price increased from 0.54 to 0.55. News during this period are listed below:

[Headline]: Total Value of Cardano DeFi Ecosystem Nears $450M Amid Layer 1 Push; ADA Rockets 17%
[Summary]: Value locked on Cardano’s ecosystem grew rapidly in the past few weeks as a recent boost in Ethereum alternatives, such as Solana and Avalanche, is likely pushing crypto investors and users toward oth...

[Headline]: Cardano Jumps 20% as Analyst Eyes Bitcoin Pullback to $40K to 'Fill CME Gap'
[Summary]: Layer 1 tokens ADA, ALGO, AVAX and SOL among best performers as capital rotation from stalling BTC lifts altcoins.

Bitcoin may revisit $40,000 to ""fill CME price gap,"" crypto analyst Willy Woo specul...

[Headline]: Cardano, Dogecoin Lead Price Gains Among Major Cryptocurrencies as Bitcoin Nears $38K
[Summary]: The latest crypto market spurt added 4.6% to overall capitalization in the past 24 hours, taking the total to $1.44 trillion, levels not seen since May 2022. Bitcoin [BTC] and several altcoins returne...

[Headline]: Cardano-Based DEX MuesliSwap to Open Refund Site 'Soon' as Some Users Voice Concerns
[Summary]: MuesliSwap, a Cardano-based decentralized exchange (DEX), would soon open its claims window to refund high slippage losses said to have been incurred over a 12-month period, the team told CoinDesk in ...

[Headline]: Bitcoin Traders Eye $28K; Solana, Cardano and Tellor Lead Altcoin Bump
[Summary]: Bitcoin (BTC) prices held steady above the $27,000 level Friday even as broader financial markets showed mixed movements. Global oil prices retreated after a surge, while stocks in Asia and Europe inc...

From 2024-01-12 to 2024-01-19, ADA-USD's stock price decreased from 0.55 to 0.50. News during this period are listed below:

[Headline]: Total Value of Cardano DeFi Ecosystem Nears $450M Amid Layer 1 Push; ADA Rockets 17%
[Summary]: Value locked on Cardano’s ecosystem grew rapidly in the past few weeks as a recent boost in Ethereum alternatives, such as Solana and Avalanche, is likely pushing crypto investors and users toward oth...

[Headline]: Cardano Jumps 20% as Analyst Eyes Bitcoin Pullback to $40K to 'Fill CME Gap'
[Summary]: Layer 1 tokens ADA, ALGO, AVAX and SOL among best performers as capital rotation from stalling BTC lifts altcoins.

Bitcoin may revisit $40,000 to ""fill CME price gap,"" crypto analyst Willy Woo specul...

[Headline]: Cardano, Dogecoin Lead Price Gains Among Major Cryptocurrencies as Bitcoin Nears $38K
[Summary]: The latest crypto market spurt added 4.6% to overall capitalization in the past 24 hours, taking the total to $1.44 trillion, levels not seen since May 2022. Bitcoin [BTC] and several altcoins returne...

[Headline]: Cardano-Based DEX MuesliSwap to Open Refund Site 'Soon' as Some Users Voice Concerns
[Summary]: MuesliSwap, a Cardano-based decentralized exchange (DEX), would soon open its claims window to refund high slippage losses said to have been incurred over a 12-month period, the team told CoinDesk in ...

[Headline]: Bitcoin Traders Eye $28K; Solana, Cardano and Tellor Lead Altcoin Bump
[Summary]: Bitcoin (BTC) prices held steady above the $27,000 level Friday even as broader financial markets showed mixed movements. Global oil prices retreated after a surge, while stocks in Asia and Europe inc...



Based on all the information before 2024-01-19, let's first analyze the positive developments and potential concerns for ADA-USD. Come up with 2-4 most important factors respectively and keep them concise. Most factors should be inferred from cryptocurrencies related news. Then let's assume your prediction for next week (2024-01-19 to 2024-01-26) is down by 3-4%. Provide a summary analysis to support your prediction. The prediction result need to be inferred from your analysis at the end, and thus not appearing as a foundational factor of your analysis.","**[Positive Developments]:**
1. **Growth in DeFi Ecosystem**: The total value locked (TVL) in Cardano's DeFi ecosystem neared $450 million, indicating increased investor interest and confidence in the platform.
2. **Altcoin Performance**: ADA was among the best-performing altcoins, with a significant jump of 20%, as capital rotated from a stalling Bitcoin to alternative cryptocurrencies.

**[Potential Concerns]:**
1. **Market Volatility**: The crypto market started the week in the red, with prominent cryptocurrencies experiencing losses due to fears of large Bitcoin sales.
2. **MuesliSwap Refund Issues**: Concerns surrounding the MuesliSwap DEX refund process could impact investor trust in Cardano's ecosystem.

**[Prediction & Analysis]:**
While Cardano has seen positive developments in its DeFi ecosystem and altcoin performance, the market volatility and concerns surrounding MuesliSwap present significant challenges. The broader crypto market's downturn, driven by fears of large Bitcoin sales, could lead to a sell-off in the altcoin market. Additionally, the refund issues with MuesliSwap may cause some investors to be cautious about investing in Cardano's ecosystem. Therefore, despite the recent gains, the potential concerns could lead to a price decrease. Thus, the prediction is that ADA-USD will decrease by 3-4% in the upcoming week."
"[Cryptocurrency Introduction]: Cardano (ADA) is a cryptocurrency launched in 2017. Cardano has a current supply of 44,994,501,828.187738 with 35,337,743,183.176508 in circulation. The last known price of Cardano is 0.6700872 USD and is up 1.90 over the last 24 hours. It is currently trading on 1527 active market(s) with $602,433,351.40 traded over the last 24 hours. More information can be found at https://www.cardano.org.. It has a market capilization of 23782559744.

From 2024-01-05 to 2024-01-12, ADA-USD's stock price increased from 0.54 to 0.55. News during this period are listed below:

[Headline]: Total Value of Cardano DeFi Ecosystem Nears $450M Amid Layer 1 Push; ADA Rockets 17%
[Summary]: Value locked on Cardano’s ecosystem grew rapidly in the past few weeks as a recent boost in Ethereum alternatives, such as Solana and Avalanche, is likely pushing crypto investors and users toward oth...

[Headline]: Cardano Jumps 20% as Analyst Eyes Bitcoin Pullback to $40K to 'Fill CME Gap'
[Summary]: Layer 1 tokens ADA, ALGO, AVAX and SOL among best performers as capital rotation from stalling BTC lifts altcoins.

Bitcoin may revisit $40,000 to ""fill CME price gap,"" crypto analyst Willy Woo specul...

[Headline]: Cardano, Dogecoin Lead Price Gains Among Major Cryptocurrencies as Bitcoin Nears $38K
[Summary]: The latest crypto market spurt added 4.6% to overall capitalization in the past 24 hours, taking the total to $1.44 trillion, levels not seen since May 2022. Bitcoin [BTC] and several altcoins returne...

[Headline]: Cardano-Based DEX MuesliSwap to Open Refund Site 'Soon' as Some Users Voice Concerns
[Summary]: MuesliSwap, a Cardano-based decentralized exchange (DEX), would soon open its claims window to refund high slippage losses said to have been incurred over a 12-month period, the team told CoinDesk in ...

[Headline]: Bitcoin Traders Eye $28K; Solana, Cardano and Tellor Lead Altcoin Bump
[Summary]: Bitcoin (BTC) prices held steady above the $27,000 level Friday even as broader financial markets showed mixed movements. Global oil prices retreated after a surge, while stocks in Asia and Europe inc...

From 2024-01-12 to 2024-01-19, ADA-USD's stock price decreased from 0.55 to 0.50. News during this period are listed below:

[Headline]: Total Value of Cardano DeFi Ecosystem Nears $450M Amid Layer 1 Push; ADA Rockets 17%
[Summary]: Value locked on Cardano’s ecosystem grew rapidly in the past few weeks as a recent boost in Ethereum alternatives, such as Solana and Avalanche, is likely pushing crypto investors and users toward oth...

[Headline]: Cardano Jumps 20% as Analyst Eyes Bitcoin Pullback to $40K to 'Fill CME Gap'
[Summary]: Layer 1 tokens ADA, ALGO, AVAX and SOL among best performers as capital rotation from stalling BTC lifts altcoins.

Bitcoin may revisit $40,000 to ""fill CME price gap,"" crypto analyst Willy Woo specul...

[Headline]: Cardano, Dogecoin Lead Price Gains Among Major Cryptocurrencies as Bitcoin Nears $38K
[Summary]: The latest crypto market spurt added 4.6% to overall capitalization in the past 24 hours, taking the total to $1.44 trillion, levels not seen since May 2022. Bitcoin [BTC] and several altcoins returne...

[Headline]: Cardano-Based DEX MuesliSwap to Open Refund Site 'Soon' as Some Users Voice Concerns
[Summary]: MuesliSwap, a Cardano-based decentralized exchange (DEX), would soon open its claims window to refund high slippage losses said to have been incurred over a 12-month period, the team told CoinDesk in ...

[Headline]: Bitcoin Traders Eye $28K; Solana, Cardano and Tellor Lead Altcoin Bump
[Summary]: Bitcoin (BTC) prices held steady above the $27,000 level Friday even as broader financial markets showed mixed movements. Global oil prices retreated after a surge, while stocks in Asia and Europe inc...

From 2024-01-19 to 2024-01-26, ADA-USD's stock price decreased from 0.50 to 0.49. News during this period are listed below:

[Headline]: First Mover Americas: Solana, Cardano Lead Losses as Market Starts Week in the Red
[Summary]: This article originally appeared in First Mover, CoinDesk’s daily newsletter, putting the latest moves in crypto markets in context. Subscribe to get it in your inbox every day.

Latest Prices

Top St...

[Headline]: Solana, Cardano Lead Crypto Market Lower as Traders Grapple With Bitcoin Headwinds
[Summary]: Prominent cryptocurrencies started the week in the red as fears of large bitcoin [BTC] sales continue to confront investors, who are likely scaling back exposure in the broader market in anticipation ...



Based on all the information before 2024-01-26, let's first analyze the positive developments and potential concerns for ADA-USD. Come up with 2-4 most important factors respectively and keep them concise. Most factors should be inferred from cryptocurrencies related news. Then let's assume your prediction for next week (2024-01-26 to 2024-02-02) is up by more than 5%. Provide a summary analysis to support your prediction. The prediction result need to be inferred from your analysis at the end, and thus not appearing as a foundational factor of your analysis.","**[Positive Developments]:**
1. **Growth in DeFi Ecosystem**: The total value locked (TVL) in Cardano's DeFi ecosystem neared $450 million, indicating increased investor interest and confidence in the platform.
2. **Altcoin Performance**: ADA was among the best-performing altcoins, with a significant jump of 20%, as capital rotated from a stalling Bitcoin to alternative cryptocurrencies.

**[Potential Concerns]:**
1. **Market Volatility**: The crypto market started the week in the red, with prominent cryptocurrencies experiencing losses due to fears of large Bitcoin sales.
2. **MuesliSwap Refund Issues**: Concerns surrounding the MuesliSwap DEX refund process could impact investor trust in Cardano's ecosystem.

**[Prediction & Analysis]:**
The recent price decrease in ADA-USD can be attributed to the broader market volatility and concerns surrounding MuesliSwap. However, the positive developments in Cardano's DeFi ecosystem and its performance among altcoins suggest that the market may be oversold. As the market corrects and investors recognize the value in Cardano's ecosystem, there could be a rebound in ADA's price. Therefore, despite the recent downturn, the prediction is that ADA-USD will increase by more than 5% in the upcoming week."
"[Cryptocurrency Introduction]: Cardano (ADA) is a cryptocurrency launched in 2017. Cardano has a current supply of 44,994,501,828.187738 with 35,337,743,183.176508 in circulation. The last known price of Cardano is 0.6700872 USD and is up 1.90 over the last 24 hours. It is currently trading on 1527 active market(s) with $602,433,351.40 traded over the last 24 hours. More information can be found at https://www.cardano.org.. It has a market capilization of 23782559744.

From 2024-01-26 to 2024-02-02, ADA-USD's stock price increased from 0.49 to 0.51. News during this period are listed below:

[Headline]: First Mover Americas: Solana, Cardano Lead Losses as Market Starts Week in the Red
[Summary]: This article originally appeared in First Mover, CoinDesk’s daily newsletter, putting the latest moves in crypto markets in context. Subscribe to get it in your inbox every day.

Latest Prices

Top St...

[Headline]: Solana, Cardano Lead Crypto Market Lower as Traders Grapple With Bitcoin Headwinds
[Summary]: Prominent cryptocurrencies started the week in the red as fears of large bitcoin [BTC] sales continue to confront investors, who are likely scaling back exposure in the broader market in anticipation ...

[Headline]: Total Value of Cardano DeFi Ecosystem Nears $450M Amid Layer 1 Push; ADA Rockets 17%
[Summary]: Value locked on Cardano’s ecosystem grew rapidly in the past few weeks as a recent boost in Ethereum alternatives, such as Solana and Avalanche, is likely pushing crypto investors and users toward oth...

[Headline]: Cardano Jumps 20% as Analyst Eyes Bitcoin Pullback to $40K to 'Fill CME Gap'
[Summary]: Layer 1 tokens ADA, ALGO, AVAX and SOL among best performers as capital rotation from stalling BTC lifts altcoins.

Bitcoin may revisit $40,000 to ""fill CME price gap,"" crypto analyst Willy Woo specul...

[Headline]: Cardano, Dogecoin Lead Price Gains Among Major Cryptocurrencies as Bitcoin Nears $38K
[Summary]: The latest crypto market spurt added 4.6% to overall capitalization in the past 24 hours, taking the total to $1.44 trillion, levels not seen since May 2022. Bitcoin [BTC] and several altcoins returne...



Based on all the information before 2024-02-02, let's first analyze the positive developments and potential concerns for ADA-USD. Come up with 2-4 most important factors respectively and keep them concise. Most factors should be inferred from cryptocurrencies related news. Then let's assume your prediction for next week (2024-02-02 to 2024-02-09) is up by more than 5%. Provide a summary analysis to support your prediction. The prediction result need to be inferred from your analysis at the end, and thus not appearing as a foundational factor of your analysis.","**[Positive Developments]:**
1. **Growth in DeFi Ecosystem**: The total value locked (TVL) in Cardano's DeFi ecosystem neared $450 million, indicating increased investor interest and confidence in the platform.
2. **Altcoin Performance**: ADA was among the best-performing altcoins, with a significant jump of 20%, as capital rotated from a stalling Bitcoin to alternative cryptocurrencies.
3. **Market Capitalization Increase**: The overall crypto market capitalization increased by 4.6% in 24 hours, reaching levels not seen since May 2022, which benefits ADA as part of this broader market.

**[Potential Concerns]:**
1. **Bitcoin Market Influence**: The potential pullback of Bitcoin to $40K to fill the CME gap could lead to a broader market correction, affecting ADA's price.

**[Prediction & Analysis]:**
The recent price increase in ADA-USD can be attributed to the positive developments in Cardano's DeFi ecosystem, its performance among altcoins, and the overall market capitalization increase. While the potential Bitcoin pullback presents a concern, the positive momentum in the altcoin market and Cardano's ecosystem suggests that ADA's price may continue to rise. Therefore, the prediction is that ADA-USD will increase by more than 5% in the upcoming week."
"[Cryptocurrency Introduction]: Cardano (ADA) is a cryptocurrency launched in 2017. Cardano has a current supply of 44,994,501,828.187738 with 35,337,743,183.176508 in circulation. The last known price of Cardano is 0.6700872 USD and is up 1.90 over the last 24 hours. It is currently trading on 1527 active market(s) with $602,433,351.40 traded over the last 24 hours. More information can be found at https://www.cardano.org.. It has a market capilization of 23782559744.

From 2024-01-19 to 2024-01-26, ADA-USD's stock price decreased from 0.50 to 0.49. News during this period are listed below:

[Headline]: First Mover Americas: Solana, Cardano Lead Losses as Market Starts Week in the Red
[Summary]: This article originally appeared in First Mover, CoinDesk’s daily newsletter, putting the latest moves in crypto markets in context. Subscribe to get it in your inbox every day.

Latest Prices

Top St...

[Headline]: Solana, Cardano Lead Crypto Market Lower as Traders Grapple With Bitcoin Headwinds
[Summary]: Prominent cryptocurrencies started the week in the red as fears of large bitcoin [BTC] sales continue to confront investors, who are likely scaling back exposure in the broader market in anticipation ...

From 2024-01-26 to 2024-02-02, ADA-USD's stock price increased from 0.49 to 0.51. News during this period are listed below:

[Headline]: First Mover Americas: Solana, Cardano Lead Losses as Market Starts Week in the Red
[Summary]: This article originally appeared in First Mover, CoinDesk’s daily newsletter, putting the latest moves in crypto markets in context. Subscribe to get it in your inbox every day.

Latest Prices

Top St...

[Headline]: Solana, Cardano Lead Crypto Market Lower as Traders Grapple With Bitcoin Headwinds
[Summary]: Prominent cryptocurrencies started the week in the red as fears of large bitcoin [BTC] sales continue to confront investors, who are likely scaling back exposure in the broader market in anticipation ...

[Headline]: Total Value of Cardano DeFi Ecosystem Nears $450M Amid Layer 1 Push; ADA Rockets 17%
[Summary]: Value locked on Cardano’s ecosystem grew rapidly in the past few weeks as a recent boost in Ethereum alternatives, such as Solana and Avalanche, is likely pushing crypto investors and users toward oth...

[Headline]: Cardano Jumps 20% as Analyst Eyes Bitcoin Pullback to $40K to 'Fill CME Gap'
[Summary]: Layer 1 tokens ADA, ALGO, AVAX and SOL among best performers as capital rotation from stalling BTC lifts altcoins.

Bitcoin may revisit $40,000 to ""fill CME price gap,"" crypto analyst Willy Woo specul...

[Headline]: Cardano, Dogecoin Lead Price Gains Among Major Cryptocurrencies as Bitcoin Nears $38K
[Summary]: The latest crypto market spurt added 4.6% to overall capitalization in the past 24 hours, taking the total to $1.44 trillion, levels not seen since May 2022. Bitcoin [BTC] and several altcoins returne...

From 2024-02-02 to 2024-02-09, ADA-USD's stock price increased from 0.51 to 0.54. News during this period are listed below:

[Headline]: First Mover Americas: Solana, Cardano Lead Losses as Market Starts Week in the Red
[Summary]: This article originally appeared in First Mover, CoinDesk’s daily newsletter, putting the latest moves in crypto markets in context. Subscribe to get it in your inbox every day.

Latest Prices

Top St...

[Headline]: Solana, Cardano Lead Crypto Market Lower as Traders Grapple With Bitcoin Headwinds
[Summary]: Prominent cryptocurrencies started the week in the red as fears of large bitcoin [BTC] sales continue to confront investors, who are likely scaling back exposure in the broader market in anticipation ...

[Headline]: Total Value of Cardano DeFi Ecosystem Nears $450M Amid Layer 1 Push; ADA Rockets 17%
[Summary]: Value locked on Cardano’s ecosystem grew rapidly in the past few weeks as a recent boost in Ethereum alternatives, such as Solana and Avalanche, is likely pushing crypto investors and users toward oth...

[Headline]: Cardano Jumps 20% as Analyst Eyes Bitcoin Pullback to $40K to 'Fill CME Gap'
[Summary]: Layer 1 tokens ADA, ALGO, AVAX and SOL among best performers as capital rotation from stalling BTC lifts altcoins.

Bitcoin may revisit $40,000 to ""fill CME price gap,"" crypto analyst Willy Woo specul...

[Headline]: Cardano, Dogecoin Lead Price Gains Among Major Cryptocurrencies as Bitcoin Nears $38K
[Summary]: The latest crypto market spurt added 4.6% to overall capitalization in the past 24 hours, taking the total to $1.44 trillion, levels not seen since May 2022. Bitcoin [BTC] and several altcoins returne...



Based on all the information before 2024-02-09, let's first analyze the positive developments and potential concerns for ADA-USD. Come up with 2-4 most important factors respectively and keep them concise. Most factors should be inferred from cryptocurrencies related news. Then let's assume your prediction for next week (2024-02-09 to 2024-02-16) is up by more than 5%. Provide a summary analysis to support your prediction. The prediction result need to be inferred from your analysis at the end, and thus not appearing as a foundational factor of your analysis.","**[Positive Developments]:**
1. **Growth in DeFi Ecosystem**: The total value locked (TVL) in Cardano's DeFi ecosystem neared $450 million, indicating increased investor interest and confidence in the platform.
2. **Altcoin Performance**: ADA was among the best-performing altcoins, with a significant jump of 20%, as capital rotated from a stalling Bitcoin to alternative cryptocurrencies.
3. **Market Capitalization Increase**: The overall crypto market capitalization increased by 4.6% in 24 hours, reaching levels not seen since May 2022, which benefits ADA as part of this broader market.

**[Potential Concerns]:**
1. **Bitcoin Market Influence**: The potential pullback of Bitcoin to $40K to fill the CME gap could lead to a broader market correction, affecting ADA's price.

**[Prediction & Analysis]:**
The recent price increase in ADA-USD can be attributed to the positive developments in Cardano's DeFi ecosystem, its performance among altcoins, and the overall market capitalization increase. While the potential Bitcoin pullback presents a concern, the positive momentum in the altcoin market and Cardano's ecosystem suggests that ADA's price may continue to rise. Therefore, the prediction is that ADA-USD will increase by more than 5% in the upcoming week."
"[Cryptocurrency Introduction]: Cardano (ADA) is a cryptocurrency launched in 2017. Cardano has a current supply of 44,994,501,828.187738 with 35,337,743,183.176508 in circulation. The last known price of Cardano is 0.6700872 USD and is up 1.90 over the last 24 hours. It is currently trading on 1527 active market(s) with $602,433,351.40 traded over the last 24 hours. More information can be found at https://www.cardano.org.. It has a market capilization of 23782559744.

From 2024-02-09 to 2024-02-16, ADA-USD's stock price increased from 0.54 to 0.60. News during this period are listed below:

[Headline]: First Mover Americas: Solana, Cardano Lead Losses as Market Starts Week in the Red
[Summary]: This article originally appeared in First Mover, CoinDesk’s daily newsletter, putting the latest moves in crypto markets in context. Subscribe to get it in your inbox every day.

Latest Prices

Top St...

[Headline]: Solana, Cardano Lead Crypto Market Lower as Traders Grapple With Bitcoin Headwinds
[Summary]: Prominent cryptocurrencies started the week in the red as fears of large bitcoin [BTC] sales continue to confront investors, who are likely scaling back exposure in the broader market in anticipation ...

[Headline]: Total Value of Cardano DeFi Ecosystem Nears $450M Amid Layer 1 Push; ADA Rockets 17%
[Summary]: Value locked on Cardano’s ecosystem grew rapidly in the past few weeks as a recent boost in Ethereum alternatives, such as Solana and Avalanche, is likely pushing crypto investors and users toward oth...

[Headline]: Cardano Jumps 20% as Analyst Eyes Bitcoin Pullback to $40K to 'Fill CME Gap'
[Summary]: Layer 1 tokens ADA, ALGO, AVAX and SOL among best performers as capital rotation from stalling BTC lifts altcoins.

Bitcoin may revisit $40,000 to ""fill CME price gap,"" crypto analyst Willy Woo specul...

[Headline]: Cardano, Dogecoin Lead Price Gains Among Major Cryptocurrencies as Bitcoin Nears $38K
[Summary]: The latest crypto market spurt added 4.6% to overall capitalization in the past 24 hours, taking the total to $1.44 trillion, levels not seen since May 2022. Bitcoin [BTC] and several altcoins returne...



Based on all the information before 2024-02-16, let's first analyze the positive developments and potential concerns for ADA-USD. Come up with 2-4 most important factors respectively and keep them concise. Most factors should be inferred from cryptocurrencies related news. Then let's assume your prediction for next week (2024-02-16 to 2024-02-23) is down by 2-3%. Provide a summary analysis to support your prediction. The prediction result need to be inferred from your analysis at the end, and thus not appearing as a foundational factor of your analysis.","**[Positive Developments]: **
1. **DeFi Ecosystem Growth**: The total value locked (TVL) in Cardano's DeFi ecosystem neared $450 million, indicating increased investor interest and confidence in the network's DeFi capabilities.
2. **Market Cap Increase**: The overall crypto market capitalization increased by 4.6% in a 24-hour period, reaching levels not seen since May 2022, suggesting a bullish trend.
3. **Altcoin Performance**: Cardano (ADA) was among the best-performing altcoins, with a significant jump of 20%, as capital rotated from Bitcoin (BTC) to altcoins.

**[Potential Concerns]: **
1. **Bitcoin Headwinds**: Fears of large Bitcoin sales led to a scale-back in exposure to the broader crypto market, which could negatively impact altcoins, including Cardano.
2. **Market Volatility**: The crypto market started the week in the red, with prominent cryptocurrencies, including Cardano, experiencing losses due to market volatility.

**[Prediction & Analysis]: **
Cardano (ADA) has shown strong performance with a 20% jump and an increase in TVL in its DeFi ecosystem. However, the broader crypto market volatility and the potential sell-off in Bitcoin could lead to a short-term correction. Additionally, the increase in overall market capitalization suggests a bullish trend, but the recent market losses indicate volatility. Therefore, it is reasonable to expect a slight correction of 2-3% for ADA in the upcoming week, as investors may take profits from the recent gains."
"[Cryptocurrency Introduction]: Cardano (ADA) is a cryptocurrency launched in 2017. Cardano has a current supply of 44,994,501,828.187738 with 35,337,743,183.176508 in circulation. The last known price of Cardano is 0.6700872 USD and is up 1.90 over the last 24 hours. It is currently trading on 1527 active market(s) with $602,433,351.40 traded over the last 24 hours. More information can be found at https://www.cardano.org.. It has a market capilization of 23782559744.

From 2024-02-09 to 2024-02-16, ADA-USD's stock price increased from 0.54 to 0.60. News during this period are listed below:

[Headline]: First Mover Americas: Solana, Cardano Lead Losses as Market Starts Week in the Red
[Summary]: This article originally appeared in First Mover, CoinDesk’s daily newsletter, putting the latest moves in crypto markets in context. Subscribe to get it in your inbox every day.

Latest Prices

Top St...

[Headline]: Solana, Cardano Lead Crypto Market Lower as Traders Grapple With Bitcoin Headwinds
[Summary]: Prominent cryptocurrencies started the week in the red as fears of large bitcoin [BTC] sales continue to confront investors, who are likely scaling back exposure in the broader market in anticipation ...

[Headline]: Total Value of Cardano DeFi Ecosystem Nears $450M Amid Layer 1 Push; ADA Rockets 17%
[Summary]: Value locked on Cardano’s ecosystem grew rapidly in the past few weeks as a recent boost in Ethereum alternatives, such as Solana and Avalanche, is likely pushing crypto investors and users toward oth...

[Headline]: Cardano Jumps 20% as Analyst Eyes Bitcoin Pullback to $40K to 'Fill CME Gap'
[Summary]: Layer 1 tokens ADA, ALGO, AVAX and SOL among best performers as capital rotation from stalling BTC lifts altcoins.

Bitcoin may revisit $40,000 to ""fill CME price gap,"" crypto analyst Willy Woo specul...

[Headline]: Cardano, Dogecoin Lead Price Gains Among Major Cryptocurrencies as Bitcoin Nears $38K
[Summary]: The latest crypto market spurt added 4.6% to overall capitalization in the past 24 hours, taking the total to $1.44 trillion, levels not seen since May 2022. Bitcoin [BTC] and several altcoins returne...

From 2024-02-16 to 2024-02-23, ADA-USD's stock price decreased from 0.60 to 0.58. News during this period are listed below:

[Headline]: Sui Overtakes Aptos, Cardano in Value Locked; Sees $310M Inflow in 30 Days
[Summary]: The total amount of capital locked on Sui has risen from $211 million to $593 million since the turn of the year.

The SUI token is up by 131% in the same period.

Sui has now overtaken Aptos, Cardano...



Based on all the information before 2024-02-23, let's first analyze the positive developments and potential concerns for ADA-USD. Come up with 2-4 most important factors respectively and keep them concise. Most factors should be inferred from cryptocurrencies related news. Then let's assume your prediction for next week (2024-02-23 to 2024-03-01) is up by more than 5%. Provide a summary analysis to support your prediction. The prediction result need to be inferred from your analysis at the end, and thus not appearing as a foundational factor of your analysis.","**[Positive Developments]: **
1. **Price Rebound**: Despite the initial decrease, ADA's price rebounded and showed resilience, indicating underlying strength.
2. **Market Cap Increase**: The overall crypto market capitalization increased by 4.6% in a 24-hour period, reaching levels not seen since May 2022, suggesting a bullish trend.

**[Potential Concerns]: **
1. **Sui OverTaking Cardano**: Sui overtook Cardano in value locked, which could lead to a shift in investor focus and potentially impact Cardano's price.
2. **Market Volatility**: The crypto market started the week in the red, with prominent cryptocurrencies, including Cardano, experiencing losses due to market volatility.

**[Prediction & Analysis]: **
While Cardano (ADA) has shown resilience and the overall market capitalization suggests a bullish trend, the recent news of Sui overtaking Cardano in value locked could lead to a shift in investor focus. However, the market volatility and the rebound in ADA's price indicate that investors see potential in Cardano. Therefore, it is reasonable to expect a more than 5% increase for ADA in the upcoming week, as investors continue to recognize the value in Cardano's ecosystem."
"[Cryptocurrency Introduction]: Cardano (ADA) is a cryptocurrency launched in 2017. Cardano has a current supply of 44,994,501,828.187738 with 35,337,743,183.176508 in circulation. The last known price of Cardano is 0.6700872 USD and is up 1.90 over the last 24 hours. It is currently trading on 1527 active market(s) with $602,433,351.40 traded over the last 24 hours. More information can be found at https://www.cardano.org.. It has a market capilization of 23782559744.

From 2024-02-02 to 2024-02-09, ADA-USD's stock price increased from 0.51 to 0.54. News during this period are listed below:

[Headline]: First Mover Americas: Solana, Cardano Lead Losses as Market Starts Week in the Red
[Summary]: This article originally appeared in First Mover, CoinDesk’s daily newsletter, putting the latest moves in crypto markets in context. Subscribe to get it in your inbox every day.

Latest Prices

Top St...

[Headline]: Solana, Cardano Lead Crypto Market Lower as Traders Grapple With Bitcoin Headwinds
[Summary]: Prominent cryptocurrencies started the week in the red as fears of large bitcoin [BTC] sales continue to confront investors, who are likely scaling back exposure in the broader market in anticipation ...

[Headline]: Total Value of Cardano DeFi Ecosystem Nears $450M Amid Layer 1 Push; ADA Rockets 17%
[Summary]: Value locked on Cardano’s ecosystem grew rapidly in the past few weeks as a recent boost in Ethereum alternatives, such as Solana and Avalanche, is likely pushing crypto investors and users toward oth...

[Headline]: Cardano Jumps 20% as Analyst Eyes Bitcoin Pullback to $40K to 'Fill CME Gap'
[Summary]: Layer 1 tokens ADA, ALGO, AVAX and SOL among best performers as capital rotation from stalling BTC lifts altcoins.

Bitcoin may revisit $40,000 to ""fill CME price gap,"" crypto analyst Willy Woo specul...

[Headline]: Cardano, Dogecoin Lead Price Gains Among Major Cryptocurrencies as Bitcoin Nears $38K
[Summary]: The latest crypto market spurt added 4.6% to overall capitalization in the past 24 hours, taking the total to $1.44 trillion, levels not seen since May 2022. Bitcoin [BTC] and several altcoins returne...

From 2024-02-09 to 2024-02-16, ADA-USD's stock price increased from 0.54 to 0.60. News during this period are listed below:

[Headline]: First Mover Americas: Solana, Cardano Lead Losses as Market Starts Week in the Red
[Summary]: This article originally appeared in First Mover, CoinDesk’s daily newsletter, putting the latest moves in crypto markets in context. Subscribe to get it in your inbox every day.

Latest Prices

Top St...

[Headline]: Solana, Cardano Lead Crypto Market Lower as Traders Grapple With Bitcoin Headwinds
[Summary]: Prominent cryptocurrencies started the week in the red as fears of large bitcoin [BTC] sales continue to confront investors, who are likely scaling back exposure in the broader market in anticipation ...

[Headline]: Total Value of Cardano DeFi Ecosystem Nears $450M Amid Layer 1 Push; ADA Rockets 17%
[Summary]: Value locked on Cardano’s ecosystem grew rapidly in the past few weeks as a recent boost in Ethereum alternatives, such as Solana and Avalanche, is likely pushing crypto investors and users toward oth...

[Headline]: Cardano Jumps 20% as Analyst Eyes Bitcoin Pullback to $40K to 'Fill CME Gap'
[Summary]: Layer 1 tokens ADA, ALGO, AVAX and SOL among best performers as capital rotation from stalling BTC lifts altcoins.

Bitcoin may revisit $40,000 to ""fill CME price gap,"" crypto analyst Willy Woo specul...

[Headline]: Cardano, Dogecoin Lead Price Gains Among Major Cryptocurrencies as Bitcoin Nears $38K
[Summary]: The latest crypto market spurt added 4.6% to overall capitalization in the past 24 hours, taking the total to $1.44 trillion, levels not seen since May 2022. Bitcoin [BTC] and several altcoins returne...

From 2024-02-16 to 2024-02-23, ADA-USD's stock price decreased from 0.60 to 0.58. News during this period are listed below:

[Headline]: Sui Overtakes Aptos, Cardano in Value Locked; Sees $310M Inflow in 30 Days
[Summary]: The total amount of capital locked on Sui has risen from $211 million to $593 million since the turn of the year.

The SUI token is up by 131% in the same period.

Sui has now overtaken Aptos, Cardano...

From 2024-02-23 to 2024-03-01, ADA-USD's stock price increased from 0.58 to 0.72. News during this period are listed below:

[Headline]: Sui Overtakes Aptos, Cardano in Value Locked; Sees $310M Inflow in 30 Days
[Summary]: The total amount of capital locked on Sui has risen from $211 million to $593 million since the turn of the year.

The SUI token is up by 131% in the same period.

Sui has now overtaken Aptos, Cardano...

[Headline]: First Mover Americas: Solana, Cardano Lead Losses as Market Starts Week in the Red
[Summary]: This article originally appeared in First Mover, CoinDesk’s daily newsletter, putting the latest moves in crypto markets in context. Subscribe to get it in your inbox every day.

Latest Prices

Top St...

[Headline]: Solana, Cardano Lead Crypto Market Lower as Traders Grapple With Bitcoin Headwinds
[Summary]: Prominent cryptocurrencies started the week in the red as fears of large bitcoin [BTC] sales continue to confront investors, who are likely scaling back exposure in the broader market in anticipation ...

[Headline]: Total Value of Cardano DeFi Ecosystem Nears $450M Amid Layer 1 Push; ADA Rockets 17%
[Summary]: Value locked on Cardano’s ecosystem grew rapidly in the past few weeks as a recent boost in Ethereum alternatives, such as Solana and Avalanche, is likely pushing crypto investors and users toward oth...

[Headline]: Cardano Jumps 20% as Analyst Eyes Bitcoin Pullback to $40K to 'Fill CME Gap'
[Summary]: Layer 1 tokens ADA, ALGO, AVAX and SOL among best performers as capital rotation from stalling BTC lifts altcoins.

Bitcoin may revisit $40,000 to ""fill CME price gap,"" crypto analyst Willy Woo specul...



Based on all the information before 2024-03-01, let's first analyze the positive developments and potential concerns for ADA-USD. Come up with 2-4 most important factors respectively and keep them concise. Most factors should be inferred from cryptocurrencies related news. Then let's assume your prediction for next week (2024-03-01 to 2024-03-08) is up by 0-1%. Provide a summary analysis to support your prediction. The prediction result need to be inferred from your analysis at the end, and thus not appearing as a foundational factor of your analysis.","**[Positive Developments]: **
1. **Consistent Growth**: ADA's price has consistently increased over the past few weeks, indicating a bullish trend.
2. **DeFi Ecosystem Growth**: The total value locked (TVL) in Cardano's DeFi ecosystem neared $450 million, indicating increased investor interest and confidence in the network's DeFi capabilities.

**[Potential Concerns]: **
1. **Sui OverTaking Cardano**: Sui overtook Cardano in value locked, which could lead to a shift in investor focus and potentially impact Cardano's price.
2. **Bitcoin Influence**: The potential sell-off in Bitcoin could lead to a scale-back in exposure to the broader crypto market, which could negatively impact altcoins, including Cardano.

**[Prediction & Analysis]: **
Cardano (ADA) has shown consistent growth and an increase in TVL in its DeFi ecosystem. However, the news of Sui overtaking Cardano in value locked and the potential sell-off in Bitcoin could lead to a shift in investor focus and a scale-back in exposure to altcoins. Therefore, it is reasonable to expect a 0-1% increase for ADA in the upcoming week, as investors may take a wait-and-see approach before committing more capital."
"[Cryptocurrency Introduction]: Cardano (ADA) is a cryptocurrency launched in 2017. Cardano has a current supply of 44,994,501,828.187738 with 35,337,743,183.176508 in circulation. The last known price of Cardano is 0.6700872 USD and is up 1.90 over the last 24 hours. It is currently trading on 1527 active market(s) with $602,433,351.40 traded over the last 24 hours. More information can be found at https://www.cardano.org.. It has a market capilization of 23782559744.

From 2024-02-09 to 2024-02-16, ADA-USD's stock price increased from 0.54 to 0.60. News during this period are listed below:

[Headline]: First Mover Americas: Solana, Cardano Lead Losses as Market Starts Week in the Red
[Summary]: This article originally appeared in First Mover, CoinDesk’s daily newsletter, putting the latest moves in crypto markets in context. Subscribe to get it in your inbox every day.

Latest Prices

Top St...

[Headline]: Solana, Cardano Lead Crypto Market Lower as Traders Grapple With Bitcoin Headwinds
[Summary]: Prominent cryptocurrencies started the week in the red as fears of large bitcoin [BTC] sales continue to confront investors, who are likely scaling back exposure in the broader market in anticipation ...

[Headline]: Total Value of Cardano DeFi Ecosystem Nears $450M Amid Layer 1 Push; ADA Rockets 17%
[Summary]: Value locked on Cardano’s ecosystem grew rapidly in the past few weeks as a recent boost in Ethereum alternatives, such as Solana and Avalanche, is likely pushing crypto investors and users toward oth...

[Headline]: Cardano Jumps 20% as Analyst Eyes Bitcoin Pullback to $40K to 'Fill CME Gap'
[Summary]: Layer 1 tokens ADA, ALGO, AVAX and SOL among best performers as capital rotation from stalling BTC lifts altcoins.

Bitcoin may revisit $40,000 to ""fill CME price gap,"" crypto analyst Willy Woo specul...

[Headline]: Cardano, Dogecoin Lead Price Gains Among Major Cryptocurrencies as Bitcoin Nears $38K
[Summary]: The latest crypto market spurt added 4.6% to overall capitalization in the past 24 hours, taking the total to $1.44 trillion, levels not seen since May 2022. Bitcoin [BTC] and several altcoins returne...

From 2024-02-16 to 2024-02-23, ADA-USD's stock price decreased from 0.60 to 0.58. News during this period are listed below:

[Headline]: Sui Overtakes Aptos, Cardano in Value Locked; Sees $310M Inflow in 30 Days
[Summary]: The total amount of capital locked on Sui has risen from $211 million to $593 million since the turn of the year.

The SUI token is up by 131% in the same period.

Sui has now overtaken Aptos, Cardano...

From 2024-02-23 to 2024-03-01, ADA-USD's stock price increased from 0.58 to 0.72. News during this period are listed below:

[Headline]: Sui Overtakes Aptos, Cardano in Value Locked; Sees $310M Inflow in 30 Days
[Summary]: The total amount of capital locked on Sui has risen from $211 million to $593 million since the turn of the year.

The SUI token is up by 131% in the same period.

Sui has now overtaken Aptos, Cardano...

[Headline]: First Mover Americas: Solana, Cardano Lead Losses as Market Starts Week in the Red
[Summary]: This article originally appeared in First Mover, CoinDesk’s daily newsletter, putting the latest moves in crypto markets in context. Subscribe to get it in your inbox every day.

Latest Prices

Top St...

[Headline]: Solana, Cardano Lead Crypto Market Lower as Traders Grapple With Bitcoin Headwinds
[Summary]: Prominent cryptocurrencies started the week in the red as fears of large bitcoin [BTC] sales continue to confront investors, who are likely scaling back exposure in the broader market in anticipation ...

[Headline]: Total Value of Cardano DeFi Ecosystem Nears $450M Amid Layer 1 Push; ADA Rockets 17%
[Summary]: Value locked on Cardano’s ecosystem grew rapidly in the past few weeks as a recent boost in Ethereum alternatives, such as Solana and Avalanche, is likely pushing crypto investors and users toward oth...

[Headline]: Cardano Jumps 20% as Analyst Eyes Bitcoin Pullback to $40K to 'Fill CME Gap'
[Summary]: Layer 1 tokens ADA, ALGO, AVAX and SOL among best performers as capital rotation from stalling BTC lifts altcoins.

Bitcoin may revisit $40,000 to ""fill CME price gap,"" crypto analyst Willy Woo specul...

From 2024-03-01 to 2024-03-08, ADA-USD's stock price increased from 0.72 to 0.72. News during this period are listed below:

[Headline]: Sui Overtakes Aptos, Cardano in Value Locked; Sees $310M Inflow in 30 Days
[Summary]: The total amount of capital locked on Sui has risen from $211 million to $593 million since the turn of the year.

The SUI token is up by 131% in the same period.

Sui has now overtaken Aptos, Cardano...

[Headline]: First Mover Americas: Solana, Cardano Lead Losses as Market Starts Week in the Red
[Summary]: This article originally appeared in First Mover, CoinDesk’s daily newsletter, putting the latest moves in crypto markets in context. Subscribe to get it in your inbox every day.

Latest Prices

Top St...

[Headline]: Solana, Cardano Lead Crypto Market Lower as Traders Grapple With Bitcoin Headwinds
[Summary]: Prominent cryptocurrencies started the week in the red as fears of large bitcoin [BTC] sales continue to confront investors, who are likely scaling back exposure in the broader market in anticipation ...

[Headline]: Total Value of Cardano DeFi Ecosystem Nears $450M Amid Layer 1 Push; ADA Rockets 17%
[Summary]: Value locked on Cardano’s ecosystem grew rapidly in the past few weeks as a recent boost in Ethereum alternatives, such as Solana and Avalanche, is likely pushing crypto investors and users toward oth...

[Headline]: Cardano Jumps 20% as Analyst Eyes Bitcoin Pullback to $40K to 'Fill CME Gap'
[Summary]: Layer 1 tokens ADA, ALGO, AVAX and SOL among best performers as capital rotation from stalling BTC lifts altcoins.

Bitcoin may revisit $40,000 to ""fill CME price gap,"" crypto analyst Willy Woo specul...



Based on all the information before 2024-03-08, let's first analyze the positive developments and potential concerns for ADA-USD. Come up with 2-4 most important factors respectively and keep them concise. Most factors should be inferred from cryptocurrencies related news. Then let's assume your prediction for next week (2024-03-08 to 2024-03-15) is up by 0-1%. Provide a summary analysis to support your prediction. The prediction result need to be inferred from your analysis at the end, and thus not appearing as a foundational factor of your analysis.","**[Positive Developments]: **
1. **Price Stability**: Despite market volatility, ADA's price remained stable, indicating underlying strength.
2. **DeFi Ecosystem Growth**: The total value locked (TVL) in Cardano's DeFi ecosystem neared $450 million, indicating increased investor interest and confidence in the network's DeFi capabilities.

**[Potential Concerns]: **
1. **Sui OverTaking Cardano**: Sui overtook Cardano in value locked, which could lead to a shift in investor focus and potentially impact Cardano's price.
2. **Bitcoin Headwinds**: Fears of large Bitcoin sales led to a scale-back in exposure to the broader crypto market, which could negatively impact altcoins, including Cardano.

**[Prediction & Analysis]: **
Cardano (ADA) has shown price stability and an increase in TVL in its DeFi ecosystem. However, the news of Sui overtaking Cardano in value locked and the fears of large Bitcoin sales could lead to a shift in investor focus and a scale-back in exposure to altcoins. Therefore, it is reasonable to expect a 0-1% increase for ADA in the upcoming week, as investors may remain cautious amid market volatility."
"[Cryptocurrency Introduction]: Cardano (ADA) is a cryptocurrency launched in 2017. Cardano has a current supply of 44,994,501,828.187738 with 35,337,743,183.176508 in circulation. The last known price of Cardano is 0.6700872 USD and is up 1.90 over the last 24 hours. It is currently trading on 1527 active market(s) with $602,433,351.40 traded over the last 24 hours. More information can be found at https://www.cardano.org.. It has a market capilization of 23782559744.

From 2024-02-23 to 2024-03-01, ADA-USD's stock price increased from 0.58 to 0.72. News during this period are listed below:

[Headline]: Sui Overtakes Aptos, Cardano in Value Locked; Sees $310M Inflow in 30 Days
[Summary]: The total amount of capital locked on Sui has risen from $211 million to $593 million since the turn of the year.

The SUI token is up by 131% in the same period.

Sui has now overtaken Aptos, Cardano...

[Headline]: First Mover Americas: Solana, Cardano Lead Losses as Market Starts Week in the Red
[Summary]: This article originally appeared in First Mover, CoinDesk’s daily newsletter, putting the latest moves in crypto markets in context. Subscribe to get it in your inbox every day.

Latest Prices

Top St...

[Headline]: Solana, Cardano Lead Crypto Market Lower as Traders Grapple With Bitcoin Headwinds
[Summary]: Prominent cryptocurrencies started the week in the red as fears of large bitcoin [BTC] sales continue to confront investors, who are likely scaling back exposure in the broader market in anticipation ...

[Headline]: Total Value of Cardano DeFi Ecosystem Nears $450M Amid Layer 1 Push; ADA Rockets 17%
[Summary]: Value locked on Cardano’s ecosystem grew rapidly in the past few weeks as a recent boost in Ethereum alternatives, such as Solana and Avalanche, is likely pushing crypto investors and users toward oth...

[Headline]: Cardano Jumps 20% as Analyst Eyes Bitcoin Pullback to $40K to 'Fill CME Gap'
[Summary]: Layer 1 tokens ADA, ALGO, AVAX and SOL among best performers as capital rotation from stalling BTC lifts altcoins.

Bitcoin may revisit $40,000 to ""fill CME price gap,"" crypto analyst Willy Woo specul...

From 2024-03-01 to 2024-03-08, ADA-USD's stock price increased from 0.72 to 0.72. News during this period are listed below:

[Headline]: Sui Overtakes Aptos, Cardano in Value Locked; Sees $310M Inflow in 30 Days
[Summary]: The total amount of capital locked on Sui has risen from $211 million to $593 million since the turn of the year.

The SUI token is up by 131% in the same period.

Sui has now overtaken Aptos, Cardano...

[Headline]: First Mover Americas: Solana, Cardano Lead Losses as Market Starts Week in the Red
[Summary]: This article originally appeared in First Mover, CoinDesk’s daily newsletter, putting the latest moves in crypto markets in context. Subscribe to get it in your inbox every day.

Latest Prices

Top St...

[Headline]: Solana, Cardano Lead Crypto Market Lower as Traders Grapple With Bitcoin Headwinds
[Summary]: Prominent cryptocurrencies started the week in the red as fears of large bitcoin [BTC] sales continue to confront investors, who are likely scaling back exposure in the broader market in anticipation ...

[Headline]: Total Value of Cardano DeFi Ecosystem Nears $450M Amid Layer 1 Push; ADA Rockets 17%
[Summary]: Value locked on Cardano’s ecosystem grew rapidly in the past few weeks as a recent boost in Ethereum alternatives, such as Solana and Avalanche, is likely pushing crypto investors and users toward oth...

[Headline]: Cardano Jumps 20% as Analyst Eyes Bitcoin Pullback to $40K to 'Fill CME Gap'
[Summary]: Layer 1 tokens ADA, ALGO, AVAX and SOL among best performers as capital rotation from stalling BTC lifts altcoins.

Bitcoin may revisit $40,000 to ""fill CME price gap,"" crypto analyst Willy Woo specul...

From 2024-03-08 to 2024-03-15, ADA-USD's stock price increased from 0.72 to 0.73. News during this period are listed below:

[Headline]: Sui Overtakes Aptos, Cardano in Value Locked; Sees $310M Inflow in 30 Days
[Summary]: The total amount of capital locked on Sui has risen from $211 million to $593 million since the turn of the year.

The SUI token is up by 131% in the same period.

Sui has now overtaken Aptos, Cardano...

[Headline]: First Mover Americas: Solana, Cardano Lead Losses as Market Starts Week in the Red
[Summary]: This article originally appeared in First Mover, CoinDesk’s daily newsletter, putting the latest moves in crypto markets in context. Subscribe to get it in your inbox every day.

Latest Prices

Top St...

[Headline]: Solana, Cardano Lead Crypto Market Lower as Traders Grapple With Bitcoin Headwinds
[Summary]: Prominent cryptocurrencies started the week in the red as fears of large bitcoin [BTC] sales continue to confront investors, who are likely scaling back exposure in the broader market in anticipation ...

[Headline]: Total Value of Cardano DeFi Ecosystem Nears $450M Amid Layer 1 Push; ADA Rockets 17%
[Summary]: Value locked on Cardano’s ecosystem grew rapidly in the past few weeks as a recent boost in Ethereum alternatives, such as Solana and Avalanche, is likely pushing crypto investors and users toward oth...

[Headline]: Cardano Jumps 20% as Analyst Eyes Bitcoin Pullback to $40K to 'Fill CME Gap'
[Summary]: Layer 1 tokens ADA, ALGO, AVAX and SOL among best performers as capital rotation from stalling BTC lifts altcoins.

Bitcoin may revisit $40,000 to ""fill CME price gap,"" crypto analyst Willy Woo specul...



Based on all the information before 2024-03-15, let's first analyze the positive developments and potential concerns for ADA-USD. Come up with 2-4 most important factors respectively and keep them concise. Most factors should be inferred from cryptocurrencies related news. Then let's assume your prediction for next week (2024-03-15 to 2024-03-22) is down by more than 5%. Provide a summary analysis to support your prediction. The prediction result need to be inferred from your analysis at the end, and thus not appearing as a foundational factor of your analysis.","**[Positive Developments]: **
1. **Price Increase**: ADA's price increased from $0.72 to $0.73, indicating a bullish trend.
2. **DeFi Ecosystem Growth**: The total value locked (TVL) in Cardano's DeFi ecosystem neared $450 million, indicating increased investor interest and confidence in the network's DeFi capabilities.

**[Potential Concerns]: **
1. **Sui OverTaking Cardano**: Sui overtook Cardano in value locked, which could lead to a shift in investor focus and potentially impact Cardano's price.
2. **Market Volatility**: The crypto market experienced volatility, with prominent cryptocurrencies, including Cardano, experiencing losses due to market fluctuations.

**[Prediction & Analysis]: **
While Cardano (ADA) has shown a price increase and growth in its DeFi ecosystem, the news of Sui overtaking Cardano in value locked and the market volatility could lead to a shift in investor focus and a potential sell-off. Additionally, the prolonged period of sideways trading may indicate that a significant market move is imminent. Therefore, it is reasonable to expect a more than 5% decrease for ADA in the upcoming week, as investors may take profits and reallocate their capital amid market uncertainty."
"[Cryptocurrency Introduction]: Cardano (ADA) is a cryptocurrency launched in 2017. Cardano has a current supply of 44,994,501,828.187738 with 35,337,743,183.176508 in circulation. The last known price of Cardano is 0.6700872 USD and is up 1.90 over the last 24 hours. It is currently trading on 1527 active market(s) with $602,433,351.40 traded over the last 24 hours. More information can be found at https://www.cardano.org.. It has a market capilization of 23782559744.

From 2024-03-01 to 2024-03-08, ADA-USD's stock price increased from 0.72 to 0.72. News during this period are listed below:

[Headline]: Sui Overtakes Aptos, Cardano in Value Locked; Sees $310M Inflow in 30 Days
[Summary]: The total amount of capital locked on Sui has risen from $211 million to $593 million since the turn of the year.

The SUI token is up by 131% in the same period.

Sui has now overtaken Aptos, Cardano...

[Headline]: First Mover Americas: Solana, Cardano Lead Losses as Market Starts Week in the Red
[Summary]: This article originally appeared in First Mover, CoinDesk’s daily newsletter, putting the latest moves in crypto markets in context. Subscribe to get it in your inbox every day.

Latest Prices

Top St...

[Headline]: Solana, Cardano Lead Crypto Market Lower as Traders Grapple With Bitcoin Headwinds
[Summary]: Prominent cryptocurrencies started the week in the red as fears of large bitcoin [BTC] sales continue to confront investors, who are likely scaling back exposure in the broader market in anticipation ...

[Headline]: Total Value of Cardano DeFi Ecosystem Nears $450M Amid Layer 1 Push; ADA Rockets 17%
[Summary]: Value locked on Cardano’s ecosystem grew rapidly in the past few weeks as a recent boost in Ethereum alternatives, such as Solana and Avalanche, is likely pushing crypto investors and users toward oth...

[Headline]: Cardano Jumps 20% as Analyst Eyes Bitcoin Pullback to $40K to 'Fill CME Gap'
[Summary]: Layer 1 tokens ADA, ALGO, AVAX and SOL among best performers as capital rotation from stalling BTC lifts altcoins.

Bitcoin may revisit $40,000 to ""fill CME price gap,"" crypto analyst Willy Woo specul...

From 2024-03-08 to 2024-03-15, ADA-USD's stock price increased from 0.72 to 0.73. News during this period are listed below:

[Headline]: Sui Overtakes Aptos, Cardano in Value Locked; Sees $310M Inflow in 30 Days
[Summary]: The total amount of capital locked on Sui has risen from $211 million to $593 million since the turn of the year.

The SUI token is up by 131% in the same period.

Sui has now overtaken Aptos, Cardano...

[Headline]: First Mover Americas: Solana, Cardano Lead Losses as Market Starts Week in the Red
[Summary]: This article originally appeared in First Mover, CoinDesk’s daily newsletter, putting the latest moves in crypto markets in context. Subscribe to get it in your inbox every day.

Latest Prices

Top St...

[Headline]: Solana, Cardano Lead Crypto Market Lower as Traders Grapple With Bitcoin Headwinds
[Summary]: Prominent cryptocurrencies started the week in the red as fears of large bitcoin [BTC] sales continue to confront investors, who are likely scaling back exposure in the broader market in anticipation ...

[Headline]: Total Value of Cardano DeFi Ecosystem Nears $450M Amid Layer 1 Push; ADA Rockets 17%
[Summary]: Value locked on Cardano’s ecosystem grew rapidly in the past few weeks as a recent boost in Ethereum alternatives, such as Solana and Avalanche, is likely pushing crypto investors and users toward oth...

[Headline]: Cardano Jumps 20% as Analyst Eyes Bitcoin Pullback to $40K to 'Fill CME Gap'
[Summary]: Layer 1 tokens ADA, ALGO, AVAX and SOL among best performers as capital rotation from stalling BTC lifts altcoins.

Bitcoin may revisit $40,000 to ""fill CME price gap,"" crypto analyst Willy Woo specul...

From 2024-03-15 to 2024-03-22, ADA-USD's stock price decreased from 0.73 to 0.61. News during this period are listed below:

[Headline]: Sui Overtakes Aptos, Cardano in Value Locked; Sees $310M Inflow in 30 Days
[Summary]: The total amount of capital locked on Sui has risen from $211 million to $593 million since the turn of the year.

The SUI token is up by 131% in the same period.

Sui has now overtaken Aptos, Cardano...

[Headline]: First Mover Americas: Solana, Cardano Lead Losses as Market Starts Week in the Red
[Summary]: This article originally appeared in First Mover, CoinDesk’s daily newsletter, putting the latest moves in crypto markets in context. Subscribe to get it in your inbox every day.

Latest Prices

Top St...

[Headline]: Solana, Cardano Lead Crypto Market Lower as Traders Grapple With Bitcoin Headwinds
[Summary]: Prominent cryptocurrencies started the week in the red as fears of large bitcoin [BTC] sales continue to confront investors, who are likely scaling back exposure in the broader market in anticipation ...

[Headline]: Total Value of Cardano DeFi Ecosystem Nears $450M Amid Layer 1 Push; ADA Rockets 17%
[Summary]: Value locked on Cardano’s ecosystem grew rapidly in the past few weeks as a recent boost in Ethereum alternatives, such as Solana and Avalanche, is likely pushing crypto investors and users toward oth...

[Headline]: Cardano Jumps 20% as Analyst Eyes Bitcoin Pullback to $40K to 'Fill CME Gap'
[Summary]: Layer 1 tokens ADA, ALGO, AVAX and SOL among best performers as capital rotation from stalling BTC lifts altcoins.

Bitcoin may revisit $40,000 to ""fill CME price gap,"" crypto analyst Willy Woo specul...



Based on all the information before 2024-03-22, let's first analyze the positive developments and potential concerns for ADA-USD. Come up with 2-4 most important factors respectively and keep them concise. Most factors should be inferred from cryptocurrencies related news. Then let's assume your prediction for next week (2024-03-22 to 2024-03-29) is up by more than 5%. Provide a summary analysis to support your prediction. The prediction result need to be inferred from your analysis at the end, and thus not appearing as a foundational factor of your analysis.","**[Positive Developments]:**
1. **DeFi Ecosystem Growth**: The total value locked (TVL) in Cardano's DeFi ecosystem neared $450 million, indicating increased investor interest and confidence in the network's DeFi capabilities.
2. **Layer 1 Push**: Cardano's focus on layer 1 solutions has positioned it as a strong alternative to Ethereum, attracting investors and users.
3. **Market Performance**: Despite market volatility, ADA showed strong performance with a 17% increase in value, demonstrating resilience and investor support.
4. **Analyst Sentiment**: Analysts like Willy Woo highlighted the potential for Bitcoin to revisit $40,000, which could benefit altcoins like ADA due to capital rotation.

**[Potential Concerns]:**
1. **Market-Wide Headwinds**: Fears of large Bitcoin sales and broader market exposure scaling back have negatively impacted ADA, as seen in the week starting 2024-03-15.
2. **Competition**: The rise of other layer 1 solutions like Sui, which overtook Cardano in value locked, presents competitive pressure.
3. **Market Sentiment**: The overall market sentiment starting the week in the red indicates potential bearish trends that could affect ADA.
4. **Dependence on Bitcoin**: ADA's performance is somewhat tied to Bitcoin's movements, which adds uncertainty given Bitcoin's volatility.

**[Prediction & Analysis]:**
Cardano (ADA) has shown resilience and growth potential, particularly with the increasing TVL in its DeFi ecosystem and positive analyst sentiment. However, the broader market headwinds and competitive pressure from other layer 1 solutions present challenges. Despite these concerns, ADA's strong performance and the potential for capital rotation from Bitcoin suggest that ADA could see a more than 5% increase in the upcoming week. The growing interest in Cardano's DeFi capabilities and its positioning as an Ethereum alternative are likely to drive this growth."
"[Cryptocurrency Introduction]: Cardano (ADA) is a cryptocurrency launched in 2017. Cardano has a current supply of 44,994,501,828.187738 with 35,337,743,183.176508 in circulation. The last known price of Cardano is 0.6700872 USD and is up 1.90 over the last 24 hours. It is currently trading on 1527 active market(s) with $602,433,351.40 traded over the last 24 hours. More information can be found at https://www.cardano.org.. It has a market capilization of 23782559744.

From 2024-03-22 to 2024-03-29, ADA-USD's stock price increased from 0.61 to 0.66. News during this period are listed below:

[Headline]: Sui Overtakes Aptos, Cardano in Value Locked; Sees $310M Inflow in 30 Days
[Summary]: The total amount of capital locked on Sui has risen from $211 million to $593 million since the turn of the year.

The SUI token is up by 131% in the same period.

Sui has now overtaken Aptos, Cardano...

[Headline]: First Mover Americas: Solana, Cardano Lead Losses as Market Starts Week in the Red
[Summary]: This article originally appeared in First Mover, CoinDesk’s daily newsletter, putting the latest moves in crypto markets in context. Subscribe to get it in your inbox every day.

Latest Prices

Top St...

[Headline]: Solana, Cardano Lead Crypto Market Lower as Traders Grapple With Bitcoin Headwinds
[Summary]: Prominent cryptocurrencies started the week in the red as fears of large bitcoin [BTC] sales continue to confront investors, who are likely scaling back exposure in the broader market in anticipation ...

[Headline]: Total Value of Cardano DeFi Ecosystem Nears $450M Amid Layer 1 Push; ADA Rockets 17%
[Summary]: Value locked on Cardano’s ecosystem grew rapidly in the past few weeks as a recent boost in Ethereum alternatives, such as Solana and Avalanche, is likely pushing crypto investors and users toward oth...

[Headline]: Cardano Jumps 20% as Analyst Eyes Bitcoin Pullback to $40K to 'Fill CME Gap'
[Summary]: Layer 1 tokens ADA, ALGO, AVAX and SOL among best performers as capital rotation from stalling BTC lifts altcoins.

Bitcoin may revisit $40,000 to ""fill CME price gap,"" crypto analyst Willy Woo specul...



Based on all the information before 2024-03-29, let's first analyze the positive developments and potential concerns for ADA-USD. Come up with 2-4 most important factors respectively and keep them concise. Most factors should be inferred from cryptocurrencies related news. Then let's assume your prediction for next week (2024-03-29 to 2024-04-05) is down by more than 5%. Provide a summary analysis to support your prediction. The prediction result need to be inferred from your analysis at the end, and thus not appearing as a foundational factor of your analysis.","**[Positive Developments]:**
1. **DeFi Ecosystem Growth**: The total value locked (TVL) in Cardano's DeFi ecosystem neared $450 million, indicating increased investor interest and confidence in the network's DeFi capabilities.
2. **Layer 1 Push**: Cardano's focus on layer 1 solutions has positioned it as a strong alternative to Ethereum, attracting investors and users.
3. **Market Performance**: Despite market volatility, ADA showed strong performance with a 17% increase in value, demonstrating resilience and investor support.
4. **Analyst Sentiment**: Analysts like Willy Woo highlighted the potential for Bitcoin to revisit $40,000, which could benefit altcoins like ADA due to capital rotation.

**[Potential Concerns]:**
1. **Market-Wide Headwinds**: Fears of large Bitcoin sales and broader market exposure scaling back have negatively impacted ADA, as seen in the week starting 2024-03-15.
2. **Competition**: The rise of other layer 1 solutions like Sui, which overtook Cardano in value locked, presents competitive pressure.
3. **Market Sentiment**: The overall market sentiment starting the week in the red indicates potential bearish trends that could affect ADA.
4. **Dependence on Bitcoin**: ADA's performance is somewhat tied to Bitcoin's movements, which adds uncertainty given Bitcoin's volatility.

**[Prediction & Analysis]:**
While Cardano (ADA) has shown resilience and growth potential, the broader market headwinds and competitive pressure from other layer 1 solutions present significant challenges. The overall market sentiment starting the week in the red and the dependence on Bitcoin's movements add to the uncertainty. Given these factors, ADA is likely to face downward pressure, leading to a more than 5% decrease in the upcoming week. The competitive landscape and broader market trends are likely to outweigh the positive developments in Cardano's DeFi ecosystem."
"[Cryptocurrency Introduction]: Cardano (ADA) is a cryptocurrency launched in 2017. Cardano has a current supply of 44,994,501,828.187738 with 35,337,743,183.176508 in circulation. The last known price of Cardano is 0.6700872 USD and is up 1.90 over the last 24 hours. It is currently trading on 1527 active market(s) with $602,433,351.40 traded over the last 24 hours. More information can be found at https://www.cardano.org.. It has a market capilization of 23782559744.

From 2024-03-22 to 2024-03-29, ADA-USD's stock price increased from 0.61 to 0.66. News during this period are listed below:

[Headline]: Sui Overtakes Aptos, Cardano in Value Locked; Sees $310M Inflow in 30 Days
[Summary]: The total amount of capital locked on Sui has risen from $211 million to $593 million since the turn of the year.

The SUI token is up by 131% in the same period.

Sui has now overtaken Aptos, Cardano...

[Headline]: First Mover Americas: Solana, Cardano Lead Losses as Market Starts Week in the Red
[Summary]: This article originally appeared in First Mover, CoinDesk’s daily newsletter, putting the latest moves in crypto markets in context. Subscribe to get it in your inbox every day.

Latest Prices

Top St...

[Headline]: Solana, Cardano Lead Crypto Market Lower as Traders Grapple With Bitcoin Headwinds
[Summary]: Prominent cryptocurrencies started the week in the red as fears of large bitcoin [BTC] sales continue to confront investors, who are likely scaling back exposure in the broader market in anticipation ...

[Headline]: Total Value of Cardano DeFi Ecosystem Nears $450M Amid Layer 1 Push; ADA Rockets 17%
[Summary]: Value locked on Cardano’s ecosystem grew rapidly in the past few weeks as a recent boost in Ethereum alternatives, such as Solana and Avalanche, is likely pushing crypto investors and users toward oth...

[Headline]: Cardano Jumps 20% as Analyst Eyes Bitcoin Pullback to $40K to 'Fill CME Gap'
[Summary]: Layer 1 tokens ADA, ALGO, AVAX and SOL among best performers as capital rotation from stalling BTC lifts altcoins.

Bitcoin may revisit $40,000 to ""fill CME price gap,"" crypto analyst Willy Woo specul...

From 2024-03-29 to 2024-04-05, ADA-USD's stock price decreased from 0.66 to 0.57. News during this period are listed below:

[Headline]: Sui Overtakes Aptos, Cardano in Value Locked; Sees $310M Inflow in 30 Days
[Summary]: The total amount of capital locked on Sui has risen from $211 million to $593 million since the turn of the year.

The SUI token is up by 131% in the same period.

Sui has now overtaken Aptos, Cardano...

[Headline]: First Mover Americas: Solana, Cardano Lead Losses as Market Starts Week in the Red
[Summary]: This article originally appeared in First Mover, CoinDesk’s daily newsletter, putting the latest moves in crypto markets in context. Subscribe to get it in your inbox every day.

Latest Prices

Top St...

[Headline]: Solana, Cardano Lead Crypto Market Lower as Traders Grapple With Bitcoin Headwinds
[Summary]: Prominent cryptocurrencies started the week in the red as fears of large bitcoin [BTC] sales continue to confront investors, who are likely scaling back exposure in the broader market in anticipation ...

[Headline]: Total Value of Cardano DeFi Ecosystem Nears $450M Amid Layer 1 Push; ADA Rockets 17%
[Summary]: Value locked on Cardano’s ecosystem grew rapidly in the past few weeks as a recent boost in Ethereum alternatives, such as Solana and Avalanche, is likely pushing crypto investors and users toward oth...

[Headline]: Cardano Jumps 20% as Analyst Eyes Bitcoin Pullback to $40K to 'Fill CME Gap'
[Summary]: Layer 1 tokens ADA, ALGO, AVAX and SOL among best performers as capital rotation from stalling BTC lifts altcoins.

Bitcoin may revisit $40,000 to ""fill CME price gap,"" crypto analyst Willy Woo specul...



Based on all the information before 2024-04-05, let's first analyze the positive developments and potential concerns for ADA-USD. Come up with 2-4 most important factors respectively and keep them concise. Most factors should be inferred from cryptocurrencies related news. Then let's assume your prediction for next week (2024-04-05 to 2024-04-12) is down by more than 5%. Provide a summary analysis to support your prediction. The prediction result need to be inferred from your analysis at the end, and thus not appearing as a foundational factor of your analysis.","**[Positive Developments]:**
1. **DeFi Ecosystem Growth**: The total value locked (TVL) in Cardano's DeFi ecosystem neared $450 million, indicating increased investor interest and confidence in the network's DeFi capabilities.
2. **Layer 1 Push**: Cardano's focus on layer 1 solutions has positioned it as a strong alternative to Ethereum, attracting investors and users.
3. **Market Performance**: Despite market volatility, ADA showed strong performance with a 17% increase in value, demonstrating resilience and investor support.
4. **Analyst Sentiment**: Analysts like Willy Woo highlighted the potential for Bitcoin to revisit $40,000, which could benefit altcoins like ADA due to capital rotation.

**[Potential Concerns]:**
1. **Market-Wide Headwinds**: Fears of large Bitcoin sales and broader market exposure scaling back have negatively impacted ADA, as seen in the week starting 2024-03-15.
2. **Competition**: The rise of other layer 1 solutions like Sui, which overtook Cardano in value locked, presents competitive pressure.
3. **Market Sentiment**: The overall market sentiment starting the week in the red indicates potential bearish trends that could affect ADA.
4. **Dependence on Bitcoin**: ADA's performance is somewhat tied to Bitcoin's movements, which adds uncertainty given Bitcoin's volatility.

**[Prediction & Analysis]:**
The broader market headwinds and competitive pressure from other layer 1 solutions present significant challenges for Cardano (ADA). The overall market sentiment starting the week in the red and the dependence on Bitcoin's movements add to the uncertainty. Given these factors, ADA is likely to face downward pressure, leading to a more than 5% decrease in the upcoming week. The competitive landscape and broader market trends are likely to outweigh the positive developments in Cardano's DeFi ecosystem."
"[Cryptocurrency Introduction]: Cardano (ADA) is a cryptocurrency launched in 2017. Cardano has a current supply of 44,994,501,828.187738 with 35,337,743,183.176508 in circulation. The last known price of Cardano is 0.6700872 USD and is up 1.90 over the last 24 hours. It is currently trading on 1527 active market(s) with $602,433,351.40 traded over the last 24 hours. More information can be found at https://www.cardano.org.. It has a market capilization of 23782559744.

From 2024-04-05 to 2024-04-12, ADA-USD's stock price decreased from 0.57 to 0.50. News during this period are listed below:

[Headline]: Bitcoin Falls Below $69K Ahead of U.S. CPI; Cardano, Dogecoin Lead Losses in Altcoins
[Summary]: Bitcoin and major alternative cryptocurrencies (altcoins) trade weak ahead of the pivotal U.S. CPI release.

One observer said the pullback could soon run out of steam as selling pressure from wallets...



Based on all the information before 2024-04-12, let's first analyze the positive developments and potential concerns for ADA-USD. Come up with 2-4 most important factors respectively and keep them concise. Most factors should be inferred from cryptocurrencies related news. Then let's assume your prediction for next week (2024-04-12 to 2024-04-19) is down by more than 5%. Provide a summary analysis to support your prediction. The prediction result need to be inferred from your analysis at the end, and thus not appearing as a foundational factor of your analysis.","**[Positive Developments]:**
1. **DeFi Ecosystem Growth**: The total value locked (TVL) in Cardano's DeFi ecosystem neared $450 million, indicating increased investor interest and confidence in the network's DeFi capabilities.
2. **Layer 1 Push**: Cardano's focus on layer 1 solutions has positioned it as a strong alternative to Ethereum, attracting investors and users.
3. **Market Performance**: Despite market volatility, ADA showed strong performance with a 17% increase in value, demonstrating resilience and investor support.
4. **Analyst Sentiment**: Analysts like Willy Woo highlighted the potential for Bitcoin to revisit $40,000, which could benefit altcoins like ADA due to capital rotation.

**[Potential Concerns]:**
1. **Market-Wide Headwinds**: Fears of large Bitcoin sales and broader market exposure scaling back have negatively impacted ADA, as seen in the week starting 2024-03-15.
2. **Competition**: The rise of other layer 1 solutions like Sui, which overtook Cardano in value locked, presents competitive pressure.
3. **Market Sentiment**: The overall market sentiment starting the week in the red indicates potential bearish trends that could affect ADA.
4. **Dependence on Bitcoin**: ADA's performance is somewhat tied to Bitcoin's movements, which adds uncertainty given Bitcoin's volatility.

**[Prediction & Analysis]:**
The broader market headwinds and competitive pressure from other layer 1 solutions present significant challenges for Cardano (ADA). The overall market sentiment starting the week in the red and the dependence on Bitcoin's movements add to the uncertainty. Given these factors, ADA is likely to face downward pressure, leading to a more than 5% decrease in the upcoming week. The competitive landscape and broader market trends are likely to outweigh the positive developments in Cardano's DeFi ecosystem."
"[Cryptocurrency Introduction]: Cardano (ADA) is a cryptocurrency launched in 2017. Cardano has a current supply of 44,994,501,828.187738 with 35,337,743,183.176508 in circulation. The last known price of Cardano is 0.6700872 USD and is up 1.90 over the last 24 hours. It is currently trading on 1527 active market(s) with $602,433,351.40 traded over the last 24 hours. More information can be found at https://www.cardano.org.. It has a market capilization of 23782559744.

From 2024-04-05 to 2024-04-12, ADA-USD's stock price decreased from 0.57 to 0.50. News during this period are listed below:

[Headline]: Bitcoin Falls Below $69K Ahead of U.S. CPI; Cardano, Dogecoin Lead Losses in Altcoins
[Summary]: Bitcoin and major alternative cryptocurrencies (altcoins) trade weak ahead of the pivotal U.S. CPI release.

One observer said the pullback could soon run out of steam as selling pressure from wallets...

From 2024-04-12 to 2024-04-19, ADA-USD's stock price decreased from 0.50 to 0.47. News during this period are listed below:

[Headline]: Bitcoin Falls Below $69K Ahead of U.S. CPI; Cardano, Dogecoin Lead Losses in Altcoins
[Summary]: Bitcoin and major alternative cryptocurrencies (altcoins) trade weak ahead of the pivotal U.S. CPI release.

One observer said the pullback could soon run out of steam as selling pressure from wallets...

[Headline]: Sui Overtakes Aptos, Cardano in Value Locked; Sees $310M Inflow in 30 Days
[Summary]: The total amount of capital locked on Sui has risen from $211 million to $593 million since the turn of the year.

The SUI token is up by 131% in the same period.

Sui has now overtaken Aptos, Cardano...

[Headline]: First Mover Americas: Solana, Cardano Lead Losses as Market Starts Week in the Red
[Summary]: This article originally appeared in First Mover, CoinDesk’s daily newsletter, putting the latest moves in crypto markets in context. Subscribe to get it in your inbox every day.

Latest Prices

Top St...

[Headline]: Solana, Cardano Lead Crypto Market Lower as Traders Grapple With Bitcoin Headwinds
[Summary]: Prominent cryptocurrencies started the week in the red as fears of large bitcoin [BTC] sales continue to confront investors, who are likely scaling back exposure in the broader market in anticipation ...

[Headline]: Total Value of Cardano DeFi Ecosystem Nears $450M Amid Layer 1 Push; ADA Rockets 17%
[Summary]: Value locked on Cardano’s ecosystem grew rapidly in the past few weeks as a recent boost in Ethereum alternatives, such as Solana and Avalanche, is likely pushing crypto investors and users toward oth...



Based on all the information before 2024-04-19, let's first analyze the positive developments and potential concerns for ADA-USD. Come up with 2-4 most important factors respectively and keep them concise. Most factors should be inferred from cryptocurrencies related news. Then let's assume your prediction for next week (2024-04-19 to 2024-04-26) is down by 1-2%. Provide a summary analysis to support your prediction. The prediction result need to be inferred from your analysis at the end, and thus not appearing as a foundational factor of your analysis.","**[Positive Developments]:**
1. **DeFi Ecosystem Growth**: The total value locked (TVL) in Cardano's DeFi ecosystem neared $450 million, indicating increased investor interest and confidence in the network's DeFi capabilities.
2. **Layer 1 Push**: Cardano's focus on layer 1 solutions has positioned it as a strong alternative to Ethereum, attracting investors and users.
3. **Market Performance**: Despite market volatility, ADA showed strong performance with a 17% increase in value, demonstrating resilience and investor support.
4. **Analyst Sentiment**: Analysts like Willy Woo highlighted the potential for Bitcoin to revisit $40,000, which could benefit altcoins like ADA due to capital rotation.

**[Potential Concerns]:**
1. **Market-Wide Headwinds**: Fears of large Bitcoin sales and broader market exposure scaling back have negatively impacted ADA, as seen in the week starting 2024-03-15.
2. **Competition**: The rise of other layer 1 solutions like Sui, which overtook Cardano in value locked, presents competitive pressure.
3. **Market Sentiment**: The overall market sentiment starting the week in the red indicates potential bearish trends that could affect ADA.
4. **Dependence on Bitcoin**: ADA's performance is somewhat tied to Bitcoin's movements, which adds uncertainty given Bitcoin's volatility.

**[Prediction & Analysis]:**
While Cardano (ADA) has shown resilience and growth potential, the broader market headwinds and competitive pressure from other layer 1 solutions present challenges. The overall market sentiment starting the week in the red and the dependence on Bitcoin's movements add to the uncertainty. However, the positive developments in Cardano's DeFi ecosystem and the potential for capital rotation from Bitcoin suggest that ADA could see a slight decrease of 1-2% in the upcoming week. The growing interest in Cardano's DeFi capabilities and its positioning as an Ethereum alternative are likely to mitigate some of the downward pressure."
"[Cryptocurrency Introduction]: Cardano (ADA) is a cryptocurrency launched in 2017. Cardano has a current supply of 44,994,501,828.187738 with 35,337,743,183.176508 in circulation. The last known price of Cardano is 0.6700872 USD and is up 1.90 over the last 24 hours. It is currently trading on 1527 active market(s) with $602,433,351.40 traded over the last 24 hours. More information can be found at https://www.cardano.org.. It has a market capilization of 23782559744.

From 2024-04-05 to 2024-04-12, ADA-USD's stock price decreased from 0.57 to 0.50. News during this period are listed below:

[Headline]: Bitcoin Falls Below $69K Ahead of U.S. CPI; Cardano, Dogecoin Lead Losses in Altcoins
[Summary]: Bitcoin and major alternative cryptocurrencies (altcoins) trade weak ahead of the pivotal U.S. CPI release.

One observer said the pullback could soon run out of steam as selling pressure from wallets...

From 2024-04-12 to 2024-04-19, ADA-USD's stock price decreased from 0.50 to 0.47. News during this period are listed below:

[Headline]: Bitcoin Falls Below $69K Ahead of U.S. CPI; Cardano, Dogecoin Lead Losses in Altcoins
[Summary]: Bitcoin and major alternative cryptocurrencies (altcoins) trade weak ahead of the pivotal U.S. CPI release.

One observer said the pullback could soon run out of steam as selling pressure from wallets...

[Headline]: Sui Overtakes Aptos, Cardano in Value Locked; Sees $310M Inflow in 30 Days
[Summary]: The total amount of capital locked on Sui has risen from $211 million to $593 million since the turn of the year.

The SUI token is up by 131% in the same period.

Sui has now overtaken Aptos, Cardano...

[Headline]: First Mover Americas: Solana, Cardano Lead Losses as Market Starts Week in the Red
[Summary]: This article originally appeared in First Mover, CoinDesk’s daily newsletter, putting the latest moves in crypto markets in context. Subscribe to get it in your inbox every day.

Latest Prices

Top St...

[Headline]: Solana, Cardano Lead Crypto Market Lower as Traders Grapple With Bitcoin Headwinds
[Summary]: Prominent cryptocurrencies started the week in the red as fears of large bitcoin [BTC] sales continue to confront investors, who are likely scaling back exposure in the broader market in anticipation ...

[Headline]: Total Value of Cardano DeFi Ecosystem Nears $450M Amid Layer 1 Push; ADA Rockets 17%
[Summary]: Value locked on Cardano’s ecosystem grew rapidly in the past few weeks as a recent boost in Ethereum alternatives, such as Solana and Avalanche, is likely pushing crypto investors and users toward oth...

From 2024-04-19 to 2024-04-26, ADA-USD's stock price decreased from 0.47 to 0.46. News during this period are listed below:

[Headline]: Bitcoin Falls Below $69K Ahead of U.S. CPI; Cardano, Dogecoin Lead Losses in Altcoins
[Summary]: Bitcoin and major alternative cryptocurrencies (altcoins) trade weak ahead of the pivotal U.S. CPI release.

One observer said the pullback could soon run out of steam as selling pressure from wallets...

[Headline]: Sui Overtakes Aptos, Cardano in Value Locked; Sees $310M Inflow in 30 Days
[Summary]: The total amount of capital locked on Sui has risen from $211 million to $593 million since the turn of the year.

The SUI token is up by 131% in the same period.

Sui has now overtaken Aptos, Cardano...

[Headline]: First Mover Americas: Solana, Cardano Lead Losses as Market Starts Week in the Red
[Summary]: This article originally appeared in First Mover, CoinDesk’s daily newsletter, putting the latest moves in crypto markets in context. Subscribe to get it in your inbox every day.

Latest Prices

Top St...

[Headline]: Solana, Cardano Lead Crypto Market Lower as Traders Grapple With Bitcoin Headwinds
[Summary]: Prominent cryptocurrencies started the week in the red as fears of large bitcoin [BTC] sales continue to confront investors, who are likely scaling back exposure in the broader market in anticipation ...

[Headline]: Total Value of Cardano DeFi Ecosystem Nears $450M Amid Layer 1 Push; ADA Rockets 17%
[Summary]: Value locked on Cardano’s ecosystem grew rapidly in the past few weeks as a recent boost in Ethereum alternatives, such as Solana and Avalanche, is likely pushing crypto investors and users toward oth...



Based on all the information before 2024-04-26, let's first analyze the positive developments and potential concerns for ADA-USD. Come up with 2-4 most important factors respectively and keep them concise. Most factors should be inferred from cryptocurrencies related news. Then let's assume your prediction for next week (2024-04-26 to 2024-05-03) is up by 1-2%. Provide a summary analysis to support your prediction. The prediction result need to be inferred from your analysis at the end, and thus not appearing as a foundational factor of your analysis.","**[Positive Developments]:
1. **Growth in DeFi Ecosystem**: The total value locked (TVL) on Cardano's DeFi ecosystem neared $450 million, indicating increased investor interest and capital inflow into the network.
2. **Layer 1 Push**: Cardano's focus on Layer 1 solutions has driven a 17% rise in ADA's value, suggesting market confidence in its technological advancements.

**[Potential Concerns]:
1. **Market Sentiment**: Bitcoin's fall below $69K and the broader market weakness ahead of the U.S. CPI release have negatively impacted altcoins, including Cardano.
2. **Competitor Performance**: Sui overtaking Cardano in value locked raises concerns about Cardano's competitive edge in the DeFi space.
3. **Bitcoin Headwinds**: Fears of large Bitcoin sales have led traders to scale back exposure in the broader market, affecting Cardano's price.

**[Prediction & Analysis]:
Cardano (ADA) has shown resilience with a 17% rise in value due to growth in its DeFi ecosystem and Layer 1 push. However, the broader market sentiment driven by Bitcoin's performance and macroeconomic factors like the U.S. CPI release has led to a slight decrease in ADA's price over the past weeks. Despite these headwinds, ADA's strong fundamentals and recent developments suggest a potential rebound. The increased TVL and focus on Layer 1 solutions indicate growing investor confidence, which could drive demand for ADA. Additionally, the market's tendency to quickly absorb and react to negative news suggests that the recent downtrend may be short-lived. Therefore, we anticipate a modest upward movement for ADA-USD in the upcoming week, with the price expected to increase by approximately 1-2%.**"
"[Cryptocurrency Introduction]: Cardano (ADA) is a cryptocurrency launched in 2017. Cardano has a current supply of 44,994,501,828.187738 with 35,337,743,183.176508 in circulation. The last known price of Cardano is 0.6700872 USD and is up 1.90 over the last 24 hours. It is currently trading on 1527 active market(s) with $602,433,351.40 traded over the last 24 hours. More information can be found at https://www.cardano.org.. It has a market capilization of 23782559744.

From 2024-04-19 to 2024-04-26, ADA-USD's stock price decreased from 0.47 to 0.46. News during this period are listed below:

[Headline]: Bitcoin Falls Below $69K Ahead of U.S. CPI; Cardano, Dogecoin Lead Losses in Altcoins
[Summary]: Bitcoin and major alternative cryptocurrencies (altcoins) trade weak ahead of the pivotal U.S. CPI release.

One observer said the pullback could soon run out of steam as selling pressure from wallets...

[Headline]: Sui Overtakes Aptos, Cardano in Value Locked; Sees $310M Inflow in 30 Days
[Summary]: The total amount of capital locked on Sui has risen from $211 million to $593 million since the turn of the year.

The SUI token is up by 131% in the same period.

Sui has now overtaken Aptos, Cardano...

[Headline]: First Mover Americas: Solana, Cardano Lead Losses as Market Starts Week in the Red
[Summary]: This article originally appeared in First Mover, CoinDesk’s daily newsletter, putting the latest moves in crypto markets in context. Subscribe to get it in your inbox every day.

Latest Prices

Top St...

[Headline]: Solana, Cardano Lead Crypto Market Lower as Traders Grapple With Bitcoin Headwinds
[Summary]: Prominent cryptocurrencies started the week in the red as fears of large bitcoin [BTC] sales continue to confront investors, who are likely scaling back exposure in the broader market in anticipation ...

[Headline]: Total Value of Cardano DeFi Ecosystem Nears $450M Amid Layer 1 Push; ADA Rockets 17%
[Summary]: Value locked on Cardano’s ecosystem grew rapidly in the past few weeks as a recent boost in Ethereum alternatives, such as Solana and Avalanche, is likely pushing crypto investors and users toward oth...

From 2024-04-26 to 2024-05-03, ADA-USD's stock price increased from 0.46 to 0.47. News during this period are listed below:

[Headline]: Bitcoin Falls Below $69K Ahead of U.S. CPI; Cardano, Dogecoin Lead Losses in Altcoins
[Summary]: Bitcoin and major alternative cryptocurrencies (altcoins) trade weak ahead of the pivotal U.S. CPI release.

One observer said the pullback could soon run out of steam as selling pressure from wallets...

[Headline]: Sui Overtakes Aptos, Cardano in Value Locked; Sees $310M Inflow in 30 Days
[Summary]: The total amount of capital locked on Sui has risen from $211 million to $593 million since the turn of the year.

The SUI token is up by 131% in the same period.

Sui has now overtaken Aptos, Cardano...

[Headline]: First Mover Americas: Solana, Cardano Lead Losses as Market Starts Week in the Red
[Summary]: This article originally appeared in First Mover, CoinDesk’s daily newsletter, putting the latest moves in crypto markets in context. Subscribe to get it in your inbox every day.

Latest Prices

Top St...

[Headline]: Solana, Cardano Lead Crypto Market Lower as Traders Grapple With Bitcoin Headwinds
[Summary]: Prominent cryptocurrencies started the week in the red as fears of large bitcoin [BTC] sales continue to confront investors, who are likely scaling back exposure in the broader market in anticipation ...

[Headline]: Total Value of Cardano DeFi Ecosystem Nears $450M Amid Layer 1 Push; ADA Rockets 17%
[Summary]: Value locked on Cardano’s ecosystem grew rapidly in the past few weeks as a recent boost in Ethereum alternatives, such as Solana and Avalanche, is likely pushing crypto investors and users toward oth...



Based on all the information before 2024-05-03, let's first analyze the positive developments and potential concerns for ADA-USD. Come up with 2-4 most important factors respectively and keep them concise. Most factors should be inferred from cryptocurrencies related news. Then let's assume your prediction for next week (2024-05-03 to 2024-05-10) is down by 4-5%. Provide a summary analysis to support your prediction. The prediction result need to be inferred from your analysis at the end, and thus not appearing as a foundational factor of your analysis.","**[Positive Developments]:
1. **Increased TVL**: The total value locked on Cardano's DeFi ecosystem neared $450 million, demonstrating strong investor interest and capital inflow.
2. **ADA's Price Increase**: Despite market volatility, ADA's price increased by 17% due to growth in Ethereum alternatives and Cardano's Layer 1 push.

**[Potential Concerns]:
1. **Broad Market Weakness**: Bitcoin's fall and the overall crypto market's weak start to the week have negatively impacted Cardano's price.
2. **Competition**: Sui's significant inflow and overtaking of Cardano in value locked pose a competitive threat to Cardano's DeFi ecosystem.
3. **Macroeconomic Factors**: The upcoming U.S. CPI release and its potential impact on the crypto market create uncertainty for Cardano's price movement.

**[Prediction & Analysis]:
While Cardano (ADA) has shown positive developments such as increased TVL and a Layer 1 push, the broader market sentiment and macroeconomic factors present significant headwinds. The recent price increase in ADA may not be sustainable in the face of Bitcoin's fall and the overall crypto market weakness. Additionally, intensifying competition from projects like Sui could further pressure Cardano's DeFi ecosystem. The upcoming U.S. CPI release adds another layer of uncertainty, potentially driving investors to more cautious positions. Considering these factors, we anticipate a downturn for ADA-USD in the upcoming week, with the price expected to decrease by approximately 4-5%.**"
"[Cryptocurrency Introduction]: Cardano (ADA) is a cryptocurrency launched in 2017. Cardano has a current supply of 44,994,501,828.187738 with 35,337,743,183.176508 in circulation. The last known price of Cardano is 0.6700872 USD and is up 1.90 over the last 24 hours. It is currently trading on 1527 active market(s) with $602,433,351.40 traded over the last 24 hours. More information can be found at https://www.cardano.org.. It has a market capilization of 23782559744.

From 2024-04-26 to 2024-05-03, ADA-USD's stock price increased from 0.46 to 0.47. News during this period are listed below:

[Headline]: Bitcoin Falls Below $69K Ahead of U.S. CPI; Cardano, Dogecoin Lead Losses in Altcoins
[Summary]: Bitcoin and major alternative cryptocurrencies (altcoins) trade weak ahead of the pivotal U.S. CPI release.

One observer said the pullback could soon run out of steam as selling pressure from wallets...

[Headline]: Sui Overtakes Aptos, Cardano in Value Locked; Sees $310M Inflow in 30 Days
[Summary]: The total amount of capital locked on Sui has risen from $211 million to $593 million since the turn of the year.

The SUI token is up by 131% in the same period.

Sui has now overtaken Aptos, Cardano...

[Headline]: First Mover Americas: Solana, Cardano Lead Losses as Market Starts Week in the Red
[Summary]: This article originally appeared in First Mover, CoinDesk’s daily newsletter, putting the latest moves in crypto markets in context. Subscribe to get it in your inbox every day.

Latest Prices

Top St...

[Headline]: Solana, Cardano Lead Crypto Market Lower as Traders Grapple With Bitcoin Headwinds
[Summary]: Prominent cryptocurrencies started the week in the red as fears of large bitcoin [BTC] sales continue to confront investors, who are likely scaling back exposure in the broader market in anticipation ...

[Headline]: Total Value of Cardano DeFi Ecosystem Nears $450M Amid Layer 1 Push; ADA Rockets 17%
[Summary]: Value locked on Cardano’s ecosystem grew rapidly in the past few weeks as a recent boost in Ethereum alternatives, such as Solana and Avalanche, is likely pushing crypto investors and users toward oth...

From 2024-05-03 to 2024-05-10, ADA-USD's stock price decreased from 0.47 to 0.45. News during this period are listed below:

[Headline]: Bitcoin Falls Below $69K Ahead of U.S. CPI; Cardano, Dogecoin Lead Losses in Altcoins
[Summary]: Bitcoin and major alternative cryptocurrencies (altcoins) trade weak ahead of the pivotal U.S. CPI release.

One observer said the pullback could soon run out of steam as selling pressure from wallets...

[Headline]: Sui Overtakes Aptos, Cardano in Value Locked; Sees $310M Inflow in 30 Days
[Summary]: The total amount of capital locked on Sui has risen from $211 million to $593 million since the turn of the year.

The SUI token is up by 131% in the same period.

Sui has now overtaken Aptos, Cardano...

[Headline]: First Mover Americas: Solana, Cardano Lead Losses as Market Starts Week in the Red
[Summary]: This article originally appeared in First Mover, CoinDesk’s daily newsletter, putting the latest moves in crypto markets in context. Subscribe to get it in your inbox every day.

Latest Prices

Top St...

[Headline]: Solana, Cardano Lead Crypto Market Lower as Traders Grapple With Bitcoin Headwinds
[Summary]: Prominent cryptocurrencies started the week in the red as fears of large bitcoin [BTC] sales continue to confront investors, who are likely scaling back exposure in the broader market in anticipation ...

[Headline]: Total Value of Cardano DeFi Ecosystem Nears $450M Amid Layer 1 Push; ADA Rockets 17%
[Summary]: Value locked on Cardano’s ecosystem grew rapidly in the past few weeks as a recent boost in Ethereum alternatives, such as Solana and Avalanche, is likely pushing crypto investors and users toward oth...



Based on all the information before 2024-05-10, let's first analyze the positive developments and potential concerns for ADA-USD. Come up with 2-4 most important factors respectively and keep them concise. Most factors should be inferred from cryptocurrencies related news. Then let's assume your prediction for next week (2024-05-10 to 2024-05-17) is up by more than 5%. Provide a summary analysis to support your prediction. The prediction result need to be inferred from your analysis at the end, and thus not appearing as a foundational factor of your analysis.","**[Positive Developments]:
1. **DeFi Ecosystem Growth**: The total value locked on Cardano's DeFi ecosystem neared $450 million, indicating strong investor interest and engagement.
2. **Technological Advancements**: Cardano's focus on Layer 1 solutions has driven a 17% rise in ADA's value, reflecting market confidence in its development.

**[Potential Concerns]:
1. **Market Volatility**: Bitcoin's fall below $69K and the broader market's weak start have negatively impacted Cardano's price.
2. **Competitor Pressure**: Sui's significant inflow and overtaking of Cardano in value locked raise concerns about Cardano's ability to maintain its market position.
3. **Regulatory Uncertainty**: The upcoming U.S. CPI release and its potential regulatory implications create uncertainty for the crypto market and Cardano's price.

**[Prediction & Analysis]:
Cardano (ADA) has demonstrated strong fundamentals with growth in its DeFi ecosystem and technological advancements. However, the broader market volatility driven by Bitcoin's performance and macroeconomic factors has led to a recent decrease in ADA's price. Despite these challenges, the robust engagement in Cardano's DeFi ecosystem and its Layer 1 push suggest a potential rebound. The market's tendency to quickly absorb negative news and the strong fundamentals indicate that the recent downtrend may be reversed. Therefore, we anticipate a significant upward movement for ADA-USD in the upcoming week, with the price expected to increase by more than 5%.**"
"[Cryptocurrency Introduction]: Cardano (ADA) is a cryptocurrency launched in 2017. Cardano has a current supply of 44,994,501,828.187738 with 35,337,743,183.176508 in circulation. The last known price of Cardano is 0.6700872 USD and is up 1.90 over the last 24 hours. It is currently trading on 1527 active market(s) with $602,433,351.40 traded over the last 24 hours. More information can be found at https://www.cardano.org.. It has a market capilization of 23782559744.

From 2024-04-19 to 2024-04-26, ADA-USD's stock price decreased from 0.47 to 0.46. News during this period are listed below:

[Headline]: Bitcoin Falls Below $69K Ahead of U.S. CPI; Cardano, Dogecoin Lead Losses in Altcoins
[Summary]: Bitcoin and major alternative cryptocurrencies (altcoins) trade weak ahead of the pivotal U.S. CPI release.

One observer said the pullback could soon run out of steam as selling pressure from wallets...

[Headline]: Sui Overtakes Aptos, Cardano in Value Locked; Sees $310M Inflow in 30 Days
[Summary]: The total amount of capital locked on Sui has risen from $211 million to $593 million since the turn of the year.

The SUI token is up by 131% in the same period.

Sui has now overtaken Aptos, Cardano...

[Headline]: First Mover Americas: Solana, Cardano Lead Losses as Market Starts Week in the Red
[Summary]: This article originally appeared in First Mover, CoinDesk’s daily newsletter, putting the latest moves in crypto markets in context. Subscribe to get it in your inbox every day.

Latest Prices

Top St...

[Headline]: Solana, Cardano Lead Crypto Market Lower as Traders Grapple With Bitcoin Headwinds
[Summary]: Prominent cryptocurrencies started the week in the red as fears of large bitcoin [BTC] sales continue to confront investors, who are likely scaling back exposure in the broader market in anticipation ...

[Headline]: Total Value of Cardano DeFi Ecosystem Nears $450M Amid Layer 1 Push; ADA Rockets 17%
[Summary]: Value locked on Cardano’s ecosystem grew rapidly in the past few weeks as a recent boost in Ethereum alternatives, such as Solana and Avalanche, is likely pushing crypto investors and users toward oth...

From 2024-04-26 to 2024-05-03, ADA-USD's stock price increased from 0.46 to 0.47. News during this period are listed below:

[Headline]: Bitcoin Falls Below $69K Ahead of U.S. CPI; Cardano, Dogecoin Lead Losses in Altcoins
[Summary]: Bitcoin and major alternative cryptocurrencies (altcoins) trade weak ahead of the pivotal U.S. CPI release.

One observer said the pullback could soon run out of steam as selling pressure from wallets...

[Headline]: Sui Overtakes Aptos, Cardano in Value Locked; Sees $310M Inflow in 30 Days
[Summary]: The total amount of capital locked on Sui has risen from $211 million to $593 million since the turn of the year.

The SUI token is up by 131% in the same period.

Sui has now overtaken Aptos, Cardano...

[Headline]: First Mover Americas: Solana, Cardano Lead Losses as Market Starts Week in the Red
[Summary]: This article originally appeared in First Mover, CoinDesk’s daily newsletter, putting the latest moves in crypto markets in context. Subscribe to get it in your inbox every day.

Latest Prices

Top St...

[Headline]: Solana, Cardano Lead Crypto Market Lower as Traders Grapple With Bitcoin Headwinds
[Summary]: Prominent cryptocurrencies started the week in the red as fears of large bitcoin [BTC] sales continue to confront investors, who are likely scaling back exposure in the broader market in anticipation ...

[Headline]: Total Value of Cardano DeFi Ecosystem Nears $450M Amid Layer 1 Push; ADA Rockets 17%
[Summary]: Value locked on Cardano’s ecosystem grew rapidly in the past few weeks as a recent boost in Ethereum alternatives, such as Solana and Avalanche, is likely pushing crypto investors and users toward oth...

From 2024-05-03 to 2024-05-10, ADA-USD's stock price decreased from 0.47 to 0.45. News during this period are listed below:

[Headline]: Bitcoin Falls Below $69K Ahead of U.S. CPI; Cardano, Dogecoin Lead Losses in Altcoins
[Summary]: Bitcoin and major alternative cryptocurrencies (altcoins) trade weak ahead of the pivotal U.S. CPI release.

One observer said the pullback could soon run out of steam as selling pressure from wallets...

[Headline]: Sui Overtakes Aptos, Cardano in Value Locked; Sees $310M Inflow in 30 Days
[Summary]: The total amount of capital locked on Sui has risen from $211 million to $593 million since the turn of the year.

The SUI token is up by 131% in the same period.

Sui has now overtaken Aptos, Cardano...

[Headline]: First Mover Americas: Solana, Cardano Lead Losses as Market Starts Week in the Red
[Summary]: This article originally appeared in First Mover, CoinDesk’s daily newsletter, putting the latest moves in crypto markets in context. Subscribe to get it in your inbox every day.

Latest Prices

Top St...

[Headline]: Solana, Cardano Lead Crypto Market Lower as Traders Grapple With Bitcoin Headwinds
[Summary]: Prominent cryptocurrencies started the week in the red as fears of large bitcoin [BTC] sales continue to confront investors, who are likely scaling back exposure in the broader market in anticipation ...

[Headline]: Total Value of Cardano DeFi Ecosystem Nears $450M Amid Layer 1 Push; ADA Rockets 17%
[Summary]: Value locked on Cardano’s ecosystem grew rapidly in the past few weeks as a recent boost in Ethereum alternatives, such as Solana and Avalanche, is likely pushing crypto investors and users toward oth...

From 2024-05-10 to 2024-05-17, ADA-USD's stock price increased from 0.45 to 0.48. News during this period are listed below:

[Headline]: Bitcoin Falls Below $69K Ahead of U.S. CPI; Cardano, Dogecoin Lead Losses in Altcoins
[Summary]: Bitcoin and major alternative cryptocurrencies (altcoins) trade weak ahead of the pivotal U.S. CPI release.

One observer said the pullback could soon run out of steam as selling pressure from wallets...

[Headline]: Sui Overtakes Aptos, Cardano in Value Locked; Sees $310M Inflow in 30 Days
[Summary]: The total amount of capital locked on Sui has risen from $211 million to $593 million since the turn of the year.

The SUI token is up by 131% in the same period.

Sui has now overtaken Aptos, Cardano...

[Headline]: First Mover Americas: Solana, Cardano Lead Losses as Market Starts Week in the Red
[Summary]: This article originally appeared in First Mover, CoinDesk’s daily newsletter, putting the latest moves in crypto markets in context. Subscribe to get it in your inbox every day.

Latest Prices

Top St...

[Headline]: Solana, Cardano Lead Crypto Market Lower as Traders Grapple With Bitcoin Headwinds
[Summary]: Prominent cryptocurrencies started the week in the red as fears of large bitcoin [BTC] sales continue to confront investors, who are likely scaling back exposure in the broader market in anticipation ...

[Headline]: Total Value of Cardano DeFi Ecosystem Nears $450M Amid Layer 1 Push; ADA Rockets 17%
[Summary]: Value locked on Cardano’s ecosystem grew rapidly in the past few weeks as a recent boost in Ethereum alternatives, such as Solana and Avalanche, is likely pushing crypto investors and users toward oth...



Based on all the information before 2024-05-17, let's first analyze the positive developments and potential concerns for ADA-USD. Come up with 2-4 most important factors respectively and keep them concise. Most factors should be inferred from cryptocurrencies related news. Then let's assume your prediction for next week (2024-05-17 to 2024-05-24) is down by 4-5%. Provide a summary analysis to support your prediction. The prediction result need to be inferred from your analysis at the end, and thus not appearing as a foundational factor of your analysis.","**[Positive Developments]:
1. **Increased TVL**: The total value locked on Cardano's DeFi ecosystem neared $450 million, demonstrating strong investor interest and capital inflow.
2. **Price Rebound**: Despite market volatility, ADA's price increased by 17% due to growth in Ethereum alternatives and Cardano's Layer 1 push.

**[Potential Concerns]:
1. **Broad Market Weakness**: Bitcoin's fall and the overall crypto market's weak start to the week have negatively impacted Cardano's price.
2. **Macroeconomic Uncertainty**: The upcoming U.S. CPI release and its potential impact on the crypto market create uncertainty for Cardano's price movement.
3. **Competition**: Sui's significant inflow and overtaking of Cardano in value locked pose a competitive threat to Cardano's DeFi ecosystem.

**[Prediction & Analysis]:
While Cardano (ADA) has shown positive developments such as increased TVL and a Layer 1 push, the broader market sentiment and macroeconomic factors present significant headwinds. The recent price increase in ADA may not be sustainable in the face of Bitcoin's fall and the overall crypto market weakness. Additionally, intensifying competition from projects like Sui could further pressure Cardano's DeFi ecosystem. The upcoming U.S. CPI release adds another layer of uncertainty, potentially driving investors to more cautious positions. Considering these factors, we anticipate a downturn for ADA-USD in the upcoming week, with the price expected to decrease by approximately 4-5%.**"
"[Cryptocurrency Introduction]: Cardano (ADA) is a cryptocurrency launched in 2017. Cardano has a current supply of 44,994,501,828.187738 with 35,337,743,183.176508 in circulation. The last known price of Cardano is 0.6700872 USD and is up 1.90 over the last 24 hours. It is currently trading on 1527 active market(s) with $602,433,351.40 traded over the last 24 hours. More information can be found at https://www.cardano.org.. It has a market capilization of 23782559744.

From 2024-05-10 to 2024-05-17, ADA-USD's stock price increased from 0.45 to 0.48. News during this period are listed below:

[Headline]: Bitcoin Falls Below $69K Ahead of U.S. CPI; Cardano, Dogecoin Lead Losses in Altcoins
[Summary]: Bitcoin and major alternative cryptocurrencies (altcoins) trade weak ahead of the pivotal U.S. CPI release.

One observer said the pullback could soon run out of steam as selling pressure from wallets...

[Headline]: Sui Overtakes Aptos, Cardano in Value Locked; Sees $310M Inflow in 30 Days
[Summary]: The total amount of capital locked on Sui has risen from $211 million to $593 million since the turn of the year.

The SUI token is up by 131% in the same period.

Sui has now overtaken Aptos, Cardano...

[Headline]: First Mover Americas: Solana, Cardano Lead Losses as Market Starts Week in the Red
[Summary]: This article originally appeared in First Mover, CoinDesk’s daily newsletter, putting the latest moves in crypto markets in context. Subscribe to get it in your inbox every day.

Latest Prices

Top St...

[Headline]: Solana, Cardano Lead Crypto Market Lower as Traders Grapple With Bitcoin Headwinds
[Summary]: Prominent cryptocurrencies started the week in the red as fears of large bitcoin [BTC] sales continue to confront investors, who are likely scaling back exposure in the broader market in anticipation ...

[Headline]: Total Value of Cardano DeFi Ecosystem Nears $450M Amid Layer 1 Push; ADA Rockets 17%
[Summary]: Value locked on Cardano’s ecosystem grew rapidly in the past few weeks as a recent boost in Ethereum alternatives, such as Solana and Avalanche, is likely pushing crypto investors and users toward oth...

From 2024-05-17 to 2024-05-24, ADA-USD's stock price decreased from 0.48 to 0.46. News during this period are listed below:

[Headline]: Bitcoin Falls Below $69K Ahead of U.S. CPI; Cardano, Dogecoin Lead Losses in Altcoins
[Summary]: Bitcoin and major alternative cryptocurrencies (altcoins) trade weak ahead of the pivotal U.S. CPI release.

One observer said the pullback could soon run out of steam as selling pressure from wallets...

[Headline]: Sui Overtakes Aptos, Cardano in Value Locked; Sees $310M Inflow in 30 Days
[Summary]: The total amount of capital locked on Sui has risen from $211 million to $593 million since the turn of the year.

The SUI token is up by 131% in the same period.

Sui has now overtaken Aptos, Cardano...

[Headline]: First Mover Americas: Solana, Cardano Lead Losses as Market Starts Week in the Red
[Summary]: This article originally appeared in First Mover, CoinDesk’s daily newsletter, putting the latest moves in crypto markets in context. Subscribe to get it in your inbox every day.

Latest Prices

Top St...

[Headline]: Solana, Cardano Lead Crypto Market Lower as Traders Grapple With Bitcoin Headwinds
[Summary]: Prominent cryptocurrencies started the week in the red as fears of large bitcoin [BTC] sales continue to confront investors, who are likely scaling back exposure in the broader market in anticipation ...

[Headline]: Total Value of Cardano DeFi Ecosystem Nears $450M Amid Layer 1 Push; ADA Rockets 17%
[Summary]: Value locked on Cardano’s ecosystem grew rapidly in the past few weeks as a recent boost in Ethereum alternatives, such as Solana and Avalanche, is likely pushing crypto investors and users toward oth...



Based on all the information before 2024-05-24, let's first analyze the positive developments and potential concerns for ADA-USD. Come up with 2-4 most important factors respectively and keep them concise. Most factors should be inferred from cryptocurrencies related news. Then let's assume your prediction for next week (2024-05-24 to 2024-05-31) is down by 2-3%. Provide a summary analysis to support your prediction. The prediction result need to be inferred from your analysis at the end, and thus not appearing as a foundational factor of your analysis.","**[Positive Developments]:
1. **DeFi Ecosystem Growth**: The total value locked on Cardano's DeFi ecosystem neared $450 million, indicating strong investor interest and engagement.
2. **Technological Advancements**: Cardano's focus on Layer 1 solutions has driven a 17% rise in ADA's value, reflecting market confidence in its development.

**[Potential Concerns]:
1. **Market Volatility**: Bitcoin's fall below $69K and the broader market's weak start have negatively impacted Cardano's price.
2. **Competitor Pressure**: Sui's significant inflow and overtaking of Cardano in value locked raise concerns about Cardano's ability to maintain its market position.
3. **CPI Uncertainty**: The upcoming U.S. CPI release and its potential regulatory implications create uncertainty for the crypto market and Cardano's price.

**[Prediction & Analysis]:
Cardano (ADA) has demonstrated strong fundamentals with growth in its DeFi ecosystem and technological advancements. However, the broader market volatility driven by Bitcoin's performance and macroeconomic factors has led to a recent decrease in ADA's price. The upcoming U.S. CPI release adds another layer of uncertainty, potentially driving investors to more cautious positions. Despite the positive developments, the market's current risk-off sentiment and competitive pressures suggest a potential downturn. Therefore, we anticipate a modest downward movement for ADA-USD in the upcoming week, with the price expected to decrease by approximately 2-3%.**"
"[Cryptocurrency Introduction]: Cardano (ADA) is a cryptocurrency launched in 2017. Cardano has a current supply of 44,994,501,828.187738 with 35,337,743,183.176508 in circulation. The last known price of Cardano is 0.6700872 USD and is up 1.90 over the last 24 hours. It is currently trading on 1527 active market(s) with $602,433,351.40 traded over the last 24 hours. More information can be found at https://www.cardano.org.. It has a market capilization of 23782559744.

From 2024-05-03 to 2024-05-10, ADA-USD's stock price decreased from 0.47 to 0.45. News during this period are listed below:

[Headline]: Bitcoin Falls Below $69K Ahead of U.S. CPI; Cardano, Dogecoin Lead Losses in Altcoins
[Summary]: Bitcoin and major alternative cryptocurrencies (altcoins) trade weak ahead of the pivotal U.S. CPI release.

One observer said the pullback could soon run out of steam as selling pressure from wallets...

[Headline]: Sui Overtakes Aptos, Cardano in Value Locked; Sees $310M Inflow in 30 Days
[Summary]: The total amount of capital locked on Sui has risen from $211 million to $593 million since the turn of the year.

The SUI token is up by 131% in the same period.

Sui has now overtaken Aptos, Cardano...

[Headline]: First Mover Americas: Solana, Cardano Lead Losses as Market Starts Week in the Red
[Summary]: This article originally appeared in First Mover, CoinDesk’s daily newsletter, putting the latest moves in crypto markets in context. Subscribe to get it in your inbox every day.

Latest Prices

Top St...

[Headline]: Solana, Cardano Lead Crypto Market Lower as Traders Grapple With Bitcoin Headwinds
[Summary]: Prominent cryptocurrencies started the week in the red as fears of large bitcoin [BTC] sales continue to confront investors, who are likely scaling back exposure in the broader market in anticipation ...

[Headline]: Total Value of Cardano DeFi Ecosystem Nears $450M Amid Layer 1 Push; ADA Rockets 17%
[Summary]: Value locked on Cardano’s ecosystem grew rapidly in the past few weeks as a recent boost in Ethereum alternatives, such as Solana and Avalanche, is likely pushing crypto investors and users toward oth...

From 2024-05-10 to 2024-05-17, ADA-USD's stock price increased from 0.45 to 0.48. News during this period are listed below:

[Headline]: Bitcoin Falls Below $69K Ahead of U.S. CPI; Cardano, Dogecoin Lead Losses in Altcoins
[Summary]: Bitcoin and major alternative cryptocurrencies (altcoins) trade weak ahead of the pivotal U.S. CPI release.

One observer said the pullback could soon run out of steam as selling pressure from wallets...

[Headline]: Sui Overtakes Aptos, Cardano in Value Locked; Sees $310M Inflow in 30 Days
[Summary]: The total amount of capital locked on Sui has risen from $211 million to $593 million since the turn of the year.

The SUI token is up by 131% in the same period.

Sui has now overtaken Aptos, Cardano...

[Headline]: First Mover Americas: Solana, Cardano Lead Losses as Market Starts Week in the Red
[Summary]: This article originally appeared in First Mover, CoinDesk’s daily newsletter, putting the latest moves in crypto markets in context. Subscribe to get it in your inbox every day.

Latest Prices

Top St...

[Headline]: Solana, Cardano Lead Crypto Market Lower as Traders Grapple With Bitcoin Headwinds
[Summary]: Prominent cryptocurrencies started the week in the red as fears of large bitcoin [BTC] sales continue to confront investors, who are likely scaling back exposure in the broader market in anticipation ...

[Headline]: Total Value of Cardano DeFi Ecosystem Nears $450M Amid Layer 1 Push; ADA Rockets 17%
[Summary]: Value locked on Cardano’s ecosystem grew rapidly in the past few weeks as a recent boost in Ethereum alternatives, such as Solana and Avalanche, is likely pushing crypto investors and users toward oth...

From 2024-05-17 to 2024-05-24, ADA-USD's stock price decreased from 0.48 to 0.46. News during this period are listed below:

[Headline]: Bitcoin Falls Below $69K Ahead of U.S. CPI; Cardano, Dogecoin Lead Losses in Altcoins
[Summary]: Bitcoin and major alternative cryptocurrencies (altcoins) trade weak ahead of the pivotal U.S. CPI release.

One observer said the pullback could soon run out of steam as selling pressure from wallets...

[Headline]: Sui Overtakes Aptos, Cardano in Value Locked; Sees $310M Inflow in 30 Days
[Summary]: The total amount of capital locked on Sui has risen from $211 million to $593 million since the turn of the year.

The SUI token is up by 131% in the same period.

Sui has now overtaken Aptos, Cardano...

[Headline]: First Mover Americas: Solana, Cardano Lead Losses as Market Starts Week in the Red
[Summary]: This article originally appeared in First Mover, CoinDesk’s daily newsletter, putting the latest moves in crypto markets in context. Subscribe to get it in your inbox every day.

Latest Prices

Top St...

[Headline]: Solana, Cardano Lead Crypto Market Lower as Traders Grapple With Bitcoin Headwinds
[Summary]: Prominent cryptocurrencies started the week in the red as fears of large bitcoin [BTC] sales continue to confront investors, who are likely scaling back exposure in the broader market in anticipation ...

[Headline]: Total Value of Cardano DeFi Ecosystem Nears $450M Amid Layer 1 Push; ADA Rockets 17%
[Summary]: Value locked on Cardano’s ecosystem grew rapidly in the past few weeks as a recent boost in Ethereum alternatives, such as Solana and Avalanche, is likely pushing crypto investors and users toward oth...

From 2024-05-24 to 2024-05-31, ADA-USD's stock price decreased from 0.46 to 0.45. News during this period are listed below:

[Headline]: Ripple's Brad Garlinghouse Foresees XRP, Solana, Cardano ETFs: Consensus 2024
[Summary]: Brad Garlinghouse predicts the inevitable approval of XRP, Solana and Cardano ETFs, despite significant regulatory hurdles.

Garlinghouse criticized the SEC's unclear crypto regulations, highlighting ...



Based on all the information before 2024-05-31, let's first analyze the positive developments and potential concerns for ADA-USD. Come up with 2-4 most important factors respectively and keep them concise. Most factors should be inferred from cryptocurrencies related news. Then let's assume your prediction for next week (2024-05-31 to 2024-06-07) is up by 0-1%. Provide a summary analysis to support your prediction. The prediction result need to be inferred from your analysis at the end, and thus not appearing as a foundational factor of your analysis.","### ANALYSIS REQUEST 1

**[Positive Developments]:
1. **DeFi Ecosystem Growth**: The total value locked on Cardano’s DeFi ecosystem neared $450M, indicating increased investor interest and trust in the platform.
2. **ETF Predictions**: Ripple’s Brad Garlinghouse foresees the approval of Cardano ETFs, which could boost institutional investment and liquidity.

**[Potential Concerns]:
1. **Market Sentiment**: Bitcoin’s fall below $69K ahead of the U.S. CPI release led to a broader market pullback, affecting Cardano and other altcoins.
2. **Competition**: Sui overtaking Cardano in value locked raises concerns about Cardano’s competitive edge in the DeFi space.
3. **Regulatory Uncertainty**: Garlinghouse’s criticism of the SEC’s unclear crypto regulations highlights ongoing regulatory risks.

**[Prediction & Analysis]:
The upcoming week is likely to see a slight increase of 0-1% in ADA-USD. Despite the regulatory concerns and market pullback, the growth in Cardano’s DeFi ecosystem and the potential approval of ETFs provide a bullish outlook. The successful mitigation of competitive threats and the overall positive developments in the DeFi space are expected to stabilize the price, leading to a modest increase."
"[Cryptocurrency Introduction]: Cardano (ADA) is a cryptocurrency launched in 2017. Cardano has a current supply of 44,994,501,828.187738 with 35,337,743,183.176508 in circulation. The last known price of Cardano is 0.6700872 USD and is up 1.90 over the last 24 hours. It is currently trading on 1527 active market(s) with $602,433,351.40 traded over the last 24 hours. More information can be found at https://www.cardano.org.. It has a market capilization of 23782559744.

From 2024-05-17 to 2024-05-24, ADA-USD's stock price decreased from 0.48 to 0.46. News during this period are listed below:

[Headline]: Bitcoin Falls Below $69K Ahead of U.S. CPI; Cardano, Dogecoin Lead Losses in Altcoins
[Summary]: Bitcoin and major alternative cryptocurrencies (altcoins) trade weak ahead of the pivotal U.S. CPI release.

One observer said the pullback could soon run out of steam as selling pressure from wallets...

[Headline]: Sui Overtakes Aptos, Cardano in Value Locked; Sees $310M Inflow in 30 Days
[Summary]: The total amount of capital locked on Sui has risen from $211 million to $593 million since the turn of the year.

The SUI token is up by 131% in the same period.

Sui has now overtaken Aptos, Cardano...

[Headline]: First Mover Americas: Solana, Cardano Lead Losses as Market Starts Week in the Red
[Summary]: This article originally appeared in First Mover, CoinDesk’s daily newsletter, putting the latest moves in crypto markets in context. Subscribe to get it in your inbox every day.

Latest Prices

Top St...

[Headline]: Solana, Cardano Lead Crypto Market Lower as Traders Grapple With Bitcoin Headwinds
[Summary]: Prominent cryptocurrencies started the week in the red as fears of large bitcoin [BTC] sales continue to confront investors, who are likely scaling back exposure in the broader market in anticipation ...

[Headline]: Total Value of Cardano DeFi Ecosystem Nears $450M Amid Layer 1 Push; ADA Rockets 17%
[Summary]: Value locked on Cardano’s ecosystem grew rapidly in the past few weeks as a recent boost in Ethereum alternatives, such as Solana and Avalanche, is likely pushing crypto investors and users toward oth...

From 2024-05-24 to 2024-05-31, ADA-USD's stock price decreased from 0.46 to 0.45. News during this period are listed below:

[Headline]: Ripple's Brad Garlinghouse Foresees XRP, Solana, Cardano ETFs: Consensus 2024
[Summary]: Brad Garlinghouse predicts the inevitable approval of XRP, Solana and Cardano ETFs, despite significant regulatory hurdles.

Garlinghouse criticized the SEC's unclear crypto regulations, highlighting ...

From 2024-05-31 to 2024-06-07, ADA-USD's stock price increased from 0.45 to 0.45. News during this period are listed below:

[Headline]: Ripple's Brad Garlinghouse Foresees XRP, Solana, Cardano ETFs: Consensus 2024
[Summary]: Brad Garlinghouse predicts the inevitable approval of XRP, Solana and Cardano ETFs, despite significant regulatory hurdles.

Garlinghouse criticized the SEC's unclear crypto regulations, highlighting ...

[Headline]: Bitcoin Falls Below $69K Ahead of U.S. CPI; Cardano, Dogecoin Lead Losses in Altcoins
[Summary]: Bitcoin and major alternative cryptocurrencies (altcoins) trade weak ahead of the pivotal U.S. CPI release.

One observer said the pullback could soon run out of steam as selling pressure from wallets...

[Headline]: Sui Overtakes Aptos, Cardano in Value Locked; Sees $310M Inflow in 30 Days
[Summary]: The total amount of capital locked on Sui has risen from $211 million to $593 million since the turn of the year.

The SUI token is up by 131% in the same period.

Sui has now overtaken Aptos, Cardano...

[Headline]: First Mover Americas: Solana, Cardano Lead Losses as Market Starts Week in the Red
[Summary]: This article originally appeared in First Mover, CoinDesk’s daily newsletter, putting the latest moves in crypto markets in context. Subscribe to get it in your inbox every day.

Latest Prices

Top St...

[Headline]: Solana, Cardano Lead Crypto Market Lower as Traders Grapple With Bitcoin Headwinds
[Summary]: Prominent cryptocurrencies started the week in the red as fears of large bitcoin [BTC] sales continue to confront investors, who are likely scaling back exposure in the broader market in anticipation ...



Based on all the information before 2024-06-07, let's first analyze the positive developments and potential concerns for ADA-USD. Come up with 2-4 most important factors respectively and keep them concise. Most factors should be inferred from cryptocurrencies related news. Then let's assume your prediction for next week (2024-06-07 to 2024-06-14) is down by more than 5%. Provide a summary analysis to support your prediction. The prediction result need to be inferred from your analysis at the end, and thus not appearing as a foundational factor of your analysis.","### ANALYSIS REQUEST 2

[Positive Developments]:
1. DeFi Ecosystem Growth: The total value locked on Cardano’s DeFi ecosystem neared $450M, indicating increased investor interest and trust in the platform.
2. ETF Predictions: Ripple’s Brad Garlinghouse foresees the approval of Cardano ETFs, which could boost institutional investment and liquidity.

[Potential Concerns]:
1. Market Sentiment: Bitcoin’s fall below $69K ahead of the U.S. CPI release led to a broader market pullback, affecting Cardano and other altcoins.
2. Competition: Sui overtaking Cardano in value locked raises concerns about Cardano’s competitive edge in the DeFi space.
3. Regulatory Uncertainty: Garlinghouse’s criticism of the SEC’s unclear crypto regulations highlights ongoing regulatory risks.

[Prediction & Analysis]:
The upcoming week is likely to see a significant decrease of more than 5% in ADA-USD. The persistent regulatory uncertainty and the competitive pressure from other DeFi platforms like Sui are expected to weigh heavily on investor sentiment. Additionally, the broader market pullback led by Bitcoin’s performance ahead of the U.S. CPI release is likely to exacerbate the downward trend. Despite the positive developments in the DeFi ecosystem, the overall market conditions and regulatory risks are expected to dominate, leading to a substantial price decrease."
"[Cryptocurrency Introduction]: Cardano (ADA) is a cryptocurrency launched in 2017. Cardano has a current supply of 44,994,501,828.187738 with 35,337,743,183.176508 in circulation. The last known price of Cardano is 0.6700872 USD and is up 1.90 over the last 24 hours. It is currently trading on 1527 active market(s) with $602,433,351.40 traded over the last 24 hours. More information can be found at https://www.cardano.org.. It has a market capilization of 23782559744.

From 2024-05-31 to 2024-06-07, ADA-USD's stock price increased from 0.45 to 0.45. News during this period are listed below:

[Headline]: Ripple's Brad Garlinghouse Foresees XRP, Solana, Cardano ETFs: Consensus 2024
[Summary]: Brad Garlinghouse predicts the inevitable approval of XRP, Solana and Cardano ETFs, despite significant regulatory hurdles.

Garlinghouse criticized the SEC's unclear crypto regulations, highlighting ...

[Headline]: Bitcoin Falls Below $69K Ahead of U.S. CPI; Cardano, Dogecoin Lead Losses in Altcoins
[Summary]: Bitcoin and major alternative cryptocurrencies (altcoins) trade weak ahead of the pivotal U.S. CPI release.

One observer said the pullback could soon run out of steam as selling pressure from wallets...

[Headline]: Sui Overtakes Aptos, Cardano in Value Locked; Sees $310M Inflow in 30 Days
[Summary]: The total amount of capital locked on Sui has risen from $211 million to $593 million since the turn of the year.

The SUI token is up by 131% in the same period.

Sui has now overtaken Aptos, Cardano...

[Headline]: First Mover Americas: Solana, Cardano Lead Losses as Market Starts Week in the Red
[Summary]: This article originally appeared in First Mover, CoinDesk’s daily newsletter, putting the latest moves in crypto markets in context. Subscribe to get it in your inbox every day.

Latest Prices

Top St...

[Headline]: Solana, Cardano Lead Crypto Market Lower as Traders Grapple With Bitcoin Headwinds
[Summary]: Prominent cryptocurrencies started the week in the red as fears of large bitcoin [BTC] sales continue to confront investors, who are likely scaling back exposure in the broader market in anticipation ...

From 2024-06-07 to 2024-06-14, ADA-USD's stock price decreased from 0.45 to 0.41. News during this period are listed below:

[Headline]: Cardano Is on Track for Voltaire Upgrade This Month, Co-Founder Hoskinson Says
[Summary]: Cardano's Voltaire phase, the final stage of its roadmap to create a fully decentralized blockchain ecosystem, is set to occur in June.

The Cardano Node will reach version 9.0, making it ready for a ...



Based on all the information before 2024-06-14, let's first analyze the positive developments and potential concerns for ADA-USD. Come up with 2-4 most important factors respectively and keep them concise. Most factors should be inferred from cryptocurrencies related news. Then let's assume your prediction for next week (2024-06-14 to 2024-06-21) is down by more than 5%. Provide a summary analysis to support your prediction. The prediction result need to be inferred from your analysis at the end, and thus not appearing as a foundational factor of your analysis.","### ANALYSIS REQUEST 3

[Positive Developments]:
1. Voltaire Upgrade: Cardano’s Voltaire phase is on track for June, marking a significant milestone in its roadmap towards full decentralization.
2. ETF Predictions: Ripple’s Brad Garlinghouse foresees the approval of Cardano ETFs, which could boost institutional investment and liquidity.

[Potential Concerns]:
1. Market Sentiment: Bitcoin’s fall below $69K ahead of the U.S. CPI release led to a broader market pullback, affecting Cardano and other altcoins.
2. Competition: Sui overtaking Cardano in value locked raises concerns about Cardano’s competitive edge in the DeFi space.
3. Regulatory Uncertainty: Garlinghouse’s criticism of the SEC’s unclear crypto regulations highlights ongoing regulatory risks.

[Prediction & Analysis]:
The upcoming week is likely to see a significant decrease of more than 5% in ADA-USD. Despite the positive developments such as the Voltaire upgrade and the potential approval of ETFs, the market sentiment remains bearish. The broader market pullback led by Bitcoin’s performance ahead of the U.S. CPI release, along with the competitive pressure from other DeFi platforms and regulatory uncertainty, are expected to outweigh the positive factors, leading to a substantial price decrease."
"[Cryptocurrency Introduction]: Cardano (ADA) is a cryptocurrency launched in 2017. Cardano has a current supply of 44,994,501,828.187738 with 35,337,743,183.176508 in circulation. The last known price of Cardano is 0.6700872 USD and is up 1.90 over the last 24 hours. It is currently trading on 1527 active market(s) with $602,433,351.40 traded over the last 24 hours. More information can be found at https://www.cardano.org.. It has a market capilization of 23782559744.

From 2024-05-31 to 2024-06-07, ADA-USD's stock price increased from 0.45 to 0.45. News during this period are listed below:

[Headline]: Ripple's Brad Garlinghouse Foresees XRP, Solana, Cardano ETFs: Consensus 2024
[Summary]: Brad Garlinghouse predicts the inevitable approval of XRP, Solana and Cardano ETFs, despite significant regulatory hurdles.

Garlinghouse criticized the SEC's unclear crypto regulations, highlighting ...

[Headline]: Bitcoin Falls Below $69K Ahead of U.S. CPI; Cardano, Dogecoin Lead Losses in Altcoins
[Summary]: Bitcoin and major alternative cryptocurrencies (altcoins) trade weak ahead of the pivotal U.S. CPI release.

One observer said the pullback could soon run out of steam as selling pressure from wallets...

[Headline]: Sui Overtakes Aptos, Cardano in Value Locked; Sees $310M Inflow in 30 Days
[Summary]: The total amount of capital locked on Sui has risen from $211 million to $593 million since the turn of the year.

The SUI token is up by 131% in the same period.

Sui has now overtaken Aptos, Cardano...

[Headline]: First Mover Americas: Solana, Cardano Lead Losses as Market Starts Week in the Red
[Summary]: This article originally appeared in First Mover, CoinDesk’s daily newsletter, putting the latest moves in crypto markets in context. Subscribe to get it in your inbox every day.

Latest Prices

Top St...

[Headline]: Solana, Cardano Lead Crypto Market Lower as Traders Grapple With Bitcoin Headwinds
[Summary]: Prominent cryptocurrencies started the week in the red as fears of large bitcoin [BTC] sales continue to confront investors, who are likely scaling back exposure in the broader market in anticipation ...

From 2024-06-07 to 2024-06-14, ADA-USD's stock price decreased from 0.45 to 0.41. News during this period are listed below:

[Headline]: Cardano Is on Track for Voltaire Upgrade This Month, Co-Founder Hoskinson Says
[Summary]: Cardano's Voltaire phase, the final stage of its roadmap to create a fully decentralized blockchain ecosystem, is set to occur in June.

The Cardano Node will reach version 9.0, making it ready for a ...

From 2024-06-14 to 2024-06-21, ADA-USD's stock price decreased from 0.41 to 0.38. News during this period are listed below:

[Headline]: Cardano Is on Track for Voltaire Upgrade This Month, Co-Founder Hoskinson Says
[Summary]: Cardano's Voltaire phase, the final stage of its roadmap to create a fully decentralized blockchain ecosystem, is set to occur in June.

The Cardano Node will reach version 9.0, making it ready for a ...

[Headline]: Ripple's Brad Garlinghouse Foresees XRP, Solana, Cardano ETFs: Consensus 2024
[Summary]: Brad Garlinghouse predicts the inevitable approval of XRP, Solana and Cardano ETFs, despite significant regulatory hurdles.

Garlinghouse criticized the SEC's unclear crypto regulations, highlighting ...

[Headline]: Bitcoin Falls Below $69K Ahead of U.S. CPI; Cardano, Dogecoin Lead Losses in Altcoins
[Summary]: Bitcoin and major alternative cryptocurrencies (altcoins) trade weak ahead of the pivotal U.S. CPI release.

One observer said the pullback could soon run out of steam as selling pressure from wallets...

[Headline]: Sui Overtakes Aptos, Cardano in Value Locked; Sees $310M Inflow in 30 Days
[Summary]: The total amount of capital locked on Sui has risen from $211 million to $593 million since the turn of the year.

The SUI token is up by 131% in the same period.

Sui has now overtaken Aptos, Cardano...

[Headline]: First Mover Americas: Solana, Cardano Lead Losses as Market Starts Week in the Red
[Summary]: This article originally appeared in First Mover, CoinDesk’s daily newsletter, putting the latest moves in crypto markets in context. Subscribe to get it in your inbox every day.

Latest Prices

Top St...



Based on all the information before 2024-06-21, let's first analyze the positive developments and potential concerns for ADA-USD. Come up with 2-4 most important factors respectively and keep them concise. Most factors should be inferred from cryptocurrencies related news. Then let's assume your prediction for next week (2024-06-21 to 2024-06-28) is up by 2-3%. Provide a summary analysis to support your prediction. The prediction result need to be inferred from your analysis at the end, and thus not appearing as a foundational factor of your analysis.","### ANALYSIS REQUEST 4

[Positive Developments]:
1. Voltaire Upgrade: Cardano’s Voltaire phase is on track for June, marking a significant milestone in its roadmap towards full decentralization.
2. ETF Predictions: Ripple’s Brad Garlinghouse foresees the approval of Cardano ETFs, which could boost institutional investment and liquidity.

[Potential Concerns]:
1. Market Sentiment: Bitcoin’s fall below $69K ahead of the U.S. CPI release led to a broader market pullback, affecting Cardano and other altcoins.
2. Competition: Sui overtaking Cardano in value locked raises concerns about Cardano’s competitive edge in the DeFi space.
3. Regulatory Uncertainty: Garlinghouse’s criticism of the SEC’s unclear crypto regulations highlights ongoing regulatory risks.

[Prediction & Analysis]:
The upcoming week is likely to see a modest increase of 2-3% in ADA-USD. The successful implementation of the Voltaire upgrade and the potential approval of ETFs are expected to provide a bullish outlook. Despite the regulatory uncertainty and competitive pressure, the positive developments in the Cardano ecosystem are likely to stabilize the price, leading to a modest increase. The market sentiment, while bearish, is expected to improve as investors recognize the long-term potential of Cardano’s decentralization efforts."
"[Cryptocurrency Introduction]: Cardano (ADA) is a cryptocurrency launched in 2017. Cardano has a current supply of 44,994,501,828.187738 with 35,337,743,183.176508 in circulation. The last known price of Cardano is 0.6700872 USD and is up 1.90 over the last 24 hours. It is currently trading on 1527 active market(s) with $602,433,351.40 traded over the last 24 hours. More information can be found at https://www.cardano.org.. It has a market capilization of 23782559744.

From 2024-05-31 to 2024-06-07, ADA-USD's stock price increased from 0.45 to 0.45. News during this period are listed below:

[Headline]: Ripple's Brad Garlinghouse Foresees XRP, Solana, Cardano ETFs: Consensus 2024
[Summary]: Brad Garlinghouse predicts the inevitable approval of XRP, Solana and Cardano ETFs, despite significant regulatory hurdles.

Garlinghouse criticized the SEC's unclear crypto regulations, highlighting ...

[Headline]: Bitcoin Falls Below $69K Ahead of U.S. CPI; Cardano, Dogecoin Lead Losses in Altcoins
[Summary]: Bitcoin and major alternative cryptocurrencies (altcoins) trade weak ahead of the pivotal U.S. CPI release.

One observer said the pullback could soon run out of steam as selling pressure from wallets...

[Headline]: Sui Overtakes Aptos, Cardano in Value Locked; Sees $310M Inflow in 30 Days
[Summary]: The total amount of capital locked on Sui has risen from $211 million to $593 million since the turn of the year.

The SUI token is up by 131% in the same period.

Sui has now overtaken Aptos, Cardano...

[Headline]: First Mover Americas: Solana, Cardano Lead Losses as Market Starts Week in the Red
[Summary]: This article originally appeared in First Mover, CoinDesk’s daily newsletter, putting the latest moves in crypto markets in context. Subscribe to get it in your inbox every day.

Latest Prices

Top St...

[Headline]: Solana, Cardano Lead Crypto Market Lower as Traders Grapple With Bitcoin Headwinds
[Summary]: Prominent cryptocurrencies started the week in the red as fears of large bitcoin [BTC] sales continue to confront investors, who are likely scaling back exposure in the broader market in anticipation ...

From 2024-06-07 to 2024-06-14, ADA-USD's stock price decreased from 0.45 to 0.41. News during this period are listed below:

[Headline]: Cardano Is on Track for Voltaire Upgrade This Month, Co-Founder Hoskinson Says
[Summary]: Cardano's Voltaire phase, the final stage of its roadmap to create a fully decentralized blockchain ecosystem, is set to occur in June.

The Cardano Node will reach version 9.0, making it ready for a ...

From 2024-06-14 to 2024-06-21, ADA-USD's stock price decreased from 0.41 to 0.38. News during this period are listed below:

[Headline]: Cardano Is on Track for Voltaire Upgrade This Month, Co-Founder Hoskinson Says
[Summary]: Cardano's Voltaire phase, the final stage of its roadmap to create a fully decentralized blockchain ecosystem, is set to occur in June.

The Cardano Node will reach version 9.0, making it ready for a ...

[Headline]: Ripple's Brad Garlinghouse Foresees XRP, Solana, Cardano ETFs: Consensus 2024
[Summary]: Brad Garlinghouse predicts the inevitable approval of XRP, Solana and Cardano ETFs, despite significant regulatory hurdles.

Garlinghouse criticized the SEC's unclear crypto regulations, highlighting ...

[Headline]: Bitcoin Falls Below $69K Ahead of U.S. CPI; Cardano, Dogecoin Lead Losses in Altcoins
[Summary]: Bitcoin and major alternative cryptocurrencies (altcoins) trade weak ahead of the pivotal U.S. CPI release.

One observer said the pullback could soon run out of steam as selling pressure from wallets...

[Headline]: Sui Overtakes Aptos, Cardano in Value Locked; Sees $310M Inflow in 30 Days
[Summary]: The total amount of capital locked on Sui has risen from $211 million to $593 million since the turn of the year.

The SUI token is up by 131% in the same period.

Sui has now overtaken Aptos, Cardano...

[Headline]: First Mover Americas: Solana, Cardano Lead Losses as Market Starts Week in the Red
[Summary]: This article originally appeared in First Mover, CoinDesk’s daily newsletter, putting the latest moves in crypto markets in context. Subscribe to get it in your inbox every day.

Latest Prices

Top St...

From 2024-06-21 to 2024-06-28, ADA-USD's stock price increased from 0.38 to 0.39. News during this period are listed below:

[Headline]: Cardano Unfazed by Failed DDoS Attack Targeting Staked ADA
[Summary]: The Cardano blockchain successfully mitigated a DDoS attack that attempted to steal staked tokens, with no significant impact on the network's operation.

The attack involved transactions executing nu...



Based on all the information before 2024-06-28, let's first analyze the positive developments and potential concerns for ADA-USD. Come up with 2-4 most important factors respectively and keep them concise. Most factors should be inferred from cryptocurrencies related news. Then let's assume your prediction for next week (2024-06-28 to 2024-07-05) is down by more than 5%. Provide a summary analysis to support your prediction. The prediction result need to be inferred from your analysis at the end, and thus not appearing as a foundational factor of your analysis.","### ANALYSIS REQUEST 5

[Positive Developments]:
1. DDoS Attack Mitigation: Cardano successfully mitigated a DDoS attack, demonstrating the network’s resilience and security.
2. ETF Predictions: Ripple’s Brad Garlinghouse foresees the approval of Cardano ETFs, which could boost institutional investment and liquidity.

[Potential Concerns]:
1. Market Sentiment: Bitcoin’s fall below $69K ahead of the U.S. CPI release led to a broader market pullback, affecting Cardano and other altcoins.
2. Competition: Sui overtaking Cardano in value locked raises concerns about Cardano’s competitive edge in the DeFi space.
3. Regulatory Uncertainty: Garlinghouse’s criticism of the SEC’s unclear crypto regulations highlights ongoing regulatory risks.

[Prediction & Analysis]:
The upcoming week is likely to see a significant decrease of more than 5% in ADA-USD. Despite the successful mitigation of the DDoS attack and the potential approval of ETFs, the market sentiment remains bearish. The broader market pullback led by Bitcoin’s performance ahead of the U.S. CPI release, along with the competitive pressure from other DeFi platforms and regulatory uncertainty, are expected to outweigh the positive factors, leading to a substantial price decrease. The recent price increases are likely to be short-lived as the overall market conditions and regulatory risks continue to dominate investor sentiment."
"[Cryptocurrency Introduction]: Cardano (ADA) is a cryptocurrency launched in 2017. Cardano has a current supply of 44,994,501,828.187738 with 35,337,743,183.176508 in circulation. The last known price of Cardano is 0.6700872 USD and is up 1.90 over the last 24 hours. It is currently trading on 1527 active market(s) with $602,433,351.40 traded over the last 24 hours. More information can be found at https://www.cardano.org.. It has a market capilization of 23782559744.

From 2024-06-14 to 2024-06-21, ADA-USD's stock price decreased from 0.41 to 0.38. News during this period are listed below:

[Headline]: Cardano Is on Track for Voltaire Upgrade This Month, Co-Founder Hoskinson Says
[Summary]: Cardano's Voltaire phase, the final stage of its roadmap to create a fully decentralized blockchain ecosystem, is set to occur in June.

The Cardano Node will reach version 9.0, making it ready for a ...

[Headline]: Ripple's Brad Garlinghouse Foresees XRP, Solana, Cardano ETFs: Consensus 2024
[Summary]: Brad Garlinghouse predicts the inevitable approval of XRP, Solana and Cardano ETFs, despite significant regulatory hurdles.

Garlinghouse criticized the SEC's unclear crypto regulations, highlighting ...

[Headline]: Bitcoin Falls Below $69K Ahead of U.S. CPI; Cardano, Dogecoin Lead Losses in Altcoins
[Summary]: Bitcoin and major alternative cryptocurrencies (altcoins) trade weak ahead of the pivotal U.S. CPI release.

One observer said the pullback could soon run out of steam as selling pressure from wallets...

[Headline]: Sui Overtakes Aptos, Cardano in Value Locked; Sees $310M Inflow in 30 Days
[Summary]: The total amount of capital locked on Sui has risen from $211 million to $593 million since the turn of the year.

The SUI token is up by 131% in the same period.

Sui has now overtaken Aptos, Cardano...

[Headline]: First Mover Americas: Solana, Cardano Lead Losses as Market Starts Week in the Red
[Summary]: This article originally appeared in First Mover, CoinDesk’s daily newsletter, putting the latest moves in crypto markets in context. Subscribe to get it in your inbox every day.

Latest Prices

Top St...

From 2024-06-21 to 2024-06-28, ADA-USD's stock price increased from 0.38 to 0.39. News during this period are listed below:

[Headline]: Cardano Unfazed by Failed DDoS Attack Targeting Staked ADA
[Summary]: The Cardano blockchain successfully mitigated a DDoS attack that attempted to steal staked tokens, with no significant impact on the network's operation.

The attack involved transactions executing nu...

From 2024-06-28 to 2024-07-05, ADA-USD's stock price decreased from 0.39 to 0.35. News during this period are listed below:

[Headline]: Cardano Unfazed by Failed DDoS Attack Targeting Staked ADA
[Summary]: The Cardano blockchain successfully mitigated a DDoS attack that attempted to steal staked tokens, with no significant impact on the network's operation.

The attack involved transactions executing nu...

[Headline]: Cardano Is on Track for Voltaire Upgrade This Month, Co-Founder Hoskinson Says
[Summary]: Cardano's Voltaire phase, the final stage of its roadmap to create a fully decentralized blockchain ecosystem, is set to occur in June.

The Cardano Node will reach version 9.0, making it ready for a ...

[Headline]: Ripple's Brad Garlinghouse Foresees XRP, Solana, Cardano ETFs: Consensus 2024
[Summary]: Brad Garlinghouse predicts the inevitable approval of XRP, Solana and Cardano ETFs, despite significant regulatory hurdles.

Garlinghouse criticized the SEC's unclear crypto regulations, highlighting ...

[Headline]: Bitcoin Falls Below $69K Ahead of U.S. CPI; Cardano, Dogecoin Lead Losses in Altcoins
[Summary]: Bitcoin and major alternative cryptocurrencies (altcoins) trade weak ahead of the pivotal U.S. CPI release.

One observer said the pullback could soon run out of steam as selling pressure from wallets...

[Headline]: Sui Overtakes Aptos, Cardano in Value Locked; Sees $310M Inflow in 30 Days
[Summary]: The total amount of capital locked on Sui has risen from $211 million to $593 million since the turn of the year.

The SUI token is up by 131% in the same period.

Sui has now overtaken Aptos, Cardano...



Based on all the information before 2024-07-05, let's first analyze the positive developments and potential concerns for ADA-USD. Come up with 2-4 most important factors respectively and keep them concise. Most factors should be inferred from cryptocurrencies related news. Then let's assume your prediction for next week (2024-07-05 to 2024-07-12) is up by more than 5%. Provide a summary analysis to support your prediction. The prediction result need to be inferred from your analysis at the end, and thus not appearing as a foundational factor of your analysis.","### ANALYSIS REQUEST 1

**[Positive Developments]:
1. **Voltaire Upgrade**: Cardano's upcoming Voltaire upgrade is a significant milestone, aiming to create a fully decentralized blockchain ecosystem. This upgrade could enhance the network's functionality and attractiveness to investors.
2. **ETF Predictions**: Ripple's Brad Garlinghouse forecasted the approval of Cardano ETFs, which could increase institutional investment and liquidity in ADA.
3. **Successful DDoS Mitigation**: Cardano's ability to mitigate a DDoS attack without significant impact showcases the network's resilience and security, bolstering investor confidence.

**[Potential Concerns]:
1. **Regulatory Uncertainty**: The SEC's unclear crypto regulations, highlighted by Garlinghouse, pose a risk to the market's stability and could affect ADA's price.
2. **Market Weakness**: The broader crypto market, including Bitcoin, has shown weakness ahead of the U.S. CPI release, which could negatively impact ADA.
3. **Competition**: Other blockchains like Sui are gaining traction and overtaking Cardano in terms of value locked, which could divert investment away from ADA.

**[Prediction & Analysis]:
The upcoming Voltaire upgrade and the potential approval of Cardano ETFs are strong positive catalysts for ADA. However, the broader market weakness and regulatory uncertainty could dampen these positive effects. Despite these concerns, the successful mitigation of the DDoS attack reinforces Cardano's robustness, which could attract more investors. Additionally, the market pullback ahead of the U.S. CPI release is expected to run out of steam, reducing selling pressure. Therefore, the positive developments are likely to outweigh the potential concerns in the upcoming week, leading to a price increase of more than 5% for ADA-USD."
"[Cryptocurrency Introduction]: Cardano (ADA) is a cryptocurrency launched in 2017. Cardano has a current supply of 44,994,501,828.187738 with 35,337,743,183.176508 in circulation. The last known price of Cardano is 0.6700872 USD and is up 1.90 over the last 24 hours. It is currently trading on 1527 active market(s) with $602,433,351.40 traded over the last 24 hours. More information can be found at https://www.cardano.org.. It has a market capilization of 23782559744.

From 2024-06-21 to 2024-06-28, ADA-USD's stock price increased from 0.38 to 0.39. News during this period are listed below:

[Headline]: Cardano Unfazed by Failed DDoS Attack Targeting Staked ADA
[Summary]: The Cardano blockchain successfully mitigated a DDoS attack that attempted to steal staked tokens, with no significant impact on the network's operation.

The attack involved transactions executing nu...

From 2024-06-28 to 2024-07-05, ADA-USD's stock price decreased from 0.39 to 0.35. News during this period are listed below:

[Headline]: Cardano Unfazed by Failed DDoS Attack Targeting Staked ADA
[Summary]: The Cardano blockchain successfully mitigated a DDoS attack that attempted to steal staked tokens, with no significant impact on the network's operation.

The attack involved transactions executing nu...

[Headline]: Cardano Is on Track for Voltaire Upgrade This Month, Co-Founder Hoskinson Says
[Summary]: Cardano's Voltaire phase, the final stage of its roadmap to create a fully decentralized blockchain ecosystem, is set to occur in June.

The Cardano Node will reach version 9.0, making it ready for a ...

[Headline]: Ripple's Brad Garlinghouse Foresees XRP, Solana, Cardano ETFs: Consensus 2024
[Summary]: Brad Garlinghouse predicts the inevitable approval of XRP, Solana and Cardano ETFs, despite significant regulatory hurdles.

Garlinghouse criticized the SEC's unclear crypto regulations, highlighting ...

[Headline]: Bitcoin Falls Below $69K Ahead of U.S. CPI; Cardano, Dogecoin Lead Losses in Altcoins
[Summary]: Bitcoin and major alternative cryptocurrencies (altcoins) trade weak ahead of the pivotal U.S. CPI release.

One observer said the pullback could soon run out of steam as selling pressure from wallets...

[Headline]: Sui Overtakes Aptos, Cardano in Value Locked; Sees $310M Inflow in 30 Days
[Summary]: The total amount of capital locked on Sui has risen from $211 million to $593 million since the turn of the year.

The SUI token is up by 131% in the same period.

Sui has now overtaken Aptos, Cardano...

From 2024-07-05 to 2024-07-12, ADA-USD's stock price increased from 0.35 to 0.42. News during this period are listed below:

[Headline]: Cardano Unfazed by Failed DDoS Attack Targeting Staked ADA
[Summary]: The Cardano blockchain successfully mitigated a DDoS attack that attempted to steal staked tokens, with no significant impact on the network's operation.

The attack involved transactions executing nu...

[Headline]: Cardano Is on Track for Voltaire Upgrade This Month, Co-Founder Hoskinson Says
[Summary]: Cardano's Voltaire phase, the final stage of its roadmap to create a fully decentralized blockchain ecosystem, is set to occur in June.

The Cardano Node will reach version 9.0, making it ready for a ...

[Headline]: Ripple's Brad Garlinghouse Foresees XRP, Solana, Cardano ETFs: Consensus 2024
[Summary]: Brad Garlinghouse predicts the inevitable approval of XRP, Solana and Cardano ETFs, despite significant regulatory hurdles.

Garlinghouse criticized the SEC's unclear crypto regulations, highlighting ...

[Headline]: Bitcoin Falls Below $69K Ahead of U.S. CPI; Cardano, Dogecoin Lead Losses in Altcoins
[Summary]: Bitcoin and major alternative cryptocurrencies (altcoins) trade weak ahead of the pivotal U.S. CPI release.

One observer said the pullback could soon run out of steam as selling pressure from wallets...

[Headline]: Sui Overtakes Aptos, Cardano in Value Locked; Sees $310M Inflow in 30 Days
[Summary]: The total amount of capital locked on Sui has risen from $211 million to $593 million since the turn of the year.

The SUI token is up by 131% in the same period.

Sui has now overtaken Aptos, Cardano...



Based on all the information before 2024-07-12, let's first analyze the positive developments and potential concerns for ADA-USD. Come up with 2-4 most important factors respectively and keep them concise. Most factors should be inferred from cryptocurrencies related news. Then let's assume your prediction for next week (2024-07-12 to 2024-07-19) is up by more than 5%. Provide a summary analysis to support your prediction. The prediction result need to be inferred from your analysis at the end, and thus not appearing as a foundational factor of your analysis.","### ANALYSIS REQUEST 2

**[Positive Developments]:
1. **Voltaire Upgrade**: The anticipated Voltaire upgrade is expected to enhance Cardano's decentralization and functionality, making it more attractive to investors.
2. **DDoS Attack Resilience**: Cardano's successful defense against a DDoS attack demonstrates the network's security and reliability, which could boost investor confidence.

**[Potential Concerns]:
1. **Regulatory Hurdles**: The ongoing regulatory challenges, as highlighted by Brad Garlinghouse, could impact the approval of Cardano ETFs and overall market sentiment.
2. **Market Volatility**: The broader cryptocurrency market's volatility, influenced by factors such as the U.S. CPI release, could negatively affect ADA's price.

**[Prediction & Analysis]:
While regulatory hurdles and market volatility pose risks, the upcoming Voltaire upgrade and Cardano's proven resilience against security threats are significant positive factors. These developments are likely to strengthen Cardano's position in the market and attract more investors, leading to a price increase of more than 5% for ADA-USD in the upcoming week."
"[Cryptocurrency Introduction]: Cardano (ADA) is a cryptocurrency launched in 2017. Cardano has a current supply of 44,994,501,828.187738 with 35,337,743,183.176508 in circulation. The last known price of Cardano is 0.6700872 USD and is up 1.90 over the last 24 hours. It is currently trading on 1527 active market(s) with $602,433,351.40 traded over the last 24 hours. More information can be found at https://www.cardano.org.. It has a market capilization of 23782559744.

From 2024-07-12 to 2024-07-19, ADA-USD's stock price increased from 0.42 to 0.44. News during this period are listed below:

[Headline]: Cardano Unfazed by Failed DDoS Attack Targeting Staked ADA
[Summary]: The Cardano blockchain successfully mitigated a DDoS attack that attempted to steal staked tokens, with no significant impact on the network's operation.

The attack involved transactions executing nu...

[Headline]: Cardano Is on Track for Voltaire Upgrade This Month, Co-Founder Hoskinson Says
[Summary]: Cardano's Voltaire phase, the final stage of its roadmap to create a fully decentralized blockchain ecosystem, is set to occur in June.

The Cardano Node will reach version 9.0, making it ready for a ...

[Headline]: Ripple's Brad Garlinghouse Foresees XRP, Solana, Cardano ETFs: Consensus 2024
[Summary]: Brad Garlinghouse predicts the inevitable approval of XRP, Solana and Cardano ETFs, despite significant regulatory hurdles.

Garlinghouse criticized the SEC's unclear crypto regulations, highlighting ...

[Headline]: Bitcoin Falls Below $69K Ahead of U.S. CPI; Cardano, Dogecoin Lead Losses in Altcoins
[Summary]: Bitcoin and major alternative cryptocurrencies (altcoins) trade weak ahead of the pivotal U.S. CPI release.

One observer said the pullback could soon run out of steam as selling pressure from wallets...

[Headline]: Sui Overtakes Aptos, Cardano in Value Locked; Sees $310M Inflow in 30 Days
[Summary]: The total amount of capital locked on Sui has risen from $211 million to $593 million since the turn of the year.

The SUI token is up by 131% in the same period.

Sui has now overtaken Aptos, Cardano...



Based on all the information before 2024-07-19, let's first analyze the positive developments and potential concerns for ADA-USD. Come up with 2-4 most important factors respectively and keep them concise. Most factors should be inferred from cryptocurrencies related news. Then let's assume your prediction for next week (2024-07-19 to 2024-07-26) is down by 4-5%. Provide a summary analysis to support your prediction. The prediction result need to be inferred from your analysis at the end, and thus not appearing as a foundational factor of your analysis.","### ANALYSIS REQUEST 3

**[Positive Developments]:
1. **Voltaire Upgrade**: The Voltaire upgrade is a major step towards full decentralization, enhancing Cardano's appeal to investors seeking robust blockchain solutions.
2. **ETF Approval Predictions**: The forecasted approval of Cardano ETFs by Ripple's Brad Garlinghouse could open up new investment channels and increase liquidity.

**[Potential Concerns]:
1. **Regulatory Challenges**: The SEC's unclear regulations pose a risk to the market's stability and could impact the timeline for ETF approvals.
2. **Competitive Pressure**: The rise of competitors like Sui, which has seen significant inflows, could divert investment away from Cardano.

**[Prediction & Analysis]:
Despite the regulatory challenges and competitive pressure, the potential approval of Cardano ETFs and the Voltaire upgrade are strong positive catalysts. However, the broader market's influence and the recent price increase might lead to a slight correction. Therefore, while the long-term outlook remains positive, the price of ADA-USD is expected to decrease by 4-5% in the upcoming week as investors take profits and await further developments."
"[Cryptocurrency Introduction]: Cardano (ADA) is a cryptocurrency launched in 2017. Cardano has a current supply of 44,994,501,828.187738 with 35,337,743,183.176508 in circulation. The last known price of Cardano is 0.6700872 USD and is up 1.90 over the last 24 hours. It is currently trading on 1527 active market(s) with $602,433,351.40 traded over the last 24 hours. More information can be found at https://www.cardano.org.. It has a market capilization of 23782559744.

From 2024-07-12 to 2024-07-19, ADA-USD's stock price increased from 0.42 to 0.44. News during this period are listed below:

[Headline]: Cardano Unfazed by Failed DDoS Attack Targeting Staked ADA
[Summary]: The Cardano blockchain successfully mitigated a DDoS attack that attempted to steal staked tokens, with no significant impact on the network's operation.

The attack involved transactions executing nu...

[Headline]: Cardano Is on Track for Voltaire Upgrade This Month, Co-Founder Hoskinson Says
[Summary]: Cardano's Voltaire phase, the final stage of its roadmap to create a fully decentralized blockchain ecosystem, is set to occur in June.

The Cardano Node will reach version 9.0, making it ready for a ...

[Headline]: Ripple's Brad Garlinghouse Foresees XRP, Solana, Cardano ETFs: Consensus 2024
[Summary]: Brad Garlinghouse predicts the inevitable approval of XRP, Solana and Cardano ETFs, despite significant regulatory hurdles.

Garlinghouse criticized the SEC's unclear crypto regulations, highlighting ...

[Headline]: Bitcoin Falls Below $69K Ahead of U.S. CPI; Cardano, Dogecoin Lead Losses in Altcoins
[Summary]: Bitcoin and major alternative cryptocurrencies (altcoins) trade weak ahead of the pivotal U.S. CPI release.

One observer said the pullback could soon run out of steam as selling pressure from wallets...

[Headline]: Sui Overtakes Aptos, Cardano in Value Locked; Sees $310M Inflow in 30 Days
[Summary]: The total amount of capital locked on Sui has risen from $211 million to $593 million since the turn of the year.

The SUI token is up by 131% in the same period.

Sui has now overtaken Aptos, Cardano...

From 2024-07-19 to 2024-07-26, ADA-USD's stock price decreased from 0.44 to 0.42. News during this period are listed below:

[Headline]: Cardano Unfazed by Failed DDoS Attack Targeting Staked ADA
[Summary]: The Cardano blockchain successfully mitigated a DDoS attack that attempted to steal staked tokens, with no significant impact on the network's operation.

The attack involved transactions executing nu...

[Headline]: Cardano Is on Track for Voltaire Upgrade This Month, Co-Founder Hoskinson Says
[Summary]: Cardano's Voltaire phase, the final stage of its roadmap to create a fully decentralized blockchain ecosystem, is set to occur in June.

The Cardano Node will reach version 9.0, making it ready for a ...

[Headline]: Ripple's Brad Garlinghouse Foresees XRP, Solana, Cardano ETFs: Consensus 2024
[Summary]: Brad Garlinghouse predicts the inevitable approval of XRP, Solana and Cardano ETFs, despite significant regulatory hurdles.

Garlinghouse criticized the SEC's unclear crypto regulations, highlighting ...

[Headline]: Bitcoin Falls Below $69K Ahead of U.S. CPI; Cardano, Dogecoin Lead Losses in Altcoins
[Summary]: Bitcoin and major alternative cryptocurrencies (altcoins) trade weak ahead of the pivotal U.S. CPI release.

One observer said the pullback could soon run out of steam as selling pressure from wallets...

[Headline]: Sui Overtakes Aptos, Cardano in Value Locked; Sees $310M Inflow in 30 Days
[Summary]: The total amount of capital locked on Sui has risen from $211 million to $593 million since the turn of the year.

The SUI token is up by 131% in the same period.

Sui has now overtaken Aptos, Cardano...



Based on all the information before 2024-07-26, let's first analyze the positive developments and potential concerns for ADA-USD. Come up with 2-4 most important factors respectively and keep them concise. Most factors should be inferred from cryptocurrencies related news. Then let's assume your prediction for next week (2024-07-26 to 2024-08-02) is down by more than 5%. Provide a summary analysis to support your prediction. The prediction result need to be inferred from your analysis at the end, and thus not appearing as a foundational factor of your analysis.","### ANALYSIS REQUEST 4

**[Positive Developments]:
1. **Voltaire Upgrade**: The Voltaire upgrade represents a significant milestone in Cardano's roadmap, enhancing its decentralization and functionality.
2. **Successful DDoS Mitigation**: Cardano's ability to withstand a DDoS attack highlights the network's security and resilience, which could attract more investors.

**[Potential Concerns]:
1. **Regulatory Uncertainty**: The ongoing regulatory challenges could impact market sentiment and the approval of Cardano ETFs.
2. **Market Competition**: The growing popularity of other blockchains like Sui could divert investment away from Cardano, affecting its price.

**[Prediction & Analysis]:
While the Voltaire upgrade and successful DDoS mitigation are positive developments, the regulatory uncertainty and market competition pose significant concerns. These factors, combined with the broader market's influence, are likely to lead to a price decrease of more than 5% for ADA-USD in the upcoming week."
"[Cryptocurrency Introduction]: Cardano (ADA) is a cryptocurrency launched in 2017. Cardano has a current supply of 44,994,501,828.187738 with 35,337,743,183.176508 in circulation. The last known price of Cardano is 0.6700872 USD and is up 1.90 over the last 24 hours. It is currently trading on 1527 active market(s) with $602,433,351.40 traded over the last 24 hours. More information can be found at https://www.cardano.org.. It has a market capilization of 23782559744.

From 2024-07-05 to 2024-07-12, ADA-USD's stock price increased from 0.35 to 0.42. News during this period are listed below:

[Headline]: Cardano Unfazed by Failed DDoS Attack Targeting Staked ADA
[Summary]: The Cardano blockchain successfully mitigated a DDoS attack that attempted to steal staked tokens, with no significant impact on the network's operation.

The attack involved transactions executing nu...

[Headline]: Cardano Is on Track for Voltaire Upgrade This Month, Co-Founder Hoskinson Says
[Summary]: Cardano's Voltaire phase, the final stage of its roadmap to create a fully decentralized blockchain ecosystem, is set to occur in June.

The Cardano Node will reach version 9.0, making it ready for a ...

[Headline]: Ripple's Brad Garlinghouse Foresees XRP, Solana, Cardano ETFs: Consensus 2024
[Summary]: Brad Garlinghouse predicts the inevitable approval of XRP, Solana and Cardano ETFs, despite significant regulatory hurdles.

Garlinghouse criticized the SEC's unclear crypto regulations, highlighting ...

[Headline]: Bitcoin Falls Below $69K Ahead of U.S. CPI; Cardano, Dogecoin Lead Losses in Altcoins
[Summary]: Bitcoin and major alternative cryptocurrencies (altcoins) trade weak ahead of the pivotal U.S. CPI release.

One observer said the pullback could soon run out of steam as selling pressure from wallets...

[Headline]: Sui Overtakes Aptos, Cardano in Value Locked; Sees $310M Inflow in 30 Days
[Summary]: The total amount of capital locked on Sui has risen from $211 million to $593 million since the turn of the year.

The SUI token is up by 131% in the same period.

Sui has now overtaken Aptos, Cardano...

From 2024-07-12 to 2024-07-19, ADA-USD's stock price increased from 0.42 to 0.44. News during this period are listed below:

[Headline]: Cardano Unfazed by Failed DDoS Attack Targeting Staked ADA
[Summary]: The Cardano blockchain successfully mitigated a DDoS attack that attempted to steal staked tokens, with no significant impact on the network's operation.

The attack involved transactions executing nu...

[Headline]: Cardano Is on Track for Voltaire Upgrade This Month, Co-Founder Hoskinson Says
[Summary]: Cardano's Voltaire phase, the final stage of its roadmap to create a fully decentralized blockchain ecosystem, is set to occur in June.

The Cardano Node will reach version 9.0, making it ready for a ...

[Headline]: Ripple's Brad Garlinghouse Foresees XRP, Solana, Cardano ETFs: Consensus 2024
[Summary]: Brad Garlinghouse predicts the inevitable approval of XRP, Solana and Cardano ETFs, despite significant regulatory hurdles.

Garlinghouse criticized the SEC's unclear crypto regulations, highlighting ...

[Headline]: Bitcoin Falls Below $69K Ahead of U.S. CPI; Cardano, Dogecoin Lead Losses in Altcoins
[Summary]: Bitcoin and major alternative cryptocurrencies (altcoins) trade weak ahead of the pivotal U.S. CPI release.

One observer said the pullback could soon run out of steam as selling pressure from wallets...

[Headline]: Sui Overtakes Aptos, Cardano in Value Locked; Sees $310M Inflow in 30 Days
[Summary]: The total amount of capital locked on Sui has risen from $211 million to $593 million since the turn of the year.

The SUI token is up by 131% in the same period.

Sui has now overtaken Aptos, Cardano...

From 2024-07-19 to 2024-07-26, ADA-USD's stock price decreased from 0.44 to 0.42. News during this period are listed below:

[Headline]: Cardano Unfazed by Failed DDoS Attack Targeting Staked ADA
[Summary]: The Cardano blockchain successfully mitigated a DDoS attack that attempted to steal staked tokens, with no significant impact on the network's operation.

The attack involved transactions executing nu...

[Headline]: Cardano Is on Track for Voltaire Upgrade This Month, Co-Founder Hoskinson Says
[Summary]: Cardano's Voltaire phase, the final stage of its roadmap to create a fully decentralized blockchain ecosystem, is set to occur in June.

The Cardano Node will reach version 9.0, making it ready for a ...

[Headline]: Ripple's Brad Garlinghouse Foresees XRP, Solana, Cardano ETFs: Consensus 2024
[Summary]: Brad Garlinghouse predicts the inevitable approval of XRP, Solana and Cardano ETFs, despite significant regulatory hurdles.

Garlinghouse criticized the SEC's unclear crypto regulations, highlighting ...

[Headline]: Bitcoin Falls Below $69K Ahead of U.S. CPI; Cardano, Dogecoin Lead Losses in Altcoins
[Summary]: Bitcoin and major alternative cryptocurrencies (altcoins) trade weak ahead of the pivotal U.S. CPI release.

One observer said the pullback could soon run out of steam as selling pressure from wallets...

[Headline]: Sui Overtakes Aptos, Cardano in Value Locked; Sees $310M Inflow in 30 Days
[Summary]: The total amount of capital locked on Sui has risen from $211 million to $593 million since the turn of the year.

The SUI token is up by 131% in the same period.

Sui has now overtaken Aptos, Cardano...

From 2024-07-26 to 2024-08-02, ADA-USD's stock price decreased from 0.42 to 0.36. News during this period are listed below:

[Headline]: Cardano Unfazed by Failed DDoS Attack Targeting Staked ADA
[Summary]: The Cardano blockchain successfully mitigated a DDoS attack that attempted to steal staked tokens, with no significant impact on the network's operation.

The attack involved transactions executing nu...

[Headline]: Cardano Is on Track for Voltaire Upgrade This Month, Co-Founder Hoskinson Says
[Summary]: Cardano's Voltaire phase, the final stage of its roadmap to create a fully decentralized blockchain ecosystem, is set to occur in June.

The Cardano Node will reach version 9.0, making it ready for a ...

[Headline]: Ripple's Brad Garlinghouse Foresees XRP, Solana, Cardano ETFs: Consensus 2024
[Summary]: Brad Garlinghouse predicts the inevitable approval of XRP, Solana and Cardano ETFs, despite significant regulatory hurdles.

Garlinghouse criticized the SEC's unclear crypto regulations, highlighting ...

[Headline]: Bitcoin Falls Below $69K Ahead of U.S. CPI; Cardano, Dogecoin Lead Losses in Altcoins
[Summary]: Bitcoin and major alternative cryptocurrencies (altcoins) trade weak ahead of the pivotal U.S. CPI release.

One observer said the pullback could soon run out of steam as selling pressure from wallets...

[Headline]: Sui Overtakes Aptos, Cardano in Value Locked; Sees $310M Inflow in 30 Days
[Summary]: The total amount of capital locked on Sui has risen from $211 million to $593 million since the turn of the year.

The SUI token is up by 131% in the same period.

Sui has now overtaken Aptos, Cardano...



Based on all the information before 2024-08-02, let's first analyze the positive developments and potential concerns for ADA-USD. Come up with 2-4 most important factors respectively and keep them concise. Most factors should be inferred from cryptocurrencies related news. Then let's assume your prediction for next week (2024-08-02 to 2024-08-09) is down by 4-5%. Provide a summary analysis to support your prediction. The prediction result need to be inferred from your analysis at the end, and thus not appearing as a foundational factor of your analysis.","### ANALYSIS REQUEST 5

**[Positive Developments]:
1. **Voltaire Upgrade**: The upcoming Voltaire upgrade is a major positive development, enhancing Cardano's decentralization and attractiveness to investors.
2. **DDoS Attack Resilience**: Cardano's successful defense against a DDoS attack showcases its security and reliability, which could boost investor confidence.

**[Potential Concerns]:
1. **Regulatory Hurdles**: The ongoing regulatory challenges could impact the market's stability and the approval of Cardano ETFs.
2. **Market Volatility**: The broader cryptocurrency market's volatility, influenced by factors such as the U.S. CPI release, could negatively affect ADA's price.

**[Prediction & Analysis]:
While the Voltaire upgrade and DDoS attack resilience are positive developments, the regulatory hurdles and market volatility pose significant concerns. The recent price fluctuations and the broader market's influence are likely to lead to a price decrease of 4-5% for ADA-USD in the upcoming week as investors remain cautious amidst the regulatory uncertainty."
"[Cryptocurrency Introduction]: Cardano (ADA) is a cryptocurrency launched in 2017. Cardano has a current supply of 44,994,501,828.187738 with 35,337,743,183.176508 in circulation. The last known price of Cardano is 0.6700872 USD and is up 1.90 over the last 24 hours. It is currently trading on 1527 active market(s) with $602,433,351.40 traded over the last 24 hours. More information can be found at https://www.cardano.org.. It has a market capilization of 23782559744.

From 2024-07-12 to 2024-07-19, ADA-USD's stock price increased from 0.42 to 0.44. News during this period are listed below:

[Headline]: Cardano Unfazed by Failed DDoS Attack Targeting Staked ADA
[Summary]: The Cardano blockchain successfully mitigated a DDoS attack that attempted to steal staked tokens, with no significant impact on the network's operation.

The attack involved transactions executing nu...

[Headline]: Cardano Is on Track for Voltaire Upgrade This Month, Co-Founder Hoskinson Says
[Summary]: Cardano's Voltaire phase, the final stage of its roadmap to create a fully decentralized blockchain ecosystem, is set to occur in June.

The Cardano Node will reach version 9.0, making it ready for a ...

[Headline]: Ripple's Brad Garlinghouse Foresees XRP, Solana, Cardano ETFs: Consensus 2024
[Summary]: Brad Garlinghouse predicts the inevitable approval of XRP, Solana and Cardano ETFs, despite significant regulatory hurdles.

Garlinghouse criticized the SEC's unclear crypto regulations, highlighting ...

[Headline]: Bitcoin Falls Below $69K Ahead of U.S. CPI; Cardano, Dogecoin Lead Losses in Altcoins
[Summary]: Bitcoin and major alternative cryptocurrencies (altcoins) trade weak ahead of the pivotal U.S. CPI release.

One observer said the pullback could soon run out of steam as selling pressure from wallets...

[Headline]: Sui Overtakes Aptos, Cardano in Value Locked; Sees $310M Inflow in 30 Days
[Summary]: The total amount of capital locked on Sui has risen from $211 million to $593 million since the turn of the year.

The SUI token is up by 131% in the same period.

Sui has now overtaken Aptos, Cardano...

From 2024-07-19 to 2024-07-26, ADA-USD's stock price decreased from 0.44 to 0.42. News during this period are listed below:

[Headline]: Cardano Unfazed by Failed DDoS Attack Targeting Staked ADA
[Summary]: The Cardano blockchain successfully mitigated a DDoS attack that attempted to steal staked tokens, with no significant impact on the network's operation.

The attack involved transactions executing nu...

[Headline]: Cardano Is on Track for Voltaire Upgrade This Month, Co-Founder Hoskinson Says
[Summary]: Cardano's Voltaire phase, the final stage of its roadmap to create a fully decentralized blockchain ecosystem, is set to occur in June.

The Cardano Node will reach version 9.0, making it ready for a ...

[Headline]: Ripple's Brad Garlinghouse Foresees XRP, Solana, Cardano ETFs: Consensus 2024
[Summary]: Brad Garlinghouse predicts the inevitable approval of XRP, Solana and Cardano ETFs, despite significant regulatory hurdles.

Garlinghouse criticized the SEC's unclear crypto regulations, highlighting ...

[Headline]: Bitcoin Falls Below $69K Ahead of U.S. CPI; Cardano, Dogecoin Lead Losses in Altcoins
[Summary]: Bitcoin and major alternative cryptocurrencies (altcoins) trade weak ahead of the pivotal U.S. CPI release.

One observer said the pullback could soon run out of steam as selling pressure from wallets...

[Headline]: Sui Overtakes Aptos, Cardano in Value Locked; Sees $310M Inflow in 30 Days
[Summary]: The total amount of capital locked on Sui has risen from $211 million to $593 million since the turn of the year.

The SUI token is up by 131% in the same period.

Sui has now overtaken Aptos, Cardano...

From 2024-07-26 to 2024-08-02, ADA-USD's stock price decreased from 0.42 to 0.36. News during this period are listed below:

[Headline]: Cardano Unfazed by Failed DDoS Attack Targeting Staked ADA
[Summary]: The Cardano blockchain successfully mitigated a DDoS attack that attempted to steal staked tokens, with no significant impact on the network's operation.

The attack involved transactions executing nu...

[Headline]: Cardano Is on Track for Voltaire Upgrade This Month, Co-Founder Hoskinson Says
[Summary]: Cardano's Voltaire phase, the final stage of its roadmap to create a fully decentralized blockchain ecosystem, is set to occur in June.

The Cardano Node will reach version 9.0, making it ready for a ...

[Headline]: Ripple's Brad Garlinghouse Foresees XRP, Solana, Cardano ETFs: Consensus 2024
[Summary]: Brad Garlinghouse predicts the inevitable approval of XRP, Solana and Cardano ETFs, despite significant regulatory hurdles.

Garlinghouse criticized the SEC's unclear crypto regulations, highlighting ...

[Headline]: Bitcoin Falls Below $69K Ahead of U.S. CPI; Cardano, Dogecoin Lead Losses in Altcoins
[Summary]: Bitcoin and major alternative cryptocurrencies (altcoins) trade weak ahead of the pivotal U.S. CPI release.

One observer said the pullback could soon run out of steam as selling pressure from wallets...

[Headline]: Sui Overtakes Aptos, Cardano in Value Locked; Sees $310M Inflow in 30 Days
[Summary]: The total amount of capital locked on Sui has risen from $211 million to $593 million since the turn of the year.

The SUI token is up by 131% in the same period.

Sui has now overtaken Aptos, Cardano...

From 2024-08-02 to 2024-08-09, ADA-USD's stock price decreased from 0.36 to 0.35. News during this period are listed below:

[Headline]: Cardano Unfazed by Failed DDoS Attack Targeting Staked ADA
[Summary]: The Cardano blockchain successfully mitigated a DDoS attack that attempted to steal staked tokens, with no significant impact on the network's operation.

The attack involved transactions executing nu...

[Headline]: Cardano Is on Track for Voltaire Upgrade This Month, Co-Founder Hoskinson Says
[Summary]: Cardano's Voltaire phase, the final stage of its roadmap to create a fully decentralized blockchain ecosystem, is set to occur in June.

The Cardano Node will reach version 9.0, making it ready for a ...

[Headline]: Ripple's Brad Garlinghouse Foresees XRP, Solana, Cardano ETFs: Consensus 2024
[Summary]: Brad Garlinghouse predicts the inevitable approval of XRP, Solana and Cardano ETFs, despite significant regulatory hurdles.

Garlinghouse criticized the SEC's unclear crypto regulations, highlighting ...

[Headline]: Bitcoin Falls Below $69K Ahead of U.S. CPI; Cardano, Dogecoin Lead Losses in Altcoins
[Summary]: Bitcoin and major alternative cryptocurrencies (altcoins) trade weak ahead of the pivotal U.S. CPI release.

One observer said the pullback could soon run out of steam as selling pressure from wallets...

[Headline]: Sui Overtakes Aptos, Cardano in Value Locked; Sees $310M Inflow in 30 Days
[Summary]: The total amount of capital locked on Sui has risen from $211 million to $593 million since the turn of the year.

The SUI token is up by 131% in the same period.

Sui has now overtaken Aptos, Cardano...



Based on all the information before 2024-08-09, let's first analyze the positive developments and potential concerns for ADA-USD. Come up with 2-4 most important factors respectively and keep them concise. Most factors should be inferred from cryptocurrencies related news. Then let's assume your prediction for next week (2024-08-09 to 2024-08-16) is down by more than 5%. Provide a summary analysis to support your prediction. The prediction result need to be inferred from your analysis at the end, and thus not appearing as a foundational factor of your analysis.","**Response to Analysis Request 1:**

[Positive Developments]:
1. **Successful DDoS Attack Mitigation**: Cardano successfully mitigated a DDoS attack with no significant impact on its network operation, showcasing its robust security.
2. **Voltaire Upgrade**: The anticipated Voltaire upgrade is on track, which aims to create a fully decentralized blockchain ecosystem, enhancing Cardano's governance and sustainability.
3. **ETF Predictions**: Ripple's Brad Garlinghouse predicts the inevitable approval of Cardano ETFs, which could increase liquidity and institutional investment.

[Potential Concerns]:
1. **Market Weakness**: Bitcoin and other major altcoins, including Cardano, experienced a pullback ahead of the U.S. CPI release, indicating potential market volatility.
2. **Competition**: Sui overtaking Cardano in value locked raises concerns about increasing competition and Cardano's ability to maintain its market position.
3. **Regulatory Uncertainty**: Garlinghouse highlighted the SEC's unclear crypto regulations, which could pose challenges for Cardano's growth and the approval of ETFs.

[Prediction & Analysis]:
The market has shown weakness with Bitcoin and major altcoins, including Cardano, experiencing pullbacks. Despite the positive developments such as the successful mitigation of a DDoS attack and the anticipated Voltaire upgrade, the broader market sentiment and regulatory uncertainty could negatively impact Cardano's price. Additionally, increasing competition from projects like Sui could put pressure on ADA. Therefore, considering these factors, the prediction for the upcoming week is a decrease in ADA's price by more than 5%."
"[Cryptocurrency Introduction]: Cardano (ADA) is a cryptocurrency launched in 2017. Cardano has a current supply of 44,994,501,828.187738 with 35,337,743,183.176508 in circulation. The last known price of Cardano is 0.6700872 USD and is up 1.90 over the last 24 hours. It is currently trading on 1527 active market(s) with $602,433,351.40 traded over the last 24 hours. More information can be found at https://www.cardano.org.. It has a market capilization of 23782559744.

From 2024-08-02 to 2024-08-09, ADA-USD's stock price decreased from 0.36 to 0.35. News during this period are listed below:

[Headline]: Cardano Unfazed by Failed DDoS Attack Targeting Staked ADA
[Summary]: The Cardano blockchain successfully mitigated a DDoS attack that attempted to steal staked tokens, with no significant impact on the network's operation.

The attack involved transactions executing nu...

[Headline]: Cardano Is on Track for Voltaire Upgrade This Month, Co-Founder Hoskinson Says
[Summary]: Cardano's Voltaire phase, the final stage of its roadmap to create a fully decentralized blockchain ecosystem, is set to occur in June.

The Cardano Node will reach version 9.0, making it ready for a ...

[Headline]: Ripple's Brad Garlinghouse Foresees XRP, Solana, Cardano ETFs: Consensus 2024
[Summary]: Brad Garlinghouse predicts the inevitable approval of XRP, Solana and Cardano ETFs, despite significant regulatory hurdles.

Garlinghouse criticized the SEC's unclear crypto regulations, highlighting ...

[Headline]: Bitcoin Falls Below $69K Ahead of U.S. CPI; Cardano, Dogecoin Lead Losses in Altcoins
[Summary]: Bitcoin and major alternative cryptocurrencies (altcoins) trade weak ahead of the pivotal U.S. CPI release.

One observer said the pullback could soon run out of steam as selling pressure from wallets...

[Headline]: Sui Overtakes Aptos, Cardano in Value Locked; Sees $310M Inflow in 30 Days
[Summary]: The total amount of capital locked on Sui has risen from $211 million to $593 million since the turn of the year.

The SUI token is up by 131% in the same period.

Sui has now overtaken Aptos, Cardano...

From 2024-08-09 to 2024-08-16, ADA-USD's stock price decreased from 0.35 to 0.33. News during this period are listed below:

[Headline]: Cardano Unfazed by Failed DDoS Attack Targeting Staked ADA
[Summary]: The Cardano blockchain successfully mitigated a DDoS attack that attempted to steal staked tokens, with no significant impact on the network's operation.

The attack involved transactions executing nu...

[Headline]: Cardano Is on Track for Voltaire Upgrade This Month, Co-Founder Hoskinson Says
[Summary]: Cardano's Voltaire phase, the final stage of its roadmap to create a fully decentralized blockchain ecosystem, is set to occur in June.

The Cardano Node will reach version 9.0, making it ready for a ...

[Headline]: Ripple's Brad Garlinghouse Foresees XRP, Solana, Cardano ETFs: Consensus 2024
[Summary]: Brad Garlinghouse predicts the inevitable approval of XRP, Solana and Cardano ETFs, despite significant regulatory hurdles.

Garlinghouse criticized the SEC's unclear crypto regulations, highlighting ...

[Headline]: Bitcoin Falls Below $69K Ahead of U.S. CPI; Cardano, Dogecoin Lead Losses in Altcoins
[Summary]: Bitcoin and major alternative cryptocurrencies (altcoins) trade weak ahead of the pivotal U.S. CPI release.

One observer said the pullback could soon run out of steam as selling pressure from wallets...

[Headline]: Sui Overtakes Aptos, Cardano in Value Locked; Sees $310M Inflow in 30 Days
[Summary]: The total amount of capital locked on Sui has risen from $211 million to $593 million since the turn of the year.

The SUI token is up by 131% in the same period.

Sui has now overtaken Aptos, Cardano...



Based on all the information before 2024-08-16, let's first analyze the positive developments and potential concerns for ADA-USD. Come up with 2-4 most important factors respectively and keep them concise. Most factors should be inferred from cryptocurrencies related news. Then let's assume your prediction for next week (2024-08-16 to 2024-08-23) is up by more than 5%. Provide a summary analysis to support your prediction. The prediction result need to be inferred from your analysis at the end, and thus not appearing as a foundational factor of your analysis.","**Response to Analysis Request 2:**

[Positive Developments]:
1. **Voltaire Upgrade**: The Voltaire upgrade is expected to occur in June, marking a significant milestone in Cardano's roadmap to full decentralization.
2. **ETF Approval**: Brad Garlinghouse's prediction of inevitable Cardano ETF approval could attract more institutional investors and increase liquidity.

[Potential Concerns]:
1. **Continued Market Weakness**: Bitcoin and major altcoins continue to trade weak, with Cardano among the leading losses, indicating a bearish market sentiment.
2. **Sui's Rise**: Sui's significant inflow of capital and rise in value locked poses competitive pressure on Cardano.

[Prediction & Analysis]:
While the Voltaire upgrade and potential ETF approval are positive developments, the ongoing market weakness and competitive pressure from Sui could limit Cardano's price appreciation. However, given that the market has already priced in some of the negative sentiment and the positive developments are significant, there is potential for a rebound. Therefore, the prediction for the upcoming week is an increase in ADA's price by more than 5%."
"[Cryptocurrency Introduction]: Cardano (ADA) is a cryptocurrency launched in 2017. Cardano has a current supply of 44,994,501,828.187738 with 35,337,743,183.176508 in circulation. The last known price of Cardano is 0.6700872 USD and is up 1.90 over the last 24 hours. It is currently trading on 1527 active market(s) with $602,433,351.40 traded over the last 24 hours. More information can be found at https://www.cardano.org.. It has a market capilization of 23782559744.

From 2024-07-26 to 2024-08-02, ADA-USD's stock price decreased from 0.42 to 0.36. News during this period are listed below:

[Headline]: Cardano Unfazed by Failed DDoS Attack Targeting Staked ADA
[Summary]: The Cardano blockchain successfully mitigated a DDoS attack that attempted to steal staked tokens, with no significant impact on the network's operation.

The attack involved transactions executing nu...

[Headline]: Cardano Is on Track for Voltaire Upgrade This Month, Co-Founder Hoskinson Says
[Summary]: Cardano's Voltaire phase, the final stage of its roadmap to create a fully decentralized blockchain ecosystem, is set to occur in June.

The Cardano Node will reach version 9.0, making it ready for a ...

[Headline]: Ripple's Brad Garlinghouse Foresees XRP, Solana, Cardano ETFs: Consensus 2024
[Summary]: Brad Garlinghouse predicts the inevitable approval of XRP, Solana and Cardano ETFs, despite significant regulatory hurdles.

Garlinghouse criticized the SEC's unclear crypto regulations, highlighting ...

[Headline]: Bitcoin Falls Below $69K Ahead of U.S. CPI; Cardano, Dogecoin Lead Losses in Altcoins
[Summary]: Bitcoin and major alternative cryptocurrencies (altcoins) trade weak ahead of the pivotal U.S. CPI release.

One observer said the pullback could soon run out of steam as selling pressure from wallets...

[Headline]: Sui Overtakes Aptos, Cardano in Value Locked; Sees $310M Inflow in 30 Days
[Summary]: The total amount of capital locked on Sui has risen from $211 million to $593 million since the turn of the year.

The SUI token is up by 131% in the same period.

Sui has now overtaken Aptos, Cardano...

From 2024-08-02 to 2024-08-09, ADA-USD's stock price decreased from 0.36 to 0.35. News during this period are listed below:

[Headline]: Cardano Unfazed by Failed DDoS Attack Targeting Staked ADA
[Summary]: The Cardano blockchain successfully mitigated a DDoS attack that attempted to steal staked tokens, with no significant impact on the network's operation.

The attack involved transactions executing nu...

[Headline]: Cardano Is on Track for Voltaire Upgrade This Month, Co-Founder Hoskinson Says
[Summary]: Cardano's Voltaire phase, the final stage of its roadmap to create a fully decentralized blockchain ecosystem, is set to occur in June.

The Cardano Node will reach version 9.0, making it ready for a ...

[Headline]: Ripple's Brad Garlinghouse Foresees XRP, Solana, Cardano ETFs: Consensus 2024
[Summary]: Brad Garlinghouse predicts the inevitable approval of XRP, Solana and Cardano ETFs, despite significant regulatory hurdles.

Garlinghouse criticized the SEC's unclear crypto regulations, highlighting ...

[Headline]: Bitcoin Falls Below $69K Ahead of U.S. CPI; Cardano, Dogecoin Lead Losses in Altcoins
[Summary]: Bitcoin and major alternative cryptocurrencies (altcoins) trade weak ahead of the pivotal U.S. CPI release.

One observer said the pullback could soon run out of steam as selling pressure from wallets...

[Headline]: Sui Overtakes Aptos, Cardano in Value Locked; Sees $310M Inflow in 30 Days
[Summary]: The total amount of capital locked on Sui has risen from $211 million to $593 million since the turn of the year.

The SUI token is up by 131% in the same period.

Sui has now overtaken Aptos, Cardano...

From 2024-08-09 to 2024-08-16, ADA-USD's stock price decreased from 0.35 to 0.33. News during this period are listed below:

[Headline]: Cardano Unfazed by Failed DDoS Attack Targeting Staked ADA
[Summary]: The Cardano blockchain successfully mitigated a DDoS attack that attempted to steal staked tokens, with no significant impact on the network's operation.

The attack involved transactions executing nu...

[Headline]: Cardano Is on Track for Voltaire Upgrade This Month, Co-Founder Hoskinson Says
[Summary]: Cardano's Voltaire phase, the final stage of its roadmap to create a fully decentralized blockchain ecosystem, is set to occur in June.

The Cardano Node will reach version 9.0, making it ready for a ...

[Headline]: Ripple's Brad Garlinghouse Foresees XRP, Solana, Cardano ETFs: Consensus 2024
[Summary]: Brad Garlinghouse predicts the inevitable approval of XRP, Solana and Cardano ETFs, despite significant regulatory hurdles.

Garlinghouse criticized the SEC's unclear crypto regulations, highlighting ...

[Headline]: Bitcoin Falls Below $69K Ahead of U.S. CPI; Cardano, Dogecoin Lead Losses in Altcoins
[Summary]: Bitcoin and major alternative cryptocurrencies (altcoins) trade weak ahead of the pivotal U.S. CPI release.

One observer said the pullback could soon run out of steam as selling pressure from wallets...

[Headline]: Sui Overtakes Aptos, Cardano in Value Locked; Sees $310M Inflow in 30 Days
[Summary]: The total amount of capital locked on Sui has risen from $211 million to $593 million since the turn of the year.

The SUI token is up by 131% in the same period.

Sui has now overtaken Aptos, Cardano...

From 2024-08-16 to 2024-08-23, ADA-USD's stock price increased from 0.33 to 0.39. News during this period are listed below:

[Headline]: Trump Tops Harris on Polymarket; Tron, Cardano in the Green as Bitcoin Sinks
[Summary]: Major altcoins like ETH, Solana's SOL, BNB and XRP, dropped as bitcoin's struggle to move past $60K.

Tron's TRX and Cardano's ADA showed gains, with TRX particularly benefiting from increased network...



Based on all the information before 2024-08-23, let's first analyze the positive developments and potential concerns for ADA-USD. Come up with 2-4 most important factors respectively and keep them concise. Most factors should be inferred from cryptocurrencies related news. Then let's assume your prediction for next week (2024-08-23 to 2024-08-30) is down by more than 5%. Provide a summary analysis to support your prediction. The prediction result need to be inferred from your analysis at the end, and thus not appearing as a foundational factor of your analysis.","**Response to Analysis Request 3:**

[Positive Developments]:
1. **Network Resilience**: Cardano's successful mitigation of a DDoS attack highlights the network's security and resilience.
2. **Upcoming Hard Fork**: The anticipated ""Chang"" hard fork, introducing on-chain governance, is a significant upgrade that could enhance Cardano's decentralization and functionality.

[Potential Concerns]:
1. **Broad Market Pullback**: The broader cryptocurrency market, including Bitcoin, has experienced a pullback, which could negatively impact Cardano's price.
2. **Competition**: The rise of Sui and other competitors poses a risk to Cardano's market position.

[Prediction & Analysis]:
Despite the positive developments related to Cardano's security and upcoming hard fork, the broader market pullback and increasing competition could weigh on ADA's price. Considering these factors, the prediction for the upcoming week is a decrease in ADA's price by more than 5%."
"[Cryptocurrency Introduction]: Cardano (ADA) is a cryptocurrency launched in 2017. Cardano has a current supply of 44,994,501,828.187738 with 35,337,743,183.176508 in circulation. The last known price of Cardano is 0.6700872 USD and is up 1.90 over the last 24 hours. It is currently trading on 1527 active market(s) with $602,433,351.40 traded over the last 24 hours. More information can be found at https://www.cardano.org.. It has a market capilization of 23782559744.

From 2024-08-23 to 2024-08-30, ADA-USD's stock price decreased from 0.39 to 0.35. News during this period are listed below:

[Headline]: Cardano Blockchain Heads for 'Chang Hard Fork,' Biggest Upgrade in Two Years
[Summary]: Cardano, launched in 2017 by Ethereum co-founder Charles Hoskinson, is pushing toward its biggest upgrade in two years, with major changes to the structure of its main network, introducing mechanisms ...



Based on all the information before 2024-08-30, let's first analyze the positive developments and potential concerns for ADA-USD. Come up with 2-4 most important factors respectively and keep them concise. Most factors should be inferred from cryptocurrencies related news. Then let's assume your prediction for next week (2024-08-30 to 2024-09-06) is down by more than 5%. Provide a summary analysis to support your prediction. The prediction result need to be inferred from your analysis at the end, and thus not appearing as a foundational factor of your analysis.","**Response to Analysis Request 4:**

[Positive Developments]:
1. **Chang Hard Fork**: The upcoming ""Chang"" hard fork is a significant upgrade that aims to enhance Cardano's on-chain governance and overall functionality.

[Potential Concerns]:
1. **Market Volatility**: The cryptocurrency market remains volatile, with major altcoins experiencing price fluctuations.
2. **Hard Fork Uncertainty**: While the ""Chang"" hard fork is anticipated, any delays or issues during the upgrade could negatively impact Cardano's price.

[Prediction & Analysis]:
The upcoming ""Chang"" hard fork is a positive development, but the market volatility and potential risks associated with the hard fork could outweigh the benefits in the short term. Additionally, the broader market sentiment remains uncertain. Therefore, the prediction for the upcoming week is a decrease in ADA's price by more than 5%."
"[Cryptocurrency Introduction]: Cardano (ADA) is a cryptocurrency launched in 2017. Cardano has a current supply of 44,994,501,828.187738 with 35,337,743,183.176508 in circulation. The last known price of Cardano is 0.6700872 USD and is up 1.90 over the last 24 hours. It is currently trading on 1527 active market(s) with $602,433,351.40 traded over the last 24 hours. More information can be found at https://www.cardano.org.. It has a market capilization of 23782559744.

From 2024-08-16 to 2024-08-23, ADA-USD's stock price increased from 0.33 to 0.39. News during this period are listed below:

[Headline]: Trump Tops Harris on Polymarket; Tron, Cardano in the Green as Bitcoin Sinks
[Summary]: Major altcoins like ETH, Solana's SOL, BNB and XRP, dropped as bitcoin's struggle to move past $60K.

Tron's TRX and Cardano's ADA showed gains, with TRX particularly benefiting from increased network...

From 2024-08-23 to 2024-08-30, ADA-USD's stock price decreased from 0.39 to 0.35. News during this period are listed below:

[Headline]: Cardano Blockchain Heads for 'Chang Hard Fork,' Biggest Upgrade in Two Years
[Summary]: Cardano, launched in 2017 by Ethereum co-founder Charles Hoskinson, is pushing toward its biggest upgrade in two years, with major changes to the structure of its main network, introducing mechanisms ...

From 2024-08-30 to 2024-09-06, ADA-USD's stock price decreased from 0.35 to 0.31. News during this period are listed below:

[Headline]: Cardano’s Chang Hard Fork Goes Live, Introducing On-Chain Governance
[Summary]: Cardano, the layer-1 blockchain launched in 2017 by Ethereum co-founder Charles Hoskinson, activated its highly anticipated “Chang” upgrade on Sunday, marking the ecosystem's long-planned shift toward...



Based on all the information before 2024-09-06, let's first analyze the positive developments and potential concerns for ADA-USD. Come up with 2-4 most important factors respectively and keep them concise. Most factors should be inferred from cryptocurrencies related news. Then let's assume your prediction for next week (2024-09-06 to 2024-09-13) is up by more than 5%. Provide a summary analysis to support your prediction. The prediction result need to be inferred from your analysis at the end, and thus not appearing as a foundational factor of your analysis.","**Response to Analysis Request 5:**

[Positive Developments]:
1. **Chang Hard Fork Activation**: The successful activation of the ""Chang"" hard fork introduces on-chain governance, marking a significant milestone in Cardano's development.
2. **Network Growth**: Despite market fluctuations, Cardano has shown resilience and continues to grow its network and ecosystem.

[Potential Concerns]:
1. **Post-Upgrade Volatility**: The activation of the ""Chang"" hard fork could lead to short-term volatility as the market adjusts to the changes.
2. **Broader Market Sentiment**: The broader cryptocurrency market remains uncertain, with potential pullbacks and volatility.

[Prediction & Analysis]:
The successful activation of the ""Chang"" hard fork is a positive development for Cardano, and the network's continued growth is encouraging. While there may be short-term volatility following the hard fork, the long-term benefits could outweigh the initial uncertainties. Additionally, the broader market sentiment appears to be improving. Therefore, the prediction for the upcoming week is an increase in ADA's price by more than 5%."
"[Cryptocurrency Introduction]: Cardano (ADA) is a cryptocurrency launched in 2017. Cardano has a current supply of 44,994,501,828.187738 with 35,337,743,183.176508 in circulation. The last known price of Cardano is 0.6700872 USD and is up 1.90 over the last 24 hours. It is currently trading on 1527 active market(s) with $602,433,351.40 traded over the last 24 hours. More information can be found at https://www.cardano.org.. It has a market capilization of 23782559744.

From 2024-08-23 to 2024-08-30, ADA-USD's stock price decreased from 0.39 to 0.35. News during this period are listed below:

[Headline]: Cardano Blockchain Heads for 'Chang Hard Fork,' Biggest Upgrade in Two Years
[Summary]: Cardano, launched in 2017 by Ethereum co-founder Charles Hoskinson, is pushing toward its biggest upgrade in two years, with major changes to the structure of its main network, introducing mechanisms ...

From 2024-08-30 to 2024-09-06, ADA-USD's stock price decreased from 0.35 to 0.31. News during this period are listed below:

[Headline]: Cardano’s Chang Hard Fork Goes Live, Introducing On-Chain Governance
[Summary]: Cardano, the layer-1 blockchain launched in 2017 by Ethereum co-founder Charles Hoskinson, activated its highly anticipated “Chang” upgrade on Sunday, marking the ecosystem's long-planned shift toward...

From 2024-09-06 to 2024-09-13, ADA-USD's stock price increased from 0.31 to 0.36. News during this period are listed below:

[Headline]: Cardano’s Chang Hard Fork Goes Live, Introducing On-Chain Governance
[Summary]: Cardano, the layer-1 blockchain launched in 2017 by Ethereum co-founder Charles Hoskinson, activated its highly anticipated “Chang” upgrade on Sunday, marking the ecosystem's long-planned shift toward...

[Headline]: Cardano Blockchain Heads for 'Chang Hard Fork,' Biggest Upgrade in Two Years
[Summary]: Cardano, launched in 2017 by Ethereum co-founder Charles Hoskinson, is pushing toward its biggest upgrade in two years, with major changes to the structure of its main network, introducing mechanisms ...

[Headline]: Trump Tops Harris on Polymarket; Tron, Cardano in the Green as Bitcoin Sinks
[Summary]: Major altcoins like ETH, Solana's SOL, BNB and XRP, dropped as bitcoin's struggle to move past $60K.

Tron's TRX and Cardano's ADA showed gains, with TRX particularly benefiting from increased network...

[Headline]: Cardano Unfazed by Failed DDoS Attack Targeting Staked ADA
[Summary]: The Cardano blockchain successfully mitigated a DDoS attack that attempted to steal staked tokens, with no significant impact on the network's operation.

The attack involved transactions executing nu...

[Headline]: Cardano Is on Track for Voltaire Upgrade This Month, Co-Founder Hoskinson Says
[Summary]: Cardano's Voltaire phase, the final stage of its roadmap to create a fully decentralized blockchain ecosystem, is set to occur in June.

The Cardano Node will reach version 9.0, making it ready for a ...



Based on all the information before 2024-09-13, let's first analyze the positive developments and potential concerns for ADA-USD. Come up with 2-4 most important factors respectively and keep them concise. Most factors should be inferred from cryptocurrencies related news. Then let's assume your prediction for next week (2024-09-13 to 2024-09-20) is down by 2-3%. Provide a summary analysis to support your prediction. The prediction result need to be inferred from your analysis at the end, and thus not appearing as a foundational factor of your analysis.","**[Positive Developments]:**
1. **Chang Hard Fork Upgrade**: Cardano's successful implementation of the Chang hard fork, introducing on-chain governance, marks a significant milestone in its development, enhancing its decentralization and functionality.
2. **Resilience to DDoS Attack**: Cardano's network successfully mitigated a DDoS attack with no significant impact, demonstrating its robust security infrastructure.
3. **Voltaire Upgrade Anticipation**: The upcoming Voltaire upgrade, set to complete the decentralization roadmap, is generating positive sentiment among investors.
4. **Relative Strength in Bearish Market**: Despite Bitcoin's struggle, Cardano showed gains, indicating relative strength and potential decoupling from Bitcoin's price action.

**[Potential Concerns]:**
1. **Broad Market Sentiment**: The broader cryptocurrency market, particularly Bitcoin, has been struggling, which could indirectly affect Cardano's price.
2. **Potential Sell-Off Post Upgrade**: After the hype of the Chang hard fork, there might be a sell-off as investors realize profits, putting downward pressure on the price.
3. **Regulatory Uncertainty**: Ongoing regulatory developments in major markets could impact the overall crypto market sentiment and Cardano's price.

**[Prediction & Analysis]:**
Cardano's price has shown resilience and relative strength, but the broader market sentiment and potential post-upgrade sell-off could lead to a slight correction. The successful network upgrades and security demonstrations are long-term positives but might not be enough to counteract immediate profit-taking and broader market influences. Therefore, a 2-3% decrease in price for the upcoming week is predicted."
"[Cryptocurrency Introduction]: Cardano (ADA) is a cryptocurrency launched in 2017. Cardano has a current supply of 44,994,501,828.187738 with 35,337,743,183.176508 in circulation. The last known price of Cardano is 0.6700872 USD and is up 1.90 over the last 24 hours. It is currently trading on 1527 active market(s) with $602,433,351.40 traded over the last 24 hours. More information can be found at https://www.cardano.org.. It has a market capilization of 23782559744.

From 2024-08-30 to 2024-09-06, ADA-USD's stock price decreased from 0.35 to 0.31. News during this period are listed below:

[Headline]: Cardano’s Chang Hard Fork Goes Live, Introducing On-Chain Governance
[Summary]: Cardano, the layer-1 blockchain launched in 2017 by Ethereum co-founder Charles Hoskinson, activated its highly anticipated “Chang” upgrade on Sunday, marking the ecosystem's long-planned shift toward...

From 2024-09-06 to 2024-09-13, ADA-USD's stock price increased from 0.31 to 0.36. News during this period are listed below:

[Headline]: Cardano’s Chang Hard Fork Goes Live, Introducing On-Chain Governance
[Summary]: Cardano, the layer-1 blockchain launched in 2017 by Ethereum co-founder Charles Hoskinson, activated its highly anticipated “Chang” upgrade on Sunday, marking the ecosystem's long-planned shift toward...

[Headline]: Cardano Blockchain Heads for 'Chang Hard Fork,' Biggest Upgrade in Two Years
[Summary]: Cardano, launched in 2017 by Ethereum co-founder Charles Hoskinson, is pushing toward its biggest upgrade in two years, with major changes to the structure of its main network, introducing mechanisms ...

[Headline]: Trump Tops Harris on Polymarket; Tron, Cardano in the Green as Bitcoin Sinks
[Summary]: Major altcoins like ETH, Solana's SOL, BNB and XRP, dropped as bitcoin's struggle to move past $60K.

Tron's TRX and Cardano's ADA showed gains, with TRX particularly benefiting from increased network...

[Headline]: Cardano Unfazed by Failed DDoS Attack Targeting Staked ADA
[Summary]: The Cardano blockchain successfully mitigated a DDoS attack that attempted to steal staked tokens, with no significant impact on the network's operation.

The attack involved transactions executing nu...

[Headline]: Cardano Is on Track for Voltaire Upgrade This Month, Co-Founder Hoskinson Says
[Summary]: Cardano's Voltaire phase, the final stage of its roadmap to create a fully decentralized blockchain ecosystem, is set to occur in June.

The Cardano Node will reach version 9.0, making it ready for a ...

From 2024-09-13 to 2024-09-20, ADA-USD's stock price decreased from 0.36 to 0.35. News during this period are listed below:

[Headline]: Cardano’s Chang Hard Fork Goes Live, Introducing On-Chain Governance
[Summary]: Cardano, the layer-1 blockchain launched in 2017 by Ethereum co-founder Charles Hoskinson, activated its highly anticipated “Chang” upgrade on Sunday, marking the ecosystem's long-planned shift toward...

[Headline]: Cardano Blockchain Heads for 'Chang Hard Fork,' Biggest Upgrade in Two Years
[Summary]: Cardano, launched in 2017 by Ethereum co-founder Charles Hoskinson, is pushing toward its biggest upgrade in two years, with major changes to the structure of its main network, introducing mechanisms ...

[Headline]: Trump Tops Harris on Polymarket; Tron, Cardano in the Green as Bitcoin Sinks
[Summary]: Major altcoins like ETH, Solana's SOL, BNB and XRP, dropped as bitcoin's struggle to move past $60K.

Tron's TRX and Cardano's ADA showed gains, with TRX particularly benefiting from increased network...

[Headline]: Cardano Unfazed by Failed DDoS Attack Targeting Staked ADA
[Summary]: The Cardano blockchain successfully mitigated a DDoS attack that attempted to steal staked tokens, with no significant impact on the network's operation.

The attack involved transactions executing nu...

[Headline]: Cardano Is on Track for Voltaire Upgrade This Month, Co-Founder Hoskinson Says
[Summary]: Cardano's Voltaire phase, the final stage of its roadmap to create a fully decentralized blockchain ecosystem, is set to occur in June.

The Cardano Node will reach version 9.0, making it ready for a ...



Based on all the information before 2024-09-20, let's first analyze the positive developments and potential concerns for ADA-USD. Come up with 2-4 most important factors respectively and keep them concise. Most factors should be inferred from cryptocurrencies related news. Then let's assume your prediction for next week (2024-09-20 to 2024-09-27) is up by more than 5%. Provide a summary analysis to support your prediction. The prediction result need to be inferred from your analysis at the end, and thus not appearing as a foundational factor of your analysis.","**[Positive Developments]:**
1. **Chang Hard Fork Live**: The successful activation of the Chang hard fork, introducing on-chain governance, is a major development for Cardano's ecosystem.
2. **Market Gains Amidst Bitcoin Struggle**: Cardano showed gains even as Bitcoin and other major altcoins struggled, highlighting its relative strength.
3. **Voltaire Upgrade on Track**: The anticipated Voltaire upgrade, aimed at full decentralization, is progressing as planned, maintaining positive investor sentiment.
4. **Successful DDoS Attack Mitigation**: Cardano's ability to withstand and mitigate a DDoS attack reflects the network's strong security protocols.

**[Potential Concerns]:**
1. **Broader Market Weakness**: The overall cryptocurrency market, especially Bitcoin, has been facing headwinds, which could negatively impact Cardano.
2. **Post-Upgrade Sell-Off**: Following the Chang hard fork, there is a risk of a sell-off as investors look to secure short-term profits.
3. **Regulatory Risks**: Uncertain regulatory environments in key markets could pose risks to the overall crypto market and Cardano.

**[Prediction & Analysis]:**
The positive developments surrounding Cardano's upgrades and its demonstrated resilience are likely to drive renewed investor interest. As Bitcoin and other altcoins struggle, Cardano's relative strength and upcoming Voltaire upgrade could position it for significant gains. The potential concerns are outweighed by the positive momentum, leading to a prediction of more than 5% increase in price for the upcoming week."
"[Cryptocurrency Introduction]: Cardano (ADA) is a cryptocurrency launched in 2017. Cardano has a current supply of 44,994,501,828.187738 with 35,337,743,183.176508 in circulation. The last known price of Cardano is 0.6700872 USD and is up 1.90 over the last 24 hours. It is currently trading on 1527 active market(s) with $602,433,351.40 traded over the last 24 hours. More information can be found at https://www.cardano.org.. It has a market capilization of 23782559744.

From 2024-09-20 to 2024-09-27, ADA-USD's stock price increased from 0.35 to 0.40. News during this period are listed below:

[Headline]: Cardano’s Chang Hard Fork Goes Live, Introducing On-Chain Governance
[Summary]: Cardano, the layer-1 blockchain launched in 2017 by Ethereum co-founder Charles Hoskinson, activated its highly anticipated “Chang” upgrade on Sunday, marking the ecosystem's long-planned shift toward...

[Headline]: Cardano Blockchain Heads for 'Chang Hard Fork,' Biggest Upgrade in Two Years
[Summary]: Cardano, launched in 2017 by Ethereum co-founder Charles Hoskinson, is pushing toward its biggest upgrade in two years, with major changes to the structure of its main network, introducing mechanisms ...

[Headline]: Trump Tops Harris on Polymarket; Tron, Cardano in the Green as Bitcoin Sinks
[Summary]: Major altcoins like ETH, Solana's SOL, BNB and XRP, dropped as bitcoin's struggle to move past $60K.

Tron's TRX and Cardano's ADA showed gains, with TRX particularly benefiting from increased network...

[Headline]: Cardano Unfazed by Failed DDoS Attack Targeting Staked ADA
[Summary]: The Cardano blockchain successfully mitigated a DDoS attack that attempted to steal staked tokens, with no significant impact on the network's operation.

The attack involved transactions executing nu...

[Headline]: Cardano Is on Track for Voltaire Upgrade This Month, Co-Founder Hoskinson Says
[Summary]: Cardano's Voltaire phase, the final stage of its roadmap to create a fully decentralized blockchain ecosystem, is set to occur in June.

The Cardano Node will reach version 9.0, making it ready for a ...



Based on all the information before 2024-09-27, let's first analyze the positive developments and potential concerns for ADA-USD. Come up with 2-4 most important factors respectively and keep them concise. Most factors should be inferred from cryptocurrencies related news. Then let's assume your prediction for next week (2024-09-27 to 2024-10-04) is down by more than 5%. Provide a summary analysis to support your prediction. The prediction result need to be inferred from your analysis at the end, and thus not appearing as a foundational factor of your analysis.","**[Positive Developments]:**
1. **Chang Hard Fork Success**: The live activation of the Chang hard fork has brought on-chain governance to Cardano, enhancing its ecosystem.
2. **Market Gains Despite Bitcoin's Struggle**: Cardano's price increase amidst broader market weakness indicates strong investor confidence.
3. **Voltaire Upgrade Progress**: The ongoing progress towards the Voltaire upgrade is maintaining positive sentiment among investors.
4. **Network Security**: The successful mitigation of a DDoS attack showcases Cardano's robust network security.

**[Potential Concerns]:**
1. **Broad Market Sentiment**: The overall cryptocurrency market's struggle, particularly Bitcoin's, could impact Cardano's price trajectory.
2. **Potential Profit-Taking**: Following the recent price increase, there is a risk of profit-taking by investors, leading to a correction.
3. **Regulatory Uncertainties**: Ongoing regulatory developments could introduce volatility in the crypto market and affect Cardano.

**[Prediction & Analysis]:**
While Cardano has shown strong performance and positive developments, the broader market weakness and potential profit-taking could lead to a correction. The positive momentum from the upgrades and network security is likely to be tempered by these concerns, resulting in a prediction of more than 5% decrease in price for the upcoming week."
"[Cryptocurrency Introduction]: Cardano (ADA) is a cryptocurrency launched in 2017. Cardano has a current supply of 44,994,501,828.187738 with 35,337,743,183.176508 in circulation. The last known price of Cardano is 0.6700872 USD and is up 1.90 over the last 24 hours. It is currently trading on 1527 active market(s) with $602,433,351.40 traded over the last 24 hours. More information can be found at https://www.cardano.org.. It has a market capilization of 23782559744.

From 2024-09-06 to 2024-09-13, ADA-USD's stock price increased from 0.31 to 0.36. News during this period are listed below:

[Headline]: Cardano’s Chang Hard Fork Goes Live, Introducing On-Chain Governance
[Summary]: Cardano, the layer-1 blockchain launched in 2017 by Ethereum co-founder Charles Hoskinson, activated its highly anticipated “Chang” upgrade on Sunday, marking the ecosystem's long-planned shift toward...

[Headline]: Cardano Blockchain Heads for 'Chang Hard Fork,' Biggest Upgrade in Two Years
[Summary]: Cardano, launched in 2017 by Ethereum co-founder Charles Hoskinson, is pushing toward its biggest upgrade in two years, with major changes to the structure of its main network, introducing mechanisms ...

[Headline]: Trump Tops Harris on Polymarket; Tron, Cardano in the Green as Bitcoin Sinks
[Summary]: Major altcoins like ETH, Solana's SOL, BNB and XRP, dropped as bitcoin's struggle to move past $60K.

Tron's TRX and Cardano's ADA showed gains, with TRX particularly benefiting from increased network...

[Headline]: Cardano Unfazed by Failed DDoS Attack Targeting Staked ADA
[Summary]: The Cardano blockchain successfully mitigated a DDoS attack that attempted to steal staked tokens, with no significant impact on the network's operation.

The attack involved transactions executing nu...

[Headline]: Cardano Is on Track for Voltaire Upgrade This Month, Co-Founder Hoskinson Says
[Summary]: Cardano's Voltaire phase, the final stage of its roadmap to create a fully decentralized blockchain ecosystem, is set to occur in June.

The Cardano Node will reach version 9.0, making it ready for a ...

From 2024-09-13 to 2024-09-20, ADA-USD's stock price decreased from 0.36 to 0.35. News during this period are listed below:

[Headline]: Cardano’s Chang Hard Fork Goes Live, Introducing On-Chain Governance
[Summary]: Cardano, the layer-1 blockchain launched in 2017 by Ethereum co-founder Charles Hoskinson, activated its highly anticipated “Chang” upgrade on Sunday, marking the ecosystem's long-planned shift toward...

[Headline]: Cardano Blockchain Heads for 'Chang Hard Fork,' Biggest Upgrade in Two Years
[Summary]: Cardano, launched in 2017 by Ethereum co-founder Charles Hoskinson, is pushing toward its biggest upgrade in two years, with major changes to the structure of its main network, introducing mechanisms ...

[Headline]: Trump Tops Harris on Polymarket; Tron, Cardano in the Green as Bitcoin Sinks
[Summary]: Major altcoins like ETH, Solana's SOL, BNB and XRP, dropped as bitcoin's struggle to move past $60K.

Tron's TRX and Cardano's ADA showed gains, with TRX particularly benefiting from increased network...

[Headline]: Cardano Unfazed by Failed DDoS Attack Targeting Staked ADA
[Summary]: The Cardano blockchain successfully mitigated a DDoS attack that attempted to steal staked tokens, with no significant impact on the network's operation.

The attack involved transactions executing nu...

[Headline]: Cardano Is on Track for Voltaire Upgrade This Month, Co-Founder Hoskinson Says
[Summary]: Cardano's Voltaire phase, the final stage of its roadmap to create a fully decentralized blockchain ecosystem, is set to occur in June.

The Cardano Node will reach version 9.0, making it ready for a ...

From 2024-09-20 to 2024-09-27, ADA-USD's stock price increased from 0.35 to 0.40. News during this period are listed below:

[Headline]: Cardano’s Chang Hard Fork Goes Live, Introducing On-Chain Governance
[Summary]: Cardano, the layer-1 blockchain launched in 2017 by Ethereum co-founder Charles Hoskinson, activated its highly anticipated “Chang” upgrade on Sunday, marking the ecosystem's long-planned shift toward...

[Headline]: Cardano Blockchain Heads for 'Chang Hard Fork,' Biggest Upgrade in Two Years
[Summary]: Cardano, launched in 2017 by Ethereum co-founder Charles Hoskinson, is pushing toward its biggest upgrade in two years, with major changes to the structure of its main network, introducing mechanisms ...

[Headline]: Trump Tops Harris on Polymarket; Tron, Cardano in the Green as Bitcoin Sinks
[Summary]: Major altcoins like ETH, Solana's SOL, BNB and XRP, dropped as bitcoin's struggle to move past $60K.

Tron's TRX and Cardano's ADA showed gains, with TRX particularly benefiting from increased network...

[Headline]: Cardano Unfazed by Failed DDoS Attack Targeting Staked ADA
[Summary]: The Cardano blockchain successfully mitigated a DDoS attack that attempted to steal staked tokens, with no significant impact on the network's operation.

The attack involved transactions executing nu...

[Headline]: Cardano Is on Track for Voltaire Upgrade This Month, Co-Founder Hoskinson Says
[Summary]: Cardano's Voltaire phase, the final stage of its roadmap to create a fully decentralized blockchain ecosystem, is set to occur in June.

The Cardano Node will reach version 9.0, making it ready for a ...

From 2024-09-27 to 2024-10-04, ADA-USD's stock price decreased from 0.40 to 0.35. News during this period are listed below:

[Headline]: Cardano’s Chang Hard Fork Goes Live, Introducing On-Chain Governance
[Summary]: Cardano, the layer-1 blockchain launched in 2017 by Ethereum co-founder Charles Hoskinson, activated its highly anticipated “Chang” upgrade on Sunday, marking the ecosystem's long-planned shift toward...

[Headline]: Cardano Blockchain Heads for 'Chang Hard Fork,' Biggest Upgrade in Two Years
[Summary]: Cardano, launched in 2017 by Ethereum co-founder Charles Hoskinson, is pushing toward its biggest upgrade in two years, with major changes to the structure of its main network, introducing mechanisms ...

[Headline]: Trump Tops Harris on Polymarket; Tron, Cardano in the Green as Bitcoin Sinks
[Summary]: Major altcoins like ETH, Solana's SOL, BNB and XRP, dropped as bitcoin's struggle to move past $60K.

Tron's TRX and Cardano's ADA showed gains, with TRX particularly benefiting from increased network...

[Headline]: Cardano Unfazed by Failed DDoS Attack Targeting Staked ADA
[Summary]: The Cardano blockchain successfully mitigated a DDoS attack that attempted to steal staked tokens, with no significant impact on the network's operation.

The attack involved transactions executing nu...

[Headline]: Cardano Is on Track for Voltaire Upgrade This Month, Co-Founder Hoskinson Says
[Summary]: Cardano's Voltaire phase, the final stage of its roadmap to create a fully decentralized blockchain ecosystem, is set to occur in June.

The Cardano Node will reach version 9.0, making it ready for a ...



Based on all the information before 2024-10-04, let's first analyze the positive developments and potential concerns for ADA-USD. Come up with 2-4 most important factors respectively and keep them concise. Most factors should be inferred from cryptocurrencies related news. Then let's assume your prediction for next week (2024-10-04 to 2024-10-11) is down by 0-1%. Provide a summary analysis to support your prediction. The prediction result need to be inferred from your analysis at the end, and thus not appearing as a foundational factor of your analysis.","**[Positive Developments]:**
1. **Chang Hard Fork Activation**: The successful implementation of the Chang hard fork has introduced on-chain governance, marking a significant step in Cardano's roadmap.
2. **Network Resilience**: Cardano's ability to mitigate a DDoS attack highlights its strong security infrastructure.
3. **Voltaire Upgrade on Track**: The upcoming Voltaire upgrade, aimed at full decentralization, is progressing as planned, maintaining investor optimism.
4. **Relative Market Strength**: Cardano's gains amidst broader market weakness indicate strong investor confidence and potential decoupling from Bitcoin's price action.

**[Potential Concerns]:**
1. **Broad Market Weakness**: The overall cryptocurrency market's struggle, particularly Bitcoin's, could indirectly affect Cardano's price.
2. **Post-Upgrade Sell-Off**: Following the Chang hard fork, there is a risk of a sell-off as investors look to secure short-term profits.
3. **Regulatory Uncertainties**: Ongoing regulatory developments in key markets could introduce volatility in the crypto market and impact Cardano.

**[Prediction & Analysis]:**
Cardano's positive developments and demonstrated resilience are likely to support its price. However, the broader market weakness and potential profit-taking could lead to a slight correction. The balance between these factors points to a relatively stable outlook, with a prediction of a 0-1% decrease in price for the upcoming week."
"[Cryptocurrency Introduction]: Cardano (ADA) is a cryptocurrency launched in 2017. Cardano has a current supply of 44,994,501,828.187738 with 35,337,743,183.176508 in circulation. The last known price of Cardano is 0.6700872 USD and is up 1.90 over the last 24 hours. It is currently trading on 1527 active market(s) with $602,433,351.40 traded over the last 24 hours. More information can be found at https://www.cardano.org.. It has a market capilization of 23782559744.

From 2024-09-20 to 2024-09-27, ADA-USD's stock price increased from 0.35 to 0.40. News during this period are listed below:

[Headline]: Cardano’s Chang Hard Fork Goes Live, Introducing On-Chain Governance
[Summary]: Cardano, the layer-1 blockchain launched in 2017 by Ethereum co-founder Charles Hoskinson, activated its highly anticipated “Chang” upgrade on Sunday, marking the ecosystem's long-planned shift toward...

[Headline]: Cardano Blockchain Heads for 'Chang Hard Fork,' Biggest Upgrade in Two Years
[Summary]: Cardano, launched in 2017 by Ethereum co-founder Charles Hoskinson, is pushing toward its biggest upgrade in two years, with major changes to the structure of its main network, introducing mechanisms ...

[Headline]: Trump Tops Harris on Polymarket; Tron, Cardano in the Green as Bitcoin Sinks
[Summary]: Major altcoins like ETH, Solana's SOL, BNB and XRP, dropped as bitcoin's struggle to move past $60K.

Tron's TRX and Cardano's ADA showed gains, with TRX particularly benefiting from increased network...

[Headline]: Cardano Unfazed by Failed DDoS Attack Targeting Staked ADA
[Summary]: The Cardano blockchain successfully mitigated a DDoS attack that attempted to steal staked tokens, with no significant impact on the network's operation.

The attack involved transactions executing nu...

[Headline]: Cardano Is on Track for Voltaire Upgrade This Month, Co-Founder Hoskinson Says
[Summary]: Cardano's Voltaire phase, the final stage of its roadmap to create a fully decentralized blockchain ecosystem, is set to occur in June.

The Cardano Node will reach version 9.0, making it ready for a ...

From 2024-09-27 to 2024-10-04, ADA-USD's stock price decreased from 0.40 to 0.35. News during this period are listed below:

[Headline]: Cardano’s Chang Hard Fork Goes Live, Introducing On-Chain Governance
[Summary]: Cardano, the layer-1 blockchain launched in 2017 by Ethereum co-founder Charles Hoskinson, activated its highly anticipated “Chang” upgrade on Sunday, marking the ecosystem's long-planned shift toward...

[Headline]: Cardano Blockchain Heads for 'Chang Hard Fork,' Biggest Upgrade in Two Years
[Summary]: Cardano, launched in 2017 by Ethereum co-founder Charles Hoskinson, is pushing toward its biggest upgrade in two years, with major changes to the structure of its main network, introducing mechanisms ...

[Headline]: Trump Tops Harris on Polymarket; Tron, Cardano in the Green as Bitcoin Sinks
[Summary]: Major altcoins like ETH, Solana's SOL, BNB and XRP, dropped as bitcoin's struggle to move past $60K.

Tron's TRX and Cardano's ADA showed gains, with TRX particularly benefiting from increased network...

[Headline]: Cardano Unfazed by Failed DDoS Attack Targeting Staked ADA
[Summary]: The Cardano blockchain successfully mitigated a DDoS attack that attempted to steal staked tokens, with no significant impact on the network's operation.

The attack involved transactions executing nu...

[Headline]: Cardano Is on Track for Voltaire Upgrade This Month, Co-Founder Hoskinson Says
[Summary]: Cardano's Voltaire phase, the final stage of its roadmap to create a fully decentralized blockchain ecosystem, is set to occur in June.

The Cardano Node will reach version 9.0, making it ready for a ...

From 2024-10-04 to 2024-10-11, ADA-USD's stock price decreased from 0.35 to 0.35. News during this period are listed below:

[Headline]: Cardano’s Chang Hard Fork Goes Live, Introducing On-Chain Governance
[Summary]: Cardano, the layer-1 blockchain launched in 2017 by Ethereum co-founder Charles Hoskinson, activated its highly anticipated “Chang” upgrade on Sunday, marking the ecosystem's long-planned shift toward...

[Headline]: Cardano Blockchain Heads for 'Chang Hard Fork,' Biggest Upgrade in Two Years
[Summary]: Cardano, launched in 2017 by Ethereum co-founder Charles Hoskinson, is pushing toward its biggest upgrade in two years, with major changes to the structure of its main network, introducing mechanisms ...

[Headline]: Trump Tops Harris on Polymarket; Tron, Cardano in the Green as Bitcoin Sinks
[Summary]: Major altcoins like ETH, Solana's SOL, BNB and XRP, dropped as bitcoin's struggle to move past $60K.

Tron's TRX and Cardano's ADA showed gains, with TRX particularly benefiting from increased network...

[Headline]: Cardano Unfazed by Failed DDoS Attack Targeting Staked ADA
[Summary]: The Cardano blockchain successfully mitigated a DDoS attack that attempted to steal staked tokens, with no significant impact on the network's operation.

The attack involved transactions executing nu...

[Headline]: Cardano Is on Track for Voltaire Upgrade This Month, Co-Founder Hoskinson Says
[Summary]: Cardano's Voltaire phase, the final stage of its roadmap to create a fully decentralized blockchain ecosystem, is set to occur in June.

The Cardano Node will reach version 9.0, making it ready for a ...



Based on all the information before 2024-10-11, let's first analyze the positive developments and potential concerns for ADA-USD. Come up with 2-4 most important factors respectively and keep them concise. Most factors should be inferred from cryptocurrencies related news. Then let's assume your prediction for next week (2024-10-11 to 2024-10-18) is down by 0-1%. Provide a summary analysis to support your prediction. The prediction result need to be inferred from your analysis at the end, and thus not appearing as a foundational factor of your analysis.","**[Positive Developments]:**
1. **Chang Hard Fork Live**: The successful activation of the Chang hard fork has introduced on-chain governance, enhancing Cardano's ecosystem.
2. **Network Security**: Cardano's ability to withstand and mitigate a DDoS attack reflects its strong security protocols.
3. **Voltaire Upgrade Progress**: The ongoing progress towards the Voltaire upgrade is maintaining positive investor sentiment.
4. **Market Gains Amidst Bitcoin's Struggle**: Cardano's price increase despite broader market weakness indicates strong investor confidence.

**[Potential Concerns]:**
1. **Broad Market Sentiment**: The overall cryptocurrency market's struggle, particularly Bitcoin's, could impact Cardano's price trajectory.
2. **Potential Profit-Taking**: Following the recent price stability, there is a risk of profit-taking by investors, leading to a slight correction.
3. **Regulatory Uncertainties**: Ongoing regulatory developments could introduce volatility in the crypto market and affect Cardano.

**[Prediction & Analysis]:**
Cardano's positive developments and demonstrated resilience are likely to support its price stability. However, the broader market weakness and potential profit-taking could lead to a slight correction. The balance between these factors points to a relatively stable outlook, with a prediction of a 0-1% decrease in price for the upcoming week."
"[Cryptocurrency Introduction]: Cardano (ADA) is a cryptocurrency launched in 2017. Cardano has a current supply of 44,994,501,828.187738 with 35,337,743,183.176508 in circulation. The last known price of Cardano is 0.6700872 USD and is up 1.90 over the last 24 hours. It is currently trading on 1527 active market(s) with $602,433,351.40 traded over the last 24 hours. More information can be found at https://www.cardano.org.. It has a market capilization of 23782559744.

From 2024-09-20 to 2024-09-27, ADA-USD's stock price increased from 0.35 to 0.40. News during this period are listed below:

[Headline]: Cardano’s Chang Hard Fork Goes Live, Introducing On-Chain Governance
[Summary]: Cardano, the layer-1 blockchain launched in 2017 by Ethereum co-founder Charles Hoskinson, activated its highly anticipated “Chang” upgrade on Sunday, marking the ecosystem's long-planned shift toward...

[Headline]: Cardano Blockchain Heads for 'Chang Hard Fork,' Biggest Upgrade in Two Years
[Summary]: Cardano, launched in 2017 by Ethereum co-founder Charles Hoskinson, is pushing toward its biggest upgrade in two years, with major changes to the structure of its main network, introducing mechanisms ...

[Headline]: Trump Tops Harris on Polymarket; Tron, Cardano in the Green as Bitcoin Sinks
[Summary]: Major altcoins like ETH, Solana's SOL, BNB and XRP, dropped as bitcoin's struggle to move past $60K.

Tron's TRX and Cardano's ADA showed gains, with TRX particularly benefiting from increased network...

[Headline]: Cardano Unfazed by Failed DDoS Attack Targeting Staked ADA
[Summary]: The Cardano blockchain successfully mitigated a DDoS attack that attempted to steal staked tokens, with no significant impact on the network's operation.

The attack involved transactions executing nu...

[Headline]: Cardano Is on Track for Voltaire Upgrade This Month, Co-Founder Hoskinson Says
[Summary]: Cardano's Voltaire phase, the final stage of its roadmap to create a fully decentralized blockchain ecosystem, is set to occur in June.

The Cardano Node will reach version 9.0, making it ready for a ...

From 2024-09-27 to 2024-10-04, ADA-USD's stock price decreased from 0.40 to 0.35. News during this period are listed below:

[Headline]: Cardano’s Chang Hard Fork Goes Live, Introducing On-Chain Governance
[Summary]: Cardano, the layer-1 blockchain launched in 2017 by Ethereum co-founder Charles Hoskinson, activated its highly anticipated “Chang” upgrade on Sunday, marking the ecosystem's long-planned shift toward...

[Headline]: Cardano Blockchain Heads for 'Chang Hard Fork,' Biggest Upgrade in Two Years
[Summary]: Cardano, launched in 2017 by Ethereum co-founder Charles Hoskinson, is pushing toward its biggest upgrade in two years, with major changes to the structure of its main network, introducing mechanisms ...

[Headline]: Trump Tops Harris on Polymarket; Tron, Cardano in the Green as Bitcoin Sinks
[Summary]: Major altcoins like ETH, Solana's SOL, BNB and XRP, dropped as bitcoin's struggle to move past $60K.

Tron's TRX and Cardano's ADA showed gains, with TRX particularly benefiting from increased network...

[Headline]: Cardano Unfazed by Failed DDoS Attack Targeting Staked ADA
[Summary]: The Cardano blockchain successfully mitigated a DDoS attack that attempted to steal staked tokens, with no significant impact on the network's operation.

The attack involved transactions executing nu...

[Headline]: Cardano Is on Track for Voltaire Upgrade This Month, Co-Founder Hoskinson Says
[Summary]: Cardano's Voltaire phase, the final stage of its roadmap to create a fully decentralized blockchain ecosystem, is set to occur in June.

The Cardano Node will reach version 9.0, making it ready for a ...

From 2024-10-04 to 2024-10-11, ADA-USD's stock price decreased from 0.35 to 0.35. News during this period are listed below:

[Headline]: Cardano’s Chang Hard Fork Goes Live, Introducing On-Chain Governance
[Summary]: Cardano, the layer-1 blockchain launched in 2017 by Ethereum co-founder Charles Hoskinson, activated its highly anticipated “Chang” upgrade on Sunday, marking the ecosystem's long-planned shift toward...

[Headline]: Cardano Blockchain Heads for 'Chang Hard Fork,' Biggest Upgrade in Two Years
[Summary]: Cardano, launched in 2017 by Ethereum co-founder Charles Hoskinson, is pushing toward its biggest upgrade in two years, with major changes to the structure of its main network, introducing mechanisms ...

[Headline]: Trump Tops Harris on Polymarket; Tron, Cardano in the Green as Bitcoin Sinks
[Summary]: Major altcoins like ETH, Solana's SOL, BNB and XRP, dropped as bitcoin's struggle to move past $60K.

Tron's TRX and Cardano's ADA showed gains, with TRX particularly benefiting from increased network...

[Headline]: Cardano Unfazed by Failed DDoS Attack Targeting Staked ADA
[Summary]: The Cardano blockchain successfully mitigated a DDoS attack that attempted to steal staked tokens, with no significant impact on the network's operation.

The attack involved transactions executing nu...

[Headline]: Cardano Is on Track for Voltaire Upgrade This Month, Co-Founder Hoskinson Says
[Summary]: Cardano's Voltaire phase, the final stage of its roadmap to create a fully decentralized blockchain ecosystem, is set to occur in June.

The Cardano Node will reach version 9.0, making it ready for a ...

From 2024-10-11 to 2024-10-18, ADA-USD's stock price decreased from 0.35 to 0.35. News during this period are listed below:

[Headline]: Cardano’s Chang Hard Fork Goes Live, Introducing On-Chain Governance
[Summary]: Cardano, the layer-1 blockchain launched in 2017 by Ethereum co-founder Charles Hoskinson, activated its highly anticipated “Chang” upgrade on Sunday, marking the ecosystem's long-planned shift toward...

[Headline]: Cardano Blockchain Heads for 'Chang Hard Fork,' Biggest Upgrade in Two Years
[Summary]: Cardano, launched in 2017 by Ethereum co-founder Charles Hoskinson, is pushing toward its biggest upgrade in two years, with major changes to the structure of its main network, introducing mechanisms ...

[Headline]: Trump Tops Harris on Polymarket; Tron, Cardano in the Green as Bitcoin Sinks
[Summary]: Major altcoins like ETH, Solana's SOL, BNB and XRP, dropped as bitcoin's struggle to move past $60K.

Tron's TRX and Cardano's ADA showed gains, with TRX particularly benefiting from increased network...

[Headline]: Cardano Unfazed by Failed DDoS Attack Targeting Staked ADA
[Summary]: The Cardano blockchain successfully mitigated a DDoS attack that attempted to steal staked tokens, with no significant impact on the network's operation.

The attack involved transactions executing nu...

[Headline]: Cardano Is on Track for Voltaire Upgrade This Month, Co-Founder Hoskinson Says
[Summary]: Cardano's Voltaire phase, the final stage of its roadmap to create a fully decentralized blockchain ecosystem, is set to occur in June.

The Cardano Node will reach version 9.0, making it ready for a ...



Based on all the information before 2024-10-18, let's first analyze the positive developments and potential concerns for ADA-USD. Come up with 2-4 most important factors respectively and keep them concise. Most factors should be inferred from cryptocurrencies related news. Then let's assume your prediction for next week (2024-10-18 to 2024-10-25) is down by more than 5%. Provide a summary analysis to support your prediction. The prediction result need to be inferred from your analysis at the end, and thus not appearing as a foundational factor of your analysis.","### ANALYSIS REQUEST 1

[Positive Developments]:
1. **Successful Chang Hard Fork**: The Chang hard fork introduced on-chain governance, marking a significant milestone in Cardano's roadmap.
2. **Resilience to DDoS Attack**: Cardano successfully mitigated a DDoS attack, demonstrating the network's security and resilience.
3. **Voltaire Upgrade**: The upcoming Voltaire upgrade is expected to further decentralize the network, enhancing its governance and scalability.
4. **Market Performance**: ADA showed gains even as major altcoins dropped, indicating relative strength in the market.

[Potential Concerns]:
1. **Market Volatility**: The broader cryptocurrency market, including Bitcoin, showed signs of struggle, which could affect ADA.
2. **Stagnant Price Movement**: Despite positive news, ADA's price remained relatively stagnant, which could indicate a lack of market enthusiasm.
3. **Regulatory Uncertainty**: Ongoing regulatory developments could impact the broader cryptocurrency market, including ADA.

[Prediction & Analysis]:
The recent positive developments, such as the successful Chang hard fork and the network's resilience to a DDoS attack, indicate strong fundamentals for Cardano. However, the broader market volatility and the stagnant price movement despite these developments suggest a cautious market sentiment. The upcoming Voltaire upgrade is a positive catalyst, but its impact may not be immediate. Given the current market conditions and the lack of significant price movement, a downward trend of more than 5% for the next week is plausible. The market seems to be digesting the recent news, and without new catalysts, ADA may face selling pressure."
"[Cryptocurrency Introduction]: Cardano (ADA) is a cryptocurrency launched in 2017. Cardano has a current supply of 44,994,501,828.187738 with 35,337,743,183.176508 in circulation. The last known price of Cardano is 0.6700872 USD and is up 1.90 over the last 24 hours. It is currently trading on 1527 active market(s) with $602,433,351.40 traded over the last 24 hours. More information can be found at https://www.cardano.org.. It has a market capilization of 23782559744.

From 2024-10-18 to 2024-10-25, ADA-USD's stock price decreased from 0.35 to 0.32. News during this period are listed below:

[Headline]: Bitcoin Liquidity Could Flow to Cardano Ecosystem With New BTC Bridge
[Summary]: Bitcoin rollup protocol BitcoinOS said its Grail bridge was going live for the Cardano network on Thursday, opening the floodgates for capital from Bitcoin flowing into the Cardano ecosystem.

EMURGO,...

[Headline]: Cardano’s Chang Hard Fork Goes Live, Introducing On-Chain Governance
[Summary]: Cardano, the layer-1 blockchain launched in 2017 by Ethereum co-founder Charles Hoskinson, activated its highly anticipated “Chang” upgrade on Sunday, marking the ecosystem's long-planned shift toward...

[Headline]: Cardano Blockchain Heads for 'Chang Hard Fork,' Biggest Upgrade in Two Years
[Summary]: Cardano, launched in 2017 by Ethereum co-founder Charles Hoskinson, is pushing toward its biggest upgrade in two years, with major changes to the structure of its main network, introducing mechanisms ...

[Headline]: Trump Tops Harris on Polymarket; Tron, Cardano in the Green as Bitcoin Sinks
[Summary]: Major altcoins like ETH, Solana's SOL, BNB and XRP, dropped as bitcoin's struggle to move past $60K.

Tron's TRX and Cardano's ADA showed gains, with TRX particularly benefiting from increased network...



Based on all the information before 2024-10-25, let's first analyze the positive developments and potential concerns for ADA-USD. Come up with 2-4 most important factors respectively and keep them concise. Most factors should be inferred from cryptocurrencies related news. Then let's assume your prediction for next week (2024-10-25 to 2024-11-01) is up by more than 5%. Provide a summary analysis to support your prediction. The prediction result need to be inferred from your analysis at the end, and thus not appearing as a foundational factor of your analysis.","### ANALYSIS REQUEST 2

[Positive Developments]:
1. **BTC Bridge Integration**: The integration of the BitcoinOS Grail bridge could bring significant liquidity from Bitcoin to the Cardano ecosystem.
2. **Chang Hard Fork**: The successful activation of the Chang hard fork introduces on-chain governance, a major step forward for the network.
3. **Market Resilience**: ADA showed gains even as other major altcoins dropped, demonstrating its relative strength.

[Potential Concerns]:
1. **Price Decline**: Despite positive news, ADA's price decreased from 0.35 to 0.32, indicating potential market fatigue or profit-taking.
2. **Broader Market Weakness**: The struggle of major altcoins and Bitcoin could create a negative market sentiment, affecting ADA.
3. **Technical Resistance**: The price decline could indicate that ADA is facing technical resistance levels, which need to be overcome for further gains.

[Prediction & Analysis]:
The integration of the BTC bridge and the successful Chang hard fork are significant positive developments for Cardano. These factors could attract new investors and increase liquidity in the ecosystem. However, the recent price decline and broader market weakness suggest that the market is cautious. The relative strength of ADA compared to other altcoins is a positive sign, and with the potential inflow of liquidity from Bitcoin, an upward trend of more than 5% for the next week is likely. The market may start to recognize the long-term benefits of the recent upgrades, leading to increased buying pressure."
"[Cryptocurrency Introduction]: Cardano (ADA) is a cryptocurrency launched in 2017. Cardano has a current supply of 44,994,501,828.187738 with 35,337,743,183.176508 in circulation. The last known price of Cardano is 0.6700872 USD and is up 1.90 over the last 24 hours. It is currently trading on 1527 active market(s) with $602,433,351.40 traded over the last 24 hours. More information can be found at https://www.cardano.org.. It has a market capilization of 23782559744.

From 2024-10-04 to 2024-10-11, ADA-USD's stock price decreased from 0.35 to 0.35. News during this period are listed below:

[Headline]: Cardano’s Chang Hard Fork Goes Live, Introducing On-Chain Governance
[Summary]: Cardano, the layer-1 blockchain launched in 2017 by Ethereum co-founder Charles Hoskinson, activated its highly anticipated “Chang” upgrade on Sunday, marking the ecosystem's long-planned shift toward...

[Headline]: Cardano Blockchain Heads for 'Chang Hard Fork,' Biggest Upgrade in Two Years
[Summary]: Cardano, launched in 2017 by Ethereum co-founder Charles Hoskinson, is pushing toward its biggest upgrade in two years, with major changes to the structure of its main network, introducing mechanisms ...

[Headline]: Trump Tops Harris on Polymarket; Tron, Cardano in the Green as Bitcoin Sinks
[Summary]: Major altcoins like ETH, Solana's SOL, BNB and XRP, dropped as bitcoin's struggle to move past $60K.

Tron's TRX and Cardano's ADA showed gains, with TRX particularly benefiting from increased network...

[Headline]: Cardano Unfazed by Failed DDoS Attack Targeting Staked ADA
[Summary]: The Cardano blockchain successfully mitigated a DDoS attack that attempted to steal staked tokens, with no significant impact on the network's operation.

The attack involved transactions executing nu...

[Headline]: Cardano Is on Track for Voltaire Upgrade This Month, Co-Founder Hoskinson Says
[Summary]: Cardano's Voltaire phase, the final stage of its roadmap to create a fully decentralized blockchain ecosystem, is set to occur in June.

The Cardano Node will reach version 9.0, making it ready for a ...

From 2024-10-11 to 2024-10-18, ADA-USD's stock price decreased from 0.35 to 0.35. News during this period are listed below:

[Headline]: Cardano’s Chang Hard Fork Goes Live, Introducing On-Chain Governance
[Summary]: Cardano, the layer-1 blockchain launched in 2017 by Ethereum co-founder Charles Hoskinson, activated its highly anticipated “Chang” upgrade on Sunday, marking the ecosystem's long-planned shift toward...

[Headline]: Cardano Blockchain Heads for 'Chang Hard Fork,' Biggest Upgrade in Two Years
[Summary]: Cardano, launched in 2017 by Ethereum co-founder Charles Hoskinson, is pushing toward its biggest upgrade in two years, with major changes to the structure of its main network, introducing mechanisms ...

[Headline]: Trump Tops Harris on Polymarket; Tron, Cardano in the Green as Bitcoin Sinks
[Summary]: Major altcoins like ETH, Solana's SOL, BNB and XRP, dropped as bitcoin's struggle to move past $60K.

Tron's TRX and Cardano's ADA showed gains, with TRX particularly benefiting from increased network...

[Headline]: Cardano Unfazed by Failed DDoS Attack Targeting Staked ADA
[Summary]: The Cardano blockchain successfully mitigated a DDoS attack that attempted to steal staked tokens, with no significant impact on the network's operation.

The attack involved transactions executing nu...

[Headline]: Cardano Is on Track for Voltaire Upgrade This Month, Co-Founder Hoskinson Says
[Summary]: Cardano's Voltaire phase, the final stage of its roadmap to create a fully decentralized blockchain ecosystem, is set to occur in June.

The Cardano Node will reach version 9.0, making it ready for a ...

From 2024-10-18 to 2024-10-25, ADA-USD's stock price decreased from 0.35 to 0.32. News during this period are listed below:

[Headline]: Bitcoin Liquidity Could Flow to Cardano Ecosystem With New BTC Bridge
[Summary]: Bitcoin rollup protocol BitcoinOS said its Grail bridge was going live for the Cardano network on Thursday, opening the floodgates for capital from Bitcoin flowing into the Cardano ecosystem.

EMURGO,...

[Headline]: Cardano’s Chang Hard Fork Goes Live, Introducing On-Chain Governance
[Summary]: Cardano, the layer-1 blockchain launched in 2017 by Ethereum co-founder Charles Hoskinson, activated its highly anticipated “Chang” upgrade on Sunday, marking the ecosystem's long-planned shift toward...

[Headline]: Cardano Blockchain Heads for 'Chang Hard Fork,' Biggest Upgrade in Two Years
[Summary]: Cardano, launched in 2017 by Ethereum co-founder Charles Hoskinson, is pushing toward its biggest upgrade in two years, with major changes to the structure of its main network, introducing mechanisms ...

[Headline]: Trump Tops Harris on Polymarket; Tron, Cardano in the Green as Bitcoin Sinks
[Summary]: Major altcoins like ETH, Solana's SOL, BNB and XRP, dropped as bitcoin's struggle to move past $60K.

Tron's TRX and Cardano's ADA showed gains, with TRX particularly benefiting from increased network...

From 2024-10-25 to 2024-11-01, ADA-USD's stock price increased from 0.32 to 0.36. News during this period are listed below:

[Headline]: From Smuggling Gold Out of Africa to Bridging Bitcoin and Cardano
[Summary]: From ages 9 to 11, Edan Yago smuggled gold, hidden in his clothes by his mother, out of South Africa.

The apartheid government had instituted capital controls to stabilize the rand amid international...

[Headline]: Bitcoin Liquidity Could Flow to Cardano Ecosystem With New BTC Bridge
[Summary]: Bitcoin rollup protocol BitcoinOS said its Grail bridge was going live for the Cardano network on Thursday, opening the floodgates for capital from Bitcoin flowing into the Cardano ecosystem.

EMURGO,...



Based on all the information before 2024-11-01, let's first analyze the positive developments and potential concerns for ADA-USD. Come up with 2-4 most important factors respectively and keep them concise. Most factors should be inferred from cryptocurrencies related news. Then let's assume your prediction for next week (2024-11-01 to 2024-11-08) is up by more than 5%. Provide a summary analysis to support your prediction. The prediction result need to be inferred from your analysis at the end, and thus not appearing as a foundational factor of your analysis.","### ANALYSIS REQUEST 3

[Positive Developments]:
1. **BTC Bridge Integration**: The BitcoinOS Grail bridge going live could bring significant liquidity from Bitcoin to the Cardano ecosystem.
2. **Chang Hard Fork**: The successful activation of the Chang hard fork introduces on-chain governance, a major step forward for the network.
3. **Price Increase**: ADA's price increased from 0.32 to 0.36, indicating renewed market interest.

[Potential Concerns]:
1. **Market Volatility**: The broader cryptocurrency market remains volatile, which could affect ADA's price stability.
2. **Regulatory Uncertainty**: Ongoing regulatory developments could impact the broader cryptocurrency market, including ADA.
3. **Technical Resistance**: The price increase could face technical resistance levels, which need to be overcome for further gains.

[Prediction & Analysis]:
The integration of the BTC bridge and the successful Chang hard fork are significant positive developments for Cardano. These factors could attract new investors and increase liquidity in the ecosystem. The recent price increase from 0.32 to 0.36 indicates renewed market interest and could be the start of a bullish trend. However, market volatility and regulatory uncertainty remain potential concerns. Given the positive developments and the recent price increase, an upward trend of more than 5% for the next week is likely. The market may start to recognize the long-term benefits of the recent upgrades, leading to increased buying pressure."
"[Cryptocurrency Introduction]: Cardano (ADA) is a cryptocurrency launched in 2017. Cardano has a current supply of 44,994,501,828.187738 with 35,337,743,183.176508 in circulation. The last known price of Cardano is 0.6700872 USD and is up 1.90 over the last 24 hours. It is currently trading on 1527 active market(s) with $602,433,351.40 traded over the last 24 hours. More information can be found at https://www.cardano.org.. It has a market capilization of 23782559744.

From 2024-10-18 to 2024-10-25, ADA-USD's stock price decreased from 0.35 to 0.32. News during this period are listed below:

[Headline]: Bitcoin Liquidity Could Flow to Cardano Ecosystem With New BTC Bridge
[Summary]: Bitcoin rollup protocol BitcoinOS said its Grail bridge was going live for the Cardano network on Thursday, opening the floodgates for capital from Bitcoin flowing into the Cardano ecosystem.

EMURGO,...

[Headline]: Cardano’s Chang Hard Fork Goes Live, Introducing On-Chain Governance
[Summary]: Cardano, the layer-1 blockchain launched in 2017 by Ethereum co-founder Charles Hoskinson, activated its highly anticipated “Chang” upgrade on Sunday, marking the ecosystem's long-planned shift toward...

[Headline]: Cardano Blockchain Heads for 'Chang Hard Fork,' Biggest Upgrade in Two Years
[Summary]: Cardano, launched in 2017 by Ethereum co-founder Charles Hoskinson, is pushing toward its biggest upgrade in two years, with major changes to the structure of its main network, introducing mechanisms ...

[Headline]: Trump Tops Harris on Polymarket; Tron, Cardano in the Green as Bitcoin Sinks
[Summary]: Major altcoins like ETH, Solana's SOL, BNB and XRP, dropped as bitcoin's struggle to move past $60K.

Tron's TRX and Cardano's ADA showed gains, with TRX particularly benefiting from increased network...

From 2024-10-25 to 2024-11-01, ADA-USD's stock price increased from 0.32 to 0.36. News during this period are listed below:

[Headline]: From Smuggling Gold Out of Africa to Bridging Bitcoin and Cardano
[Summary]: From ages 9 to 11, Edan Yago smuggled gold, hidden in his clothes by his mother, out of South Africa.

The apartheid government had instituted capital controls to stabilize the rand amid international...

[Headline]: Bitcoin Liquidity Could Flow to Cardano Ecosystem With New BTC Bridge
[Summary]: Bitcoin rollup protocol BitcoinOS said its Grail bridge was going live for the Cardano network on Thursday, opening the floodgates for capital from Bitcoin flowing into the Cardano ecosystem.

EMURGO,...

From 2024-11-01 to 2024-11-08, ADA-USD's stock price increased from 0.36 to 0.44. News during this period are listed below:

[Headline]: Cardano Pumps 16%, Bitcoin Could Pop to $100K After Fed Rate Cut
[Summary]: Cardano's ADA has surged 16% in the past 24 hours, driven by marketwide increases, renewed interest in decentralized finance and growing appeal to retail investors.

Bitcoin has traders eyeing $100,00...

[Headline]: From Smuggling Gold Out of Africa to Bridging Bitcoin and Cardano
[Summary]: From ages 9 to 11, Edan Yago smuggled gold, hidden in his clothes by his mother, out of South Africa.

The apartheid government had instituted capital controls to stabilize the rand amid international...

[Headline]: Bitcoin Liquidity Could Flow to Cardano Ecosystem With New BTC Bridge
[Summary]: Bitcoin rollup protocol BitcoinOS said its Grail bridge was going live for the Cardano network on Thursday, opening the floodgates for capital from Bitcoin flowing into the Cardano ecosystem.

EMURGO,...

[Headline]: Cardano’s Chang Hard Fork Goes Live, Introducing On-Chain Governance
[Summary]: Cardano, the layer-1 blockchain launched in 2017 by Ethereum co-founder Charles Hoskinson, activated its highly anticipated “Chang” upgrade on Sunday, marking the ecosystem's long-planned shift toward...



Based on all the information before 2024-11-08, let's first analyze the positive developments and potential concerns for ADA-USD. Come up with 2-4 most important factors respectively and keep them concise. Most factors should be inferred from cryptocurrencies related news. Then let's assume your prediction for next week (2024-11-08 to 2024-11-15) is up by more than 5%. Provide a summary analysis to support your prediction. The prediction result need to be inferred from your analysis at the end, and thus not appearing as a foundational factor of your analysis.","### ANALYSIS REQUEST 4

[Positive Developments]:
1. **BTC Bridge Integration**: The BitcoinOS Grail bridge going live could bring significant liquidity from Bitcoin to the Cardano ecosystem.
2. **Chang Hard Fork**: The successful activation of the Chang hard fork introduces on-chain governance, a major step forward for the network.
3. **Price Increase**: ADA's price increased from 0.36 to 0.44, indicating strong market momentum.
4. **Market Sentiment**: The broader market sentiment is positive, with Bitcoin eyeing $100K, which could benefit ADA.

[Potential Concerns]:
1. **Market Volatility**: The broader cryptocurrency market remains volatile, which could affect ADA's price stability.
2. **Regulatory Uncertainty**: Ongoing regulatory developments could impact the broader cryptocurrency market, including ADA.
3. **Technical Resistance**: The price increase could face technical resistance levels, which need to be overcome for further gains.

[Prediction & Analysis]:
The integration of the BTC bridge, the successful Chang hard fork, and the positive market sentiment are significant positive developments for Cardano. These factors could attract new investors and increase liquidity in the ecosystem. The recent price increase from 0.36 to 0.44 indicates strong market momentum and could be the start of a bullish trend. However, market volatility and regulatory uncertainty remain potential concerns. Given the positive developments and the recent price increase, an upward trend of more than 5% for the next week is likely. The market may start to recognize the long-term benefits of the recent upgrades, leading to increased buying pressure."
"[Cryptocurrency Introduction]: Cardano (ADA) is a cryptocurrency launched in 2017. Cardano has a current supply of 44,994,501,828.187738 with 35,337,743,183.176508 in circulation. The last known price of Cardano is 0.6700872 USD and is up 1.90 over the last 24 hours. It is currently trading on 1527 active market(s) with $602,433,351.40 traded over the last 24 hours. More information can be found at https://www.cardano.org.. It has a market capilization of 23782559744.

From 2024-11-01 to 2024-11-08, ADA-USD's stock price increased from 0.36 to 0.44. News during this period are listed below:

[Headline]: Cardano Pumps 16%, Bitcoin Could Pop to $100K After Fed Rate Cut
[Summary]: Cardano's ADA has surged 16% in the past 24 hours, driven by marketwide increases, renewed interest in decentralized finance and growing appeal to retail investors.

Bitcoin has traders eyeing $100,00...

[Headline]: From Smuggling Gold Out of Africa to Bridging Bitcoin and Cardano
[Summary]: From ages 9 to 11, Edan Yago smuggled gold, hidden in his clothes by his mother, out of South Africa.

The apartheid government had instituted capital controls to stabilize the rand amid international...

[Headline]: Bitcoin Liquidity Could Flow to Cardano Ecosystem With New BTC Bridge
[Summary]: Bitcoin rollup protocol BitcoinOS said its Grail bridge was going live for the Cardano network on Thursday, opening the floodgates for capital from Bitcoin flowing into the Cardano ecosystem.

EMURGO,...

[Headline]: Cardano’s Chang Hard Fork Goes Live, Introducing On-Chain Governance
[Summary]: Cardano, the layer-1 blockchain launched in 2017 by Ethereum co-founder Charles Hoskinson, activated its highly anticipated “Chang” upgrade on Sunday, marking the ecosystem's long-planned shift toward...

From 2024-11-08 to 2024-11-15, ADA-USD's stock price increased from 0.44 to 0.67. News during this period are listed below:

[Headline]: Cardano Foundation Spent $23.7M in 2023: Financial Insights Report
[Summary]: Cardano Foundation spent $23.7 million across four areas in 2023.

As of Dec. 31, 2023, the Cardano Foundation had $478.24 million worth of assets, with 82.5% of that in ADA, 10.1% in BTC and the rema...

[Headline]: Cardano’s ADA Rockets 35% as Hoskinson Says He’s Helping U.S. Crypto Policy
[Summary]: Cardano’s ADA tokens surged 33% in the past 24 hours, outperforming bitcoin and other majors, as founder Charles Hoskinson revealed plans to help shape U.S. crypto policy under the Trump administratio...

[Headline]: Cardano Pumps 16%, Bitcoin Could Pop to $100K After Fed Rate Cut
[Summary]: Cardano's ADA has surged 16% in the past 24 hours, driven by marketwide increases, renewed interest in decentralized finance and growing appeal to retail investors.

Bitcoin has traders eyeing $100,00...



Based on all the information before 2024-11-15, let's first analyze the positive developments and potential concerns for ADA-USD. Come up with 2-4 most important factors respectively and keep them concise. Most factors should be inferred from cryptocurrencies related news. Then let's assume your prediction for next week (2024-11-15 to 2024-11-22) is up by more than 5%. Provide a summary analysis to support your prediction. The prediction result need to be inferred from your analysis at the end, and thus not appearing as a foundational factor of your analysis.","### ANALYSIS REQUEST 5

[Positive Developments]:
1. **Price Surge**: ADA's price surged from 0.44 to 0.67, indicating strong bullish momentum.
2. **Hoskinson's Involvement in U.S. Crypto Policy**: Charles Hoskinson's plans to help shape U.S. crypto policy could bring regulatory clarity and positive sentiment for ADA.
3. **Financial Strength**: The Cardano Foundation's financial report shows significant assets, indicating strong financial health.
4. **Market Sentiment**: The broader market sentiment is positive, with Bitcoin eyeing $100K, which could benefit ADA.

[Potential Concerns]:
1. **Market Volatility**: The broader cryptocurrency market remains volatile, which could affect ADA's price stability.
2. **Regulatory Uncertainty**: Ongoing regulatory developments could impact the broader cryptocurrency market, including ADA.
3. **Technical Resistance**: The price increase could face technical resistance levels, which need to be overcome for further gains.

[Prediction & Analysis]:
The price surge, Hoskinson's involvement in U.S. crypto policy, and the positive market sentiment are significant positive developments for Cardano. These factors could attract new investors and increase liquidity in the ecosystem. The recent price increase from 0.44 to 0.67 indicates strong bullish momentum and could be the start of a sustained bullish trend. However, market volatility and regulatory uncertainty remain potential concerns. Given the positive developments and the recent price increase, an upward trend of more than 5% for the next week is likely. The market may start to recognize the long-term benefits of the recent upgrades and regulatory clarity, leading to increased buying pressure."
"[Cryptocurrency Introduction]: Cardano (ADA) is a cryptocurrency launched in 2017. Cardano has a current supply of 44,994,501,828.187738 with 35,337,743,183.176508 in circulation. The last known price of Cardano is 0.6700872 USD and is up 1.90 over the last 24 hours. It is currently trading on 1527 active market(s) with $602,433,351.40 traded over the last 24 hours. More information can be found at https://www.cardano.org.. It has a market capilization of 23782559744.

From 2024-11-08 to 2024-11-15, ADA-USD's stock price increased from 0.44 to 0.67. News during this period are listed below:

[Headline]: Cardano Foundation Spent $23.7M in 2023: Financial Insights Report
[Summary]: Cardano Foundation spent $23.7 million across four areas in 2023.

As of Dec. 31, 2023, the Cardano Foundation had $478.24 million worth of assets, with 82.5% of that in ADA, 10.1% in BTC and the rema...

[Headline]: Cardano’s ADA Rockets 35% as Hoskinson Says He’s Helping U.S. Crypto Policy
[Summary]: Cardano’s ADA tokens surged 33% in the past 24 hours, outperforming bitcoin and other majors, as founder Charles Hoskinson revealed plans to help shape U.S. crypto policy under the Trump administratio...

[Headline]: Cardano Pumps 16%, Bitcoin Could Pop to $100K After Fed Rate Cut
[Summary]: Cardano's ADA has surged 16% in the past 24 hours, driven by marketwide increases, renewed interest in decentralized finance and growing appeal to retail investors.

Bitcoin has traders eyeing $100,00...

From 2024-11-15 to 2024-11-22, ADA-USD's stock price increased from 0.67 to 1.01. News during this period are listed below:

[Headline]: Cardano's ADA Leaps to 2.5-Year High of 90 Cents as Whale Holdings Exceed $12B
[Summary]: Cardano's ADA hit the highest level since May 2022.

On-chain activity shows large traders are participating in the price rally.

As bitcoin {{BTC}} gets closer to the $100,000 mark for the first time...

[Headline]: Cardano Foundation Spent $23.7M in 2023: Financial Insights Report
[Summary]: Cardano Foundation spent $23.7 million across four areas in 2023.

As of Dec. 31, 2023, the Cardano Foundation had $478.24 million worth of assets, with 82.5% of that in ADA, 10.1% in BTC and the rema...

[Headline]: Cardano’s ADA Rockets 35% as Hoskinson Says He’s Helping U.S. Crypto Policy
[Summary]: Cardano’s ADA tokens surged 33% in the past 24 hours, outperforming bitcoin and other majors, as founder Charles Hoskinson revealed plans to help shape U.S. crypto policy under the Trump administratio...

[Headline]: Cardano Pumps 16%, Bitcoin Could Pop to $100K After Fed Rate Cut
[Summary]: Cardano's ADA has surged 16% in the past 24 hours, driven by marketwide increases, renewed interest in decentralized finance and growing appeal to retail investors.

Bitcoin has traders eyeing $100,00...

[Headline]: From Smuggling Gold Out of Africa to Bridging Bitcoin and Cardano
[Summary]: From ages 9 to 11, Edan Yago smuggled gold, hidden in his clothes by his mother, out of South Africa.

The apartheid government had instituted capital controls to stabilize the rand amid international...



Based on all the information before 2024-11-22, let's first analyze the positive developments and potential concerns for ADA-USD. Come up with 2-4 most important factors respectively and keep them concise. Most factors should be inferred from cryptocurrencies related news. Then let's assume your prediction for next week (2024-11-22 to 2024-11-29) is up by more than 5%. Provide a summary analysis to support your prediction. The prediction result need to be inferred from your analysis at the end, and thus not appearing as a foundational factor of your analysis.","**[Positive Developments]:**
1. **Market Momentum**: Cardano's ADA has shown significant price increases, with a 16% surge driven by market-wide increases and renewed interest in decentralized finance.
2. **Whale Holdings**: Large traders are participating in the price rally, with whale holdings exceeding $12 billion, indicating strong support from major investors.
3. **Policy Influence**: Founder Charles Hoskinson's involvement in shaping U.S. crypto policy has boosted investor confidence, leading to a 35% surge in ADA's price.
4. **Financial Stability**: The Cardano Foundation holds significant assets, with 82.5% in ADA and 10.1% in BTC, demonstrating strong financial backing.

**[Potential Concerns]:**
1. **Market Volatility**: The crypto market's inherent volatility could lead to sudden price corrections, as seen with Bitcoin's fluctuations.
2. **Regulatory Uncertainty**: Despite Hoskinson's involvement, regulatory changes could still pose risks to the crypto market and ADA's price.
3. **Dependence on Bitcoin**: ADA's price movements are influenced by Bitcoin's performance, which could lead to losses if Bitcoin's price corrects.

**[Prediction & Analysis]:**
Cardano's ADA has shown strong momentum, with significant price increases and support from major investors. The involvement of founder Charles Hoskinson in shaping U.S. crypto policy has boosted investor confidence, and the Cardano Foundation's strong financial backing further solidifies ADA's position. However, market volatility and regulatory uncertainty pose potential risks. Despite these concerns, the overall market trend and strong support for ADA suggest a bullish outlook. Therefore, I predict that ADA-USD will increase by more than 5% in the upcoming week."
"[Cryptocurrency Introduction]: Cardano (ADA) is a cryptocurrency launched in 2017. Cardano has a current supply of 44,994,501,828.187738 with 35,337,743,183.176508 in circulation. The last known price of Cardano is 0.6700872 USD and is up 1.90 over the last 24 hours. It is currently trading on 1527 active market(s) with $602,433,351.40 traded over the last 24 hours. More information can be found at https://www.cardano.org.. It has a market capilization of 23782559744.

From 2024-11-15 to 2024-11-22, ADA-USD's stock price increased from 0.67 to 1.01. News during this period are listed below:

[Headline]: Cardano's ADA Leaps to 2.5-Year High of 90 Cents as Whale Holdings Exceed $12B
[Summary]: Cardano's ADA hit the highest level since May 2022.

On-chain activity shows large traders are participating in the price rally.

As bitcoin {{BTC}} gets closer to the $100,000 mark for the first time...

[Headline]: Cardano Foundation Spent $23.7M in 2023: Financial Insights Report
[Summary]: Cardano Foundation spent $23.7 million across four areas in 2023.

As of Dec. 31, 2023, the Cardano Foundation had $478.24 million worth of assets, with 82.5% of that in ADA, 10.1% in BTC and the rema...

[Headline]: Cardano’s ADA Rockets 35% as Hoskinson Says He’s Helping U.S. Crypto Policy
[Summary]: Cardano’s ADA tokens surged 33% in the past 24 hours, outperforming bitcoin and other majors, as founder Charles Hoskinson revealed plans to help shape U.S. crypto policy under the Trump administratio...

[Headline]: Cardano Pumps 16%, Bitcoin Could Pop to $100K After Fed Rate Cut
[Summary]: Cardano's ADA has surged 16% in the past 24 hours, driven by marketwide increases, renewed interest in decentralized finance and growing appeal to retail investors.

Bitcoin has traders eyeing $100,00...

[Headline]: From Smuggling Gold Out of Africa to Bridging Bitcoin and Cardano
[Summary]: From ages 9 to 11, Edan Yago smuggled gold, hidden in his clothes by his mother, out of South Africa.

The apartheid government had instituted capital controls to stabilize the rand amid international...

From 2024-11-22 to 2024-11-29, ADA-USD's stock price increased from 1.01 to 1.08. News during this period are listed below:

[Headline]: Cardano's ADA Leaps to 2.5-Year High of 90 Cents as Whale Holdings Exceed $12B
[Summary]: Cardano's ADA hit the highest level since May 2022.

On-chain activity shows large traders are participating in the price rally.

As bitcoin {{BTC}} gets closer to the $100,000 mark for the first time...



Based on all the information before 2024-11-29, let's first analyze the positive developments and potential concerns for ADA-USD. Come up with 2-4 most important factors respectively and keep them concise. Most factors should be inferred from cryptocurrencies related news. Then let's assume your prediction for next week (2024-11-29 to 2024-12-06) is up by more than 5%. Provide a summary analysis to support your prediction. The prediction result need to be inferred from your analysis at the end, and thus not appearing as a foundational factor of your analysis.","**[Positive Developments]:**
1. **Price Rally**: Cardano's ADA has hit a 2.5-year high, with on-chain activity showing participation from large traders, indicating strong market support.
2. **Policy Influence**: Charles Hoskinson's involvement in U.S. crypto policy has led to a 35% surge in ADA's price, demonstrating the market's confidence in his influence.
3. **Market-Wide Increases**: ADA has benefited from market-wide increases and renewed interest in decentralized finance, driving its price up by 16%.

**[Potential Concerns]:**
1. **Bitcoin Correlation**: ADA's price movements are correlated with Bitcoin's performance, which could lead to losses if Bitcoin's price corrects.
2. **Market Correction**: The crypto market's volatility could result in a sudden price correction, affecting ADA's value.
3. **Regulatory Risks**: Despite Hoskinson's involvement, regulatory changes could still impact the crypto market and ADA's price.

**[Prediction & Analysis]:**
Cardano's ADA has demonstrated strong market support, with a significant price rally and participation from large traders. The market's confidence in Charles Hoskinson's policy influence and the overall market trend suggest a bullish outlook for ADA. However, potential concerns such as Bitcoin correlation and market volatility could impact its price. Considering the strong market support and positive developments, I predict that ADA-USD will increase by more than 5% in the upcoming week."
"[Cryptocurrency Introduction]: Cardano (ADA) is a cryptocurrency launched in 2017. Cardano has a current supply of 44,994,501,828.187738 with 35,337,743,183.176508 in circulation. The last known price of Cardano is 0.6700872 USD and is up 1.90 over the last 24 hours. It is currently trading on 1527 active market(s) with $602,433,351.40 traded over the last 24 hours. More information can be found at https://www.cardano.org.. It has a market capilization of 23782559744.

From 2024-11-15 to 2024-11-22, ADA-USD's stock price increased from 0.67 to 1.01. News during this period are listed below:

[Headline]: Cardano's ADA Leaps to 2.5-Year High of 90 Cents as Whale Holdings Exceed $12B
[Summary]: Cardano's ADA hit the highest level since May 2022.

On-chain activity shows large traders are participating in the price rally.

As bitcoin {{BTC}} gets closer to the $100,000 mark for the first time...

[Headline]: Cardano Foundation Spent $23.7M in 2023: Financial Insights Report
[Summary]: Cardano Foundation spent $23.7 million across four areas in 2023.

As of Dec. 31, 2023, the Cardano Foundation had $478.24 million worth of assets, with 82.5% of that in ADA, 10.1% in BTC and the rema...

[Headline]: Cardano’s ADA Rockets 35% as Hoskinson Says He’s Helping U.S. Crypto Policy
[Summary]: Cardano’s ADA tokens surged 33% in the past 24 hours, outperforming bitcoin and other majors, as founder Charles Hoskinson revealed plans to help shape U.S. crypto policy under the Trump administratio...

[Headline]: Cardano Pumps 16%, Bitcoin Could Pop to $100K After Fed Rate Cut
[Summary]: Cardano's ADA has surged 16% in the past 24 hours, driven by marketwide increases, renewed interest in decentralized finance and growing appeal to retail investors.

Bitcoin has traders eyeing $100,00...

[Headline]: From Smuggling Gold Out of Africa to Bridging Bitcoin and Cardano
[Summary]: From ages 9 to 11, Edan Yago smuggled gold, hidden in his clothes by his mother, out of South Africa.

The apartheid government had instituted capital controls to stabilize the rand amid international...

From 2024-11-22 to 2024-11-29, ADA-USD's stock price increased from 1.01 to 1.08. News during this period are listed below:

[Headline]: Cardano's ADA Leaps to 2.5-Year High of 90 Cents as Whale Holdings Exceed $12B
[Summary]: Cardano's ADA hit the highest level since May 2022.

On-chain activity shows large traders are participating in the price rally.

As bitcoin {{BTC}} gets closer to the $100,000 mark for the first time...

From 2024-11-29 to 2024-12-06, ADA-USD's stock price increased from 1.08 to 1.23. News during this period are listed below:

[Headline]: Cardano's ADA Leaps to 2.5-Year High of 90 Cents as Whale Holdings Exceed $12B
[Summary]: Cardano's ADA hit the highest level since May 2022.

On-chain activity shows large traders are participating in the price rally.

As bitcoin {{BTC}} gets closer to the $100,000 mark for the first time...

[Headline]: Cardano Foundation Spent $23.7M in 2023: Financial Insights Report
[Summary]: Cardano Foundation spent $23.7 million across four areas in 2023.

As of Dec. 31, 2023, the Cardano Foundation had $478.24 million worth of assets, with 82.5% of that in ADA, 10.1% in BTC and the rema...

[Headline]: Cardano’s ADA Rockets 35% as Hoskinson Says He’s Helping U.S. Crypto Policy
[Summary]: Cardano’s ADA tokens surged 33% in the past 24 hours, outperforming bitcoin and other majors, as founder Charles Hoskinson revealed plans to help shape U.S. crypto policy under the Trump administratio...

[Headline]: Cardano Pumps 16%, Bitcoin Could Pop to $100K After Fed Rate Cut
[Summary]: Cardano's ADA has surged 16% in the past 24 hours, driven by marketwide increases, renewed interest in decentralized finance and growing appeal to retail investors.

Bitcoin has traders eyeing $100,00...

[Headline]: From Smuggling Gold Out of Africa to Bridging Bitcoin and Cardano
[Summary]: From ages 9 to 11, Edan Yago smuggled gold, hidden in his clothes by his mother, out of South Africa.

The apartheid government had instituted capital controls to stabilize the rand amid international...



Based on all the information before 2024-12-06, let's first analyze the positive developments and potential concerns for ADA-USD. Come up with 2-4 most important factors respectively and keep them concise. Most factors should be inferred from cryptocurrencies related news. Then let's assume your prediction for next week (2024-12-06 to 2024-12-13) is down by more than 5%. Provide a summary analysis to support your prediction. The prediction result need to be inferred from your analysis at the end, and thus not appearing as a foundational factor of your analysis.","**[Positive Developments]:**
1. **Whale Holdings**: Large traders are participating in the ADA price rally, with whale holdings exceeding $12 billion, indicating strong market support.
2. **Policy Influence**: Charles Hoskinson's involvement in U.S. crypto policy has boosted investor confidence, leading to a significant price surge.
3. **Market Momentum**: ADA has benefited from market-wide increases and renewed interest in decentralized finance, driving its price up.

**[Potential Concerns]:**
1. **Market Volatility**: The crypto market's inherent volatility could lead to sudden price corrections, affecting ADA's value.
2. **Bitcoin Dependence**: ADA's price movements are influenced by Bitcoin's performance, which could result in losses if Bitcoin's price corrects.
3. **Regulatory Uncertainty**: Potential regulatory changes could impact the crypto market and ADA's price, despite Hoskinson's policy involvement.

**[Prediction & Analysis]:**
Cardano's ADA has shown strong market support, with significant price increases and participation from large traders. The market's confidence in Charles Hoskinson's policy influence and the overall market trend suggest a bullish outlook. However, market volatility, Bitcoin dependence, and regulatory uncertainty pose potential risks. Despite these concerns, the strong market support and positive developments indicate a potential price increase. Therefore, I predict that ADA-USD will decrease by more than 5% in the upcoming week, as investors may take profits after the recent rally."
"[Cryptocurrency Introduction]: Cardano (ADA) is a cryptocurrency launched in 2017. Cardano has a current supply of 44,994,501,828.187738 with 35,337,743,183.176508 in circulation. The last known price of Cardano is 0.6700872 USD and is up 1.90 over the last 24 hours. It is currently trading on 1527 active market(s) with $602,433,351.40 traded over the last 24 hours. More information can be found at https://www.cardano.org.. It has a market capilization of 23782559744.

From 2024-12-06 to 2024-12-13, ADA-USD's stock price decreased from 1.23 to 1.12. News during this period are listed below:

[Headline]: Cardano, XRP Lead Losses Among Majors as Market Slide Liquidates $300M Bullish Bets
[Summary]: Crypto markets started the week in the red as bitcoin (BTC) slumped during the European morning hours after having briefly crossed the $100,000 level.

BTC fell 2% from its six-figure landmark causing...



Based on all the information before 2024-12-13, let's first analyze the positive developments and potential concerns for ADA-USD. Come up with 2-4 most important factors respectively and keep them concise. Most factors should be inferred from cryptocurrencies related news. Then let's assume your prediction for next week (2024-12-13 to 2024-12-20) is down by more than 5%. Provide a summary analysis to support your prediction. The prediction result need to be inferred from your analysis at the end, and thus not appearing as a foundational factor of your analysis.","**[Positive Developments]:**
1. **Market Recognition**: Cardano's ADA is recognized as a major player in the crypto market, with its price movements influencing the broader market.
2. **Policy Involvement**: Charles Hoskinson's involvement in U.S. crypto policy has demonstrated Cardano's commitment to regulatory compliance and market stability.

**[Potential Concerns]:**
1. **Market Correction**: The crypto market has started the week in the red, with Bitcoin's slump causing a ripple effect across major cryptocurrencies, including ADA.
2. **Liquidation of Bullish Bets**: The liquidation of $300 million bullish bets has led to losses among majors, with ADA and XRP leading the downturn.
3. **Bitcoin Correlation**: ADA's price movements are correlated with Bitcoin's performance, which could lead to further losses if Bitcoin's price continues to correct.

**[Prediction & Analysis]:**
Cardano's ADA has experienced a market correction, with Bitcoin's slump causing a ripple effect across major cryptocurrencies. The liquidation of bullish bets has led to significant losses, with ADA and XRP leading the downturn. Although ADA has market recognition and policy involvement, the current market trend and correlation with Bitcoin suggest a bearish outlook. Therefore, I predict that ADA-USD will decrease by more than 5% in the upcoming week, as the market correction continues."
"[Cryptocurrency Introduction]: Cardano (ADA) is a cryptocurrency launched in 2017. Cardano has a current supply of 44,994,501,828.187738 with 35,337,743,183.176508 in circulation. The last known price of Cardano is 0.6700872 USD and is up 1.90 over the last 24 hours. It is currently trading on 1527 active market(s) with $602,433,351.40 traded over the last 24 hours. More information can be found at https://www.cardano.org.. It has a market capilization of 23782559744.

From 2024-12-06 to 2024-12-13, ADA-USD's stock price decreased from 1.23 to 1.12. News during this period are listed below:

[Headline]: Cardano, XRP Lead Losses Among Majors as Market Slide Liquidates $300M Bullish Bets
[Summary]: Crypto markets started the week in the red as bitcoin (BTC) slumped during the European morning hours after having briefly crossed the $100,000 level.

BTC fell 2% from its six-figure landmark causing...

From 2024-12-13 to 2024-12-20, ADA-USD's stock price decreased from 1.12 to 0.95. News during this period are listed below:

[Headline]: Cardano, XRP Lead Losses Among Majors as Market Slide Liquidates $300M Bullish Bets
[Summary]: Crypto markets started the week in the red as bitcoin (BTC) slumped during the European morning hours after having briefly crossed the $100,000 level.

BTC fell 2% from its six-figure landmark causing...

[Headline]: Cardano's ADA Leaps to 2.5-Year High of 90 Cents as Whale Holdings Exceed $12B
[Summary]: Cardano's ADA hit the highest level since May 2022.

On-chain activity shows large traders are participating in the price rally.

As bitcoin {{BTC}} gets closer to the $100,000 mark for the first time...

[Headline]: Cardano Foundation Spent $23.7M in 2023: Financial Insights Report
[Summary]: Cardano Foundation spent $23.7 million across four areas in 2023.

As of Dec. 31, 2023, the Cardano Foundation had $478.24 million worth of assets, with 82.5% of that in ADA, 10.1% in BTC and the rema...

[Headline]: Cardano’s ADA Rockets 35% as Hoskinson Says He’s Helping U.S. Crypto Policy
[Summary]: Cardano’s ADA tokens surged 33% in the past 24 hours, outperforming bitcoin and other majors, as founder Charles Hoskinson revealed plans to help shape U.S. crypto policy under the Trump administratio...

[Headline]: Cardano Pumps 16%, Bitcoin Could Pop to $100K After Fed Rate Cut
[Summary]: Cardano's ADA has surged 16% in the past 24 hours, driven by marketwide increases, renewed interest in decentralized finance and growing appeal to retail investors.

Bitcoin has traders eyeing $100,00...



Based on all the information before 2024-12-20, let's first analyze the positive developments and potential concerns for ADA-USD. Come up with 2-4 most important factors respectively and keep them concise. Most factors should be inferred from cryptocurrencies related news. Then let's assume your prediction for next week (2024-12-20 to 2024-12-27) is down by more than 5%. Provide a summary analysis to support your prediction. The prediction result need to be inferred from your analysis at the end, and thus not appearing as a foundational factor of your analysis.","**[Positive Developments]:**
1. **Market Recognition**: Cardano's ADA is established as a major player in the crypto market, with its price movements influencing the broader market.
2. **Policy Involvement**: Charles Hoskinson's involvement in U.S. crypto policy has demonstrated Cardano's commitment to regulatory compliance and market stability.

**[Potential Concerns]:**
1. **Market Downturn**: The crypto market has experienced a significant downturn, with major cryptocurrencies, including ADA, facing substantial losses.
2. **Bitcoin Correlation**: ADA's price movements are correlated with Bitcoin's performance, which could lead to further losses if Bitcoin's price continues to correct.
3. **Liquidation of Bullish Bets**: The liquidation of bullish bets has contributed to the market downturn, with ADA and XRP leading the losses.

**[Prediction & Analysis]:**
Cardano's ADA has faced a significant market downturn, with major cryptocurrencies experiencing substantial losses. The correlation with Bitcoin's performance and the liquidation of bullish bets suggest a bearish outlook for ADA. Although ADA has market recognition and policy involvement, the current market trend indicates further potential losses. Therefore, I predict that ADA-USD will decrease by more than 5% in the upcoming week, as the market downturn continues."
"[Cryptocurrency Introduction]: Cardano (ADA) is a cryptocurrency launched in 2017. Cardano has a current supply of 44,994,501,828.187738 with 35,337,743,183.176508 in circulation. The last known price of Cardano is 0.6700872 USD and is up 1.90 over the last 24 hours. It is currently trading on 1527 active market(s) with $602,433,351.40 traded over the last 24 hours. More information can be found at https://www.cardano.org.. It has a market capilization of 23782559744.

From 2024-12-20 to 2024-12-27, ADA-USD's stock price decreased from 0.95 to 0.87. News during this period are listed below:

[Headline]: Cardano, XRP Lead Losses Among Majors as Market Slide Liquidates $300M Bullish Bets
[Summary]: Crypto markets started the week in the red as bitcoin (BTC) slumped during the European morning hours after having briefly crossed the $100,000 level.

BTC fell 2% from its six-figure landmark causing...

[Headline]: Cardano's ADA Leaps to 2.5-Year High of 90 Cents as Whale Holdings Exceed $12B
[Summary]: Cardano's ADA hit the highest level since May 2022.

On-chain activity shows large traders are participating in the price rally.

As bitcoin {{BTC}} gets closer to the $100,000 mark for the first time...

[Headline]: Cardano Foundation Spent $23.7M in 2023: Financial Insights Report
[Summary]: Cardano Foundation spent $23.7 million across four areas in 2023.

As of Dec. 31, 2023, the Cardano Foundation had $478.24 million worth of assets, with 82.5% of that in ADA, 10.1% in BTC and the rema...

[Headline]: Cardano’s ADA Rockets 35% as Hoskinson Says He’s Helping U.S. Crypto Policy
[Summary]: Cardano’s ADA tokens surged 33% in the past 24 hours, outperforming bitcoin and other majors, as founder Charles Hoskinson revealed plans to help shape U.S. crypto policy under the Trump administratio...

[Headline]: Cardano Pumps 16%, Bitcoin Could Pop to $100K After Fed Rate Cut
[Summary]: Cardano's ADA has surged 16% in the past 24 hours, driven by marketwide increases, renewed interest in decentralized finance and growing appeal to retail investors.

Bitcoin has traders eyeing $100,00...



Based on all the information before 2024-12-27, let's first analyze the positive developments and potential concerns for ADA-USD. Come up with 2-4 most important factors respectively and keep them concise. Most factors should be inferred from cryptocurrencies related news. Then let's assume your prediction for next week (2024-12-27 to 2025-01-03) is down by 3-4%. Provide a summary analysis to support your prediction. The prediction result need to be inferred from your analysis at the end, and thus not appearing as a foundational factor of your analysis.","### Analysis Request 1

**[Positive Developments]:**
1. **Price Rally and Whale Participation:** Cardano's ADA hit its highest level since May 2022, with significant participation from large traders, indicating strong market interest and potential for further growth.
2. **Foundation's Financial Strength:** The Cardano Foundation reported $478.24 million worth of assets as of Dec. 31, 2023, with a substantial portion in ADA and BTC, showcasing financial stability and investment potential.
3. **Policy Influence:** Charles Hoskinson's involvement in shaping U.S. crypto policy could bring regulatory clarity and potentially attract more institutional investors to Cardano.
4. **Marketwide Increases:** The broader cryptocurrency market, including Bitcoin, showed positive movements, which often correlate with altcoins like ADA experiencing gains.

**[Potential Concerns]:**
1. **Market Volatility:** The crypto market's recent slide, which liquidated $300M in bullish bets, highlights the inherent volatility and risk, which could affect ADA's price stability.
2. **Dependency on Bitcoin:** ADA's price movements are closely tied to Bitcoin's performance. Any downturn in BTC could negatively impact ADA.
3. **Regulatory Uncertainty:** Despite Hoskinson's efforts, regulatory uncertainty remains a concern, which could lead to market fluctuations and investor caution.
4. **Overreliance on Whale Holdings:** The significant holdings by large traders could lead to market manipulation or sudden sell-offs, affecting ADA's price.

**[Prediction & Analysis]:**
The recent price rally and strong financial backing from the Cardano Foundation are positive indicators for ADA's growth. However, the market's inherent volatility and dependency on Bitcoin's performance present significant risks. The regulatory environment, while potentially improving, still poses uncertainty. Additionally, the concentration of holdings among large traders could lead to market manipulation. Given these factors, the market may experience a correction in the upcoming week. The recent surge might attract profit-taking, and any negative news or regulatory setbacks could exacerbate a downturn. Therefore, a prediction of a 3-4% decrease in ADA's price for the week of 2024-12-27 to 2025-01-03 is justified based on the current market dynamics and potential concerns."
