prompt,answer
"[Cryptocurrency Introduction]: Avalanche (AVAX) is a cryptocurrency launched in 2020. Avalanche has a current supply of 456,531,720.31292176 with 421,529,020.31292176 in circulation. The last known price of Avalanche is 20.41352018 USD and is up 0.25 over the last 24 hours. It is currently trading on 919 active market(s) with $254,652,459.75 traded over the last 24 hours. More information can be found at https://avax.network/.. It has a market capilization of 8672030720.

From 2024-01-05 to 2024-01-12, AVAX-USD's stock price decreased from 36.43 to 35.87. News during this period are listed below:

[Headline]: Avalanche Foundation to Purchase Meme Coins as Part of Culture Drive
[Summary]: The Avalanche Foundation, whose grants and investments help support the development of the Avalanche blockchain ecosystem, is considering buying meme coins as part of a drive that recognizes the disti...

[Headline]: Trader Turns $450 into $2M Betting on Avalanche Meme Coin Coq Inu
[Summary]: Multifold gains on Solana-based meme coins have apparently led traders to hunt for small-cap plays on other networks – with some lucky enough to flip a tiny initial capital to a life-changing figure.
...

[Headline]: Solana, Avalanche Meme Coin Fever Continues as Bitcoin Nears $43K
[Summary]: Tokens of Solana, Avalanche and Injective surged as much as 20% in the past 24 hours as the meme coin trading frenzy extended into a third week on these networks.

Solana’s SOL jumped 8% while Avalanc...

[Headline]: Avalanche, Helium Lead Monthly Crypto Gains as Bullish Bitcoin Consolidation Spurs Altcoin Season Call
[Summary]: Smaller tokens outperformed bitcoin during bullish November for crypto markets.

AVAX, HNT, BLUR and RUNE were among the best performers with doubling prices in a month.

The widening breadth of the c...

[Headline]: AVAX Ecosystem to Get $10M Boost from Avalanche Accelerator Colony Lab
[Summary]: Colony Lab, an Avalanche ecosystem developer and accelerator, said it will invest $10 million to support the long-term growth of the network.

The company said it has bought more than 500,000 AVAX tok...



Based on all the information before 2024-01-12, let's first analyze the positive developments and potential concerns for AVAX-USD. Come up with 2-4 most important factors respectively and keep them concise. Most factors should be inferred from cryptocurrencies related news. Then let's assume your prediction for next week (2024-01-12 to 2024-01-19) is down by more than 5%. Provide a summary analysis to support your prediction. The prediction result need to be inferred from your analysis at the end, and thus not appearing as a foundational factor of your analysis.","**[Positive Developments]: **
1. **Ecosystem Growth**: Colony Lab's $10 million investment to support the Avalanche ecosystem indicates long-term commitment and potential growth.
2. **Meme Coin Frenzy**: The surge in meme coin trading on Avalanche has increased network activity and visibility.
3. **Altcoin Season**: Avalanche's strong performance during the altcoin season suggests potential further gains.

**[Potential Concerns]: **
1. **Market Volatility**: The broader crypto market volatility, as seen with Bitcoin's price fluctuations, could impact AVAX.
2. **Meme Coin Speculation**: The focus on meme coins could lead to a bubble, posing a risk to the ecosystem's stability.

**[Prediction & Analysis]: **
The recent investments and the meme coin trading frenzy have brought a lot of attention and capital to the Avalanche ecosystem. However, the high market volatility and the speculative nature of meme coins raise concerns about the sustainability of this growth. The altcoin season has historically led to significant price increases, but the current market conditions and the speculative bubble around meme coins could lead to a correction. Therefore, a conservative outlook suggests that AVAX-USD might decrease by more than 5% in the upcoming week."
"[Cryptocurrency Introduction]: Avalanche (AVAX) is a cryptocurrency launched in 2020. Avalanche has a current supply of 456,531,720.31292176 with 421,529,020.31292176 in circulation. The last known price of Avalanche is 20.41352018 USD and is up 0.25 over the last 24 hours. It is currently trading on 919 active market(s) with $254,652,459.75 traded over the last 24 hours. More information can be found at https://avax.network/.. It has a market capilization of 8672030720.

From 2024-01-05 to 2024-01-12, AVAX-USD's stock price decreased from 36.43 to 35.87. News during this period are listed below:

[Headline]: Avalanche Foundation to Purchase Meme Coins as Part of Culture Drive
[Summary]: The Avalanche Foundation, whose grants and investments help support the development of the Avalanche blockchain ecosystem, is considering buying meme coins as part of a drive that recognizes the disti...

[Headline]: Trader Turns $450 into $2M Betting on Avalanche Meme Coin Coq Inu
[Summary]: Multifold gains on Solana-based meme coins have apparently led traders to hunt for small-cap plays on other networks – with some lucky enough to flip a tiny initial capital to a life-changing figure.
...

[Headline]: Solana, Avalanche Meme Coin Fever Continues as Bitcoin Nears $43K
[Summary]: Tokens of Solana, Avalanche and Injective surged as much as 20% in the past 24 hours as the meme coin trading frenzy extended into a third week on these networks.

Solana’s SOL jumped 8% while Avalanc...

[Headline]: Avalanche, Helium Lead Monthly Crypto Gains as Bullish Bitcoin Consolidation Spurs Altcoin Season Call
[Summary]: Smaller tokens outperformed bitcoin during bullish November for crypto markets.

AVAX, HNT, BLUR and RUNE were among the best performers with doubling prices in a month.

The widening breadth of the c...

[Headline]: AVAX Ecosystem to Get $10M Boost from Avalanche Accelerator Colony Lab
[Summary]: Colony Lab, an Avalanche ecosystem developer and accelerator, said it will invest $10 million to support the long-term growth of the network.

The company said it has bought more than 500,000 AVAX tok...

From 2024-01-12 to 2024-01-19, AVAX-USD's stock price decreased from 35.87 to 32.64. News during this period are listed below:

[Headline]: Avalanche Foundation to Purchase Meme Coins as Part of Culture Drive
[Summary]: The Avalanche Foundation, whose grants and investments help support the development of the Avalanche blockchain ecosystem, is considering buying meme coins as part of a drive that recognizes the disti...

[Headline]: Trader Turns $450 into $2M Betting on Avalanche Meme Coin Coq Inu
[Summary]: Multifold gains on Solana-based meme coins have apparently led traders to hunt for small-cap plays on other networks – with some lucky enough to flip a tiny initial capital to a life-changing figure.
...

[Headline]: Solana, Avalanche Meme Coin Fever Continues as Bitcoin Nears $43K
[Summary]: Tokens of Solana, Avalanche and Injective surged as much as 20% in the past 24 hours as the meme coin trading frenzy extended into a third week on these networks.

Solana’s SOL jumped 8% while Avalanc...

[Headline]: Avalanche, Helium Lead Monthly Crypto Gains as Bullish Bitcoin Consolidation Spurs Altcoin Season Call
[Summary]: Smaller tokens outperformed bitcoin during bullish November for crypto markets.

AVAX, HNT, BLUR and RUNE were among the best performers with doubling prices in a month.

The widening breadth of the c...

[Headline]: AVAX Ecosystem to Get $10M Boost from Avalanche Accelerator Colony Lab
[Summary]: Colony Lab, an Avalanche ecosystem developer and accelerator, said it will invest $10 million to support the long-term growth of the network.

The company said it has bought more than 500,000 AVAX tok...



Based on all the information before 2024-01-19, let's first analyze the positive developments and potential concerns for AVAX-USD. Come up with 2-4 most important factors respectively and keep them concise. Most factors should be inferred from cryptocurrencies related news. Then let's assume your prediction for next week (2024-01-19 to 2024-01-26) is down by 1-2%. Provide a summary analysis to support your prediction. The prediction result need to be inferred from your analysis at the end, and thus not appearing as a foundational factor of your analysis.","**[Positive Developments]: **
1. **Continued Ecosystem Support**: Colony Lab's investment and the Avalanche Foundation's initiatives demonstrate ongoing support for the network.
2. **Trader Interest**: The success stories of traders profiting from Avalanche-based meme coins indicate growing interest and liquidity.

**[Potential Concerns]: **
1. **Market Correction**: The continued slide in major tokens, including Bitcoin, could lead to a broader market correction affecting AVAX.
2. **ETF Impact**: Institutional sales tied to recently launched ETFs have weighed down Bitcoin prices, which could negatively impact AVAX.

**[Prediction & Analysis]: **
While the Avalanche ecosystem continues to receive support and attract trader interest, the broader market trends and the impact of institutional sales on Bitcoin prices raise concerns. The recent price decrease in AVAX-USD and the potential for a market correction suggest a cautious outlook. Therefore, AVAX-USD might experience a slight decrease of 1-2% in the upcoming week."
"[Cryptocurrency Introduction]: Avalanche (AVAX) is a cryptocurrency launched in 2020. Avalanche has a current supply of 456,531,720.31292176 with 421,529,020.31292176 in circulation. The last known price of Avalanche is 20.41352018 USD and is up 0.25 over the last 24 hours. It is currently trading on 919 active market(s) with $254,652,459.75 traded over the last 24 hours. More information can be found at https://avax.network/.. It has a market capilization of 8672030720.

From 2024-01-12 to 2024-01-19, AVAX-USD's stock price decreased from 35.87 to 32.64. News during this period are listed below:

[Headline]: Avalanche Foundation to Purchase Meme Coins as Part of Culture Drive
[Summary]: The Avalanche Foundation, whose grants and investments help support the development of the Avalanche blockchain ecosystem, is considering buying meme coins as part of a drive that recognizes the disti...

[Headline]: Trader Turns $450 into $2M Betting on Avalanche Meme Coin Coq Inu
[Summary]: Multifold gains on Solana-based meme coins have apparently led traders to hunt for small-cap plays on other networks – with some lucky enough to flip a tiny initial capital to a life-changing figure.
...

[Headline]: Solana, Avalanche Meme Coin Fever Continues as Bitcoin Nears $43K
[Summary]: Tokens of Solana, Avalanche and Injective surged as much as 20% in the past 24 hours as the meme coin trading frenzy extended into a third week on these networks.

Solana’s SOL jumped 8% while Avalanc...

[Headline]: Avalanche, Helium Lead Monthly Crypto Gains as Bullish Bitcoin Consolidation Spurs Altcoin Season Call
[Summary]: Smaller tokens outperformed bitcoin during bullish November for crypto markets.

AVAX, HNT, BLUR and RUNE were among the best performers with doubling prices in a month.

The widening breadth of the c...

[Headline]: AVAX Ecosystem to Get $10M Boost from Avalanche Accelerator Colony Lab
[Summary]: Colony Lab, an Avalanche ecosystem developer and accelerator, said it will invest $10 million to support the long-term growth of the network.

The company said it has bought more than 500,000 AVAX tok...

From 2024-01-19 to 2024-01-26, AVAX-USD's stock price decreased from 32.64 to 32.28. News during this period are listed below:

[Headline]: Avalanche Foundation Puts Rules on Plans to Buy Meme Coins
[Summary]: Not all meme coins are created equal. If they're to get bought up by the Avalanche Foundation, their creators will have to follow some rules.

The organization that supports the Avalanche blockchain r...

[Headline]: Solana, Avalanche Tokens Slide as Bitcoin Traders Target Eye Support at $38K
[Summary]: Major tokens continued to slide on Tuesday as institutional sales tied to recently launched exchange-traded funds (ETF) weighed down bitcoin [BTC] prices, leading to a more than 20% decline for some t...



Based on all the information before 2024-01-26, let's first analyze the positive developments and potential concerns for AVAX-USD. Come up with 2-4 most important factors respectively and keep them concise. Most factors should be inferred from cryptocurrencies related news. Then let's assume your prediction for next week (2024-01-26 to 2024-02-02) is up by more than 5%. Provide a summary analysis to support your prediction. The prediction result need to be inferred from your analysis at the end, and thus not appearing as a foundational factor of your analysis.","**[Positive Developments]: **
1. **Regulatory Clarity**: The Avalanche Foundation's rules for meme coin purchases bring regulatory clarity and could attract more serious investors.
2. **Network Activity**: The continued meme coin trading frenzy has maintained high network activity and engagement.

**[Potential Concerns]: **
1. **Bitcoin Price Impact**: The slide in Bitcoin prices due to institutional sales could negatively impact the broader crypto market, including AVAX.
2. **Speculative Bubble**: The prolonged focus on meme coins could be indicative of a speculative bubble, posing a risk to the ecosystem.

**[Prediction & Analysis]: **
The regulatory clarity provided by the Avalanche Foundation and the high network activity are positive signs for the ecosystem. However, the potential impact of Bitcoin's price slide and the risk of a speculative bubble bursting could lead to market volatility. Given these factors, AVAX-USD might experience an increase of more than 5% in the upcoming week, as the market corrects from its recent decreases."
"[Cryptocurrency Introduction]: Avalanche (AVAX) is a cryptocurrency launched in 2020. Avalanche has a current supply of 456,531,720.31292176 with 421,529,020.31292176 in circulation. The last known price of Avalanche is 20.41352018 USD and is up 0.25 over the last 24 hours. It is currently trading on 919 active market(s) with $254,652,459.75 traded over the last 24 hours. More information can be found at https://avax.network/.. It has a market capilization of 8672030720.

From 2024-01-26 to 2024-02-02, AVAX-USD's stock price increased from 32.28 to 36.71. News during this period are listed below:

[Headline]: Avalanche Foundation Puts Rules on Plans to Buy Meme Coins
[Summary]: Not all meme coins are created equal. If they're to get bought up by the Avalanche Foundation, their creators will have to follow some rules.

The organization that supports the Avalanche blockchain r...

[Headline]: Solana, Avalanche Tokens Slide as Bitcoin Traders Target Eye Support at $38K
[Summary]: Major tokens continued to slide on Tuesday as institutional sales tied to recently launched exchange-traded funds (ETF) weighed down bitcoin [BTC] prices, leading to a more than 20% decline for some t...

[Headline]: Avalanche Foundation to Purchase Meme Coins as Part of Culture Drive
[Summary]: The Avalanche Foundation, whose grants and investments help support the development of the Avalanche blockchain ecosystem, is considering buying meme coins as part of a drive that recognizes the disti...

[Headline]: Trader Turns $450 into $2M Betting on Avalanche Meme Coin Coq Inu
[Summary]: Multifold gains on Solana-based meme coins have apparently led traders to hunt for small-cap plays on other networks – with some lucky enough to flip a tiny initial capital to a life-changing figure.
...

[Headline]: Solana, Avalanche Meme Coin Fever Continues as Bitcoin Nears $43K
[Summary]: Tokens of Solana, Avalanche and Injective surged as much as 20% in the past 24 hours as the meme coin trading frenzy extended into a third week on these networks.

Solana’s SOL jumped 8% while Avalanc...



Based on all the information before 2024-02-02, let's first analyze the positive developments and potential concerns for AVAX-USD. Come up with 2-4 most important factors respectively and keep them concise. Most factors should be inferred from cryptocurrencies related news. Then let's assume your prediction for next week (2024-02-02 to 2024-02-09) is up by 3-4%. Provide a summary analysis to support your prediction. The prediction result need to be inferred from your analysis at the end, and thus not appearing as a foundational factor of your analysis.","**[Positive Developments]: **
1. **Meme Coin Drive**: The Avalanche Foundation's consideration of buying meme coins as part of a culture drive could further boost network activity.
2. **Network Surges**: The continued surges in Avalanche and other network tokens indicate strong trader interest and liquidity.

**[Potential Concerns]: **
1. **Market Uncertainty**: The broader crypto market uncertainty, as seen with Bitcoin's price fluctuations, could impact AVAX.
2. **Regulatory Risks**: The evolving regulatory environment for meme coins and the broader crypto market poses potential risks.

**[Prediction & Analysis]: **
The Avalanche Foundation's initiatives and the continued network surges are positive indicators for the ecosystem. However, the broader market uncertainty and regulatory risks could lead to volatility. Given these factors, AVAX-USD might experience an increase of 3-4% in the upcoming week, as the market stabilizes from its recent fluctuations."
"[Cryptocurrency Introduction]: Avalanche (AVAX) is a cryptocurrency launched in 2020. Avalanche has a current supply of 456,531,720.31292176 with 421,529,020.31292176 in circulation. The last known price of Avalanche is 20.41352018 USD and is up 0.25 over the last 24 hours. It is currently trading on 919 active market(s) with $254,652,459.75 traded over the last 24 hours. More information can be found at https://avax.network/.. It has a market capilization of 8672030720.

From 2024-01-26 to 2024-02-02, AVAX-USD's stock price increased from 32.28 to 36.71. News during this period are listed below:

[Headline]: Avalanche Foundation Puts Rules on Plans to Buy Meme Coins
[Summary]: Not all meme coins are created equal. If they're to get bought up by the Avalanche Foundation, their creators will have to follow some rules.

The organization that supports the Avalanche blockchain r...

[Headline]: Solana, Avalanche Tokens Slide as Bitcoin Traders Target Eye Support at $38K
[Summary]: Major tokens continued to slide on Tuesday as institutional sales tied to recently launched exchange-traded funds (ETF) weighed down bitcoin [BTC] prices, leading to a more than 20% decline for some t...

[Headline]: Avalanche Foundation to Purchase Meme Coins as Part of Culture Drive
[Summary]: The Avalanche Foundation, whose grants and investments help support the development of the Avalanche blockchain ecosystem, is considering buying meme coins as part of a drive that recognizes the disti...

[Headline]: Trader Turns $450 into $2M Betting on Avalanche Meme Coin Coq Inu
[Summary]: Multifold gains on Solana-based meme coins have apparently led traders to hunt for small-cap plays on other networks – with some lucky enough to flip a tiny initial capital to a life-changing figure.
...

[Headline]: Solana, Avalanche Meme Coin Fever Continues as Bitcoin Nears $43K
[Summary]: Tokens of Solana, Avalanche and Injective surged as much as 20% in the past 24 hours as the meme coin trading frenzy extended into a third week on these networks.

Solana’s SOL jumped 8% while Avalanc...

From 2024-02-02 to 2024-02-09, AVAX-USD's stock price increased from 36.71 to 38.01. News during this period are listed below:

[Headline]: Avalanche Foundation Puts Rules on Plans to Buy Meme Coins
[Summary]: Not all meme coins are created equal. If they're to get bought up by the Avalanche Foundation, their creators will have to follow some rules.

The organization that supports the Avalanche blockchain r...

[Headline]: Solana, Avalanche Tokens Slide as Bitcoin Traders Target Eye Support at $38K
[Summary]: Major tokens continued to slide on Tuesday as institutional sales tied to recently launched exchange-traded funds (ETF) weighed down bitcoin [BTC] prices, leading to a more than 20% decline for some t...

[Headline]: Avalanche Foundation to Purchase Meme Coins as Part of Culture Drive
[Summary]: The Avalanche Foundation, whose grants and investments help support the development of the Avalanche blockchain ecosystem, is considering buying meme coins as part of a drive that recognizes the disti...

[Headline]: Trader Turns $450 into $2M Betting on Avalanche Meme Coin Coq Inu
[Summary]: Multifold gains on Solana-based meme coins have apparently led traders to hunt for small-cap plays on other networks – with some lucky enough to flip a tiny initial capital to a life-changing figure.
...

[Headline]: Solana, Avalanche Meme Coin Fever Continues as Bitcoin Nears $43K
[Summary]: Tokens of Solana, Avalanche and Injective surged as much as 20% in the past 24 hours as the meme coin trading frenzy extended into a third week on these networks.

Solana’s SOL jumped 8% while Avalanc...



Based on all the information before 2024-02-09, let's first analyze the positive developments and potential concerns for AVAX-USD. Come up with 2-4 most important factors respectively and keep them concise. Most factors should be inferred from cryptocurrencies related news. Then let's assume your prediction for next week (2024-02-09 to 2024-02-16) is up by more than 5%. Provide a summary analysis to support your prediction. The prediction result need to be inferred from your analysis at the end, and thus not appearing as a foundational factor of your analysis.","**[Positive Developments]: **
1. **Ecosystem Momentum**: The continued momentum from the meme coin trading frenzy and the Avalanche Foundation's initiatives suggest further growth potential.
2. **Network Strength**: The strong performance of Avalanche and other network tokens indicates a robust ecosystem.

**[Potential Concerns]: **
1. **Speculative Risks**: The prolonged focus on meme coins could lead to a speculative bubble bursting, impacting the ecosystem.
2. **Bitcoin Price Volatility**: The volatility in Bitcoin prices could lead to broader market instability, affecting AVAX.

**[Prediction & Analysis]: **
The momentum from the meme coin trading frenzy and the strength of the Avalanche ecosystem are positive indicators. However, the risks of a speculative bubble and Bitcoin's price volatility could lead to market fluctuations. Given these factors, AVAX-USD might experience an increase of more than 5% in the upcoming week, as the market continues to recognize the value and potential of the Avalanche ecosystem."
"[Cryptocurrency Introduction]: Avalanche (AVAX) is a cryptocurrency launched in 2020. Avalanche has a current supply of 456,531,720.31292176 with 421,529,020.31292176 in circulation. The last known price of Avalanche is 20.41352018 USD and is up 0.25 over the last 24 hours. It is currently trading on 919 active market(s) with $254,652,459.75 traded over the last 24 hours. More information can be found at https://avax.network/.. It has a market capilization of 8672030720.

From 2024-01-19 to 2024-01-26, AVAX-USD's stock price decreased from 32.64 to 32.28. News during this period are listed below:

[Headline]: Avalanche Foundation Puts Rules on Plans to Buy Meme Coins
[Summary]: Not all meme coins are created equal. If they're to get bought up by the Avalanche Foundation, their creators will have to follow some rules.

The organization that supports the Avalanche blockchain r...

[Headline]: Solana, Avalanche Tokens Slide as Bitcoin Traders Target Eye Support at $38K
[Summary]: Major tokens continued to slide on Tuesday as institutional sales tied to recently launched exchange-traded funds (ETF) weighed down bitcoin [BTC] prices, leading to a more than 20% decline for some t...

From 2024-01-26 to 2024-02-02, AVAX-USD's stock price increased from 32.28 to 36.71. News during this period are listed below:

[Headline]: Avalanche Foundation Puts Rules on Plans to Buy Meme Coins
[Summary]: Not all meme coins are created equal. If they're to get bought up by the Avalanche Foundation, their creators will have to follow some rules.

The organization that supports the Avalanche blockchain r...

[Headline]: Solana, Avalanche Tokens Slide as Bitcoin Traders Target Eye Support at $38K
[Summary]: Major tokens continued to slide on Tuesday as institutional sales tied to recently launched exchange-traded funds (ETF) weighed down bitcoin [BTC] prices, leading to a more than 20% decline for some t...

[Headline]: Avalanche Foundation to Purchase Meme Coins as Part of Culture Drive
[Summary]: The Avalanche Foundation, whose grants and investments help support the development of the Avalanche blockchain ecosystem, is considering buying meme coins as part of a drive that recognizes the disti...

[Headline]: Trader Turns $450 into $2M Betting on Avalanche Meme Coin Coq Inu
[Summary]: Multifold gains on Solana-based meme coins have apparently led traders to hunt for small-cap plays on other networks – with some lucky enough to flip a tiny initial capital to a life-changing figure.
...

[Headline]: Solana, Avalanche Meme Coin Fever Continues as Bitcoin Nears $43K
[Summary]: Tokens of Solana, Avalanche and Injective surged as much as 20% in the past 24 hours as the meme coin trading frenzy extended into a third week on these networks.

Solana’s SOL jumped 8% while Avalanc...

From 2024-02-02 to 2024-02-09, AVAX-USD's stock price increased from 36.71 to 38.01. News during this period are listed below:

[Headline]: Avalanche Foundation Puts Rules on Plans to Buy Meme Coins
[Summary]: Not all meme coins are created equal. If they're to get bought up by the Avalanche Foundation, their creators will have to follow some rules.

The organization that supports the Avalanche blockchain r...

[Headline]: Solana, Avalanche Tokens Slide as Bitcoin Traders Target Eye Support at $38K
[Summary]: Major tokens continued to slide on Tuesday as institutional sales tied to recently launched exchange-traded funds (ETF) weighed down bitcoin [BTC] prices, leading to a more than 20% decline for some t...

[Headline]: Avalanche Foundation to Purchase Meme Coins as Part of Culture Drive
[Summary]: The Avalanche Foundation, whose grants and investments help support the development of the Avalanche blockchain ecosystem, is considering buying meme coins as part of a drive that recognizes the disti...

[Headline]: Trader Turns $450 into $2M Betting on Avalanche Meme Coin Coq Inu
[Summary]: Multifold gains on Solana-based meme coins have apparently led traders to hunt for small-cap plays on other networks – with some lucky enough to flip a tiny initial capital to a life-changing figure.
...

[Headline]: Solana, Avalanche Meme Coin Fever Continues as Bitcoin Nears $43K
[Summary]: Tokens of Solana, Avalanche and Injective surged as much as 20% in the past 24 hours as the meme coin trading frenzy extended into a third week on these networks.

Solana’s SOL jumped 8% while Avalanc...

From 2024-02-09 to 2024-02-16, AVAX-USD's stock price increased from 38.01 to 40.31. News during this period are listed below:

[Headline]: Citibank Tests Tokenization of Private Equity Funds on Avalanche
[Summary]: Citibank used layer-1 blockchain Avalanche’s {{AVAX}} Spruce Subnet to explore the tokenization of private equity funds to re-architect capital markets.

Citi worked with traditional finance giants Wi...



Based on all the information before 2024-02-16, let's first analyze the positive developments and potential concerns for AVAX-USD. Come up with 2-4 most important factors respectively and keep them concise. Most factors should be inferred from cryptocurrencies related news. Then let's assume your prediction for next week (2024-02-16 to 2024-02-23) is down by more than 5%. Provide a summary analysis to support your prediction. The prediction result need to be inferred from your analysis at the end, and thus not appearing as a foundational factor of your analysis.","**[Positive Developments]:
1. **Institutional Interest**: Citibank's exploration of tokenizing private equity funds on Avalanche indicates growing institutional interest, which can bring more liquidity and stability to the AVAX ecosystem.
2. **Meme Coin Culture Drive**: The Avalanche Foundation's initiative to purchase meme coins as part of a culture drive recognizes the cultural significance of meme coins, potentially attracting more retail investors.
3. **Market Sentiment**: The trading frenzy around meme coins on Avalanche, as seen with Coq Inu, suggests a bullish market sentiment, which can drive up the price of AVAX.
4. **Network Growth**: The surge in tokens like Solana and Injective, along with Avalanche, indicates a growing ecosystem and increased adoption.

**[Potential Concerns]:
1. **Token Unlock**: The upcoming $365M token unlock event could lead to increased selling pressure, potentially driving down the price of AVAX.
2. **Market Volatility**: The slide in major tokens due to institutional sales of Bitcoin ETFs highlights the volatility of the crypto market, which could affect AVAX.
3. **Dependence on Meme Coins**: The focus on meme coins could lead to increased speculation and volatility, which might not be sustainable in the long term.
4. **Regulatory Uncertainty**: The lack of clear regulations in the crypto space remains a potential concern, which could impact the market's stability.

**[Prediction & Analysis]:
The price of AVAX has been on an uptrend, driven by institutional interest and the meme coin culture drive. However, the upcoming token unlock event presents a significant risk of increased selling pressure. Historically, such events have led to short-term price corrections. The market's recent volatility, coupled with the dependence on meme coins for growth, suggests a cautious outlook. Additionally, the lack of clear regulatory guidance adds to the uncertainty. Therefore, it is reasonable to expect a downward price movement of more than 5% in the upcoming week as traders may look to secure profits before the token unlock event.**"
"[Cryptocurrency Introduction]: Avalanche (AVAX) is a cryptocurrency launched in 2020. Avalanche has a current supply of 456,531,720.31292176 with 421,529,020.31292176 in circulation. The last known price of Avalanche is 20.41352018 USD and is up 0.25 over the last 24 hours. It is currently trading on 919 active market(s) with $254,652,459.75 traded over the last 24 hours. More information can be found at https://avax.network/.. It has a market capilization of 8672030720.

From 2024-02-09 to 2024-02-16, AVAX-USD's stock price increased from 38.01 to 40.31. News during this period are listed below:

[Headline]: Citibank Tests Tokenization of Private Equity Funds on Avalanche
[Summary]: Citibank used layer-1 blockchain Avalanche’s {{AVAX}} Spruce Subnet to explore the tokenization of private equity funds to re-architect capital markets.

Citi worked with traditional finance giants Wi...

From 2024-02-16 to 2024-02-23, AVAX-USD's stock price decreased from 40.31 to 35.93. News during this period are listed below:

[Headline]: Avalanche's AVAX Underperforms Ahead of $365M Token Unlock
[Summary]: Avalanche's native token AVAX underperformed the crypto market over the past week ahead of its token unlocking event, CoinDesk data shows.

Some $365 million worth of locked-up tokens will be released...



Based on all the information before 2024-02-23, let's first analyze the positive developments and potential concerns for AVAX-USD. Come up with 2-4 most important factors respectively and keep them concise. Most factors should be inferred from cryptocurrencies related news. Then let's assume your prediction for next week (2024-02-23 to 2024-03-01) is up by more than 5%. Provide a summary analysis to support your prediction. The prediction result need to be inferred from your analysis at the end, and thus not appearing as a foundational factor of your analysis.","**[Positive Developments]:
1. **Institutional Engagement**: Citibank's tokenization project on Avalanche indicates strong institutional engagement, which can enhance the ecosystem's credibility and liquidity.
2. **Foundation's Initiative**: The Avalanche Foundation's decision to purchase meme coins shows a proactive approach to embracing market trends, potentially attracting more investors.
3. **Network Resilience**: Despite the token unlock event, Avalanche's network continues to show resilience and growth, as seen in the increased market capitalization.

**[Potential Concerns]:
1. **Token Unlock Pressure**: The $365M token unlock event could lead to significant selling pressure, potentially driving down the price of AVAX.
2. **Market Sentiment**: The underperformance of AVAX ahead of the token unlock suggests market caution, which could impact short-term price movements.
3. **Volatility Risk**: The crypto market's inherent volatility, as seen in the slides of major tokens, poses a risk to AVAX's price stability.

**[Prediction & Analysis]:
Despite the token unlock event, the strong institutional engagement and the Avalanche Foundation's proactive initiatives suggest a positive outlook for AVAX. The network's resilience and the potential influx of new investors drawn by the meme coin initiative indicate a robust ecosystem. While the token unlock event presents a short-term risk, the overall market sentiment and institutional support suggest a bullish trend. Therefore, it is reasonable to expect an upward price movement of more than 5% in the upcoming week as the market absorbs the unlocked tokens and focuses on the long-term growth potential.**"
"[Cryptocurrency Introduction]: Avalanche (AVAX) is a cryptocurrency launched in 2020. Avalanche has a current supply of 456,531,720.31292176 with 421,529,020.31292176 in circulation. The last known price of Avalanche is 20.41352018 USD and is up 0.25 over the last 24 hours. It is currently trading on 919 active market(s) with $254,652,459.75 traded over the last 24 hours. More information can be found at https://avax.network/.. It has a market capilization of 8672030720.

From 2024-02-09 to 2024-02-16, AVAX-USD's stock price increased from 38.01 to 40.31. News during this period are listed below:

[Headline]: Citibank Tests Tokenization of Private Equity Funds on Avalanche
[Summary]: Citibank used layer-1 blockchain Avalanche’s {{AVAX}} Spruce Subnet to explore the tokenization of private equity funds to re-architect capital markets.

Citi worked with traditional finance giants Wi...

From 2024-02-16 to 2024-02-23, AVAX-USD's stock price decreased from 40.31 to 35.93. News during this period are listed below:

[Headline]: Avalanche's AVAX Underperforms Ahead of $365M Token Unlock
[Summary]: Avalanche's native token AVAX underperformed the crypto market over the past week ahead of its token unlocking event, CoinDesk data shows.

Some $365 million worth of locked-up tokens will be released...

From 2024-02-23 to 2024-03-01, AVAX-USD's stock price increased from 35.93 to 42.86. News during this period are listed below:

[Headline]: Avalanche Is Back Up After Failing to Produce Block for Four Hours
[Summary]: Avalanche suffered a major outage Friday, failing to produce blocks for more than four hours.

Developers released a software patch disabling logic that permitted an ""excessive amount of gossip"" to ta...



Based on all the information before 2024-03-01, let's first analyze the positive developments and potential concerns for AVAX-USD. Come up with 2-4 most important factors respectively and keep them concise. Most factors should be inferred from cryptocurrencies related news. Then let's assume your prediction for next week (2024-03-01 to 2024-03-08) is down by 0-1%. Provide a summary analysis to support your prediction. The prediction result need to be inferred from your analysis at the end, and thus not appearing as a foundational factor of your analysis.","**[Positive Developments]:
1. **Institutional Adoption**: Citibank's continued exploration of Avalanche for tokenizing private equity funds signals strong institutional adoption, which can boost market confidence.
2. **Network Recovery**: Avalanche's quick recovery from the block production outage demonstrates the network's robustness and the development team's responsiveness.
3. **Foundation's Proactive Role**: The Avalanche Foundation's active involvement in the meme coin market shows a commitment to driving cultural significance and attracting retail investors.

**[Potential Concerns]:
1. **Token Unlock Impact**: The recent token unlock event could still pose a risk of increased selling pressure, affecting the price of AVAX.
2. **Outage Concerns**: The recent outage, despite being resolved, raises concerns about the network's stability and could impact market sentiment.
3. **Market Competition**: The competitive landscape of the crypto market, with other networks like Solana also gaining traction, poses a risk to Avalanche's market share.

**[Prediction & Analysis]:
The price of AVAX has shown resilience, with strong institutional adoption and a proactive foundation driving growth. However, the recent token unlock event and the outage raise concerns about short-term volatility. The market's competitive dynamics also pose a risk. Given these factors, the price of AVAX is likely to experience a slight correction or consolidation. Therefore, it is reasonable to expect a price movement of 0-1% downward in the upcoming week as the market digests these events and looks for further catalysts for growth.**"
"[Cryptocurrency Introduction]: Avalanche (AVAX) is a cryptocurrency launched in 2020. Avalanche has a current supply of 456,531,720.31292176 with 421,529,020.31292176 in circulation. The last known price of Avalanche is 20.41352018 USD and is up 0.25 over the last 24 hours. It is currently trading on 919 active market(s) with $254,652,459.75 traded over the last 24 hours. More information can be found at https://avax.network/.. It has a market capilization of 8672030720.

From 2024-02-09 to 2024-02-16, AVAX-USD's stock price increased from 38.01 to 40.31. News during this period are listed below:

[Headline]: Citibank Tests Tokenization of Private Equity Funds on Avalanche
[Summary]: Citibank used layer-1 blockchain Avalanche’s {{AVAX}} Spruce Subnet to explore the tokenization of private equity funds to re-architect capital markets.

Citi worked with traditional finance giants Wi...

From 2024-02-16 to 2024-02-23, AVAX-USD's stock price decreased from 40.31 to 35.93. News during this period are listed below:

[Headline]: Avalanche's AVAX Underperforms Ahead of $365M Token Unlock
[Summary]: Avalanche's native token AVAX underperformed the crypto market over the past week ahead of its token unlocking event, CoinDesk data shows.

Some $365 million worth of locked-up tokens will be released...

From 2024-02-23 to 2024-03-01, AVAX-USD's stock price increased from 35.93 to 42.86. News during this period are listed below:

[Headline]: Avalanche Is Back Up After Failing to Produce Block for Four Hours
[Summary]: Avalanche suffered a major outage Friday, failing to produce blocks for more than four hours.

Developers released a software patch disabling logic that permitted an ""excessive amount of gossip"" to ta...

From 2024-03-01 to 2024-03-08, AVAX-USD's stock price decreased from 42.86 to 42.74. News during this period are listed below:

[Headline]: Avalanche Is Back Up After Failing to Produce Block for Four Hours
[Summary]: Avalanche suffered a major outage Friday, failing to produce blocks for more than four hours.

Developers released a software patch disabling logic that permitted an ""excessive amount of gossip"" to ta...

[Headline]: Avalanche's AVAX Underperforms Ahead of $365M Token Unlock
[Summary]: Avalanche's native token AVAX underperformed the crypto market over the past week ahead of its token unlocking event, CoinDesk data shows.

Some $365 million worth of locked-up tokens will be released...

[Headline]: Citibank Tests Tokenization of Private Equity Funds on Avalanche
[Summary]: Citibank used layer-1 blockchain Avalanche’s {{AVAX}} Spruce Subnet to explore the tokenization of private equity funds to re-architect capital markets.

Citi worked with traditional finance giants Wi...

[Headline]: Avalanche Foundation Puts Rules on Plans to Buy Meme Coins
[Summary]: Not all meme coins are created equal. If they're to get bought up by the Avalanche Foundation, their creators will have to follow some rules.

The organization that supports the Avalanche blockchain r...

[Headline]: Solana, Avalanche Tokens Slide as Bitcoin Traders Target Eye Support at $38K
[Summary]: Major tokens continued to slide on Tuesday as institutional sales tied to recently launched exchange-traded funds (ETF) weighed down bitcoin [BTC] prices, leading to a more than 20% decline for some t...



Based on all the information before 2024-03-08, let's first analyze the positive developments and potential concerns for AVAX-USD. Come up with 2-4 most important factors respectively and keep them concise. Most factors should be inferred from cryptocurrencies related news. Then let's assume your prediction for next week (2024-03-08 to 2024-03-15) is up by more than 5%. Provide a summary analysis to support your prediction. The prediction result need to be inferred from your analysis at the end, and thus not appearing as a foundational factor of your analysis.","**[Positive Developments]:
1. **Institutional Confidence**: Citibank's ongoing projects on Avalanche signal strong institutional confidence, which can drive market growth and stability.
2. **Foundation's Strategic Moves**: The Avalanche Foundation's strategic initiatives, such as buying meme coins, show a commitment to driving cultural relevance and attracting investors.
3. **Network Stability**: The network's quick recovery from the recent outage demonstrates its stability and the development team's effectiveness.

**[Potential Concerns]:
1. **Token Unlock Pressure**: The upcoming token unlock event could lead to increased selling pressure, potentially driving down the price of AVAX.
2. **Market Volatility**: The inherent volatility of the crypto market, as seen in the slides of major tokens, poses a risk to AVAX's price stability.
3. **Regulatory Uncertainty**: The lack of clear regulatory guidance in the crypto space remains a potential concern, which could impact market stability.

**[Prediction & Analysis]:
The price of AVAX has shown stability, underpinned by strong institutional confidence and the foundation's strategic initiatives. However, the upcoming token unlock event and market volatility pose short-term risks. Despite these concerns, the network's stability and the foundation's proactive approach suggest a positive outlook. Therefore, it is reasonable to expect an upward price movement of more than 5% in the upcoming week as the market absorbs the unlocked tokens and focuses on the long-term growth potential. The recent consolidation phase also indicates a potential breakout, driven by the positive developments in the Avalanche ecosystem.**"
"[Cryptocurrency Introduction]: Avalanche (AVAX) is a cryptocurrency launched in 2020. Avalanche has a current supply of 456,531,720.31292176 with 421,529,020.31292176 in circulation. The last known price of Avalanche is 20.41352018 USD and is up 0.25 over the last 24 hours. It is currently trading on 919 active market(s) with $254,652,459.75 traded over the last 24 hours. More information can be found at https://avax.network/.. It has a market capilization of 8672030720.

From 2024-03-01 to 2024-03-08, AVAX-USD's stock price decreased from 42.86 to 42.74. News during this period are listed below:

[Headline]: Avalanche Is Back Up After Failing to Produce Block for Four Hours
[Summary]: Avalanche suffered a major outage Friday, failing to produce blocks for more than four hours.

Developers released a software patch disabling logic that permitted an ""excessive amount of gossip"" to ta...

[Headline]: Avalanche's AVAX Underperforms Ahead of $365M Token Unlock
[Summary]: Avalanche's native token AVAX underperformed the crypto market over the past week ahead of its token unlocking event, CoinDesk data shows.

Some $365 million worth of locked-up tokens will be released...

[Headline]: Citibank Tests Tokenization of Private Equity Funds on Avalanche
[Summary]: Citibank used layer-1 blockchain Avalanche’s {{AVAX}} Spruce Subnet to explore the tokenization of private equity funds to re-architect capital markets.

Citi worked with traditional finance giants Wi...

[Headline]: Avalanche Foundation Puts Rules on Plans to Buy Meme Coins
[Summary]: Not all meme coins are created equal. If they're to get bought up by the Avalanche Foundation, their creators will have to follow some rules.

The organization that supports the Avalanche blockchain r...

[Headline]: Solana, Avalanche Tokens Slide as Bitcoin Traders Target Eye Support at $38K
[Summary]: Major tokens continued to slide on Tuesday as institutional sales tied to recently launched exchange-traded funds (ETF) weighed down bitcoin [BTC] prices, leading to a more than 20% decline for some t...

From 2024-03-08 to 2024-03-15, AVAX-USD's stock price increased from 42.74 to 58.49. News during this period are listed below:

[Headline]: Avalanche Foundation Snaps Up KIMBO, COQ, and Three Other Tokens as First Meme Coin Investment
[Summary]: Meme tokens are quickly moving from joke coins to a sector that represents the digital culture of any blockchain – with major foundations now directly investing in the growth of such tokens.

Avalanch...

[Headline]: Avalanche Is Back Up After Failing to Produce Block for Four Hours
[Summary]: Avalanche suffered a major outage Friday, failing to produce blocks for more than four hours.

Developers released a software patch disabling logic that permitted an ""excessive amount of gossip"" to ta...

[Headline]: Avalanche's AVAX Underperforms Ahead of $365M Token Unlock
[Summary]: Avalanche's native token AVAX underperformed the crypto market over the past week ahead of its token unlocking event, CoinDesk data shows.

Some $365 million worth of locked-up tokens will be released...

[Headline]: Citibank Tests Tokenization of Private Equity Funds on Avalanche
[Summary]: Citibank used layer-1 blockchain Avalanche’s {{AVAX}} Spruce Subnet to explore the tokenization of private equity funds to re-architect capital markets.

Citi worked with traditional finance giants Wi...

[Headline]: Avalanche Foundation Puts Rules on Plans to Buy Meme Coins
[Summary]: Not all meme coins are created equal. If they're to get bought up by the Avalanche Foundation, their creators will have to follow some rules.

The organization that supports the Avalanche blockchain r...



Based on all the information before 2024-03-15, let's first analyze the positive developments and potential concerns for AVAX-USD. Come up with 2-4 most important factors respectively and keep them concise. Most factors should be inferred from cryptocurrencies related news. Then let's assume your prediction for next week (2024-03-15 to 2024-03-22) is down by more than 5%. Provide a summary analysis to support your prediction. The prediction result need to be inferred from your analysis at the end, and thus not appearing as a foundational factor of your analysis.","**[Positive Developments]:
1. **Foundation's Meme Coin Investment**: The Avalanche Foundation's investment in meme coins signals a strategic move to embrace market trends and attract retail investors.
2. **Institutional Support**: Citibank's continued engagement with Avalanche indicates strong institutional support, which can enhance market confidence and liquidity.
3. **Network Resilience**: The network's quick recovery from the recent outage demonstrates its robustness and the development team's responsiveness.

**[Potential Concerns]:
1. **Token Unlock Risk**: The recent token unlock event could still pose a risk of increased selling pressure, affecting the price of AVAX.
2. **Market Competition**: The competitive landscape of the crypto market, with other networks gaining traction, poses a risk to Avalanche's market share.
3. **Volatility and Speculation**: The focus on meme coins could lead to increased speculation and volatility, which might not be sustainable in the long term.
4. **Regulatory Uncertainty**: The lack of clear regulatory guidance in the crypto space remains a potential concern, which could impact market stability.

**[Prediction & Analysis]:
The price of AVAX has shown significant growth, driven by the foundation's strategic initiatives and strong institutional support. However, the recent token unlock event and the competitive market landscape pose short-term risks. The focus on meme coins also introduces volatility and speculation concerns. Given these factors, the price of AVAX is likely to experience a correction as traders take profits amid uncertainty. Therefore, it is reasonable to expect a downward price movement of more than 5% in the upcoming week as the market adjusts to these developments and awaits further catalysts for growth.**"
"[Cryptocurrency Introduction]: Avalanche (AVAX) is a cryptocurrency launched in 2020. Avalanche has a current supply of 456,531,720.31292176 with 421,529,020.31292176 in circulation. The last known price of Avalanche is 20.41352018 USD and is up 0.25 over the last 24 hours. It is currently trading on 919 active market(s) with $254,652,459.75 traded over the last 24 hours. More information can be found at https://avax.network/.. It has a market capilization of 8672030720.

From 2024-03-01 to 2024-03-08, AVAX-USD's stock price decreased from 42.86 to 42.74. News during this period are listed below:

[Headline]: Avalanche Is Back Up After Failing to Produce Block for Four Hours
[Summary]: Avalanche suffered a major outage Friday, failing to produce blocks for more than four hours.

Developers released a software patch disabling logic that permitted an ""excessive amount of gossip"" to ta...

[Headline]: Avalanche's AVAX Underperforms Ahead of $365M Token Unlock
[Summary]: Avalanche's native token AVAX underperformed the crypto market over the past week ahead of its token unlocking event, CoinDesk data shows.

Some $365 million worth of locked-up tokens will be released...

[Headline]: Citibank Tests Tokenization of Private Equity Funds on Avalanche
[Summary]: Citibank used layer-1 blockchain Avalanche’s {{AVAX}} Spruce Subnet to explore the tokenization of private equity funds to re-architect capital markets.

Citi worked with traditional finance giants Wi...

[Headline]: Avalanche Foundation Puts Rules on Plans to Buy Meme Coins
[Summary]: Not all meme coins are created equal. If they're to get bought up by the Avalanche Foundation, their creators will have to follow some rules.

The organization that supports the Avalanche blockchain r...

[Headline]: Solana, Avalanche Tokens Slide as Bitcoin Traders Target Eye Support at $38K
[Summary]: Major tokens continued to slide on Tuesday as institutional sales tied to recently launched exchange-traded funds (ETF) weighed down bitcoin [BTC] prices, leading to a more than 20% decline for some t...

From 2024-03-08 to 2024-03-15, AVAX-USD's stock price increased from 42.74 to 58.49. News during this period are listed below:

[Headline]: Avalanche Foundation Snaps Up KIMBO, COQ, and Three Other Tokens as First Meme Coin Investment
[Summary]: Meme tokens are quickly moving from joke coins to a sector that represents the digital culture of any blockchain – with major foundations now directly investing in the growth of such tokens.

Avalanch...

[Headline]: Avalanche Is Back Up After Failing to Produce Block for Four Hours
[Summary]: Avalanche suffered a major outage Friday, failing to produce blocks for more than four hours.

Developers released a software patch disabling logic that permitted an ""excessive amount of gossip"" to ta...

[Headline]: Avalanche's AVAX Underperforms Ahead of $365M Token Unlock
[Summary]: Avalanche's native token AVAX underperformed the crypto market over the past week ahead of its token unlocking event, CoinDesk data shows.

Some $365 million worth of locked-up tokens will be released...

[Headline]: Citibank Tests Tokenization of Private Equity Funds on Avalanche
[Summary]: Citibank used layer-1 blockchain Avalanche’s {{AVAX}} Spruce Subnet to explore the tokenization of private equity funds to re-architect capital markets.

Citi worked with traditional finance giants Wi...

[Headline]: Avalanche Foundation Puts Rules on Plans to Buy Meme Coins
[Summary]: Not all meme coins are created equal. If they're to get bought up by the Avalanche Foundation, their creators will have to follow some rules.

The organization that supports the Avalanche blockchain r...

From 2024-03-15 to 2024-03-22, AVAX-USD's stock price decreased from 58.49 to 53.27. News during this period are listed below:

[Headline]: Avalanche Foundation Snaps Up KIMBO, COQ, and Three Other Tokens as First Meme Coin Investment
[Summary]: Meme tokens are quickly moving from joke coins to a sector that represents the digital culture of any blockchain – with major foundations now directly investing in the growth of such tokens.

Avalanch...



Based on all the information before 2024-03-22, let's first analyze the positive developments and potential concerns for AVAX-USD. Come up with 2-4 most important factors respectively and keep them concise. Most factors should be inferred from cryptocurrencies related news. Then let's assume your prediction for next week (2024-03-22 to 2024-03-29) is up by 0-1%. Provide a summary analysis to support your prediction. The prediction result need to be inferred from your analysis at the end, and thus not appearing as a foundational factor of your analysis.","### ANALYSIS REQUEST 1

**[Positive Developments]:**
1. **Citibank's Tokenization Initiative**: Citibank's exploration of tokenizing private equity funds on Avalanche's Spruce Subnet indicates growing institutional interest and potential for real-world asset integration.
2. **Meme Coin Investments**: The Avalanche Foundation's investment in meme coins shows a proactive approach to engaging with the digital culture of the blockchain, potentially attracting more retail investors.

**[Potential Concerns]:**
1. **Token Unlock Event**: The upcoming $365 million token unlock event could lead to increased selling pressure, as a significant amount of AVAX will be released into the market.
2. **Technical Issues**: The recent outage where Avalanche failed to produce blocks for over four hours raises concerns about the network's reliability and stability.
3. **Market Volatility**: The broader market volatility, as seen with the decline in major tokens like Solana and Bitcoin, could negatively impact AVAX.

**[Prediction & Analysis]:**
The recent price increase from 42.74 to 58.49 suggests strong bullish momentum, driven by positive developments such as Citibank's tokenization initiative and the Avalanche Foundation's meme coin investments. However, the upcoming token unlock event and recent technical issues present significant risks. Given the mixed signals, the price is likely to stabilize with a slight upward trend. The market may digest the positive news while remaining cautious about the potential sell-off from the token unlock. Therefore, a prediction of a 0-1% increase for the next week is reasonable, as the market balances these opposing forces.

---"
"[Cryptocurrency Introduction]: Avalanche (AVAX) is a cryptocurrency launched in 2020. Avalanche has a current supply of 456,531,720.31292176 with 421,529,020.31292176 in circulation. The last known price of Avalanche is 20.41352018 USD and is up 0.25 over the last 24 hours. It is currently trading on 919 active market(s) with $254,652,459.75 traded over the last 24 hours. More information can be found at https://avax.network/.. It has a market capilization of 8672030720.

From 2024-03-08 to 2024-03-15, AVAX-USD's stock price increased from 42.74 to 58.49. News during this period are listed below:

[Headline]: Avalanche Foundation Snaps Up KIMBO, COQ, and Three Other Tokens as First Meme Coin Investment
[Summary]: Meme tokens are quickly moving from joke coins to a sector that represents the digital culture of any blockchain – with major foundations now directly investing in the growth of such tokens.

Avalanch...

[Headline]: Avalanche Is Back Up After Failing to Produce Block for Four Hours
[Summary]: Avalanche suffered a major outage Friday, failing to produce blocks for more than four hours.

Developers released a software patch disabling logic that permitted an ""excessive amount of gossip"" to ta...

[Headline]: Avalanche's AVAX Underperforms Ahead of $365M Token Unlock
[Summary]: Avalanche's native token AVAX underperformed the crypto market over the past week ahead of its token unlocking event, CoinDesk data shows.

Some $365 million worth of locked-up tokens will be released...

[Headline]: Citibank Tests Tokenization of Private Equity Funds on Avalanche
[Summary]: Citibank used layer-1 blockchain Avalanche’s {{AVAX}} Spruce Subnet to explore the tokenization of private equity funds to re-architect capital markets.

Citi worked with traditional finance giants Wi...

[Headline]: Avalanche Foundation Puts Rules on Plans to Buy Meme Coins
[Summary]: Not all meme coins are created equal. If they're to get bought up by the Avalanche Foundation, their creators will have to follow some rules.

The organization that supports the Avalanche blockchain r...

From 2024-03-15 to 2024-03-22, AVAX-USD's stock price decreased from 58.49 to 53.27. News during this period are listed below:

[Headline]: Avalanche Foundation Snaps Up KIMBO, COQ, and Three Other Tokens as First Meme Coin Investment
[Summary]: Meme tokens are quickly moving from joke coins to a sector that represents the digital culture of any blockchain – with major foundations now directly investing in the growth of such tokens.

Avalanch...

From 2024-03-22 to 2024-03-29, AVAX-USD's stock price increased from 53.27 to 53.41. News during this period are listed below:

[Headline]: Diamonds Arrive on a Blockchain With New Tokenized Fund on Avalanche Network
[Summary]: The security token backed by the Diamond Standard Fund is listed on the regulated Oasis Pro Markets, eligible for IRAs and available for institutional investors such as pension funds and endowments.

...



Based on all the information before 2024-03-29, let's first analyze the positive developments and potential concerns for AVAX-USD. Come up with 2-4 most important factors respectively and keep them concise. Most factors should be inferred from cryptocurrencies related news. Then let's assume your prediction for next week (2024-03-29 to 2024-04-05) is down by more than 5%. Provide a summary analysis to support your prediction. The prediction result need to be inferred from your analysis at the end, and thus not appearing as a foundational factor of your analysis.","### ANALYSIS REQUEST 2

**[Positive Developments]:**
1. **Institutional Interest**: The tokenization of a diamond-backed fund on the Avalanche network indicates growing institutional interest and the potential for more real-world asset integrations.
2. **Meme Coin Investments**: The Avalanche Foundation's investment in meme coins shows a proactive approach to engaging with the digital culture of the blockchain, potentially attracting more retail investors.

**[Potential Concerns]:**
1. **Token Unlock Event**: The upcoming $365 million token unlock event could lead to increased selling pressure, as a significant amount of AVAX will be released into the market.
2. **Technical Issues**: The recent outage where Avalanche failed to produce blocks for over four hours raises concerns about the network's reliability and stability.

**[Prediction & Analysis]:**
The price increase from 53.27 to 53.41 indicates a period of stability, but the upcoming token unlock event presents a significant risk. The positive developments, such as the diamond-backed fund and meme coin investments, may not be enough to offset the potential sell-off from the token unlock. Additionally, the recent technical issues add to the concerns. Given these factors, a prediction of a more than 5% decrease for the next week is justified, as the market anticipates the potential influx of AVAX tokens and weighs the network's reliability.

---"
"[Cryptocurrency Introduction]: Avalanche (AVAX) is a cryptocurrency launched in 2020. Avalanche has a current supply of 456,531,720.31292176 with 421,529,020.31292176 in circulation. The last known price of Avalanche is 20.41352018 USD and is up 0.25 over the last 24 hours. It is currently trading on 919 active market(s) with $254,652,459.75 traded over the last 24 hours. More information can be found at https://avax.network/.. It has a market capilization of 8672030720.

From 2024-03-22 to 2024-03-29, AVAX-USD's stock price increased from 53.27 to 53.41. News during this period are listed below:

[Headline]: Diamonds Arrive on a Blockchain With New Tokenized Fund on Avalanche Network
[Summary]: The security token backed by the Diamond Standard Fund is listed on the regulated Oasis Pro Markets, eligible for IRAs and available for institutional investors such as pension funds and endowments.

...

From 2024-03-29 to 2024-04-05, AVAX-USD's stock price decreased from 53.41 to 45.38. News during this period are listed below:

[Headline]: Diamonds Arrive on a Blockchain With New Tokenized Fund on Avalanche Network
[Summary]: The security token backed by the Diamond Standard Fund is listed on the regulated Oasis Pro Markets, eligible for IRAs and available for institutional investors such as pension funds and endowments.

...

[Headline]: Avalanche Foundation Snaps Up KIMBO, COQ, and Three Other Tokens as First Meme Coin Investment
[Summary]: Meme tokens are quickly moving from joke coins to a sector that represents the digital culture of any blockchain – with major foundations now directly investing in the growth of such tokens.

Avalanch...

[Headline]: Avalanche Is Back Up After Failing to Produce Block for Four Hours
[Summary]: Avalanche suffered a major outage Friday, failing to produce blocks for more than four hours.

Developers released a software patch disabling logic that permitted an ""excessive amount of gossip"" to ta...

[Headline]: Avalanche's AVAX Underperforms Ahead of $365M Token Unlock
[Summary]: Avalanche's native token AVAX underperformed the crypto market over the past week ahead of its token unlocking event, CoinDesk data shows.

Some $365 million worth of locked-up tokens will be released...

[Headline]: Citibank Tests Tokenization of Private Equity Funds on Avalanche
[Summary]: Citibank used layer-1 blockchain Avalanche’s {{AVAX}} Spruce Subnet to explore the tokenization of private equity funds to re-architect capital markets.

Citi worked with traditional finance giants Wi...



Based on all the information before 2024-04-05, let's first analyze the positive developments and potential concerns for AVAX-USD. Come up with 2-4 most important factors respectively and keep them concise. Most factors should be inferred from cryptocurrencies related news. Then let's assume your prediction for next week (2024-04-05 to 2024-04-12) is down by more than 5%. Provide a summary analysis to support your prediction. The prediction result need to be inferred from your analysis at the end, and thus not appearing as a foundational factor of your analysis.","### ANALYSIS REQUEST 3

**[Positive Developments]:**
1. **Institutional Interest**: The tokenization of a diamond-backed fund on the Avalanche network indicates growing institutional interest and the potential for more real-world asset integrations.
2. **Meme Coin Investments**: The Avalanche Foundation's investment in meme coins shows a proactive approach to engaging with the digital culture of the blockchain, potentially attracting more retail investors.

**[Potential Concerns]:**
1. **Token Unlock Event**: The upcoming $365 million token unlock event could lead to increased selling pressure, as a significant amount of AVAX will be released into the market.
2. **Technical Issues**: The recent outage where Avalanche failed to produce blocks for over four hours raises concerns about the network's reliability and stability.

**[Prediction & Analysis]:**
The price decrease from 53.41 to 45.38 suggests that the market is already factoring in the risks associated with the token unlock event and technical issues. While the positive developments, such as the diamond-backed fund and meme coin investments, provide some support, the concerns are likely to dominate. Given the ongoing sell-off and technical issues, a prediction of a more than 5% decrease for the next week is reasonable, as the market continues to digest the potential influx of AVAX tokens and weighs the network's reliability.

---"
"[Cryptocurrency Introduction]: Avalanche (AVAX) is a cryptocurrency launched in 2020. Avalanche has a current supply of 456,531,720.31292176 with 421,529,020.31292176 in circulation. The last known price of Avalanche is 20.41352018 USD and is up 0.25 over the last 24 hours. It is currently trading on 919 active market(s) with $254,652,459.75 traded over the last 24 hours. More information can be found at https://avax.network/.. It has a market capilization of 8672030720.

From 2024-04-05 to 2024-04-12, AVAX-USD's stock price decreased from 45.38 to 39.42. News during this period are listed below:

[Headline]: Diamonds Arrive on a Blockchain With New Tokenized Fund on Avalanche Network
[Summary]: The security token backed by the Diamond Standard Fund is listed on the regulated Oasis Pro Markets, eligible for IRAs and available for institutional investors such as pension funds and endowments.

...

[Headline]: Avalanche Foundation Snaps Up KIMBO, COQ, and Three Other Tokens as First Meme Coin Investment
[Summary]: Meme tokens are quickly moving from joke coins to a sector that represents the digital culture of any blockchain – with major foundations now directly investing in the growth of such tokens.

Avalanch...

[Headline]: Avalanche Is Back Up After Failing to Produce Block for Four Hours
[Summary]: Avalanche suffered a major outage Friday, failing to produce blocks for more than four hours.

Developers released a software patch disabling logic that permitted an ""excessive amount of gossip"" to ta...

[Headline]: Avalanche's AVAX Underperforms Ahead of $365M Token Unlock
[Summary]: Avalanche's native token AVAX underperformed the crypto market over the past week ahead of its token unlocking event, CoinDesk data shows.

Some $365 million worth of locked-up tokens will be released...

[Headline]: Citibank Tests Tokenization of Private Equity Funds on Avalanche
[Summary]: Citibank used layer-1 blockchain Avalanche’s {{AVAX}} Spruce Subnet to explore the tokenization of private equity funds to re-architect capital markets.

Citi worked with traditional finance giants Wi...



Based on all the information before 2024-04-12, let's first analyze the positive developments and potential concerns for AVAX-USD. Come up with 2-4 most important factors respectively and keep them concise. Most factors should be inferred from cryptocurrencies related news. Then let's assume your prediction for next week (2024-04-12 to 2024-04-19) is down by more than 5%. Provide a summary analysis to support your prediction. The prediction result need to be inferred from your analysis at the end, and thus not appearing as a foundational factor of your analysis.","### ANALYSIS REQUEST 4

**[Positive Developments]:**
1. **Institutional Interest**: The tokenization of a diamond-backed fund on the Avalanche network indicates growing institutional interest and the potential for more real-world asset integrations.
2. **Meme Coin Investments**: The Avalanche Foundation's investment in meme coins shows a proactive approach to engaging with the digital culture of the blockchain, potentially attracting more retail investors.

**[Potential Concerns]:**
1. **Token Unlock Event**: The upcoming $365 million token unlock event could lead to increased selling pressure, as a significant amount of AVAX will be released into the market.
2. **Technical Issues**: The recent outage where Avalanche failed to produce blocks for over four hours raises concerns about the network's reliability and stability.

**[Prediction & Analysis]:**
The continued price decrease from 45.38 to 39.42 indicates that the market is still grappling with the risks associated with the token unlock event and technical issues. The positive developments, such as the diamond-backed fund and meme coin investments, are not enough to offset these concerns. Given the ongoing sell-off and technical issues, a prediction of a more than 5% decrease for the next week is justified, as the market continues to digest the potential influx of AVAX tokens and weighs the network's reliability.

---"
"[Cryptocurrency Introduction]: Avalanche (AVAX) is a cryptocurrency launched in 2020. Avalanche has a current supply of 456,531,720.31292176 with 421,529,020.31292176 in circulation. The last known price of Avalanche is 20.41352018 USD and is up 0.25 over the last 24 hours. It is currently trading on 919 active market(s) with $254,652,459.75 traded over the last 24 hours. More information can be found at https://avax.network/.. It has a market capilization of 8672030720.

From 2024-03-22 to 2024-03-29, AVAX-USD's stock price increased from 53.27 to 53.41. News during this period are listed below:

[Headline]: Diamonds Arrive on a Blockchain With New Tokenized Fund on Avalanche Network
[Summary]: The security token backed by the Diamond Standard Fund is listed on the regulated Oasis Pro Markets, eligible for IRAs and available for institutional investors such as pension funds and endowments.

...

From 2024-03-29 to 2024-04-05, AVAX-USD's stock price decreased from 53.41 to 45.38. News during this period are listed below:

[Headline]: Diamonds Arrive on a Blockchain With New Tokenized Fund on Avalanche Network
[Summary]: The security token backed by the Diamond Standard Fund is listed on the regulated Oasis Pro Markets, eligible for IRAs and available for institutional investors such as pension funds and endowments.

...

[Headline]: Avalanche Foundation Snaps Up KIMBO, COQ, and Three Other Tokens as First Meme Coin Investment
[Summary]: Meme tokens are quickly moving from joke coins to a sector that represents the digital culture of any blockchain – with major foundations now directly investing in the growth of such tokens.

Avalanch...

[Headline]: Avalanche Is Back Up After Failing to Produce Block for Four Hours
[Summary]: Avalanche suffered a major outage Friday, failing to produce blocks for more than four hours.

Developers released a software patch disabling logic that permitted an ""excessive amount of gossip"" to ta...

[Headline]: Avalanche's AVAX Underperforms Ahead of $365M Token Unlock
[Summary]: Avalanche's native token AVAX underperformed the crypto market over the past week ahead of its token unlocking event, CoinDesk data shows.

Some $365 million worth of locked-up tokens will be released...

[Headline]: Citibank Tests Tokenization of Private Equity Funds on Avalanche
[Summary]: Citibank used layer-1 blockchain Avalanche’s {{AVAX}} Spruce Subnet to explore the tokenization of private equity funds to re-architect capital markets.

Citi worked with traditional finance giants Wi...

From 2024-04-05 to 2024-04-12, AVAX-USD's stock price decreased from 45.38 to 39.42. News during this period are listed below:

[Headline]: Diamonds Arrive on a Blockchain With New Tokenized Fund on Avalanche Network
[Summary]: The security token backed by the Diamond Standard Fund is listed on the regulated Oasis Pro Markets, eligible for IRAs and available for institutional investors such as pension funds and endowments.

...

[Headline]: Avalanche Foundation Snaps Up KIMBO, COQ, and Three Other Tokens as First Meme Coin Investment
[Summary]: Meme tokens are quickly moving from joke coins to a sector that represents the digital culture of any blockchain – with major foundations now directly investing in the growth of such tokens.

Avalanch...

[Headline]: Avalanche Is Back Up After Failing to Produce Block for Four Hours
[Summary]: Avalanche suffered a major outage Friday, failing to produce blocks for more than four hours.

Developers released a software patch disabling logic that permitted an ""excessive amount of gossip"" to ta...

[Headline]: Avalanche's AVAX Underperforms Ahead of $365M Token Unlock
[Summary]: Avalanche's native token AVAX underperformed the crypto market over the past week ahead of its token unlocking event, CoinDesk data shows.

Some $365 million worth of locked-up tokens will be released...

[Headline]: Citibank Tests Tokenization of Private Equity Funds on Avalanche
[Summary]: Citibank used layer-1 blockchain Avalanche’s {{AVAX}} Spruce Subnet to explore the tokenization of private equity funds to re-architect capital markets.

Citi worked with traditional finance giants Wi...

From 2024-04-12 to 2024-04-19, AVAX-USD's stock price decreased from 39.42 to 34.72. News during this period are listed below:

[Headline]: Homium Raises $10M and Tokenizes Home Equity Loans on Avalanche
[Summary]: Homium, a real-estate equity mortgage lender and securitization platform, has gone live with its first home equity loans on Avalanche.

The offering comes as real-world asset (RWA) tokenization contin...



Based on all the information before 2024-04-19, let's first analyze the positive developments and potential concerns for AVAX-USD. Come up with 2-4 most important factors respectively and keep them concise. Most factors should be inferred from cryptocurrencies related news. Then let's assume your prediction for next week (2024-04-19 to 2024-04-26) is down by 0-1%. Provide a summary analysis to support your prediction. The prediction result need to be inferred from your analysis at the end, and thus not appearing as a foundational factor of your analysis.","### ANALYSIS REQUEST 5

**[Positive Developments]:**
1. **Institutional Interest**: The tokenization of home equity loans on the Avalanche network by Homium indicates growing institutional interest and the potential for more real-world asset integrations.
2. **Meme Coin Investments**: The Avalanche Foundation's investment in meme coins shows a proactive approach to engaging with the digital culture of the blockchain, potentially attracting more retail investors.

**[Potential Concerns]:**
1. **Token Unlock Event**: The upcoming $365 million token unlock event could lead to increased selling pressure, as a significant amount of AVAX will be released into the market.
2. **Technical Issues**: The recent outage where Avalanche failed to produce blocks for over four hours raises concerns about the network's reliability and stability.

**[Prediction & Analysis]:**
The price decrease from 39.42 to 34.72 suggests that the market is still factoring in the risks associated with the token unlock event and technical issues. However, the positive developments, such as the tokenization of home equity loans and meme coin investments, provide some support. Given the mixed signals, a prediction of a 0-1% decrease for the next week is reasonable, as the market balances these opposing forces. The positive news may provide some stability, but the concerns are likely to keep the price movement relatively flat."
"[Cryptocurrency Introduction]: Avalanche (AVAX) is a cryptocurrency launched in 2020. Avalanche has a current supply of 456,531,720.31292176 with 421,529,020.31292176 in circulation. The last known price of Avalanche is 20.41352018 USD and is up 0.25 over the last 24 hours. It is currently trading on 919 active market(s) with $254,652,459.75 traded over the last 24 hours. More information can be found at https://avax.network/.. It has a market capilization of 8672030720.

From 2024-04-19 to 2024-04-26, AVAX-USD's stock price decreased from 34.72 to 34.41. News during this period are listed below:

[Headline]: Homium Raises $10M and Tokenizes Home Equity Loans on Avalanche
[Summary]: Homium, a real-estate equity mortgage lender and securitization platform, has gone live with its first home equity loans on Avalanche.

The offering comes as real-world asset (RWA) tokenization contin...

[Headline]: Diamonds Arrive on a Blockchain With New Tokenized Fund on Avalanche Network
[Summary]: The security token backed by the Diamond Standard Fund is listed on the regulated Oasis Pro Markets, eligible for IRAs and available for institutional investors such as pension funds and endowments.

...

[Headline]: Avalanche Foundation Snaps Up KIMBO, COQ, and Three Other Tokens as First Meme Coin Investment
[Summary]: Meme tokens are quickly moving from joke coins to a sector that represents the digital culture of any blockchain – with major foundations now directly investing in the growth of such tokens.

Avalanch...

[Headline]: Avalanche Is Back Up After Failing to Produce Block for Four Hours
[Summary]: Avalanche suffered a major outage Friday, failing to produce blocks for more than four hours.

Developers released a software patch disabling logic that permitted an ""excessive amount of gossip"" to ta...

[Headline]: Avalanche's AVAX Underperforms Ahead of $365M Token Unlock
[Summary]: Avalanche's native token AVAX underperformed the crypto market over the past week ahead of its token unlocking event, CoinDesk data shows.

Some $365 million worth of locked-up tokens will be released...



Based on all the information before 2024-04-26, let's first analyze the positive developments and potential concerns for AVAX-USD. Come up with 2-4 most important factors respectively and keep them concise. Most factors should be inferred from cryptocurrencies related news. Then let's assume your prediction for next week (2024-04-26 to 2024-05-03) is up by 3-4%. Provide a summary analysis to support your prediction. The prediction result need to be inferred from your analysis at the end, and thus not appearing as a foundational factor of your analysis.","**[Positive Developments]:
1. **Increased Adoption in Real-World Asset Tokenization**: Homium's tokenization of home equity loans and the Diamond Standard Fund's tokenized diamonds on Avalanche indicate growing real-world use cases, driving more institutional interest.
2. **Meme Coin Investment**: Avalanche Foundation's investment in meme coins shows a proactive approach to diversifying its ecosystem and attracting retail investors.
3. **Quick Outage Recovery**: The team's swift response to the major outage, releasing a software patch, demonstrates the project's resilience and the developers' competence.

**[Potential Concerns]:
1. **Token Unlock**: The upcoming $365M token unlock could lead to increased selling pressure, especially if early investors decide to take profits.
2. **Outage Incident**: The recent four-hour outage raises concerns about the network's stability and may deter new investors until the issue is fully addressed.
3. **Underperformance**: AVAX's recent underperformance compared to the broader crypto market could indicate a lack of interest or confidence among traders.

**[Prediction & Analysis]:
The positive developments, such as increased adoption in real-world asset tokenization and the foundation's investment in meme coins, suggest a growing ecosystem and potential long-term value. However, the token unlock and recent outage pose short-term risks. Considering AVAX's recent underperformance, the market may have already priced in these concerns. Assuming no further negative catalysts, AVAX could see a slight rebound of 3-4% in the upcoming week as the network's fundamentals remain strong.**"
"[Cryptocurrency Introduction]: Avalanche (AVAX) is a cryptocurrency launched in 2020. Avalanche has a current supply of 456,531,720.31292176 with 421,529,020.31292176 in circulation. The last known price of Avalanche is 20.41352018 USD and is up 0.25 over the last 24 hours. It is currently trading on 919 active market(s) with $254,652,459.75 traded over the last 24 hours. More information can be found at https://avax.network/.. It has a market capilization of 8672030720.

From 2024-04-12 to 2024-04-19, AVAX-USD's stock price decreased from 39.42 to 34.72. News during this period are listed below:

[Headline]: Homium Raises $10M and Tokenizes Home Equity Loans on Avalanche
[Summary]: Homium, a real-estate equity mortgage lender and securitization platform, has gone live with its first home equity loans on Avalanche.

The offering comes as real-world asset (RWA) tokenization contin...

From 2024-04-19 to 2024-04-26, AVAX-USD's stock price decreased from 34.72 to 34.41. News during this period are listed below:

[Headline]: Homium Raises $10M and Tokenizes Home Equity Loans on Avalanche
[Summary]: Homium, a real-estate equity mortgage lender and securitization platform, has gone live with its first home equity loans on Avalanche.

The offering comes as real-world asset (RWA) tokenization contin...

[Headline]: Diamonds Arrive on a Blockchain With New Tokenized Fund on Avalanche Network
[Summary]: The security token backed by the Diamond Standard Fund is listed on the regulated Oasis Pro Markets, eligible for IRAs and available for institutional investors such as pension funds and endowments.

...

[Headline]: Avalanche Foundation Snaps Up KIMBO, COQ, and Three Other Tokens as First Meme Coin Investment
[Summary]: Meme tokens are quickly moving from joke coins to a sector that represents the digital culture of any blockchain – with major foundations now directly investing in the growth of such tokens.

Avalanch...

[Headline]: Avalanche Is Back Up After Failing to Produce Block for Four Hours
[Summary]: Avalanche suffered a major outage Friday, failing to produce blocks for more than four hours.

Developers released a software patch disabling logic that permitted an ""excessive amount of gossip"" to ta...

[Headline]: Avalanche's AVAX Underperforms Ahead of $365M Token Unlock
[Summary]: Avalanche's native token AVAX underperformed the crypto market over the past week ahead of its token unlocking event, CoinDesk data shows.

Some $365 million worth of locked-up tokens will be released...

From 2024-04-26 to 2024-05-03, AVAX-USD's stock price increased from 34.41 to 35.58. News during this period are listed below:

[Headline]: Homium Raises $10M and Tokenizes Home Equity Loans on Avalanche
[Summary]: Homium, a real-estate equity mortgage lender and securitization platform, has gone live with its first home equity loans on Avalanche.

The offering comes as real-world asset (RWA) tokenization contin...

[Headline]: Diamonds Arrive on a Blockchain With New Tokenized Fund on Avalanche Network
[Summary]: The security token backed by the Diamond Standard Fund is listed on the regulated Oasis Pro Markets, eligible for IRAs and available for institutional investors such as pension funds and endowments.

...

[Headline]: Avalanche Foundation Snaps Up KIMBO, COQ, and Three Other Tokens as First Meme Coin Investment
[Summary]: Meme tokens are quickly moving from joke coins to a sector that represents the digital culture of any blockchain – with major foundations now directly investing in the growth of such tokens.

Avalanch...

[Headline]: Avalanche Is Back Up After Failing to Produce Block for Four Hours
[Summary]: Avalanche suffered a major outage Friday, failing to produce blocks for more than four hours.

Developers released a software patch disabling logic that permitted an ""excessive amount of gossip"" to ta...

[Headline]: Avalanche's AVAX Underperforms Ahead of $365M Token Unlock
[Summary]: Avalanche's native token AVAX underperformed the crypto market over the past week ahead of its token unlocking event, CoinDesk data shows.

Some $365 million worth of locked-up tokens will be released...



Based on all the information before 2024-05-03, let's first analyze the positive developments and potential concerns for AVAX-USD. Come up with 2-4 most important factors respectively and keep them concise. Most factors should be inferred from cryptocurrencies related news. Then let's assume your prediction for next week (2024-05-03 to 2024-05-10) is down by more than 5%. Provide a summary analysis to support your prediction. The prediction result need to be inferred from your analysis at the end, and thus not appearing as a foundational factor of your analysis.","**[Positive Developments]:
1. **Real-World Asset Tokenization**: Homium's home equity loan tokenization and the Diamond Standard Fund's arrival continue to drive institutional interest and real-world use cases.
2. **Meme Coin Investment**: The Avalanche Foundation's investment in meme coins indicates a proactive approach to ecosystem growth and retail investor attraction.

**[Potential Concerns]:
1. **Token Unlock**: The $365M token unlock could result in significant selling pressure, potentially driving down the price of AVAX.
2. **Continued Underperformance**: AVAX's continued underperformance may signal a lack of market confidence or interest in the short term.
3. **Network Stability**: Despite the quick recovery, the recent outage may have shaken investor confidence in the network's stability.

**[Prediction & Analysis]:
While positive developments showcase Avalanche's growing ecosystem, the token unlock and continued underperformance present significant headwinds. The market may still be digesting the recent outage, which could impact investor sentiment. With these factors in mind, AVAX could face a challenging week ahead, with a potential decrease of more than 5%. Traders should monitor the market closely for any signs of stabilization or further sell-offs.**"
"[Cryptocurrency Introduction]: Avalanche (AVAX) is a cryptocurrency launched in 2020. Avalanche has a current supply of 456,531,720.31292176 with 421,529,020.31292176 in circulation. The last known price of Avalanche is 20.41352018 USD and is up 0.25 over the last 24 hours. It is currently trading on 919 active market(s) with $254,652,459.75 traded over the last 24 hours. More information can be found at https://avax.network/.. It has a market capilization of 8672030720.

From 2024-04-12 to 2024-04-19, AVAX-USD's stock price decreased from 39.42 to 34.72. News during this period are listed below:

[Headline]: Homium Raises $10M and Tokenizes Home Equity Loans on Avalanche
[Summary]: Homium, a real-estate equity mortgage lender and securitization platform, has gone live with its first home equity loans on Avalanche.

The offering comes as real-world asset (RWA) tokenization contin...

From 2024-04-19 to 2024-04-26, AVAX-USD's stock price decreased from 34.72 to 34.41. News during this period are listed below:

[Headline]: Homium Raises $10M and Tokenizes Home Equity Loans on Avalanche
[Summary]: Homium, a real-estate equity mortgage lender and securitization platform, has gone live with its first home equity loans on Avalanche.

The offering comes as real-world asset (RWA) tokenization contin...

[Headline]: Diamonds Arrive on a Blockchain With New Tokenized Fund on Avalanche Network
[Summary]: The security token backed by the Diamond Standard Fund is listed on the regulated Oasis Pro Markets, eligible for IRAs and available for institutional investors such as pension funds and endowments.

...

[Headline]: Avalanche Foundation Snaps Up KIMBO, COQ, and Three Other Tokens as First Meme Coin Investment
[Summary]: Meme tokens are quickly moving from joke coins to a sector that represents the digital culture of any blockchain – with major foundations now directly investing in the growth of such tokens.

Avalanch...

[Headline]: Avalanche Is Back Up After Failing to Produce Block for Four Hours
[Summary]: Avalanche suffered a major outage Friday, failing to produce blocks for more than four hours.

Developers released a software patch disabling logic that permitted an ""excessive amount of gossip"" to ta...

[Headline]: Avalanche's AVAX Underperforms Ahead of $365M Token Unlock
[Summary]: Avalanche's native token AVAX underperformed the crypto market over the past week ahead of its token unlocking event, CoinDesk data shows.

Some $365 million worth of locked-up tokens will be released...

From 2024-04-26 to 2024-05-03, AVAX-USD's stock price increased from 34.41 to 35.58. News during this period are listed below:

[Headline]: Homium Raises $10M and Tokenizes Home Equity Loans on Avalanche
[Summary]: Homium, a real-estate equity mortgage lender and securitization platform, has gone live with its first home equity loans on Avalanche.

The offering comes as real-world asset (RWA) tokenization contin...

[Headline]: Diamonds Arrive on a Blockchain With New Tokenized Fund on Avalanche Network
[Summary]: The security token backed by the Diamond Standard Fund is listed on the regulated Oasis Pro Markets, eligible for IRAs and available for institutional investors such as pension funds and endowments.

...

[Headline]: Avalanche Foundation Snaps Up KIMBO, COQ, and Three Other Tokens as First Meme Coin Investment
[Summary]: Meme tokens are quickly moving from joke coins to a sector that represents the digital culture of any blockchain – with major foundations now directly investing in the growth of such tokens.

Avalanch...

[Headline]: Avalanche Is Back Up After Failing to Produce Block for Four Hours
[Summary]: Avalanche suffered a major outage Friday, failing to produce blocks for more than four hours.

Developers released a software patch disabling logic that permitted an ""excessive amount of gossip"" to ta...

[Headline]: Avalanche's AVAX Underperforms Ahead of $365M Token Unlock
[Summary]: Avalanche's native token AVAX underperformed the crypto market over the past week ahead of its token unlocking event, CoinDesk data shows.

Some $365 million worth of locked-up tokens will be released...

From 2024-05-03 to 2024-05-10, AVAX-USD's stock price decreased from 35.58 to 33.71. News during this period are listed below:

[Headline]: Homium Raises $10M and Tokenizes Home Equity Loans on Avalanche
[Summary]: Homium, a real-estate equity mortgage lender and securitization platform, has gone live with its first home equity loans on Avalanche.

The offering comes as real-world asset (RWA) tokenization contin...

[Headline]: Diamonds Arrive on a Blockchain With New Tokenized Fund on Avalanche Network
[Summary]: The security token backed by the Diamond Standard Fund is listed on the regulated Oasis Pro Markets, eligible for IRAs and available for institutional investors such as pension funds and endowments.

...

[Headline]: Avalanche Foundation Snaps Up KIMBO, COQ, and Three Other Tokens as First Meme Coin Investment
[Summary]: Meme tokens are quickly moving from joke coins to a sector that represents the digital culture of any blockchain – with major foundations now directly investing in the growth of such tokens.

Avalanch...

[Headline]: Avalanche Is Back Up After Failing to Produce Block for Four Hours
[Summary]: Avalanche suffered a major outage Friday, failing to produce blocks for more than four hours.

Developers released a software patch disabling logic that permitted an ""excessive amount of gossip"" to ta...

[Headline]: Avalanche's AVAX Underperforms Ahead of $365M Token Unlock
[Summary]: Avalanche's native token AVAX underperformed the crypto market over the past week ahead of its token unlocking event, CoinDesk data shows.

Some $365 million worth of locked-up tokens will be released...



Based on all the information before 2024-05-10, let's first analyze the positive developments and potential concerns for AVAX-USD. Come up with 2-4 most important factors respectively and keep them concise. Most factors should be inferred from cryptocurrencies related news. Then let's assume your prediction for next week (2024-05-10 to 2024-05-17) is up by more than 5%. Provide a summary analysis to support your prediction. The prediction result need to be inferred from your analysis at the end, and thus not appearing as a foundational factor of your analysis.","**[Positive Developments]:
1. **Real-World Asset Tokenization**: The continued growth of real-world asset tokenization on Avalanche, such as Homium's home equity loans and the Diamond Standard Fund, drives institutional interest and adoption.
2. **Network Recovery**: The network's quick recovery from the recent outage demonstrates the team's ability to address and resolve technical issues efficiently.

**[Potential Concerns]:
1. **Token Unlock**: The upcoming $365M token unlock poses a significant risk of increased selling pressure.
2. **Market Underperformance**: AVAX's persistent underperformance may indicate a lack of market confidence or interest in the short term.
3. **Network Stability Concerns**: The recent outage may have raised concerns about the network's stability, potentially deterring new investors.

**[Prediction & Analysis]:
The growing ecosystem and real-world use cases for Avalanche are encouraging signs for long-term growth. However, the token unlock and recent underperformance present short-term challenges. As the market absorbs the unlock and the network's stability improves, AVAX could see a rebound of more than 5% in the upcoming week. Traders should closely monitor the market's reaction to the token unlock and any potential catalysts that could drive price action.**"
"[Cryptocurrency Introduction]: Avalanche (AVAX) is a cryptocurrency launched in 2020. Avalanche has a current supply of 456,531,720.31292176 with 421,529,020.31292176 in circulation. The last known price of Avalanche is 20.41352018 USD and is up 0.25 over the last 24 hours. It is currently trading on 919 active market(s) with $254,652,459.75 traded over the last 24 hours. More information can be found at https://avax.network/.. It has a market capilization of 8672030720.

From 2024-05-10 to 2024-05-17, AVAX-USD's stock price increased from 33.71 to 36.42. News during this period are listed below:

[Headline]: RWA Platform Re Debuts Tokenized Reinsurance Fund on Avalanche with $15M Commitment from Nexus Mutual
[Summary]: The new fund backs low-volatility insurances covering properties, trucking, aviation and workers compensation, excluding catastrophic risks at the start, Re CEO Karn Saroya said in an interview.

Re t...



Based on all the information before 2024-05-17, let's first analyze the positive developments and potential concerns for AVAX-USD. Come up with 2-4 most important factors respectively and keep them concise. Most factors should be inferred from cryptocurrencies related news. Then let's assume your prediction for next week (2024-05-17 to 2024-05-24) is up by 4-5%. Provide a summary analysis to support your prediction. The prediction result need to be inferred from your analysis at the end, and thus not appearing as a foundational factor of your analysis.","**[Positive Developments]:
1. **Growing Real-World Asset Tokenization**: The debut of Re's tokenized reinsurance fund, along with other RWA tokenization projects, strengthens Avalanche's position as a leader in this emerging field.
2. **Network Resilience**: The network's ability to recover from the recent outage showcases its resilience and the team's competence in addressing technical challenges.

**[Potential Concerns]:
1. **Limited News Catalysts**: The lack of significant news catalysts in the past week could result in limited price movement or increased vulnerability to market-wide trends.
2. **Potential Selling Pressure**: As more tokens become unlocked and available for trading, there may be increased selling pressure, particularly if early investors decide to take profits.

**[Prediction & Analysis]:
The growing real-world asset tokenization on Avalanche and the network's resilience are positive indicators for long-term growth. However, the limited news catalysts and potential selling pressure present short-term challenges. Considering these factors, AVAX could see a modest increase of 4-5% in the upcoming week, assuming no further negative catalysts and a stable broader crypto market.**"
"[Cryptocurrency Introduction]: Avalanche (AVAX) is a cryptocurrency launched in 2020. Avalanche has a current supply of 456,531,720.31292176 with 421,529,020.31292176 in circulation. The last known price of Avalanche is 20.41352018 USD and is up 0.25 over the last 24 hours. It is currently trading on 919 active market(s) with $254,652,459.75 traded over the last 24 hours. More information can be found at https://avax.network/.. It has a market capilization of 8672030720.

From 2024-04-26 to 2024-05-03, AVAX-USD's stock price increased from 34.41 to 35.58. News during this period are listed below:

[Headline]: Homium Raises $10M and Tokenizes Home Equity Loans on Avalanche
[Summary]: Homium, a real-estate equity mortgage lender and securitization platform, has gone live with its first home equity loans on Avalanche.

The offering comes as real-world asset (RWA) tokenization contin...

[Headline]: Diamonds Arrive on a Blockchain With New Tokenized Fund on Avalanche Network
[Summary]: The security token backed by the Diamond Standard Fund is listed on the regulated Oasis Pro Markets, eligible for IRAs and available for institutional investors such as pension funds and endowments.

...

[Headline]: Avalanche Foundation Snaps Up KIMBO, COQ, and Three Other Tokens as First Meme Coin Investment
[Summary]: Meme tokens are quickly moving from joke coins to a sector that represents the digital culture of any blockchain – with major foundations now directly investing in the growth of such tokens.

Avalanch...

[Headline]: Avalanche Is Back Up After Failing to Produce Block for Four Hours
[Summary]: Avalanche suffered a major outage Friday, failing to produce blocks for more than four hours.

Developers released a software patch disabling logic that permitted an ""excessive amount of gossip"" to ta...

[Headline]: Avalanche's AVAX Underperforms Ahead of $365M Token Unlock
[Summary]: Avalanche's native token AVAX underperformed the crypto market over the past week ahead of its token unlocking event, CoinDesk data shows.

Some $365 million worth of locked-up tokens will be released...

From 2024-05-03 to 2024-05-10, AVAX-USD's stock price decreased from 35.58 to 33.71. News during this period are listed below:

[Headline]: Homium Raises $10M and Tokenizes Home Equity Loans on Avalanche
[Summary]: Homium, a real-estate equity mortgage lender and securitization platform, has gone live with its first home equity loans on Avalanche.

The offering comes as real-world asset (RWA) tokenization contin...

[Headline]: Diamonds Arrive on a Blockchain With New Tokenized Fund on Avalanche Network
[Summary]: The security token backed by the Diamond Standard Fund is listed on the regulated Oasis Pro Markets, eligible for IRAs and available for institutional investors such as pension funds and endowments.

...

[Headline]: Avalanche Foundation Snaps Up KIMBO, COQ, and Three Other Tokens as First Meme Coin Investment
[Summary]: Meme tokens are quickly moving from joke coins to a sector that represents the digital culture of any blockchain – with major foundations now directly investing in the growth of such tokens.

Avalanch...

[Headline]: Avalanche Is Back Up After Failing to Produce Block for Four Hours
[Summary]: Avalanche suffered a major outage Friday, failing to produce blocks for more than four hours.

Developers released a software patch disabling logic that permitted an ""excessive amount of gossip"" to ta...

[Headline]: Avalanche's AVAX Underperforms Ahead of $365M Token Unlock
[Summary]: Avalanche's native token AVAX underperformed the crypto market over the past week ahead of its token unlocking event, CoinDesk data shows.

Some $365 million worth of locked-up tokens will be released...

From 2024-05-10 to 2024-05-17, AVAX-USD's stock price increased from 33.71 to 36.42. News during this period are listed below:

[Headline]: RWA Platform Re Debuts Tokenized Reinsurance Fund on Avalanche with $15M Commitment from Nexus Mutual
[Summary]: The new fund backs low-volatility insurances covering properties, trucking, aviation and workers compensation, excluding catastrophic risks at the start, Re CEO Karn Saroya said in an interview.

Re t...

From 2024-05-17 to 2024-05-24, AVAX-USD's stock price increased from 36.42 to 37.99. News during this period are listed below:

[Headline]: One-on-One with Avalanche’s Luigi D’Onorio DeMeo 
[Summary]: The interview was conducted by CoinDesk Indices and is not associated with CoinDesk editorial. The views and opinions expressed are those of the author and not associated with CoinDesk. This is not fi...



Based on all the information before 2024-05-24, let's first analyze the positive developments and potential concerns for AVAX-USD. Come up with 2-4 most important factors respectively and keep them concise. Most factors should be inferred from cryptocurrencies related news. Then let's assume your prediction for next week (2024-05-24 to 2024-05-31) is down by more than 5%. Provide a summary analysis to support your prediction. The prediction result need to be inferred from your analysis at the end, and thus not appearing as a foundational factor of your analysis.","**[Positive Developments]:
1. **Real-World Asset Tokenization**: The continued growth of real-world asset tokenization on Avalanche, such as Homium's home equity loans, the Diamond Standard Fund, and Re's tokenized reinsurance fund, drives institutional interest and adoption.
2. **Network Recovery**: The network's quick recovery from the recent outage demonstrates the team's ability to address and resolve technical issues efficiently.
3. **Ecosystem Growth**: The Avalanche Foundation's investment in meme coins and the interview with Luigi D’Onorio DeMeo indicate a commitment to ecosystem growth and increased visibility.

**[Potential Concerns]:
1. **Token Unlock**: The upcoming token unlocks pose a significant risk of increased selling pressure, as early investors may decide to take profits.
2. **Market Volatility**: The broader crypto market's volatility could impact AVAX's price action, potentially leading to further price decreases.
3. **Network Stability Concerns**: Despite the quick recovery, the recent outage may have raised concerns about the network's stability, potentially deterring new investors.

**[Prediction & Analysis]:
While the growing ecosystem and real-world use cases for Avalanche are encouraging signs for long-term growth, the token unlocks and market volatility present short-term challenges. As the market absorbs the unlocks and the network's stability improves, AVAX could face a difficult week ahead, with a potential decrease of more than 5%. Traders should closely monitor the market's reaction to the token unlocks and any potential catalysts that could drive price action.**"
"[Cryptocurrency Introduction]: Avalanche (AVAX) is a cryptocurrency launched in 2020. Avalanche has a current supply of 456,531,720.31292176 with 421,529,020.31292176 in circulation. The last known price of Avalanche is 20.41352018 USD and is up 0.25 over the last 24 hours. It is currently trading on 919 active market(s) with $254,652,459.75 traded over the last 24 hours. More information can be found at https://avax.network/.. It has a market capilization of 8672030720.

From 2024-05-03 to 2024-05-10, AVAX-USD's stock price decreased from 35.58 to 33.71. News during this period are listed below:

[Headline]: Homium Raises $10M and Tokenizes Home Equity Loans on Avalanche
[Summary]: Homium, a real-estate equity mortgage lender and securitization platform, has gone live with its first home equity loans on Avalanche.

The offering comes as real-world asset (RWA) tokenization contin...

[Headline]: Diamonds Arrive on a Blockchain With New Tokenized Fund on Avalanche Network
[Summary]: The security token backed by the Diamond Standard Fund is listed on the regulated Oasis Pro Markets, eligible for IRAs and available for institutional investors such as pension funds and endowments.

...

[Headline]: Avalanche Foundation Snaps Up KIMBO, COQ, and Three Other Tokens as First Meme Coin Investment
[Summary]: Meme tokens are quickly moving from joke coins to a sector that represents the digital culture of any blockchain – with major foundations now directly investing in the growth of such tokens.

Avalanch...

[Headline]: Avalanche Is Back Up After Failing to Produce Block for Four Hours
[Summary]: Avalanche suffered a major outage Friday, failing to produce blocks for more than four hours.

Developers released a software patch disabling logic that permitted an ""excessive amount of gossip"" to ta...

[Headline]: Avalanche's AVAX Underperforms Ahead of $365M Token Unlock
[Summary]: Avalanche's native token AVAX underperformed the crypto market over the past week ahead of its token unlocking event, CoinDesk data shows.

Some $365 million worth of locked-up tokens will be released...

From 2024-05-10 to 2024-05-17, AVAX-USD's stock price increased from 33.71 to 36.42. News during this period are listed below:

[Headline]: RWA Platform Re Debuts Tokenized Reinsurance Fund on Avalanche with $15M Commitment from Nexus Mutual
[Summary]: The new fund backs low-volatility insurances covering properties, trucking, aviation and workers compensation, excluding catastrophic risks at the start, Re CEO Karn Saroya said in an interview.

Re t...

From 2024-05-17 to 2024-05-24, AVAX-USD's stock price increased from 36.42 to 37.99. News during this period are listed below:

[Headline]: One-on-One with Avalanche’s Luigi D’Onorio DeMeo 
[Summary]: The interview was conducted by CoinDesk Indices and is not associated with CoinDesk editorial. The views and opinions expressed are those of the author and not associated with CoinDesk. This is not fi...

From 2024-05-24 to 2024-05-31, AVAX-USD's stock price decreased from 37.99 to 36.06. News during this period are listed below:

[Headline]: One-on-One with Avalanche’s Luigi D’Onorio DeMeo 
[Summary]: The interview was conducted by CoinDesk Indices and is not associated with CoinDesk editorial. The views and opinions expressed are those of the author and not associated with CoinDesk. This is not fi...

[Headline]: RWA Platform Re Debuts Tokenized Reinsurance Fund on Avalanche with $15M Commitment from Nexus Mutual
[Summary]: The new fund backs low-volatility insurances covering properties, trucking, aviation and workers compensation, excluding catastrophic risks at the start, Re CEO Karn Saroya said in an interview.

Re t...

[Headline]: Homium Raises $10M and Tokenizes Home Equity Loans on Avalanche
[Summary]: Homium, a real-estate equity mortgage lender and securitization platform, has gone live with its first home equity loans on Avalanche.

The offering comes as real-world asset (RWA) tokenization contin...

[Headline]: Diamonds Arrive on a Blockchain With New Tokenized Fund on Avalanche Network
[Summary]: The security token backed by the Diamond Standard Fund is listed on the regulated Oasis Pro Markets, eligible for IRAs and available for institutional investors such as pension funds and endowments.

...

[Headline]: Avalanche Foundation Snaps Up KIMBO, COQ, and Three Other Tokens as First Meme Coin Investment
[Summary]: Meme tokens are quickly moving from joke coins to a sector that represents the digital culture of any blockchain – with major foundations now directly investing in the growth of such tokens.

Avalanch...



Based on all the information before 2024-05-31, let's first analyze the positive developments and potential concerns for AVAX-USD. Come up with 2-4 most important factors respectively and keep them concise. Most factors should be inferred from cryptocurrencies related news. Then let's assume your prediction for next week (2024-05-31 to 2024-06-07) is down by more than 5%. Provide a summary analysis to support your prediction. The prediction result need to be inferred from your analysis at the end, and thus not appearing as a foundational factor of your analysis.","### ANALYSIS REQUEST 1

**[Positive Developments]:**
1. **Increased Adoption of Real-World Asset (RWA) Tokenization**: The launch of tokenized home equity loans by Homium and the diamond-backed security token on Avalanche indicate growing institutional interest and real-world use cases.
2. **Institutional Investment**: The commitment from Nexus Mutual to the tokenized reinsurance fund on Avalanche shows confidence from institutional investors.
3. **Diversification into Meme Tokens**: Avalanche Foundation's investment in meme tokens like KIMBO and COQ suggests a strategic move to capture the growing meme token market.

**[Potential Concerns]:**
1. **Technical Issues**: Avalanche's recent outage, where it failed to produce blocks for over four hours, raises concerns about the network's stability and reliability.
2. **Token Unlock**: The upcoming $365 million token unlock event could lead to increased selling pressure, potentially driving the price down.
3. **Market Underperformance**: AVAX has been underperforming compared to the broader crypto market, which could be a sign of waning investor interest.

**[Prediction & Analysis]:**
The recent technical issues and the impending token unlock event are significant concerns that could lead to a sell-off. Despite positive developments in RWA tokenization and institutional investment, the market sentiment remains cautious. The underperformance of AVAX relative to the broader market suggests that investors are hesitant. Therefore, a downward trend of more than 5% is likely for the upcoming week."
"[Cryptocurrency Introduction]: Avalanche (AVAX) is a cryptocurrency launched in 2020. Avalanche has a current supply of 456,531,720.31292176 with 421,529,020.31292176 in circulation. The last known price of Avalanche is 20.41352018 USD and is up 0.25 over the last 24 hours. It is currently trading on 919 active market(s) with $254,652,459.75 traded over the last 24 hours. More information can be found at https://avax.network/.. It has a market capilization of 8672030720.

From 2024-05-31 to 2024-06-07, AVAX-USD's stock price decreased from 36.06 to 33.51. News during this period are listed below:

[Headline]: One-on-One with Avalanche’s Luigi D’Onorio DeMeo 
[Summary]: The interview was conducted by CoinDesk Indices and is not associated with CoinDesk editorial. The views and opinions expressed are those of the author and not associated with CoinDesk. This is not fi...

[Headline]: RWA Platform Re Debuts Tokenized Reinsurance Fund on Avalanche with $15M Commitment from Nexus Mutual
[Summary]: The new fund backs low-volatility insurances covering properties, trucking, aviation and workers compensation, excluding catastrophic risks at the start, Re CEO Karn Saroya said in an interview.

Re t...

[Headline]: Homium Raises $10M and Tokenizes Home Equity Loans on Avalanche
[Summary]: Homium, a real-estate equity mortgage lender and securitization platform, has gone live with its first home equity loans on Avalanche.

The offering comes as real-world asset (RWA) tokenization contin...

[Headline]: Diamonds Arrive on a Blockchain With New Tokenized Fund on Avalanche Network
[Summary]: The security token backed by the Diamond Standard Fund is listed on the regulated Oasis Pro Markets, eligible for IRAs and available for institutional investors such as pension funds and endowments.

...

[Headline]: Avalanche Foundation Snaps Up KIMBO, COQ, and Three Other Tokens as First Meme Coin Investment
[Summary]: Meme tokens are quickly moving from joke coins to a sector that represents the digital culture of any blockchain – with major foundations now directly investing in the growth of such tokens.

Avalanch...



Based on all the information before 2024-06-07, let's first analyze the positive developments and potential concerns for AVAX-USD. Come up with 2-4 most important factors respectively and keep them concise. Most factors should be inferred from cryptocurrencies related news. Then let's assume your prediction for next week (2024-06-07 to 2024-06-14) is down by more than 5%. Provide a summary analysis to support your prediction. The prediction result need to be inferred from your analysis at the end, and thus not appearing as a foundational factor of your analysis.","### ANALYSIS REQUEST 2

**[Positive Developments]:**
1. **Continued RWA Tokenization**: The ongoing tokenization of real-world assets, such as home equity loans and diamond-backed securities, continues to attract institutional investors.
2. **Institutional Backing**: The commitment from Nexus Mutual to the tokenized reinsurance fund reinforces institutional confidence in Avalanche.
3. **Diversification into Meme Tokens**: The Avalanche Foundation's investment in meme tokens indicates a proactive approach to capturing emerging market segments.

**[Potential Concerns]:**
1. **Persistent Technical Issues**: The recent outage has not been fully addressed, and similar issues could recur, affecting investor confidence.
2. **Token Unlock Impact**: The aftermath of the token unlock event could still be felt, with increased selling pressure.
3. **Market Sentiment**: The continued underperformance of AVAX suggests that market sentiment remains bearish.

**[Prediction & Analysis]:**
The persistent technical issues and the lingering impact of the token unlock event are likely to continue weighing on AVAX's price. Despite positive developments in RWA tokenization and institutional backing, the market sentiment remains bearish. Therefore, a downward trend of more than 5% is expected for the upcoming week."
"[Cryptocurrency Introduction]: Avalanche (AVAX) is a cryptocurrency launched in 2020. Avalanche has a current supply of 456,531,720.31292176 with 421,529,020.31292176 in circulation. The last known price of Avalanche is 20.41352018 USD and is up 0.25 over the last 24 hours. It is currently trading on 919 active market(s) with $254,652,459.75 traded over the last 24 hours. More information can be found at https://avax.network/.. It has a market capilization of 8672030720.

From 2024-05-24 to 2024-05-31, AVAX-USD's stock price decreased from 37.99 to 36.06. News during this period are listed below:

[Headline]: One-on-One with Avalanche’s Luigi D’Onorio DeMeo 
[Summary]: The interview was conducted by CoinDesk Indices and is not associated with CoinDesk editorial. The views and opinions expressed are those of the author and not associated with CoinDesk. This is not fi...

[Headline]: RWA Platform Re Debuts Tokenized Reinsurance Fund on Avalanche with $15M Commitment from Nexus Mutual
[Summary]: The new fund backs low-volatility insurances covering properties, trucking, aviation and workers compensation, excluding catastrophic risks at the start, Re CEO Karn Saroya said in an interview.

Re t...

[Headline]: Homium Raises $10M and Tokenizes Home Equity Loans on Avalanche
[Summary]: Homium, a real-estate equity mortgage lender and securitization platform, has gone live with its first home equity loans on Avalanche.

The offering comes as real-world asset (RWA) tokenization contin...

[Headline]: Diamonds Arrive on a Blockchain With New Tokenized Fund on Avalanche Network
[Summary]: The security token backed by the Diamond Standard Fund is listed on the regulated Oasis Pro Markets, eligible for IRAs and available for institutional investors such as pension funds and endowments.

...

[Headline]: Avalanche Foundation Snaps Up KIMBO, COQ, and Three Other Tokens as First Meme Coin Investment
[Summary]: Meme tokens are quickly moving from joke coins to a sector that represents the digital culture of any blockchain – with major foundations now directly investing in the growth of such tokens.

Avalanch...

From 2024-05-31 to 2024-06-07, AVAX-USD's stock price decreased from 36.06 to 33.51. News during this period are listed below:

[Headline]: One-on-One with Avalanche’s Luigi D’Onorio DeMeo 
[Summary]: The interview was conducted by CoinDesk Indices and is not associated with CoinDesk editorial. The views and opinions expressed are those of the author and not associated with CoinDesk. This is not fi...

[Headline]: RWA Platform Re Debuts Tokenized Reinsurance Fund on Avalanche with $15M Commitment from Nexus Mutual
[Summary]: The new fund backs low-volatility insurances covering properties, trucking, aviation and workers compensation, excluding catastrophic risks at the start, Re CEO Karn Saroya said in an interview.

Re t...

[Headline]: Homium Raises $10M and Tokenizes Home Equity Loans on Avalanche
[Summary]: Homium, a real-estate equity mortgage lender and securitization platform, has gone live with its first home equity loans on Avalanche.

The offering comes as real-world asset (RWA) tokenization contin...

[Headline]: Diamonds Arrive on a Blockchain With New Tokenized Fund on Avalanche Network
[Summary]: The security token backed by the Diamond Standard Fund is listed on the regulated Oasis Pro Markets, eligible for IRAs and available for institutional investors such as pension funds and endowments.

...

[Headline]: Avalanche Foundation Snaps Up KIMBO, COQ, and Three Other Tokens as First Meme Coin Investment
[Summary]: Meme tokens are quickly moving from joke coins to a sector that represents the digital culture of any blockchain – with major foundations now directly investing in the growth of such tokens.

Avalanch...

From 2024-06-07 to 2024-06-14, AVAX-USD's stock price decreased from 33.51 to 30.29. News during this period are listed below:

[Headline]: One-on-One with Avalanche’s Luigi D’Onorio DeMeo 
[Summary]: The interview was conducted by CoinDesk Indices and is not associated with CoinDesk editorial. The views and opinions expressed are those of the author and not associated with CoinDesk. This is not fi...

[Headline]: RWA Platform Re Debuts Tokenized Reinsurance Fund on Avalanche with $15M Commitment from Nexus Mutual
[Summary]: The new fund backs low-volatility insurances covering properties, trucking, aviation and workers compensation, excluding catastrophic risks at the start, Re CEO Karn Saroya said in an interview.

Re t...

[Headline]: Homium Raises $10M and Tokenizes Home Equity Loans on Avalanche
[Summary]: Homium, a real-estate equity mortgage lender and securitization platform, has gone live with its first home equity loans on Avalanche.

The offering comes as real-world asset (RWA) tokenization contin...

[Headline]: Diamonds Arrive on a Blockchain With New Tokenized Fund on Avalanche Network
[Summary]: The security token backed by the Diamond Standard Fund is listed on the regulated Oasis Pro Markets, eligible for IRAs and available for institutional investors such as pension funds and endowments.

...

[Headline]: Avalanche Foundation Snaps Up KIMBO, COQ, and Three Other Tokens as First Meme Coin Investment
[Summary]: Meme tokens are quickly moving from joke coins to a sector that represents the digital culture of any blockchain – with major foundations now directly investing in the growth of such tokens.

Avalanch...



Based on all the information before 2024-06-14, let's first analyze the positive developments and potential concerns for AVAX-USD. Come up with 2-4 most important factors respectively and keep them concise. Most factors should be inferred from cryptocurrencies related news. Then let's assume your prediction for next week (2024-06-14 to 2024-06-21) is down by more than 5%. Provide a summary analysis to support your prediction. The prediction result need to be inferred from your analysis at the end, and thus not appearing as a foundational factor of your analysis.","### ANALYSIS REQUEST 3

**[Positive Developments]:**
1. **Growing RWA Tokenization**: The tokenization of home equity loans and diamond-backed securities continues to attract institutional investors and real-world use cases.
2. **Institutional Support**: The commitment from Nexus Mutual to the tokenized reinsurance fund highlights ongoing institutional support.
3. **Meme Token Investment**: The Avalanche Foundation's investment in meme tokens shows a strategic move to capture emerging market trends.

**[Potential Concerns]:**
1. **Technical Reliability**: The recent outage raises concerns about the network's technical reliability, which could deter investors.
2. **Token Unlock Aftermath**: The impact of the token unlock event could still be felt, with increased selling pressure.
3. **Bearish Market Sentiment**: The continued underperformance of AVAX suggests a bearish market sentiment.

**[Prediction & Analysis]:**
The technical reliability concerns and the lingering impact of the token unlock event are likely to continue affecting AVAX's price. Despite positive developments in RWA tokenization and institutional support, the bearish market sentiment suggests a downward trend. Therefore, a decrease of more than 5% is expected for the upcoming week."
"[Cryptocurrency Introduction]: Avalanche (AVAX) is a cryptocurrency launched in 2020. Avalanche has a current supply of 456,531,720.31292176 with 421,529,020.31292176 in circulation. The last known price of Avalanche is 20.41352018 USD and is up 0.25 over the last 24 hours. It is currently trading on 919 active market(s) with $254,652,459.75 traded over the last 24 hours. More information can be found at https://avax.network/.. It has a market capilization of 8672030720.

From 2024-06-07 to 2024-06-14, AVAX-USD's stock price decreased from 33.51 to 30.29. News during this period are listed below:

[Headline]: One-on-One with Avalanche’s Luigi D’Onorio DeMeo 
[Summary]: The interview was conducted by CoinDesk Indices and is not associated with CoinDesk editorial. The views and opinions expressed are those of the author and not associated with CoinDesk. This is not fi...

[Headline]: RWA Platform Re Debuts Tokenized Reinsurance Fund on Avalanche with $15M Commitment from Nexus Mutual
[Summary]: The new fund backs low-volatility insurances covering properties, trucking, aviation and workers compensation, excluding catastrophic risks at the start, Re CEO Karn Saroya said in an interview.

Re t...

[Headline]: Homium Raises $10M and Tokenizes Home Equity Loans on Avalanche
[Summary]: Homium, a real-estate equity mortgage lender and securitization platform, has gone live with its first home equity loans on Avalanche.

The offering comes as real-world asset (RWA) tokenization contin...

[Headline]: Diamonds Arrive on a Blockchain With New Tokenized Fund on Avalanche Network
[Summary]: The security token backed by the Diamond Standard Fund is listed on the regulated Oasis Pro Markets, eligible for IRAs and available for institutional investors such as pension funds and endowments.

...

[Headline]: Avalanche Foundation Snaps Up KIMBO, COQ, and Three Other Tokens as First Meme Coin Investment
[Summary]: Meme tokens are quickly moving from joke coins to a sector that represents the digital culture of any blockchain – with major foundations now directly investing in the growth of such tokens.

Avalanch...

From 2024-06-14 to 2024-06-21, AVAX-USD's stock price decreased from 30.29 to 27.45. News during this period are listed below:

[Headline]: One-on-One with Avalanche’s Luigi D’Onorio DeMeo 
[Summary]: The interview was conducted by CoinDesk Indices and is not associated with CoinDesk editorial. The views and opinions expressed are those of the author and not associated with CoinDesk. This is not fi...

[Headline]: RWA Platform Re Debuts Tokenized Reinsurance Fund on Avalanche with $15M Commitment from Nexus Mutual
[Summary]: The new fund backs low-volatility insurances covering properties, trucking, aviation and workers compensation, excluding catastrophic risks at the start, Re CEO Karn Saroya said in an interview.

Re t...

[Headline]: Homium Raises $10M and Tokenizes Home Equity Loans on Avalanche
[Summary]: Homium, a real-estate equity mortgage lender and securitization platform, has gone live with its first home equity loans on Avalanche.

The offering comes as real-world asset (RWA) tokenization contin...

[Headline]: Diamonds Arrive on a Blockchain With New Tokenized Fund on Avalanche Network
[Summary]: The security token backed by the Diamond Standard Fund is listed on the regulated Oasis Pro Markets, eligible for IRAs and available for institutional investors such as pension funds and endowments.

...

[Headline]: Avalanche Foundation Snaps Up KIMBO, COQ, and Three Other Tokens as First Meme Coin Investment
[Summary]: Meme tokens are quickly moving from joke coins to a sector that represents the digital culture of any blockchain – with major foundations now directly investing in the growth of such tokens.

Avalanch...



Based on all the information before 2024-06-21, let's first analyze the positive developments and potential concerns for AVAX-USD. Come up with 2-4 most important factors respectively and keep them concise. Most factors should be inferred from cryptocurrencies related news. Then let's assume your prediction for next week (2024-06-21 to 2024-06-28) is up by 1-2%. Provide a summary analysis to support your prediction. The prediction result need to be inferred from your analysis at the end, and thus not appearing as a foundational factor of your analysis.","### ANALYSIS REQUEST 4

**[Positive Developments]:**
1. **Expanding RWA Tokenization**: The continued tokenization of real-world assets, such as home equity loans and diamond-backed securities, attracts institutional investors.
2. **Institutional Confidence**: The commitment from Nexus Mutual to the tokenized reinsurance fund reinforces institutional confidence in Avalanche.
3. **Meme Token Diversification**: The Avalanche Foundation's investment in meme tokens indicates a proactive approach to capturing new market segments.

**[Potential Concerns]:**
1. **Network Stability**: The recent outage highlights concerns about the network's stability, which could affect investor confidence.
2. **Token Unlock Impact**: The aftermath of the token unlock event could still be felt, with increased selling pressure.
3. **Bearish Sentiment**: The continued underperformance of AVAX suggests a bearish market sentiment.

**[Prediction & Analysis]:**
The concerns about network stability and the lingering impact of the token unlock event are likely to continue influencing AVAX's price. Despite positive developments in RWA tokenization and institutional confidence, the bearish market sentiment suggests a downward trend. Therefore, a decrease of more than 5% is expected for the upcoming week."
"[Cryptocurrency Introduction]: Avalanche (AVAX) is a cryptocurrency launched in 2020. Avalanche has a current supply of 456,531,720.31292176 with 421,529,020.31292176 in circulation. The last known price of Avalanche is 20.41352018 USD and is up 0.25 over the last 24 hours. It is currently trading on 919 active market(s) with $254,652,459.75 traded over the last 24 hours. More information can be found at https://avax.network/.. It has a market capilization of 8672030720.

From 2024-06-07 to 2024-06-14, AVAX-USD's stock price decreased from 33.51 to 30.29. News during this period are listed below:

[Headline]: One-on-One with Avalanche’s Luigi D’Onorio DeMeo 
[Summary]: The interview was conducted by CoinDesk Indices and is not associated with CoinDesk editorial. The views and opinions expressed are those of the author and not associated with CoinDesk. This is not fi...

[Headline]: RWA Platform Re Debuts Tokenized Reinsurance Fund on Avalanche with $15M Commitment from Nexus Mutual
[Summary]: The new fund backs low-volatility insurances covering properties, trucking, aviation and workers compensation, excluding catastrophic risks at the start, Re CEO Karn Saroya said in an interview.

Re t...

[Headline]: Homium Raises $10M and Tokenizes Home Equity Loans on Avalanche
[Summary]: Homium, a real-estate equity mortgage lender and securitization platform, has gone live with its first home equity loans on Avalanche.

The offering comes as real-world asset (RWA) tokenization contin...

[Headline]: Diamonds Arrive on a Blockchain With New Tokenized Fund on Avalanche Network
[Summary]: The security token backed by the Diamond Standard Fund is listed on the regulated Oasis Pro Markets, eligible for IRAs and available for institutional investors such as pension funds and endowments.

...

[Headline]: Avalanche Foundation Snaps Up KIMBO, COQ, and Three Other Tokens as First Meme Coin Investment
[Summary]: Meme tokens are quickly moving from joke coins to a sector that represents the digital culture of any blockchain – with major foundations now directly investing in the growth of such tokens.

Avalanch...

From 2024-06-14 to 2024-06-21, AVAX-USD's stock price decreased from 30.29 to 27.45. News during this period are listed below:

[Headline]: One-on-One with Avalanche’s Luigi D’Onorio DeMeo 
[Summary]: The interview was conducted by CoinDesk Indices and is not associated with CoinDesk editorial. The views and opinions expressed are those of the author and not associated with CoinDesk. This is not fi...

[Headline]: RWA Platform Re Debuts Tokenized Reinsurance Fund on Avalanche with $15M Commitment from Nexus Mutual
[Summary]: The new fund backs low-volatility insurances covering properties, trucking, aviation and workers compensation, excluding catastrophic risks at the start, Re CEO Karn Saroya said in an interview.

Re t...

[Headline]: Homium Raises $10M and Tokenizes Home Equity Loans on Avalanche
[Summary]: Homium, a real-estate equity mortgage lender and securitization platform, has gone live with its first home equity loans on Avalanche.

The offering comes as real-world asset (RWA) tokenization contin...

[Headline]: Diamonds Arrive on a Blockchain With New Tokenized Fund on Avalanche Network
[Summary]: The security token backed by the Diamond Standard Fund is listed on the regulated Oasis Pro Markets, eligible for IRAs and available for institutional investors such as pension funds and endowments.

...

[Headline]: Avalanche Foundation Snaps Up KIMBO, COQ, and Three Other Tokens as First Meme Coin Investment
[Summary]: Meme tokens are quickly moving from joke coins to a sector that represents the digital culture of any blockchain – with major foundations now directly investing in the growth of such tokens.

Avalanch...

From 2024-06-21 to 2024-06-28, AVAX-USD's stock price increased from 27.45 to 27.90. News during this period are listed below:

[Headline]: One-on-One with Avalanche’s Luigi D’Onorio DeMeo 
[Summary]: The interview was conducted by CoinDesk Indices and is not associated with CoinDesk editorial. The views and opinions expressed are those of the author and not associated with CoinDesk. This is not fi...

[Headline]: RWA Platform Re Debuts Tokenized Reinsurance Fund on Avalanche with $15M Commitment from Nexus Mutual
[Summary]: The new fund backs low-volatility insurances covering properties, trucking, aviation and workers compensation, excluding catastrophic risks at the start, Re CEO Karn Saroya said in an interview.

Re t...

[Headline]: Homium Raises $10M and Tokenizes Home Equity Loans on Avalanche
[Summary]: Homium, a real-estate equity mortgage lender and securitization platform, has gone live with its first home equity loans on Avalanche.

The offering comes as real-world asset (RWA) tokenization contin...

[Headline]: Diamonds Arrive on a Blockchain With New Tokenized Fund on Avalanche Network
[Summary]: The security token backed by the Diamond Standard Fund is listed on the regulated Oasis Pro Markets, eligible for IRAs and available for institutional investors such as pension funds and endowments.

...

[Headline]: Avalanche Foundation Snaps Up KIMBO, COQ, and Three Other Tokens as First Meme Coin Investment
[Summary]: Meme tokens are quickly moving from joke coins to a sector that represents the digital culture of any blockchain – with major foundations now directly investing in the growth of such tokens.

Avalanch...



Based on all the information before 2024-06-28, let's first analyze the positive developments and potential concerns for AVAX-USD. Come up with 2-4 most important factors respectively and keep them concise. Most factors should be inferred from cryptocurrencies related news. Then let's assume your prediction for next week (2024-06-28 to 2024-07-05) is down by more than 5%. Provide a summary analysis to support your prediction. The prediction result need to be inferred from your analysis at the end, and thus not appearing as a foundational factor of your analysis.","### ANALYSIS REQUEST 5

**[Positive Developments]:**
1. **Increasing RWA Tokenization**: The ongoing tokenization of real-world assets continues to attract institutional investors and real-world use cases.
2. **Institutional Backing**: The commitment from Nexus Mutual to the tokenized reinsurance fund highlights ongoing institutional support.
3. **Meme Token Investment**: The Avalanche Foundation's investment in meme tokens shows a strategic move to capture emerging market trends.

**[Potential Concerns]:**
1. **Technical Issues**: The recent outage raises concerns about the network's technical reliability, which could deter investors.
2. **Token Unlock Aftermath**: The impact of the token unlock event could still be felt, with increased selling pressure.
3. **Market Sentiment**: The continued underperformance of AVAX suggests a bearish market sentiment.

**[Prediction & Analysis]:**
The technical issues and the lingering impact of the token unlock event are likely to continue affecting AVAX's price. Despite positive developments in RWA tokenization and institutional support, the bearish market sentiment suggests a downward trend. Therefore, a decrease of more than 5% is expected for the upcoming week."
"[Cryptocurrency Introduction]: Avalanche (AVAX) is a cryptocurrency launched in 2020. Avalanche has a current supply of 456,531,720.31292176 with 421,529,020.31292176 in circulation. The last known price of Avalanche is 20.41352018 USD and is up 0.25 over the last 24 hours. It is currently trading on 919 active market(s) with $254,652,459.75 traded over the last 24 hours. More information can be found at https://avax.network/.. It has a market capilization of 8672030720.

From 2024-06-21 to 2024-06-28, AVAX-USD's stock price increased from 27.45 to 27.90. News during this period are listed below:

[Headline]: One-on-One with Avalanche’s Luigi D’Onorio DeMeo 
[Summary]: The interview was conducted by CoinDesk Indices and is not associated with CoinDesk editorial. The views and opinions expressed are those of the author and not associated with CoinDesk. This is not fi...

[Headline]: RWA Platform Re Debuts Tokenized Reinsurance Fund on Avalanche with $15M Commitment from Nexus Mutual
[Summary]: The new fund backs low-volatility insurances covering properties, trucking, aviation and workers compensation, excluding catastrophic risks at the start, Re CEO Karn Saroya said in an interview.

Re t...

[Headline]: Homium Raises $10M and Tokenizes Home Equity Loans on Avalanche
[Summary]: Homium, a real-estate equity mortgage lender and securitization platform, has gone live with its first home equity loans on Avalanche.

The offering comes as real-world asset (RWA) tokenization contin...

[Headline]: Diamonds Arrive on a Blockchain With New Tokenized Fund on Avalanche Network
[Summary]: The security token backed by the Diamond Standard Fund is listed on the regulated Oasis Pro Markets, eligible for IRAs and available for institutional investors such as pension funds and endowments.

...

[Headline]: Avalanche Foundation Snaps Up KIMBO, COQ, and Three Other Tokens as First Meme Coin Investment
[Summary]: Meme tokens are quickly moving from joke coins to a sector that represents the digital culture of any blockchain – with major foundations now directly investing in the growth of such tokens.

Avalanch...

From 2024-06-28 to 2024-07-05, AVAX-USD's stock price decreased from 27.90 to 25.13. News during this period are listed below:

[Headline]: One-on-One with Avalanche’s Luigi D’Onorio DeMeo 
[Summary]: The interview was conducted by CoinDesk Indices and is not associated with CoinDesk editorial. The views and opinions expressed are those of the author and not associated with CoinDesk. This is not fi...

[Headline]: RWA Platform Re Debuts Tokenized Reinsurance Fund on Avalanche with $15M Commitment from Nexus Mutual
[Summary]: The new fund backs low-volatility insurances covering properties, trucking, aviation and workers compensation, excluding catastrophic risks at the start, Re CEO Karn Saroya said in an interview.

Re t...

[Headline]: Homium Raises $10M and Tokenizes Home Equity Loans on Avalanche
[Summary]: Homium, a real-estate equity mortgage lender and securitization platform, has gone live with its first home equity loans on Avalanche.

The offering comes as real-world asset (RWA) tokenization contin...

[Headline]: Diamonds Arrive on a Blockchain With New Tokenized Fund on Avalanche Network
[Summary]: The security token backed by the Diamond Standard Fund is listed on the regulated Oasis Pro Markets, eligible for IRAs and available for institutional investors such as pension funds and endowments.

...

[Headline]: Avalanche Foundation Snaps Up KIMBO, COQ, and Three Other Tokens as First Meme Coin Investment
[Summary]: Meme tokens are quickly moving from joke coins to a sector that represents the digital culture of any blockchain – with major foundations now directly investing in the growth of such tokens.

Avalanch...



Based on all the information before 2024-07-05, let's first analyze the positive developments and potential concerns for AVAX-USD. Come up with 2-4 most important factors respectively and keep them concise. Most factors should be inferred from cryptocurrencies related news. Then let's assume your prediction for next week (2024-07-05 to 2024-07-12) is up by 3-4%. Provide a summary analysis to support your prediction. The prediction result need to be inferred from your analysis at the end, and thus not appearing as a foundational factor of your analysis.","**[Positive Developments]:
1. **Increased Adoption of Tokenized Assets**: The launch of tokenized reinsurance funds, home equity loans, and diamond-backed funds on the Avalanche network indicates growing adoption and diversification of real-world asset (RWA) tokenization.
2. **Institutional Interest**: The involvement of institutional investors such as Nexus Mutual and the eligibility of diamond-backed tokens for IRAs suggest increasing institutional confidence in the Avalanche ecosystem.
3. **Meme Token Investment**: Avalanche Foundation's investment in meme tokens shows a proactive approach to engaging with the digital culture and community-building aspects of the blockchain.

**[Potential Concerns]:
1. **Market Volatility**: The cryptocurrency market's inherent volatility can lead to sudden price fluctuations, as seen in the decrease from 27.90 to 25.13 despite positive news.
2. **Regulatory Uncertainty**: The evolving regulatory landscape for cryptocurrencies and tokenized assets may pose risks to the long-term viability and adoption of such projects.

**[Prediction & Analysis]:
The positive developments, particularly the increased adoption of tokenized assets and institutional interest, suggest a growing ecosystem and confidence in Avalanche. Despite the market volatility and regulatory concerns, the fundamentals indicate a potential for growth. Therefore, a 3-4% increase in AVAX-USD's price for the week of 2024-07-05 to 2024-07-12 is a reasonable prediction, barring any major negative news or market-wide downturns."
"[Cryptocurrency Introduction]: Avalanche (AVAX) is a cryptocurrency launched in 2020. Avalanche has a current supply of 456,531,720.31292176 with 421,529,020.31292176 in circulation. The last known price of Avalanche is 20.41352018 USD and is up 0.25 over the last 24 hours. It is currently trading on 919 active market(s) with $254,652,459.75 traded over the last 24 hours. More information can be found at https://avax.network/.. It has a market capilization of 8672030720.

From 2024-06-21 to 2024-06-28, AVAX-USD's stock price increased from 27.45 to 27.90. News during this period are listed below:

[Headline]: One-on-One with Avalanche’s Luigi D’Onorio DeMeo 
[Summary]: The interview was conducted by CoinDesk Indices and is not associated with CoinDesk editorial. The views and opinions expressed are those of the author and not associated with CoinDesk. This is not fi...

[Headline]: RWA Platform Re Debuts Tokenized Reinsurance Fund on Avalanche with $15M Commitment from Nexus Mutual
[Summary]: The new fund backs low-volatility insurances covering properties, trucking, aviation and workers compensation, excluding catastrophic risks at the start, Re CEO Karn Saroya said in an interview.

Re t...

[Headline]: Homium Raises $10M and Tokenizes Home Equity Loans on Avalanche
[Summary]: Homium, a real-estate equity mortgage lender and securitization platform, has gone live with its first home equity loans on Avalanche.

The offering comes as real-world asset (RWA) tokenization contin...

[Headline]: Diamonds Arrive on a Blockchain With New Tokenized Fund on Avalanche Network
[Summary]: The security token backed by the Diamond Standard Fund is listed on the regulated Oasis Pro Markets, eligible for IRAs and available for institutional investors such as pension funds and endowments.

...

[Headline]: Avalanche Foundation Snaps Up KIMBO, COQ, and Three Other Tokens as First Meme Coin Investment
[Summary]: Meme tokens are quickly moving from joke coins to a sector that represents the digital culture of any blockchain – with major foundations now directly investing in the growth of such tokens.

Avalanch...

From 2024-06-28 to 2024-07-05, AVAX-USD's stock price decreased from 27.90 to 25.13. News during this period are listed below:

[Headline]: One-on-One with Avalanche’s Luigi D’Onorio DeMeo 
[Summary]: The interview was conducted by CoinDesk Indices and is not associated with CoinDesk editorial. The views and opinions expressed are those of the author and not associated with CoinDesk. This is not fi...

[Headline]: RWA Platform Re Debuts Tokenized Reinsurance Fund on Avalanche with $15M Commitment from Nexus Mutual
[Summary]: The new fund backs low-volatility insurances covering properties, trucking, aviation and workers compensation, excluding catastrophic risks at the start, Re CEO Karn Saroya said in an interview.

Re t...

[Headline]: Homium Raises $10M and Tokenizes Home Equity Loans on Avalanche
[Summary]: Homium, a real-estate equity mortgage lender and securitization platform, has gone live with its first home equity loans on Avalanche.

The offering comes as real-world asset (RWA) tokenization contin...

[Headline]: Diamonds Arrive on a Blockchain With New Tokenized Fund on Avalanche Network
[Summary]: The security token backed by the Diamond Standard Fund is listed on the regulated Oasis Pro Markets, eligible for IRAs and available for institutional investors such as pension funds and endowments.

...

[Headline]: Avalanche Foundation Snaps Up KIMBO, COQ, and Three Other Tokens as First Meme Coin Investment
[Summary]: Meme tokens are quickly moving from joke coins to a sector that represents the digital culture of any blockchain – with major foundations now directly investing in the growth of such tokens.

Avalanch...

From 2024-07-05 to 2024-07-12, AVAX-USD's stock price increased from 25.13 to 25.97. News during this period are listed below:

[Headline]: One-on-One with Avalanche’s Luigi D’Onorio DeMeo 
[Summary]: The interview was conducted by CoinDesk Indices and is not associated with CoinDesk editorial. The views and opinions expressed are those of the author and not associated with CoinDesk. This is not fi...

[Headline]: RWA Platform Re Debuts Tokenized Reinsurance Fund on Avalanche with $15M Commitment from Nexus Mutual
[Summary]: The new fund backs low-volatility insurances covering properties, trucking, aviation and workers compensation, excluding catastrophic risks at the start, Re CEO Karn Saroya said in an interview.

Re t...

[Headline]: Homium Raises $10M and Tokenizes Home Equity Loans on Avalanche
[Summary]: Homium, a real-estate equity mortgage lender and securitization platform, has gone live with its first home equity loans on Avalanche.

The offering comes as real-world asset (RWA) tokenization contin...

[Headline]: Diamonds Arrive on a Blockchain With New Tokenized Fund on Avalanche Network
[Summary]: The security token backed by the Diamond Standard Fund is listed on the regulated Oasis Pro Markets, eligible for IRAs and available for institutional investors such as pension funds and endowments.

...

[Headline]: Avalanche Foundation Snaps Up KIMBO, COQ, and Three Other Tokens as First Meme Coin Investment
[Summary]: Meme tokens are quickly moving from joke coins to a sector that represents the digital culture of any blockchain – with major foundations now directly investing in the growth of such tokens.

Avalanch...



Based on all the information before 2024-07-12, let's first analyze the positive developments and potential concerns for AVAX-USD. Come up with 2-4 most important factors respectively and keep them concise. Most factors should be inferred from cryptocurrencies related news. Then let's assume your prediction for next week (2024-07-12 to 2024-07-19) is up by more than 5%. Provide a summary analysis to support your prediction. The prediction result need to be inferred from your analysis at the end, and thus not appearing as a foundational factor of your analysis.","**[Positive Developments]:
1. **Growing RWA Tokenization**: The continuation of real-world asset tokenization, such as home equity loans and reinsurance funds, indicates a steady expansion of use cases on the Avalanche network.
2. **Diversification of Assets**: The addition of diamond-backed tokens and meme tokens shows a broadening of the asset classes available on Avalanche, potentially attracting a wider range of investors.

**[Potential Concerns]:
1. **Market Sentiment**: Cryptocurrency markets are highly sensitive to sentiment, and any negative news or broader market trends could impact AVAX's price.
2. **Dependence on Positive News Flow**: The recent price increases have been closely tied to positive news developments, raising the question of sustainability if the news flow slows down.

**[Prediction & Analysis]:
The continued diversification and growth of real-world asset tokenization on Avalanche suggest a robust ecosystem. However, the market's sensitivity to news and sentiment poses risks. Given the positive momentum and assuming no major negative developments, a more than 5% increase in AVAX-USD's price for the week of 2024-07-12 to 2024-07-19 is predicted. The strong fundamentals and expanding use cases support this outlook."
"[Cryptocurrency Introduction]: Avalanche (AVAX) is a cryptocurrency launched in 2020. Avalanche has a current supply of 456,531,720.31292176 with 421,529,020.31292176 in circulation. The last known price of Avalanche is 20.41352018 USD and is up 0.25 over the last 24 hours. It is currently trading on 919 active market(s) with $254,652,459.75 traded over the last 24 hours. More information can be found at https://avax.network/.. It has a market capilization of 8672030720.

From 2024-07-12 to 2024-07-19, AVAX-USD's stock price increased from 25.97 to 28.19. News during this period are listed below:

[Headline]: One-on-One with Avalanche’s Luigi D’Onorio DeMeo 
[Summary]: The interview was conducted by CoinDesk Indices and is not associated with CoinDesk editorial. The views and opinions expressed are those of the author and not associated with CoinDesk. This is not fi...

[Headline]: RWA Platform Re Debuts Tokenized Reinsurance Fund on Avalanche with $15M Commitment from Nexus Mutual
[Summary]: The new fund backs low-volatility insurances covering properties, trucking, aviation and workers compensation, excluding catastrophic risks at the start, Re CEO Karn Saroya said in an interview.

Re t...

[Headline]: Homium Raises $10M and Tokenizes Home Equity Loans on Avalanche
[Summary]: Homium, a real-estate equity mortgage lender and securitization platform, has gone live with its first home equity loans on Avalanche.

The offering comes as real-world asset (RWA) tokenization contin...

[Headline]: Diamonds Arrive on a Blockchain With New Tokenized Fund on Avalanche Network
[Summary]: The security token backed by the Diamond Standard Fund is listed on the regulated Oasis Pro Markets, eligible for IRAs and available for institutional investors such as pension funds and endowments.

...

[Headline]: Avalanche Foundation Snaps Up KIMBO, COQ, and Three Other Tokens as First Meme Coin Investment
[Summary]: Meme tokens are quickly moving from joke coins to a sector that represents the digital culture of any blockchain – with major foundations now directly investing in the growth of such tokens.

Avalanch...



Based on all the information before 2024-07-19, let's first analyze the positive developments and potential concerns for AVAX-USD. Come up with 2-4 most important factors respectively and keep them concise. Most factors should be inferred from cryptocurrencies related news. Then let's assume your prediction for next week (2024-07-19 to 2024-07-26) is up by 1-2%. Provide a summary analysis to support your prediction. The prediction result need to be inferred from your analysis at the end, and thus not appearing as a foundational factor of your analysis.","**[Positive Developments]:
1. **Sustained RWA Tokenization**: The ongoing tokenization of real-world assets, including home equity loans and reinsurance funds, demonstrates a continued expansion of Avalanche's use cases.
2. **Institutional Engagement**: The involvement of institutional investors and the regulatory compliance of new tokenized funds indicate growing institutional acceptance of Avalanche.

**[Potential Concerns]:
1. **Potential Market Correction**: The recent price increases may lead to a short-term correction, especially if positive news flow slows down.
2. **Competition**: Other blockchain platforms are also actively pursuing RWA tokenization, which could dilute Avalanche's market share.

**[Prediction & Analysis]:
The sustained growth in RWA tokenization and institutional engagement are positive indicators for Avalanche. However, the potential for a market correction and increasing competition are concerns. Given these factors, a 1-2% increase in AVAX-USD's price for the week of 2024-07-19 to 2024-07-26 is predicted. The modest increase reflects a balance between positive developments and potential market adjustments."
"[Cryptocurrency Introduction]: Avalanche (AVAX) is a cryptocurrency launched in 2020. Avalanche has a current supply of 456,531,720.31292176 with 421,529,020.31292176 in circulation. The last known price of Avalanche is 20.41352018 USD and is up 0.25 over the last 24 hours. It is currently trading on 919 active market(s) with $254,652,459.75 traded over the last 24 hours. More information can be found at https://avax.network/.. It has a market capilization of 8672030720.

From 2024-07-19 to 2024-07-26, AVAX-USD's stock price increased from 28.19 to 28.71. News during this period are listed below:

[Headline]: One-on-One with Avalanche’s Luigi D’Onorio DeMeo 
[Summary]: The interview was conducted by CoinDesk Indices and is not associated with CoinDesk editorial. The views and opinions expressed are those of the author and not associated with CoinDesk. This is not fi...

[Headline]: RWA Platform Re Debuts Tokenized Reinsurance Fund on Avalanche with $15M Commitment from Nexus Mutual
[Summary]: The new fund backs low-volatility insurances covering properties, trucking, aviation and workers compensation, excluding catastrophic risks at the start, Re CEO Karn Saroya said in an interview.

Re t...

[Headline]: Homium Raises $10M and Tokenizes Home Equity Loans on Avalanche
[Summary]: Homium, a real-estate equity mortgage lender and securitization platform, has gone live with its first home equity loans on Avalanche.

The offering comes as real-world asset (RWA) tokenization contin...

[Headline]: Diamonds Arrive on a Blockchain With New Tokenized Fund on Avalanche Network
[Summary]: The security token backed by the Diamond Standard Fund is listed on the regulated Oasis Pro Markets, eligible for IRAs and available for institutional investors such as pension funds and endowments.

...

[Headline]: Avalanche Foundation Snaps Up KIMBO, COQ, and Three Other Tokens as First Meme Coin Investment
[Summary]: Meme tokens are quickly moving from joke coins to a sector that represents the digital culture of any blockchain – with major foundations now directly investing in the growth of such tokens.

Avalanch...



Based on all the information before 2024-07-26, let's first analyze the positive developments and potential concerns for AVAX-USD. Come up with 2-4 most important factors respectively and keep them concise. Most factors should be inferred from cryptocurrencies related news. Then let's assume your prediction for next week (2024-07-26 to 2024-08-02) is down by more than 5%. Provide a summary analysis to support your prediction. The prediction result need to be inferred from your analysis at the end, and thus not appearing as a foundational factor of your analysis.","**[Positive Developments]:
1. **Consistent RWA Tokenization**: The continuous addition of real-world asset tokenization projects, such as home equity loans and reinsurance funds, shows a steady growth in Avalanche's ecosystem.
2. **Meme Token Investment**: The Avalanche Foundation's investment in meme tokens indicates a proactive approach to engaging with the community and cultural aspects of the blockchain.

**[Potential Concerns]:
1. **Market Saturation**: The sustained positive news flow may lead to a temporary saturation, reducing the impact of new developments on the price.
2. **Dependence on News Cycle**: The close correlation between price movements and news developments raises concerns about sustainability during quieter news periods.

**[Prediction & Analysis]:
While the consistent growth in RWA tokenization and community engagement are positive, the potential for market saturation and dependence on the news cycle are concerns. Given these factors, a more than 5% decrease in AVAX-USD's price for the week of 2024-07-26 to 2024-08-02 is predicted. The market may experience a correction following the recent positive trends, leading to a temporary decline."
"[Cryptocurrency Introduction]: Avalanche (AVAX) is a cryptocurrency launched in 2020. Avalanche has a current supply of 456,531,720.31292176 with 421,529,020.31292176 in circulation. The last known price of Avalanche is 20.41352018 USD and is up 0.25 over the last 24 hours. It is currently trading on 919 active market(s) with $254,652,459.75 traded over the last 24 hours. More information can be found at https://avax.network/.. It has a market capilization of 8672030720.

From 2024-07-19 to 2024-07-26, AVAX-USD's stock price increased from 28.19 to 28.71. News during this period are listed below:

[Headline]: One-on-One with Avalanche’s Luigi D’Onorio DeMeo 
[Summary]: The interview was conducted by CoinDesk Indices and is not associated with CoinDesk editorial. The views and opinions expressed are those of the author and not associated with CoinDesk. This is not fi...

[Headline]: RWA Platform Re Debuts Tokenized Reinsurance Fund on Avalanche with $15M Commitment from Nexus Mutual
[Summary]: The new fund backs low-volatility insurances covering properties, trucking, aviation and workers compensation, excluding catastrophic risks at the start, Re CEO Karn Saroya said in an interview.

Re t...

[Headline]: Homium Raises $10M and Tokenizes Home Equity Loans on Avalanche
[Summary]: Homium, a real-estate equity mortgage lender and securitization platform, has gone live with its first home equity loans on Avalanche.

The offering comes as real-world asset (RWA) tokenization contin...

[Headline]: Diamonds Arrive on a Blockchain With New Tokenized Fund on Avalanche Network
[Summary]: The security token backed by the Diamond Standard Fund is listed on the regulated Oasis Pro Markets, eligible for IRAs and available for institutional investors such as pension funds and endowments.

...

[Headline]: Avalanche Foundation Snaps Up KIMBO, COQ, and Three Other Tokens as First Meme Coin Investment
[Summary]: Meme tokens are quickly moving from joke coins to a sector that represents the digital culture of any blockchain – with major foundations now directly investing in the growth of such tokens.

Avalanch...

From 2024-07-26 to 2024-08-02, AVAX-USD's stock price decreased from 28.71 to 23.59. News during this period are listed below:

[Headline]: California DMV Puts 42M Car Titles on the Avalanche Network in Digitization Push
[Summary]: California's Department of Motor Vehicles (DMV) digitized 42 million of car titles on the Avalanche {{AVAX}} network as part of development to modernize the state's title transfer process with softwar...



Based on all the information before 2024-08-02, let's first analyze the positive developments and potential concerns for AVAX-USD. Come up with 2-4 most important factors respectively and keep them concise. Most factors should be inferred from cryptocurrencies related news. Then let's assume your prediction for next week (2024-08-02 to 2024-08-09) is down by more than 5%. Provide a summary analysis to support your prediction. The prediction result need to be inferred from your analysis at the end, and thus not appearing as a foundational factor of your analysis.","**[Positive Developments]:
1. **Government Adoption**: The California DMV's digitization of car titles on the Avalanche network represents a significant government adoption of blockchain technology.
2. **Diversification of Use Cases**: The addition of new use cases, such as the digitization of government services, demonstrates the versatility of the Avalanche network.

**[Potential Concerns]:
1. **Regulatory Risks**: The involvement of government entities may introduce regulatory risks and compliance challenges.
2. **Market Reaction to News**: The market's reaction to the California DMV news may be mixed, as government adoption can be seen as both a positive development and a regulatory risk.

**[Prediction & Analysis]:
The government adoption of Avalanche for digitizing car titles is a significant positive development, indicating real-world use cases and versatility. However, the regulatory risks and potential market correction following recent gains are concerns. Given these factors, a more than 5% decrease in AVAX-USD's price for the week of 2024-08-02 to 2024-08-09 is predicted. The market may experience a temporary correction as it digests the implications of government adoption and regulatory risks."
"[Cryptocurrency Introduction]: Avalanche (AVAX) is a cryptocurrency launched in 2020. Avalanche has a current supply of 456,531,720.31292176 with 421,529,020.31292176 in circulation. The last known price of Avalanche is 20.41352018 USD and is up 0.25 over the last 24 hours. It is currently trading on 919 active market(s) with $254,652,459.75 traded over the last 24 hours. More information can be found at https://avax.network/.. It has a market capilization of 8672030720.

From 2024-08-02 to 2024-08-09, AVAX-USD's stock price decreased from 23.59 to 21.77. News during this period are listed below:

[Headline]: California DMV Puts 42M Car Titles on the Avalanche Network in Digitization Push
[Summary]: California's Department of Motor Vehicles (DMV) digitized 42 million of car titles on the Avalanche {{AVAX}} network as part of development to modernize the state's title transfer process with softwar...

[Headline]: One-on-One with Avalanche’s Luigi D’Onorio DeMeo 
[Summary]: The interview was conducted by CoinDesk Indices and is not associated with CoinDesk editorial. The views and opinions expressed are those of the author and not associated with CoinDesk. This is not fi...

[Headline]: RWA Platform Re Debuts Tokenized Reinsurance Fund on Avalanche with $15M Commitment from Nexus Mutual
[Summary]: The new fund backs low-volatility insurances covering properties, trucking, aviation and workers compensation, excluding catastrophic risks at the start, Re CEO Karn Saroya said in an interview.

Re t...

[Headline]: Homium Raises $10M and Tokenizes Home Equity Loans on Avalanche
[Summary]: Homium, a real-estate equity mortgage lender and securitization platform, has gone live with its first home equity loans on Avalanche.

The offering comes as real-world asset (RWA) tokenization contin...

[Headline]: Diamonds Arrive on a Blockchain With New Tokenized Fund on Avalanche Network
[Summary]: The security token backed by the Diamond Standard Fund is listed on the regulated Oasis Pro Markets, eligible for IRAs and available for institutional investors such as pension funds and endowments.

...



Based on all the information before 2024-08-09, let's first analyze the positive developments and potential concerns for AVAX-USD. Come up with 2-4 most important factors respectively and keep them concise. Most factors should be inferred from cryptocurrencies related news. Then let's assume your prediction for next week (2024-08-09 to 2024-08-16) is down by more than 5%. Provide a summary analysis to support your prediction. The prediction result need to be inferred from your analysis at the end, and thus not appearing as a foundational factor of your analysis.","**[Positive Developments]:
1. **Institutional Adoption**: California DMV's decision to digitize 42 million car titles on the Avalanche network is a significant endorsement of the blockchain's capabilities and potential for real-world applications.
2. **Investment Inflow**: The debut of a tokenized reinsurance fund on Avalanche with a $15M commitment from Nexus Mutual indicates growing institutional interest and investment in the Avalanche ecosystem.
3. **Diversification of Assets**: The tokenization of home equity loans and diamond funds on Avalanche shows the versatility and growing use cases of the platform, attracting more investors and users.

**[Potential Concerns]:
1. **Market Volatility**: The cryptocurrency market's inherent volatility could lead to abrupt price fluctuations, affecting AVAX despite positive developments.
2. **Regulatory Uncertainty**: The ever-changing regulatory landscape for cryptocurrencies and blockchain technology may pose risks to the continued adoption and growth of Avalanche.
3. **Competition**: Other blockchain platforms are also vying for market share in the real-world asset tokenization space, which could dilute Avalanche's potential gains.

**[Prediction & Analysis]:
The positive developments, particularly the institutional adoption and investment inflows, suggest a strong foundation for Avalanche's growth. However, the broader market volatility and regulatory uncertainties may overshadow these positives in the short term. The recent price decrease from 23.59 to 21.77 indicates a bearish trend, which could be exacerbated by profit-taking and market corrections. Additionally, the lack of new significant catalysts in the upcoming week may result in a continued downtrend. Therefore, a price decrease of more than 5% for the week of 2024-08-09 to 2024-08-16 is a likely scenario.**"
"[Cryptocurrency Introduction]: Avalanche (AVAX) is a cryptocurrency launched in 2020. Avalanche has a current supply of 456,531,720.31292176 with 421,529,020.31292176 in circulation. The last known price of Avalanche is 20.41352018 USD and is up 0.25 over the last 24 hours. It is currently trading on 919 active market(s) with $254,652,459.75 traded over the last 24 hours. More information can be found at https://avax.network/.. It has a market capilization of 8672030720.

From 2024-07-26 to 2024-08-02, AVAX-USD's stock price decreased from 28.71 to 23.59. News during this period are listed below:

[Headline]: California DMV Puts 42M Car Titles on the Avalanche Network in Digitization Push
[Summary]: California's Department of Motor Vehicles (DMV) digitized 42 million of car titles on the Avalanche {{AVAX}} network as part of development to modernize the state's title transfer process with softwar...

From 2024-08-02 to 2024-08-09, AVAX-USD's stock price decreased from 23.59 to 21.77. News during this period are listed below:

[Headline]: California DMV Puts 42M Car Titles on the Avalanche Network in Digitization Push
[Summary]: California's Department of Motor Vehicles (DMV) digitized 42 million of car titles on the Avalanche {{AVAX}} network as part of development to modernize the state's title transfer process with softwar...

[Headline]: One-on-One with Avalanche’s Luigi D’Onorio DeMeo 
[Summary]: The interview was conducted by CoinDesk Indices and is not associated with CoinDesk editorial. The views and opinions expressed are those of the author and not associated with CoinDesk. This is not fi...

[Headline]: RWA Platform Re Debuts Tokenized Reinsurance Fund on Avalanche with $15M Commitment from Nexus Mutual
[Summary]: The new fund backs low-volatility insurances covering properties, trucking, aviation and workers compensation, excluding catastrophic risks at the start, Re CEO Karn Saroya said in an interview.

Re t...

[Headline]: Homium Raises $10M and Tokenizes Home Equity Loans on Avalanche
[Summary]: Homium, a real-estate equity mortgage lender and securitization platform, has gone live with its first home equity loans on Avalanche.

The offering comes as real-world asset (RWA) tokenization contin...

[Headline]: Diamonds Arrive on a Blockchain With New Tokenized Fund on Avalanche Network
[Summary]: The security token backed by the Diamond Standard Fund is listed on the regulated Oasis Pro Markets, eligible for IRAs and available for institutional investors such as pension funds and endowments.

...

From 2024-08-09 to 2024-08-16, AVAX-USD's stock price decreased from 21.77 to 20.39. News during this period are listed below:

[Headline]: California DMV Puts 42M Car Titles on the Avalanche Network in Digitization Push
[Summary]: California's Department of Motor Vehicles (DMV) digitized 42 million of car titles on the Avalanche {{AVAX}} network as part of development to modernize the state's title transfer process with softwar...

[Headline]: One-on-One with Avalanche’s Luigi D’Onorio DeMeo 
[Summary]: The interview was conducted by CoinDesk Indices and is not associated with CoinDesk editorial. The views and opinions expressed are those of the author and not associated with CoinDesk. This is not fi...

[Headline]: RWA Platform Re Debuts Tokenized Reinsurance Fund on Avalanche with $15M Commitment from Nexus Mutual
[Summary]: The new fund backs low-volatility insurances covering properties, trucking, aviation and workers compensation, excluding catastrophic risks at the start, Re CEO Karn Saroya said in an interview.

Re t...

[Headline]: Homium Raises $10M and Tokenizes Home Equity Loans on Avalanche
[Summary]: Homium, a real-estate equity mortgage lender and securitization platform, has gone live with its first home equity loans on Avalanche.

The offering comes as real-world asset (RWA) tokenization contin...

[Headline]: Diamonds Arrive on a Blockchain With New Tokenized Fund on Avalanche Network
[Summary]: The security token backed by the Diamond Standard Fund is listed on the regulated Oasis Pro Markets, eligible for IRAs and available for institutional investors such as pension funds and endowments.

...



Based on all the information before 2024-08-16, let's first analyze the positive developments and potential concerns for AVAX-USD. Come up with 2-4 most important factors respectively and keep them concise. Most factors should be inferred from cryptocurrencies related news. Then let's assume your prediction for next week (2024-08-16 to 2024-08-23) is up by more than 5%. Provide a summary analysis to support your prediction. The prediction result need to be inferred from your analysis at the end, and thus not appearing as a foundational factor of your analysis.","**[Positive Developments]:
1. **Institutional Adoption**: California DMV's decision to digitize 42 million car titles on the Avalanche network is a significant endorsement of the blockchain's capabilities and potential for real-world applications.
2. **Investment Inflow**: The debut of a tokenized reinsurance fund on Avalanche with a $15M commitment from Nexus Mutual indicates growing institutional interest and investment in the Avalanche ecosystem.
3. **Diversification of Assets**: The tokenization of home equity loans and diamond funds on Avalanche shows the versatility and growing use cases of the platform, attracting more investors and users.

**[Potential Concerns]:
1. **Market Volatility**: The cryptocurrency market's inherent volatility could lead to abrupt price fluctuations, affecting AVAX despite positive developments.
2. **Regulatory Uncertainty**: The ever-changing regulatory landscape for cryptocurrencies and blockchain technology may pose risks to the continued adoption and growth of Avalanche.
3. **Competition**: Other blockchain platforms are also vying for market share in the real-world asset tokenization space, which could dilute Avalanche's potential gains.

**[Prediction & Analysis]:
The upcoming week's price movement will likely be influenced by the continued positive developments, particularly the institutional adoption and investment inflows. The recent price decrease appears to be stabilizing, and the growing use cases for Avalanche may attract more investors. Additionally, the market may be anticipating further positive news, such as additional institutional investments or partnerships. Therefore, a price increase of more than 5% for the week of 2024-08-16 to 2024-08-23 is a likely scenario.**"
"[Cryptocurrency Introduction]: Avalanche (AVAX) is a cryptocurrency launched in 2020. Avalanche has a current supply of 456,531,720.31292176 with 421,529,020.31292176 in circulation. The last known price of Avalanche is 20.41352018 USD and is up 0.25 over the last 24 hours. It is currently trading on 919 active market(s) with $254,652,459.75 traded over the last 24 hours. More information can be found at https://avax.network/.. It has a market capilization of 8672030720.

From 2024-08-02 to 2024-08-09, AVAX-USD's stock price decreased from 23.59 to 21.77. News during this period are listed below:

[Headline]: California DMV Puts 42M Car Titles on the Avalanche Network in Digitization Push
[Summary]: California's Department of Motor Vehicles (DMV) digitized 42 million of car titles on the Avalanche {{AVAX}} network as part of development to modernize the state's title transfer process with softwar...

[Headline]: One-on-One with Avalanche’s Luigi D’Onorio DeMeo 
[Summary]: The interview was conducted by CoinDesk Indices and is not associated with CoinDesk editorial. The views and opinions expressed are those of the author and not associated with CoinDesk. This is not fi...

[Headline]: RWA Platform Re Debuts Tokenized Reinsurance Fund on Avalanche with $15M Commitment from Nexus Mutual
[Summary]: The new fund backs low-volatility insurances covering properties, trucking, aviation and workers compensation, excluding catastrophic risks at the start, Re CEO Karn Saroya said in an interview.

Re t...

[Headline]: Homium Raises $10M and Tokenizes Home Equity Loans on Avalanche
[Summary]: Homium, a real-estate equity mortgage lender and securitization platform, has gone live with its first home equity loans on Avalanche.

The offering comes as real-world asset (RWA) tokenization contin...

[Headline]: Diamonds Arrive on a Blockchain With New Tokenized Fund on Avalanche Network
[Summary]: The security token backed by the Diamond Standard Fund is listed on the regulated Oasis Pro Markets, eligible for IRAs and available for institutional investors such as pension funds and endowments.

...

From 2024-08-09 to 2024-08-16, AVAX-USD's stock price decreased from 21.77 to 20.39. News during this period are listed below:

[Headline]: California DMV Puts 42M Car Titles on the Avalanche Network in Digitization Push
[Summary]: California's Department of Motor Vehicles (DMV) digitized 42 million of car titles on the Avalanche {{AVAX}} network as part of development to modernize the state's title transfer process with softwar...

[Headline]: One-on-One with Avalanche’s Luigi D’Onorio DeMeo 
[Summary]: The interview was conducted by CoinDesk Indices and is not associated with CoinDesk editorial. The views and opinions expressed are those of the author and not associated with CoinDesk. This is not fi...

[Headline]: RWA Platform Re Debuts Tokenized Reinsurance Fund on Avalanche with $15M Commitment from Nexus Mutual
[Summary]: The new fund backs low-volatility insurances covering properties, trucking, aviation and workers compensation, excluding catastrophic risks at the start, Re CEO Karn Saroya said in an interview.

Re t...

[Headline]: Homium Raises $10M and Tokenizes Home Equity Loans on Avalanche
[Summary]: Homium, a real-estate equity mortgage lender and securitization platform, has gone live with its first home equity loans on Avalanche.

The offering comes as real-world asset (RWA) tokenization contin...

[Headline]: Diamonds Arrive on a Blockchain With New Tokenized Fund on Avalanche Network
[Summary]: The security token backed by the Diamond Standard Fund is listed on the regulated Oasis Pro Markets, eligible for IRAs and available for institutional investors such as pension funds and endowments.

...

From 2024-08-16 to 2024-08-23, AVAX-USD's stock price increased from 20.39 to 26.52. News during this period are listed below:

[Headline]: Avalanche Becomes Latest Blockchain to Support Franklin Templeton's Tokenized Money Market Fund 
[Summary]: Franklin Templeton’s OnChain U.S. Government Money Market Fund (FOBXX) has expanded its availability to the Avalanche network in a bid to expand the fund's base.

“I think the Avalanche ecosystem repr...

[Headline]: Crypto Asset Manager Grayscale Offers AVAX Token Investment in New Avalanche Trust
[Summary]: The Grayscale Avalanche Trust offers investors exposure to the AVAX token, used to pay transaction fees and secure the high-speed, ultra-scalable blockchain.

Grayscale recently introduced a slew of d...



Based on all the information before 2024-08-23, let's first analyze the positive developments and potential concerns for AVAX-USD. Come up with 2-4 most important factors respectively and keep them concise. Most factors should be inferred from cryptocurrencies related news. Then let's assume your prediction for next week (2024-08-23 to 2024-08-30) is down by more than 5%. Provide a summary analysis to support your prediction. The prediction result need to be inferred from your analysis at the end, and thus not appearing as a foundational factor of your analysis.","**[Positive Developments]:
1. **Institutional Adoption**: California DMV's decision to digitize 42 million car titles on the Avalanche network is a significant endorsement of the blockchain's capabilities and potential for real-world applications.
2. **Investment Inflow**: The debut of a tokenized reinsurance fund on Avalanche with a $15M commitment from Nexus Mutual indicates growing institutional interest and investment in the Avalanche ecosystem.
3. **Diversification of Assets**: The tokenization of home equity loans and diamond funds on Avalanche shows the versatility and growing use cases of the platform, attracting more investors and users.
4. **Grayscale Avalanche Trust**: The launch of the Grayscale Avalanche Trust offers investors exposure to the AVAX token, potentially increasing demand and liquidity.

**[Potential Concerns]:
1. **Market Volatility**: The cryptocurrency market's inherent volatility could lead to abrupt price fluctuations, affecting AVAX despite positive developments.
2. **Regulatory Uncertainty**: The ever-changing regulatory landscape for cryptocurrencies and blockchain technology may pose risks to the continued adoption and growth of Avalanche.
3. **Competition**: Other blockchain platforms are also vying for market share in the real-world asset tokenization space, which could dilute Avalanche's potential gains.

**[Prediction & Analysis]:
The recent price increase from 20.39 to 26.52 indicates a bullish trend, supported by the positive developments such as the Grayscale Avalanche Trust and continued institutional adoption. However, the market may be due for a correction after such significant gains. Additionally, the lack of new catalysts in the upcoming week may result in profit-taking and a reversal of the recent price increase. Therefore, a price decrease of more than 5% for the week of 2024-08-23 to 2024-08-30 is a likely scenario.**"
"[Cryptocurrency Introduction]: Avalanche (AVAX) is a cryptocurrency launched in 2020. Avalanche has a current supply of 456,531,720.31292176 with 421,529,020.31292176 in circulation. The last known price of Avalanche is 20.41352018 USD and is up 0.25 over the last 24 hours. It is currently trading on 919 active market(s) with $254,652,459.75 traded over the last 24 hours. More information can be found at https://avax.network/.. It has a market capilization of 8672030720.

From 2024-08-16 to 2024-08-23, AVAX-USD's stock price increased from 20.39 to 26.52. News during this period are listed below:

[Headline]: Avalanche Becomes Latest Blockchain to Support Franklin Templeton's Tokenized Money Market Fund 
[Summary]: Franklin Templeton’s OnChain U.S. Government Money Market Fund (FOBXX) has expanded its availability to the Avalanche network in a bid to expand the fund's base.

“I think the Avalanche ecosystem repr...

[Headline]: Crypto Asset Manager Grayscale Offers AVAX Token Investment in New Avalanche Trust
[Summary]: The Grayscale Avalanche Trust offers investors exposure to the AVAX token, used to pay transaction fees and secure the high-speed, ultra-scalable blockchain.

Grayscale recently introduced a slew of d...

From 2024-08-23 to 2024-08-30, AVAX-USD's stock price decreased from 26.52 to 23.29. News during this period are listed below:

[Headline]: Avalanche Becomes Latest Blockchain to Support Franklin Templeton's Tokenized Money Market Fund 
[Summary]: Franklin Templeton’s OnChain U.S. Government Money Market Fund (FOBXX) has expanded its availability to the Avalanche network in a bid to expand the fund's base.

“I think the Avalanche ecosystem repr...

[Headline]: Crypto Asset Manager Grayscale Offers AVAX Token Investment in New Avalanche Trust
[Summary]: The Grayscale Avalanche Trust offers investors exposure to the AVAX token, used to pay transaction fees and secure the high-speed, ultra-scalable blockchain.

Grayscale recently introduced a slew of d...

[Headline]: California DMV Puts 42M Car Titles on the Avalanche Network in Digitization Push
[Summary]: California's Department of Motor Vehicles (DMV) digitized 42 million of car titles on the Avalanche {{AVAX}} network as part of development to modernize the state's title transfer process with softwar...

[Headline]: One-on-One with Avalanche’s Luigi D’Onorio DeMeo 
[Summary]: The interview was conducted by CoinDesk Indices and is not associated with CoinDesk editorial. The views and opinions expressed are those of the author and not associated with CoinDesk. This is not fi...

[Headline]: RWA Platform Re Debuts Tokenized Reinsurance Fund on Avalanche with $15M Commitment from Nexus Mutual
[Summary]: The new fund backs low-volatility insurances covering properties, trucking, aviation and workers compensation, excluding catastrophic risks at the start, Re CEO Karn Saroya said in an interview.

Re t...



Based on all the information before 2024-08-30, let's first analyze the positive developments and potential concerns for AVAX-USD. Come up with 2-4 most important factors respectively and keep them concise. Most factors should be inferred from cryptocurrencies related news. Then let's assume your prediction for next week (2024-08-30 to 2024-09-06) is down by more than 5%. Provide a summary analysis to support your prediction. The prediction result need to be inferred from your analysis at the end, and thus not appearing as a foundational factor of your analysis.","**[Positive Developments]:
1. **Institutional Adoption**: California DMV's decision to digitize 42 million car titles on the Avalanche network is a significant endorsement of the blockchain's capabilities and potential for real-world applications.
2. **Investment Inflow**: The debut of a tokenized reinsurance fund on Avalanche with a $15M commitment from Nexus Mutual indicates growing institutional interest and investment in the Avalanche ecosystem.
3. **Grayscale Avalanche Trust**: The launch of the Grayscale Avalanche Trust offers investors exposure to the AVAX token, potentially increasing demand and liquidity.
4. **Franklin Templeton's Money Market Fund**: The expansion of Franklin Templeton's OnChain U.S. Government Money Market Fund to the Avalanche network indicates growing institutional support and potential liquidity for AVAX.

**[Potential Concerns]:
1. **Market Volatility**: The cryptocurrency market's inherent volatility could lead to abrupt price fluctuations, affecting AVAX despite positive developments.
2. **Regulatory Uncertainty**: The ever-changing regulatory landscape for cryptocurrencies and blockchain technology may pose risks to the continued adoption and growth of Avalanche.
3. **Competition**: Other blockchain platforms are also vying for market share in the real-world asset tokenization space, which could dilute Avalanche's potential gains.

**[Prediction & Analysis]:
The recent price decrease from 26.52 to 23.29 indicates a bearish trend, which may continue into the upcoming week. The market may still be reacting to the recent significant gains, and the lack of new catalysts may result in a continued downtrend. Additionally, regulatory uncertainties and market volatility may contribute to a further price decrease. Therefore, a price decrease of more than 5% for the week of 2024-08-30 to 2024-09-06 is a likely scenario.**"
"[Cryptocurrency Introduction]: Avalanche (AVAX) is a cryptocurrency launched in 2020. Avalanche has a current supply of 456,531,720.31292176 with 421,529,020.31292176 in circulation. The last known price of Avalanche is 20.41352018 USD and is up 0.25 over the last 24 hours. It is currently trading on 919 active market(s) with $254,652,459.75 traded over the last 24 hours. More information can be found at https://avax.network/.. It has a market capilization of 8672030720.

From 2024-08-23 to 2024-08-30, AVAX-USD's stock price decreased from 26.52 to 23.29. News during this period are listed below:

[Headline]: Avalanche Becomes Latest Blockchain to Support Franklin Templeton's Tokenized Money Market Fund 
[Summary]: Franklin Templeton’s OnChain U.S. Government Money Market Fund (FOBXX) has expanded its availability to the Avalanche network in a bid to expand the fund's base.

“I think the Avalanche ecosystem repr...

[Headline]: Crypto Asset Manager Grayscale Offers AVAX Token Investment in New Avalanche Trust
[Summary]: The Grayscale Avalanche Trust offers investors exposure to the AVAX token, used to pay transaction fees and secure the high-speed, ultra-scalable blockchain.

Grayscale recently introduced a slew of d...

[Headline]: California DMV Puts 42M Car Titles on the Avalanche Network in Digitization Push
[Summary]: California's Department of Motor Vehicles (DMV) digitized 42 million of car titles on the Avalanche {{AVAX}} network as part of development to modernize the state's title transfer process with softwar...

[Headline]: One-on-One with Avalanche’s Luigi D’Onorio DeMeo 
[Summary]: The interview was conducted by CoinDesk Indices and is not associated with CoinDesk editorial. The views and opinions expressed are those of the author and not associated with CoinDesk. This is not fi...

[Headline]: RWA Platform Re Debuts Tokenized Reinsurance Fund on Avalanche with $15M Commitment from Nexus Mutual
[Summary]: The new fund backs low-volatility insurances covering properties, trucking, aviation and workers compensation, excluding catastrophic risks at the start, Re CEO Karn Saroya said in an interview.

Re t...

From 2024-08-30 to 2024-09-06, AVAX-USD's stock price decreased from 23.29 to 21.15. News during this period are listed below:

[Headline]: Avalanche Becomes Latest Blockchain to Support Franklin Templeton's Tokenized Money Market Fund 
[Summary]: Franklin Templeton’s OnChain U.S. Government Money Market Fund (FOBXX) has expanded its availability to the Avalanche network in a bid to expand the fund's base.

“I think the Avalanche ecosystem repr...

[Headline]: Crypto Asset Manager Grayscale Offers AVAX Token Investment in New Avalanche Trust
[Summary]: The Grayscale Avalanche Trust offers investors exposure to the AVAX token, used to pay transaction fees and secure the high-speed, ultra-scalable blockchain.

Grayscale recently introduced a slew of d...

[Headline]: California DMV Puts 42M Car Titles on the Avalanche Network in Digitization Push
[Summary]: California's Department of Motor Vehicles (DMV) digitized 42 million of car titles on the Avalanche {{AVAX}} network as part of development to modernize the state's title transfer process with softwar...

[Headline]: One-on-One with Avalanche’s Luigi D’Onorio DeMeo 
[Summary]: The interview was conducted by CoinDesk Indices and is not associated with CoinDesk editorial. The views and opinions expressed are those of the author and not associated with CoinDesk. This is not fi...

[Headline]: RWA Platform Re Debuts Tokenized Reinsurance Fund on Avalanche with $15M Commitment from Nexus Mutual
[Summary]: The new fund backs low-volatility insurances covering properties, trucking, aviation and workers compensation, excluding catastrophic risks at the start, Re CEO Karn Saroya said in an interview.

Re t...



Based on all the information before 2024-09-06, let's first analyze the positive developments and potential concerns for AVAX-USD. Come up with 2-4 most important factors respectively and keep them concise. Most factors should be inferred from cryptocurrencies related news. Then let's assume your prediction for next week (2024-09-06 to 2024-09-13) is up by more than 5%. Provide a summary analysis to support your prediction. The prediction result need to be inferred from your analysis at the end, and thus not appearing as a foundational factor of your analysis.","**[Positive Developments]:
1. **Institutional Adoption**: California DMV's decision to digitize 42 million car titles on the Avalanche network is a significant endorsement of the blockchain's capabilities and potential for real-world applications.
2. **Investment Inflow**: The debut of a tokenized reinsurance fund on Avalanche with a $15M commitment from Nexus Mutual indicates growing institutional interest and investment in the Avalanche ecosystem.
3. **Grayscale Avalanche Trust**: The launch of the Grayscale Avalanche Trust offers investors exposure to the AVAX token, potentially increasing demand and liquidity.
4. **Franklin Templeton's Money Market Fund**: The expansion of Franklin Templeton's OnChain U.S. Government Money Market Fund to the Avalanche network indicates growing institutional support and potential liquidity for AVAX.

**[Potential Concerns]:
1. **Market Volatility**: The cryptocurrency market's inherent volatility could lead to abrupt price fluctuations, affecting AVAX despite positive developments.
2. **Regulatory Uncertainty**: The ever-changing regulatory landscape for cryptocurrencies and blockchain technology may pose risks to the continued adoption and growth of Avalanche.
3. **Competition**: Other blockchain platforms are also vying for market share in the real-world asset tokenization space, which could dilute Avalanche's potential gains.

**[Prediction & Analysis]:
The recent price decrease from 23.29 to 21.15 indicates a bearish trend, which may be due for a reversal in the upcoming week. The continued positive developments, such as the Grayscale Avalanche Trust and Franklin Templeton's Money Market Fund, may attract more investors and increase demand for AVAX. Additionally, the market may be anticipating further positive news, such as additional institutional investments or partnerships. Therefore, a price increase of more than 5% for the week of 2024-09-06 to 2024-09-13 is a likely scenario.**"
"[Cryptocurrency Introduction]: Avalanche (AVAX) is a cryptocurrency launched in 2020. Avalanche has a current supply of 456,531,720.31292176 with 421,529,020.31292176 in circulation. The last known price of Avalanche is 20.41352018 USD and is up 0.25 over the last 24 hours. It is currently trading on 919 active market(s) with $254,652,459.75 traded over the last 24 hours. More information can be found at https://avax.network/.. It has a market capilization of 8672030720.

From 2024-08-30 to 2024-09-06, AVAX-USD's stock price decreased from 23.29 to 21.15. News during this period are listed below:

[Headline]: Avalanche Becomes Latest Blockchain to Support Franklin Templeton's Tokenized Money Market Fund 
[Summary]: Franklin Templeton’s OnChain U.S. Government Money Market Fund (FOBXX) has expanded its availability to the Avalanche network in a bid to expand the fund's base.

“I think the Avalanche ecosystem repr...

[Headline]: Crypto Asset Manager Grayscale Offers AVAX Token Investment in New Avalanche Trust
[Summary]: The Grayscale Avalanche Trust offers investors exposure to the AVAX token, used to pay transaction fees and secure the high-speed, ultra-scalable blockchain.

Grayscale recently introduced a slew of d...

[Headline]: California DMV Puts 42M Car Titles on the Avalanche Network in Digitization Push
[Summary]: California's Department of Motor Vehicles (DMV) digitized 42 million of car titles on the Avalanche {{AVAX}} network as part of development to modernize the state's title transfer process with softwar...

[Headline]: One-on-One with Avalanche’s Luigi D’Onorio DeMeo 
[Summary]: The interview was conducted by CoinDesk Indices and is not associated with CoinDesk editorial. The views and opinions expressed are those of the author and not associated with CoinDesk. This is not fi...

[Headline]: RWA Platform Re Debuts Tokenized Reinsurance Fund on Avalanche with $15M Commitment from Nexus Mutual
[Summary]: The new fund backs low-volatility insurances covering properties, trucking, aviation and workers compensation, excluding catastrophic risks at the start, Re CEO Karn Saroya said in an interview.

Re t...

From 2024-09-06 to 2024-09-13, AVAX-USD's stock price increased from 21.15 to 24.95. News during this period are listed below:

[Headline]: Avalanche Becomes Latest Blockchain to Support Franklin Templeton's Tokenized Money Market Fund 
[Summary]: Franklin Templeton’s OnChain U.S. Government Money Market Fund (FOBXX) has expanded its availability to the Avalanche network in a bid to expand the fund's base.

“I think the Avalanche ecosystem repr...

[Headline]: Crypto Asset Manager Grayscale Offers AVAX Token Investment in New Avalanche Trust
[Summary]: The Grayscale Avalanche Trust offers investors exposure to the AVAX token, used to pay transaction fees and secure the high-speed, ultra-scalable blockchain.

Grayscale recently introduced a slew of d...

[Headline]: California DMV Puts 42M Car Titles on the Avalanche Network in Digitization Push
[Summary]: California's Department of Motor Vehicles (DMV) digitized 42 million of car titles on the Avalanche {{AVAX}} network as part of development to modernize the state's title transfer process with softwar...

[Headline]: One-on-One with Avalanche’s Luigi D’Onorio DeMeo 
[Summary]: The interview was conducted by CoinDesk Indices and is not associated with CoinDesk editorial. The views and opinions expressed are those of the author and not associated with CoinDesk. This is not fi...

[Headline]: RWA Platform Re Debuts Tokenized Reinsurance Fund on Avalanche with $15M Commitment from Nexus Mutual
[Summary]: The new fund backs low-volatility insurances covering properties, trucking, aviation and workers compensation, excluding catastrophic risks at the start, Re CEO Karn Saroya said in an interview.

Re t...



Based on all the information before 2024-09-13, let's first analyze the positive developments and potential concerns for AVAX-USD. Come up with 2-4 most important factors respectively and keep them concise. Most factors should be inferred from cryptocurrencies related news. Then let's assume your prediction for next week (2024-09-13 to 2024-09-20) is up by more than 5%. Provide a summary analysis to support your prediction. The prediction result need to be inferred from your analysis at the end, and thus not appearing as a foundational factor of your analysis.","**[Positive Developments]:**
1. **Institutional Adoption**: Franklin Templeton expanding its tokenized money market fund to the Avalanche network signals growing institutional interest.
2. **Investment Opportunities**: Grayscale's Avalanche Trust offers investors exposure to AVAX, potentially increasing demand.
3. **Real-World Use Cases**: California DMV's digitization of car titles on the Avalanche network showcases practical applications.
4. **Ecosystem Growth**: The debut of a tokenized reinsurance fund on Avalanche indicates expanding use cases in the financial sector.

**[Potential Concerns]:**
1. **Market Volatility**: Cryptocurrencies are known for their high volatility, which can lead to sudden price drops.
2. **Regulatory Uncertainty**: The regulatory environment for cryptocurrencies is still evolving, which could impact AVAX's price.
3. **Competition**: Other blockchain networks are also vying for similar partnerships and use cases, which could dilute Avalanche's advantages.

**[Prediction & Analysis]:**
The positive developments, such as institutional adoption and real-world use cases, suggest a strong foundation for growth. The expansion of Franklin Templeton's fund and Grayscale's trust indicates increasing institutional interest, which can drive demand and prices higher. Additionally, practical applications like the California DMV's digitization project demonstrate Avalanche's utility, further bolstering its value proposition. Despite potential concerns like market volatility and regulatory uncertainty, the overall sentiment is bullish. Therefore, a price increase of more than 5% for the upcoming week is justified."
"[Cryptocurrency Introduction]: Avalanche (AVAX) is a cryptocurrency launched in 2020. Avalanche has a current supply of 456,531,720.31292176 with 421,529,020.31292176 in circulation. The last known price of Avalanche is 20.41352018 USD and is up 0.25 over the last 24 hours. It is currently trading on 919 active market(s) with $254,652,459.75 traded over the last 24 hours. More information can be found at https://avax.network/.. It has a market capilization of 8672030720.

From 2024-09-13 to 2024-09-20, AVAX-USD's stock price increased from 24.95 to 27.60. News during this period are listed below:

[Headline]: Avalanche Becomes Latest Blockchain to Support Franklin Templeton's Tokenized Money Market Fund 
[Summary]: Franklin Templeton’s OnChain U.S. Government Money Market Fund (FOBXX) has expanded its availability to the Avalanche network in a bid to expand the fund's base.

“I think the Avalanche ecosystem repr...

[Headline]: Crypto Asset Manager Grayscale Offers AVAX Token Investment in New Avalanche Trust
[Summary]: The Grayscale Avalanche Trust offers investors exposure to the AVAX token, used to pay transaction fees and secure the high-speed, ultra-scalable blockchain.

Grayscale recently introduced a slew of d...

[Headline]: California DMV Puts 42M Car Titles on the Avalanche Network in Digitization Push
[Summary]: California's Department of Motor Vehicles (DMV) digitized 42 million of car titles on the Avalanche {{AVAX}} network as part of development to modernize the state's title transfer process with softwar...

[Headline]: One-on-One with Avalanche’s Luigi D’Onorio DeMeo 
[Summary]: The interview was conducted by CoinDesk Indices and is not associated with CoinDesk editorial. The views and opinions expressed are those of the author and not associated with CoinDesk. This is not fi...

[Headline]: RWA Platform Re Debuts Tokenized Reinsurance Fund on Avalanche with $15M Commitment from Nexus Mutual
[Summary]: The new fund backs low-volatility insurances covering properties, trucking, aviation and workers compensation, excluding catastrophic risks at the start, Re CEO Karn Saroya said in an interview.

Re t...



Based on all the information before 2024-09-20, let's first analyze the positive developments and potential concerns for AVAX-USD. Come up with 2-4 most important factors respectively and keep them concise. Most factors should be inferred from cryptocurrencies related news. Then let's assume your prediction for next week (2024-09-20 to 2024-09-27) is up by more than 5%. Provide a summary analysis to support your prediction. The prediction result need to be inferred from your analysis at the end, and thus not appearing as a foundational factor of your analysis.","**[Positive Developments]:**
1. **Continued Institutional Support**: Franklin Templeton's expansion and Grayscale's trust continue to drive institutional involvement.
2. **Government Adoption**: California DMV's use of Avalanche for digitizing car titles highlights its reliability and scalability.
3. **Financial Innovation**: The tokenized reinsurance fund showcases Avalanche's versatility in financial services.
4. **Market Sentiment**: The recent price increase from 24.95 to 27.60 indicates bullish market sentiment.

**[Potential Concerns]:**
1. **Technical Challenges**: Any technical issues or delays in Avalanche's network upgrades could negatively impact the price.
2. **Market Saturation**: Increased competition from other blockchains could limit Avalanche's growth potential.
3. **Economic Factors**: Macroeconomic conditions, such as interest rate changes or economic downturns, could affect investor sentiment.

**[Prediction & Analysis]:**
The continued support from institutions and the practical applications of Avalanche's technology are strong indicators of its potential for growth. The recent price increase reflects positive market sentiment, which is likely to continue as more use cases and partnerships are announced. While technical challenges and market saturation are concerns, the overall outlook remains optimistic. Therefore, a price increase of more than 5% for the upcoming week is reasonable."
"[Cryptocurrency Introduction]: Avalanche (AVAX) is a cryptocurrency launched in 2020. Avalanche has a current supply of 456,531,720.31292176 with 421,529,020.31292176 in circulation. The last known price of Avalanche is 20.41352018 USD and is up 0.25 over the last 24 hours. It is currently trading on 919 active market(s) with $254,652,459.75 traded over the last 24 hours. More information can be found at https://avax.network/.. It has a market capilization of 8672030720.

From 2024-09-06 to 2024-09-13, AVAX-USD's stock price increased from 21.15 to 24.95. News during this period are listed below:

[Headline]: Avalanche Becomes Latest Blockchain to Support Franklin Templeton's Tokenized Money Market Fund 
[Summary]: Franklin Templeton’s OnChain U.S. Government Money Market Fund (FOBXX) has expanded its availability to the Avalanche network in a bid to expand the fund's base.

“I think the Avalanche ecosystem repr...

[Headline]: Crypto Asset Manager Grayscale Offers AVAX Token Investment in New Avalanche Trust
[Summary]: The Grayscale Avalanche Trust offers investors exposure to the AVAX token, used to pay transaction fees and secure the high-speed, ultra-scalable blockchain.

Grayscale recently introduced a slew of d...

[Headline]: California DMV Puts 42M Car Titles on the Avalanche Network in Digitization Push
[Summary]: California's Department of Motor Vehicles (DMV) digitized 42 million of car titles on the Avalanche {{AVAX}} network as part of development to modernize the state's title transfer process with softwar...

[Headline]: One-on-One with Avalanche’s Luigi D’Onorio DeMeo 
[Summary]: The interview was conducted by CoinDesk Indices and is not associated with CoinDesk editorial. The views and opinions expressed are those of the author and not associated with CoinDesk. This is not fi...

[Headline]: RWA Platform Re Debuts Tokenized Reinsurance Fund on Avalanche with $15M Commitment from Nexus Mutual
[Summary]: The new fund backs low-volatility insurances covering properties, trucking, aviation and workers compensation, excluding catastrophic risks at the start, Re CEO Karn Saroya said in an interview.

Re t...

From 2024-09-13 to 2024-09-20, AVAX-USD's stock price increased from 24.95 to 27.60. News during this period are listed below:

[Headline]: Avalanche Becomes Latest Blockchain to Support Franklin Templeton's Tokenized Money Market Fund 
[Summary]: Franklin Templeton’s OnChain U.S. Government Money Market Fund (FOBXX) has expanded its availability to the Avalanche network in a bid to expand the fund's base.

“I think the Avalanche ecosystem repr...

[Headline]: Crypto Asset Manager Grayscale Offers AVAX Token Investment in New Avalanche Trust
[Summary]: The Grayscale Avalanche Trust offers investors exposure to the AVAX token, used to pay transaction fees and secure the high-speed, ultra-scalable blockchain.

Grayscale recently introduced a slew of d...

[Headline]: California DMV Puts 42M Car Titles on the Avalanche Network in Digitization Push
[Summary]: California's Department of Motor Vehicles (DMV) digitized 42 million of car titles on the Avalanche {{AVAX}} network as part of development to modernize the state's title transfer process with softwar...

[Headline]: One-on-One with Avalanche’s Luigi D’Onorio DeMeo 
[Summary]: The interview was conducted by CoinDesk Indices and is not associated with CoinDesk editorial. The views and opinions expressed are those of the author and not associated with CoinDesk. This is not fi...

[Headline]: RWA Platform Re Debuts Tokenized Reinsurance Fund on Avalanche with $15M Commitment from Nexus Mutual
[Summary]: The new fund backs low-volatility insurances covering properties, trucking, aviation and workers compensation, excluding catastrophic risks at the start, Re CEO Karn Saroya said in an interview.

Re t...

From 2024-09-20 to 2024-09-27, AVAX-USD's stock price increased from 27.60 to 30.45. News during this period are listed below:

[Headline]: Avalanche Unveils $40M Grant Program Ahead of 'Avalanche9000' Upgrade
[Summary]: The foundation supporting the Avalanche network is releasing a $40 million grant program to reward developers for building new protocols in the blockchain ecosystem.

The program, called Retro9000, is...



Based on all the information before 2024-09-27, let's first analyze the positive developments and potential concerns for AVAX-USD. Come up with 2-4 most important factors respectively and keep them concise. Most factors should be inferred from cryptocurrencies related news. Then let's assume your prediction for next week (2024-09-27 to 2024-10-04) is down by more than 5%. Provide a summary analysis to support your prediction. The prediction result need to be inferred from your analysis at the end, and thus not appearing as a foundational factor of your analysis.","**[Positive Developments]:**
1. **Developer Incentives**: The $40M grant program aims to attract more developers, potentially leading to innovative protocols on Avalanche.
2. **Network Upgrades**: The upcoming 'Avalanche9000' upgrade could enhance the network's capabilities and attractiveness.
3. **Consistent Institutional Interest**: Continued support from Franklin Templeton and Grayscale bolsters Avalanche's credibility.
4. **Real-World Applications**: The California DMV's use of Avalanche for digitizing car titles demonstrates its real-world utility.

**[Potential Concerns]:**
1. **Post-Upgrade Issues**: Any issues arising from the 'Avalanche9000' upgrade could negatively impact the network's reputation.
2. **Investor Fatigue**: Continued hype without substantial new developments could lead to investor fatigue.
3. **Regulatory Risks**: Changes in regulatory policies could affect the cryptocurrency market, including AVAX.

**[Prediction & Analysis]:**
The introduction of the $40M grant program and the upcoming 'Avalanche9000' upgrade are significant positive developments that could drive innovation and enhance the network's capabilities. However, the potential for post-upgrade issues and investor fatigue, coupled with regulatory risks, could lead to a temporary downturn. Therefore, a price decrease of more than 5% for the upcoming week is anticipated."
"[Cryptocurrency Introduction]: Avalanche (AVAX) is a cryptocurrency launched in 2020. Avalanche has a current supply of 456,531,720.31292176 with 421,529,020.31292176 in circulation. The last known price of Avalanche is 20.41352018 USD and is up 0.25 over the last 24 hours. It is currently trading on 919 active market(s) with $254,652,459.75 traded over the last 24 hours. More information can be found at https://avax.network/.. It has a market capilization of 8672030720.

From 2024-09-27 to 2024-10-04, AVAX-USD's stock price decreased from 30.45 to 26.24. News during this period are listed below:

[Headline]: Avalanche Unveils $40M Grant Program Ahead of 'Avalanche9000' Upgrade
[Summary]: The foundation supporting the Avalanche network is releasing a $40 million grant program to reward developers for building new protocols in the blockchain ecosystem.

The program, called Retro9000, is...

[Headline]: Avalanche Becomes Latest Blockchain to Support Franklin Templeton's Tokenized Money Market Fund 
[Summary]: Franklin Templeton’s OnChain U.S. Government Money Market Fund (FOBXX) has expanded its availability to the Avalanche network in a bid to expand the fund's base.

“I think the Avalanche ecosystem repr...

[Headline]: Crypto Asset Manager Grayscale Offers AVAX Token Investment in New Avalanche Trust
[Summary]: The Grayscale Avalanche Trust offers investors exposure to the AVAX token, used to pay transaction fees and secure the high-speed, ultra-scalable blockchain.

Grayscale recently introduced a slew of d...

[Headline]: California DMV Puts 42M Car Titles on the Avalanche Network in Digitization Push
[Summary]: California's Department of Motor Vehicles (DMV) digitized 42 million of car titles on the Avalanche {{AVAX}} network as part of development to modernize the state's title transfer process with softwar...

[Headline]: One-on-One with Avalanche’s Luigi D’Onorio DeMeo 
[Summary]: The interview was conducted by CoinDesk Indices and is not associated with CoinDesk editorial. The views and opinions expressed are those of the author and not associated with CoinDesk. This is not fi...



Based on all the information before 2024-10-04, let's first analyze the positive developments and potential concerns for AVAX-USD. Come up with 2-4 most important factors respectively and keep them concise. Most factors should be inferred from cryptocurrencies related news. Then let's assume your prediction for next week (2024-10-04 to 2024-10-11) is up by 4-5%. Provide a summary analysis to support your prediction. The prediction result need to be inferred from your analysis at the end, and thus not appearing as a foundational factor of your analysis.","**[Positive Developments]:**
1. **Network Improvements**: The 'Avalanche9000' upgrade and the $40M grant program are expected to enhance the network's functionality and attractiveness.
2. **Institutional Backing**: Continued support from Franklin Templeton and Grayscale indicates strong institutional interest.
3. **Government Use Cases**: The California DMV's adoption of Avalanche showcases its practical applications.
4. **Market Correction**: The recent price decrease could be seen as a market correction, presenting a buying opportunity.

**[Potential Concerns]:**
1. **Upgrade Delays**: Any delays or issues with the 'Avalanche9000' upgrade could negatively impact market sentiment.
2. **Competitive Pressure**: Other blockchains are also innovating, which could limit Avalanche's growth.
3. **Economic Uncertainty**: Global economic conditions could affect investor sentiment and market volatility.

**[Prediction & Analysis]:**
The recent price decrease could be seen as a market correction, presenting a buying opportunity for investors. The upcoming network improvements and continued institutional backing are positive indicators. However, potential concerns such as upgrade delays and competitive pressure could limit growth. Therefore, a modest price increase of 4-5% for the upcoming week is expected."
"[Cryptocurrency Introduction]: Avalanche (AVAX) is a cryptocurrency launched in 2020. Avalanche has a current supply of 456,531,720.31292176 with 421,529,020.31292176 in circulation. The last known price of Avalanche is 20.41352018 USD and is up 0.25 over the last 24 hours. It is currently trading on 919 active market(s) with $254,652,459.75 traded over the last 24 hours. More information can be found at https://avax.network/.. It has a market capilization of 8672030720.

From 2024-09-13 to 2024-09-20, AVAX-USD's stock price increased from 24.95 to 27.60. News during this period are listed below:

[Headline]: Avalanche Becomes Latest Blockchain to Support Franklin Templeton's Tokenized Money Market Fund 
[Summary]: Franklin Templeton’s OnChain U.S. Government Money Market Fund (FOBXX) has expanded its availability to the Avalanche network in a bid to expand the fund's base.

“I think the Avalanche ecosystem repr...

[Headline]: Crypto Asset Manager Grayscale Offers AVAX Token Investment in New Avalanche Trust
[Summary]: The Grayscale Avalanche Trust offers investors exposure to the AVAX token, used to pay transaction fees and secure the high-speed, ultra-scalable blockchain.

Grayscale recently introduced a slew of d...

[Headline]: California DMV Puts 42M Car Titles on the Avalanche Network in Digitization Push
[Summary]: California's Department of Motor Vehicles (DMV) digitized 42 million of car titles on the Avalanche {{AVAX}} network as part of development to modernize the state's title transfer process with softwar...

[Headline]: One-on-One with Avalanche’s Luigi D’Onorio DeMeo 
[Summary]: The interview was conducted by CoinDesk Indices and is not associated with CoinDesk editorial. The views and opinions expressed are those of the author and not associated with CoinDesk. This is not fi...

[Headline]: RWA Platform Re Debuts Tokenized Reinsurance Fund on Avalanche with $15M Commitment from Nexus Mutual
[Summary]: The new fund backs low-volatility insurances covering properties, trucking, aviation and workers compensation, excluding catastrophic risks at the start, Re CEO Karn Saroya said in an interview.

Re t...

From 2024-09-20 to 2024-09-27, AVAX-USD's stock price increased from 27.60 to 30.45. News during this period are listed below:

[Headline]: Avalanche Unveils $40M Grant Program Ahead of 'Avalanche9000' Upgrade
[Summary]: The foundation supporting the Avalanche network is releasing a $40 million grant program to reward developers for building new protocols in the blockchain ecosystem.

The program, called Retro9000, is...

From 2024-09-27 to 2024-10-04, AVAX-USD's stock price decreased from 30.45 to 26.24. News during this period are listed below:

[Headline]: Avalanche Unveils $40M Grant Program Ahead of 'Avalanche9000' Upgrade
[Summary]: The foundation supporting the Avalanche network is releasing a $40 million grant program to reward developers for building new protocols in the blockchain ecosystem.

The program, called Retro9000, is...

[Headline]: Avalanche Becomes Latest Blockchain to Support Franklin Templeton's Tokenized Money Market Fund 
[Summary]: Franklin Templeton’s OnChain U.S. Government Money Market Fund (FOBXX) has expanded its availability to the Avalanche network in a bid to expand the fund's base.

“I think the Avalanche ecosystem repr...

[Headline]: Crypto Asset Manager Grayscale Offers AVAX Token Investment in New Avalanche Trust
[Summary]: The Grayscale Avalanche Trust offers investors exposure to the AVAX token, used to pay transaction fees and secure the high-speed, ultra-scalable blockchain.

Grayscale recently introduced a slew of d...

[Headline]: California DMV Puts 42M Car Titles on the Avalanche Network in Digitization Push
[Summary]: California's Department of Motor Vehicles (DMV) digitized 42 million of car titles on the Avalanche {{AVAX}} network as part of development to modernize the state's title transfer process with softwar...

[Headline]: One-on-One with Avalanche’s Luigi D’Onorio DeMeo 
[Summary]: The interview was conducted by CoinDesk Indices and is not associated with CoinDesk editorial. The views and opinions expressed are those of the author and not associated with CoinDesk. This is not fi...

From 2024-10-04 to 2024-10-11, AVAX-USD's stock price increased from 26.24 to 27.42. News during this period are listed below:

[Headline]: LatAm Bank Littio Ditches Ethereum for Avalanche as Demand for RWA Vaults Grows
[Summary]: Littio, a Colombian neobank, is enabling customers to access U.S. Treasury bills through crypto products.

Littio is switching vault holdings from Ethereum (ETH) to Avalanche (AVAX) to scale the produ...



Based on all the information before 2024-10-11, let's first analyze the positive developments and potential concerns for AVAX-USD. Come up with 2-4 most important factors respectively and keep them concise. Most factors should be inferred from cryptocurrencies related news. Then let's assume your prediction for next week (2024-10-11 to 2024-10-18) is up by 2-3%. Provide a summary analysis to support your prediction. The prediction result need to be inferred from your analysis at the end, and thus not appearing as a foundational factor of your analysis.","**[Positive Developments]:**
1. **LatAm Bank Adoption**: Littio's switch to Avalanche for its vault holdings signals growing adoption in the financial sector.
2. **Institutional Support**: Continued backing from Franklin Templeton and Grayscale bolsters Avalanche's credibility.
3. **Real-World Use Cases**: The California DMV's use of Avalanche for digitizing car titles highlights its practical applications.
4. **Ecosystem Growth**: The debut of a tokenized reinsurance fund on Avalanche indicates expanding use cases in the financial sector.

**[Potential Concerns]:**
1. **Market Volatility**: Cryptocurrencies are known for their high volatility, which can lead to sudden price drops.
2. **Regulatory Uncertainty**: The regulatory environment for cryptocurrencies is still evolving, which could impact AVAX's price.
3. **Competition**: Other blockchain networks are also vying for similar partnerships and use cases, which could dilute Avalanche's advantages.

**[Prediction & Analysis]:**
The adoption of Avalanche by LatAm Bank Littio and the continued institutional support are strong positive developments. The practical applications and expanding use cases in the financial sector further bolster Avalanche's value proposition. While market volatility and regulatory uncertainty are concerns, the overall sentiment is bullish. Therefore, a modest price increase of 2-3% for the upcoming week is anticipated."
"[Cryptocurrency Introduction]: Avalanche (AVAX) is a cryptocurrency launched in 2020. Avalanche has a current supply of 456,531,720.31292176 with 421,529,020.31292176 in circulation. The last known price of Avalanche is 20.41352018 USD and is up 0.25 over the last 24 hours. It is currently trading on 919 active market(s) with $254,652,459.75 traded over the last 24 hours. More information can be found at https://avax.network/.. It has a market capilization of 8672030720.

From 2024-10-11 to 2024-10-18, AVAX-USD's stock price increased from 27.42 to 28.10. News during this period are listed below:

[Headline]: LatAm Bank Littio Ditches Ethereum for Avalanche as Demand for RWA Vaults Grows
[Summary]: Littio, a Colombian neobank, is enabling customers to access U.S. Treasury bills through crypto products.

Littio is switching vault holdings from Ethereum (ETH) to Avalanche (AVAX) to scale the produ...

[Headline]: Avalanche Unveils $40M Grant Program Ahead of 'Avalanche9000' Upgrade
[Summary]: The foundation supporting the Avalanche network is releasing a $40 million grant program to reward developers for building new protocols in the blockchain ecosystem.

The program, called Retro9000, is...

[Headline]: Avalanche Becomes Latest Blockchain to Support Franklin Templeton's Tokenized Money Market Fund 
[Summary]: Franklin Templeton’s OnChain U.S. Government Money Market Fund (FOBXX) has expanded its availability to the Avalanche network in a bid to expand the fund's base.

“I think the Avalanche ecosystem repr...

[Headline]: Crypto Asset Manager Grayscale Offers AVAX Token Investment in New Avalanche Trust
[Summary]: The Grayscale Avalanche Trust offers investors exposure to the AVAX token, used to pay transaction fees and secure the high-speed, ultra-scalable blockchain.

Grayscale recently introduced a slew of d...

[Headline]: California DMV Puts 42M Car Titles on the Avalanche Network in Digitization Push
[Summary]: California's Department of Motor Vehicles (DMV) digitized 42 million of car titles on the Avalanche {{AVAX}} network as part of development to modernize the state's title transfer process with softwar...



Based on all the information before 2024-10-18, let's first analyze the positive developments and potential concerns for AVAX-USD. Come up with 2-4 most important factors respectively and keep them concise. Most factors should be inferred from cryptocurrencies related news. Then let's assume your prediction for next week (2024-10-18 to 2024-10-25) is down by more than 5%. Provide a summary analysis to support your prediction. The prediction result need to be inferred from your analysis at the end, and thus not appearing as a foundational factor of your analysis.","**[Positive Developments]: **
1. **Institutional Adoption**: Grayscale's Avalanche Trust and Franklin Templeton's tokenized money market fund expansion to Avalanche indicate growing institutional interest.
2. **Grant Program**: Avalanche's $40 million grant program aims to attract more developers, fostering ecosystem growth.
3. **Real-World Application**: California DMV's use of Avalanche for digitizing car titles shows practical use cases and government adoption.
4. **Neobank Support**: Littio switching from Ethereum to Avalanche for its vault holdings highlights Avalanche's scalability and potential.

**[Potential Concerns]: **
1. **Market Volatility**: The cryptocurrency market's inherent volatility could lead to sudden price drops.
2. **Regulatory Uncertainty**: Changes in regulatory policies could impact Avalanche's adoption and price.
3. **Competition**: Other blockchain platforms could introduce updates or partnerships that outshine Avalanche's offerings.
4. **Technical Issues**: Potential technical problems or delays in the upcoming 'Avalanche9000' upgrade could negatively affect the price.

**[Prediction & Analysis]: **
Avalanche (AVAX) has shown strong fundamentals with growing institutional interest, real-world applications, and developer incentives. However, the market's volatility and regulatory uncertainty pose significant risks. Despite the positive developments, the market's inherent instability could lead to a price correction. Additionally, the lack of new major partnerships or updates in the upcoming week could result in a slight downtrend. Therefore, considering these factors, the price of AVAX-USD might decrease by more than 5% in the next week (2024-10-18 to 2024-10-25)."
"[Cryptocurrency Introduction]: Avalanche (AVAX) is a cryptocurrency launched in 2020. Avalanche has a current supply of 456,531,720.31292176 with 421,529,020.31292176 in circulation. The last known price of Avalanche is 20.41352018 USD and is up 0.25 over the last 24 hours. It is currently trading on 919 active market(s) with $254,652,459.75 traded over the last 24 hours. More information can be found at https://avax.network/.. It has a market capilization of 8672030720.

From 2024-10-11 to 2024-10-18, AVAX-USD's stock price increased from 27.42 to 28.10. News during this period are listed below:

[Headline]: LatAm Bank Littio Ditches Ethereum for Avalanche as Demand for RWA Vaults Grows
[Summary]: Littio, a Colombian neobank, is enabling customers to access U.S. Treasury bills through crypto products.

Littio is switching vault holdings from Ethereum (ETH) to Avalanche (AVAX) to scale the produ...

[Headline]: Avalanche Unveils $40M Grant Program Ahead of 'Avalanche9000' Upgrade
[Summary]: The foundation supporting the Avalanche network is releasing a $40 million grant program to reward developers for building new protocols in the blockchain ecosystem.

The program, called Retro9000, is...

[Headline]: Avalanche Becomes Latest Blockchain to Support Franklin Templeton's Tokenized Money Market Fund 
[Summary]: Franklin Templeton’s OnChain U.S. Government Money Market Fund (FOBXX) has expanded its availability to the Avalanche network in a bid to expand the fund's base.

“I think the Avalanche ecosystem repr...

[Headline]: Crypto Asset Manager Grayscale Offers AVAX Token Investment in New Avalanche Trust
[Summary]: The Grayscale Avalanche Trust offers investors exposure to the AVAX token, used to pay transaction fees and secure the high-speed, ultra-scalable blockchain.

Grayscale recently introduced a slew of d...

[Headline]: California DMV Puts 42M Car Titles on the Avalanche Network in Digitization Push
[Summary]: California's Department of Motor Vehicles (DMV) digitized 42 million of car titles on the Avalanche {{AVAX}} network as part of development to modernize the state's title transfer process with softwar...

From 2024-10-18 to 2024-10-25, AVAX-USD's stock price decreased from 28.10 to 24.89. News during this period are listed below:

[Headline]: LatAm Bank Littio Ditches Ethereum for Avalanche as Demand for RWA Vaults Grows
[Summary]: Littio, a Colombian neobank, is enabling customers to access U.S. Treasury bills through crypto products.

Littio is switching vault holdings from Ethereum (ETH) to Avalanche (AVAX) to scale the produ...

[Headline]: Avalanche Unveils $40M Grant Program Ahead of 'Avalanche9000' Upgrade
[Summary]: The foundation supporting the Avalanche network is releasing a $40 million grant program to reward developers for building new protocols in the blockchain ecosystem.

The program, called Retro9000, is...

[Headline]: Avalanche Becomes Latest Blockchain to Support Franklin Templeton's Tokenized Money Market Fund 
[Summary]: Franklin Templeton’s OnChain U.S. Government Money Market Fund (FOBXX) has expanded its availability to the Avalanche network in a bid to expand the fund's base.

“I think the Avalanche ecosystem repr...

[Headline]: Crypto Asset Manager Grayscale Offers AVAX Token Investment in New Avalanche Trust
[Summary]: The Grayscale Avalanche Trust offers investors exposure to the AVAX token, used to pay transaction fees and secure the high-speed, ultra-scalable blockchain.

Grayscale recently introduced a slew of d...

[Headline]: California DMV Puts 42M Car Titles on the Avalanche Network in Digitization Push
[Summary]: California's Department of Motor Vehicles (DMV) digitized 42 million of car titles on the Avalanche {{AVAX}} network as part of development to modernize the state's title transfer process with softwar...



Based on all the information before 2024-10-25, let's first analyze the positive developments and potential concerns for AVAX-USD. Come up with 2-4 most important factors respectively and keep them concise. Most factors should be inferred from cryptocurrencies related news. Then let's assume your prediction for next week (2024-10-25 to 2024-11-01) is down by 0-1%. Provide a summary analysis to support your prediction. The prediction result need to be inferred from your analysis at the end, and thus not appearing as a foundational factor of your analysis.","**[Positive Developments]: **
1. **Institutional Investment**: Grayscale's Avalanche Trust and Franklin Templeton's fund expansion bring institutional capital into the Avalanche ecosystem.
2. **Ecosystem Growth**: The $40 million grant program encourages developers to build on Avalanche, fostering network growth.
3. **Government Adoption**: California DMV's use of Avalanche for car titles shows the blockchain's utility in government services.
4. **Neobank Preference**: Littio's switch to Avalanche for vault holdings indicates the network's advantages over competitors like Ethereum.

**[Potential Concerns]: **
1. **Market Sentiment**: A sudden shift in market sentiment could lead to a sell-off, driving down AVAX's price.
2. **Technological Risks**: Potential issues or delays with the 'Avalanche9000' upgrade could negatively impact the network's reputation and price.
3. **Regulatory Risks**: Unfavorable regulatory developments could hinder Avalanche's growth and adoption.
4. **Competition**: Advancements by competing blockchain platforms could make Avalanche less attractive to developers and investors.

**[Prediction & Analysis]: **
Although Avalanche has witnessed strong institutional backing and ecosystem growth, the market's sentiment remains uncertain. The continuous support from institutional investors and developments might not be enough to counteract a potential market downturn or bearish sentiment. Considering the balance between positive developments and potential concerns, the price of AVAX-USD might decrease by 0-1% in the next week (2024-10-25 to 2024-11-01)."
"[Cryptocurrency Introduction]: Avalanche (AVAX) is a cryptocurrency launched in 2020. Avalanche has a current supply of 456,531,720.31292176 with 421,529,020.31292176 in circulation. The last known price of Avalanche is 20.41352018 USD and is up 0.25 over the last 24 hours. It is currently trading on 919 active market(s) with $254,652,459.75 traded over the last 24 hours. More information can be found at https://avax.network/.. It has a market capilization of 8672030720.

From 2024-10-25 to 2024-11-01, AVAX-USD's stock price decreased from 24.89 to 24.79. News during this period are listed below:

[Headline]: LatAm Bank Littio Ditches Ethereum for Avalanche as Demand for RWA Vaults Grows
[Summary]: Littio, a Colombian neobank, is enabling customers to access U.S. Treasury bills through crypto products.

Littio is switching vault holdings from Ethereum (ETH) to Avalanche (AVAX) to scale the produ...

[Headline]: Avalanche Unveils $40M Grant Program Ahead of 'Avalanche9000' Upgrade
[Summary]: The foundation supporting the Avalanche network is releasing a $40 million grant program to reward developers for building new protocols in the blockchain ecosystem.

The program, called Retro9000, is...

[Headline]: Avalanche Becomes Latest Blockchain to Support Franklin Templeton's Tokenized Money Market Fund 
[Summary]: Franklin Templeton’s OnChain U.S. Government Money Market Fund (FOBXX) has expanded its availability to the Avalanche network in a bid to expand the fund's base.

“I think the Avalanche ecosystem repr...

[Headline]: Crypto Asset Manager Grayscale Offers AVAX Token Investment in New Avalanche Trust
[Summary]: The Grayscale Avalanche Trust offers investors exposure to the AVAX token, used to pay transaction fees and secure the high-speed, ultra-scalable blockchain.

Grayscale recently introduced a slew of d...

[Headline]: California DMV Puts 42M Car Titles on the Avalanche Network in Digitization Push
[Summary]: California's Department of Motor Vehicles (DMV) digitized 42 million of car titles on the Avalanche {{AVAX}} network as part of development to modernize the state's title transfer process with softwar...



Based on all the information before 2024-11-01, let's first analyze the positive developments and potential concerns for AVAX-USD. Come up with 2-4 most important factors respectively and keep them concise. Most factors should be inferred from cryptocurrencies related news. Then let's assume your prediction for next week (2024-11-01 to 2024-11-08) is up by more than 5%. Provide a summary analysis to support your prediction. The prediction result need to be inferred from your analysis at the end, and thus not appearing as a foundational factor of your analysis.","**[Positive Developments]: **
1. **Institutional Support**: Continued interest from Grayscale and Franklin Templeton strengthens Avalanche's position in the market.
2. **Developer Incentives**: The $40 million grant program encourages more developers to build on Avalanche, expanding its ecosystem.
3. **Real-World Use Cases**: California DMV's adoption of Avalanche for car titles demonstrates the network's practical applications.
4. **Neobank Endorsement**: Littio's preference for Avalanche over Ethereum highlights the network's scalability and efficiency.

**[Potential Concerns]: **
1. **Market Uncertainty**: Cryptocurrency market volatility could cause sudden price fluctuations in AVAX.
2. **Technological Hurdles**: Any issues with the upcoming 'Avalanche9000' upgrade could hamper the network's progress and price.
3. **Regulatory Changes**: Unfavorable regulatory developments could negatively impact Avalanche's adoption and growth.
4. **Competitor Advancements**: Other blockchain platforms could introduce updates that make Avalanche less appealing to users and developers.

**[Prediction & Analysis]: **
Avalanche's strong institutional backing, real-world use cases, and developer incentives indicate a robust ecosystem. However, market uncertainty and potential technological hurdles could hinder growth. Considering these factors, and assuming no major negative developments occur, the price of AVAX-USD might increase by more than 5% in the next week (2024-11-01 to 2024-11-08)."
"[Cryptocurrency Introduction]: Avalanche (AVAX) is a cryptocurrency launched in 2020. Avalanche has a current supply of 456,531,720.31292176 with 421,529,020.31292176 in circulation. The last known price of Avalanche is 20.41352018 USD and is up 0.25 over the last 24 hours. It is currently trading on 919 active market(s) with $254,652,459.75 traded over the last 24 hours. More information can be found at https://avax.network/.. It has a market capilization of 8672030720.

From 2024-11-01 to 2024-11-08, AVAX-USD's stock price increased from 24.79 to 28.78. News during this period are listed below:

[Headline]: LatAm Bank Littio Ditches Ethereum for Avalanche as Demand for RWA Vaults Grows
[Summary]: Littio, a Colombian neobank, is enabling customers to access U.S. Treasury bills through crypto products.

Littio is switching vault holdings from Ethereum (ETH) to Avalanche (AVAX) to scale the produ...

[Headline]: Avalanche Unveils $40M Grant Program Ahead of 'Avalanche9000' Upgrade
[Summary]: The foundation supporting the Avalanche network is releasing a $40 million grant program to reward developers for building new protocols in the blockchain ecosystem.

The program, called Retro9000, is...

[Headline]: Avalanche Becomes Latest Blockchain to Support Franklin Templeton's Tokenized Money Market Fund 
[Summary]: Franklin Templeton’s OnChain U.S. Government Money Market Fund (FOBXX) has expanded its availability to the Avalanche network in a bid to expand the fund's base.

“I think the Avalanche ecosystem repr...

[Headline]: Crypto Asset Manager Grayscale Offers AVAX Token Investment in New Avalanche Trust
[Summary]: The Grayscale Avalanche Trust offers investors exposure to the AVAX token, used to pay transaction fees and secure the high-speed, ultra-scalable blockchain.

Grayscale recently introduced a slew of d...

[Headline]: California DMV Puts 42M Car Titles on the Avalanche Network in Digitization Push
[Summary]: California's Department of Motor Vehicles (DMV) digitized 42 million of car titles on the Avalanche {{AVAX}} network as part of development to modernize the state's title transfer process with softwar...



Based on all the information before 2024-11-08, let's first analyze the positive developments and potential concerns for AVAX-USD. Come up with 2-4 most important factors respectively and keep them concise. Most factors should be inferred from cryptocurrencies related news. Then let's assume your prediction for next week (2024-11-08 to 2024-11-15) is up by more than 5%. Provide a summary analysis to support your prediction. The prediction result need to be inferred from your analysis at the end, and thus not appearing as a foundational factor of your analysis.","**[Positive Developments]: **
1. **Institutional Backing**: Support from Grayscale and Franklin Templeton reinforces Avalanche's market position.
2. **Ecosystem Expansion**: The $40 million grant program attracts more developers, fostering network growth.
3. **Practical Applications**: California DMV's adoption of Avalanche showcases the network's real-world utility.
4. **Neobank Validation**: Littio's switch to Avalanche underscores the network's advantages over competitors like Ethereum.

**[Potential Concerns]: **
1. **Market Instability**: The cryptocurrency market's volatility could result in abrupt price changes for AVAX.
2. **Technological Challenges**: Issues with the 'Avalanche9000' upgrade could adversely affect the network's reputation and price.
3. **Regulatory Uncertainties**: Unfavorable regulatory changes could impede Avalanche's adoption and growth.
4. **Competitor Improvements**: Advancements by other blockchain platforms could make Avalanche less competitive.

**[Prediction & Analysis]: **
Avalanche's strong institutional support, ecosystem expansion, and real-world applications indicate a healthy network. Although market instability and technological challenges pose risks, the positive developments outweigh these concerns. Assuming no major negative events occur, the price of AVAX-USD might increase by more than 5% in the next week (2024-11-08 to 2024-11-15)."
"[Cryptocurrency Introduction]: Avalanche (AVAX) is a cryptocurrency launched in 2020. Avalanche has a current supply of 456,531,720.31292176 with 421,529,020.31292176 in circulation. The last known price of Avalanche is 20.41352018 USD and is up 0.25 over the last 24 hours. It is currently trading on 919 active market(s) with $254,652,459.75 traded over the last 24 hours. More information can be found at https://avax.network/.. It has a market capilization of 8672030720.

From 2024-10-25 to 2024-11-01, AVAX-USD's stock price decreased from 24.89 to 24.79. News during this period are listed below:

[Headline]: LatAm Bank Littio Ditches Ethereum for Avalanche as Demand for RWA Vaults Grows
[Summary]: Littio, a Colombian neobank, is enabling customers to access U.S. Treasury bills through crypto products.

Littio is switching vault holdings from Ethereum (ETH) to Avalanche (AVAX) to scale the produ...

[Headline]: Avalanche Unveils $40M Grant Program Ahead of 'Avalanche9000' Upgrade
[Summary]: The foundation supporting the Avalanche network is releasing a $40 million grant program to reward developers for building new protocols in the blockchain ecosystem.

The program, called Retro9000, is...

[Headline]: Avalanche Becomes Latest Blockchain to Support Franklin Templeton's Tokenized Money Market Fund 
[Summary]: Franklin Templeton’s OnChain U.S. Government Money Market Fund (FOBXX) has expanded its availability to the Avalanche network in a bid to expand the fund's base.

“I think the Avalanche ecosystem repr...

[Headline]: Crypto Asset Manager Grayscale Offers AVAX Token Investment in New Avalanche Trust
[Summary]: The Grayscale Avalanche Trust offers investors exposure to the AVAX token, used to pay transaction fees and secure the high-speed, ultra-scalable blockchain.

Grayscale recently introduced a slew of d...

[Headline]: California DMV Puts 42M Car Titles on the Avalanche Network in Digitization Push
[Summary]: California's Department of Motor Vehicles (DMV) digitized 42 million of car titles on the Avalanche {{AVAX}} network as part of development to modernize the state's title transfer process with softwar...

From 2024-11-01 to 2024-11-08, AVAX-USD's stock price increased from 24.79 to 28.78. News during this period are listed below:

[Headline]: LatAm Bank Littio Ditches Ethereum for Avalanche as Demand for RWA Vaults Grows
[Summary]: Littio, a Colombian neobank, is enabling customers to access U.S. Treasury bills through crypto products.

Littio is switching vault holdings from Ethereum (ETH) to Avalanche (AVAX) to scale the produ...

[Headline]: Avalanche Unveils $40M Grant Program Ahead of 'Avalanche9000' Upgrade
[Summary]: The foundation supporting the Avalanche network is releasing a $40 million grant program to reward developers for building new protocols in the blockchain ecosystem.

The program, called Retro9000, is...

[Headline]: Avalanche Becomes Latest Blockchain to Support Franklin Templeton's Tokenized Money Market Fund 
[Summary]: Franklin Templeton’s OnChain U.S. Government Money Market Fund (FOBXX) has expanded its availability to the Avalanche network in a bid to expand the fund's base.

“I think the Avalanche ecosystem repr...

[Headline]: Crypto Asset Manager Grayscale Offers AVAX Token Investment in New Avalanche Trust
[Summary]: The Grayscale Avalanche Trust offers investors exposure to the AVAX token, used to pay transaction fees and secure the high-speed, ultra-scalable blockchain.

Grayscale recently introduced a slew of d...

[Headline]: California DMV Puts 42M Car Titles on the Avalanche Network in Digitization Push
[Summary]: California's Department of Motor Vehicles (DMV) digitized 42 million of car titles on the Avalanche {{AVAX}} network as part of development to modernize the state's title transfer process with softwar...

From 2024-11-08 to 2024-11-15, AVAX-USD's stock price increased from 28.78 to 33.15. News during this period are listed below:

[Headline]: LatAm Bank Littio Ditches Ethereum for Avalanche as Demand for RWA Vaults Grows
[Summary]: Littio, a Colombian neobank, is enabling customers to access U.S. Treasury bills through crypto products.

Littio is switching vault holdings from Ethereum (ETH) to Avalanche (AVAX) to scale the produ...

[Headline]: Avalanche Unveils $40M Grant Program Ahead of 'Avalanche9000' Upgrade
[Summary]: The foundation supporting the Avalanche network is releasing a $40 million grant program to reward developers for building new protocols in the blockchain ecosystem.

The program, called Retro9000, is...

[Headline]: Avalanche Becomes Latest Blockchain to Support Franklin Templeton's Tokenized Money Market Fund 
[Summary]: Franklin Templeton’s OnChain U.S. Government Money Market Fund (FOBXX) has expanded its availability to the Avalanche network in a bid to expand the fund's base.

“I think the Avalanche ecosystem repr...

[Headline]: Crypto Asset Manager Grayscale Offers AVAX Token Investment in New Avalanche Trust
[Summary]: The Grayscale Avalanche Trust offers investors exposure to the AVAX token, used to pay transaction fees and secure the high-speed, ultra-scalable blockchain.

Grayscale recently introduced a slew of d...

[Headline]: California DMV Puts 42M Car Titles on the Avalanche Network in Digitization Push
[Summary]: California's Department of Motor Vehicles (DMV) digitized 42 million of car titles on the Avalanche {{AVAX}} network as part of development to modernize the state's title transfer process with softwar...



Based on all the information before 2024-11-15, let's first analyze the positive developments and potential concerns for AVAX-USD. Come up with 2-4 most important factors respectively and keep them concise. Most factors should be inferred from cryptocurrencies related news. Then let's assume your prediction for next week (2024-11-15 to 2024-11-22) is up by more than 5%. Provide a summary analysis to support your prediction. The prediction result need to be inferred from your analysis at the end, and thus not appearing as a foundational factor of your analysis.","**[Positive Developments]: **
1. **Institutional Endorsement**: Continued support from Grayscale and Franklin Templeton bolsters Avalanche's market standing.
2. **Developer Ecosystem**: The $40 million grant program fosters network growth by attracting more developers.
3. **Government Adoption**: California DMV's use of Avalanche for car titles demonstrates the network's practical applications.
4. **Neobank Support**: Littio's preference for Avalanche highlights the network's scalability and efficiency advantages.

**[Potential Concerns]: **
1. **Market Volatility**: The inherent volatility of the cryptocurrency market could lead to sudden price fluctuations in AVAX.
2. **Technological Risks**: Potential issues with the 'Avalanche9000' upgrade could negatively impact the network's progress.
3. **Regulatory Uncertainties**: Unfavorable regulatory developments could hinder Avalanche's adoption and growth.
4. **Competitor Advancements**: Updates from competing blockchain platforms could make Avalanche less attractive.

**[Prediction & Analysis]: **
Avalanche's robust institutional backing, expanding developer ecosystem, and real-world applications suggest a strong network. Despite market volatility and technological risks, the positive developments indicate a bullish trend. Assuming no major negative events occur, the price of AVAX-USD might increase by more than 5% in the next week (2024-11-15 to 2024-11-22)."
"[Cryptocurrency Introduction]: Avalanche (AVAX) is a cryptocurrency launched in 2020. Avalanche has a current supply of 456,531,720.31292176 with 421,529,020.31292176 in circulation. The last known price of Avalanche is 20.41352018 USD and is up 0.25 over the last 24 hours. It is currently trading on 919 active market(s) with $254,652,459.75 traded over the last 24 hours. More information can be found at https://avax.network/.. It has a market capilization of 8672030720.

From 2024-11-15 to 2024-11-22, AVAX-USD's stock price increased from 33.15 to 43.09. News during this period are listed below:

[Headline]: LatAm Bank Littio Ditches Ethereum for Avalanche as Demand for RWA Vaults Grows
[Summary]: Littio, a Colombian neobank, is enabling customers to access U.S. Treasury bills through crypto products.

Littio is switching vault holdings from Ethereum (ETH) to Avalanche (AVAX) to scale the produ...

[Headline]: Avalanche Unveils $40M Grant Program Ahead of 'Avalanche9000' Upgrade
[Summary]: The foundation supporting the Avalanche network is releasing a $40 million grant program to reward developers for building new protocols in the blockchain ecosystem.

The program, called Retro9000, is...

[Headline]: Avalanche Becomes Latest Blockchain to Support Franklin Templeton's Tokenized Money Market Fund 
[Summary]: Franklin Templeton’s OnChain U.S. Government Money Market Fund (FOBXX) has expanded its availability to the Avalanche network in a bid to expand the fund's base.

“I think the Avalanche ecosystem repr...

[Headline]: Crypto Asset Manager Grayscale Offers AVAX Token Investment in New Avalanche Trust
[Summary]: The Grayscale Avalanche Trust offers investors exposure to the AVAX token, used to pay transaction fees and secure the high-speed, ultra-scalable blockchain.

Grayscale recently introduced a slew of d...

[Headline]: California DMV Puts 42M Car Titles on the Avalanche Network in Digitization Push
[Summary]: California's Department of Motor Vehicles (DMV) digitized 42 million of car titles on the Avalanche {{AVAX}} network as part of development to modernize the state's title transfer process with softwar...



Based on all the information before 2024-11-22, let's first analyze the positive developments and potential concerns for AVAX-USD. Come up with 2-4 most important factors respectively and keep them concise. Most factors should be inferred from cryptocurrencies related news. Then let's assume your prediction for next week (2024-11-22 to 2024-11-29) is up by 4-5%. Provide a summary analysis to support your prediction. The prediction result need to be inferred from your analysis at the end, and thus not appearing as a foundational factor of your analysis.","**[Positive Developments]: **
1. **Institutional Adoption**: Franklin Templeton expanding its tokenized money market fund to the Avalanche network signals growing institutional interest.
2. **Grant Program**: The $40 million grant program aims to attract more developers, fostering ecosystem growth.
3. **Real-World Application**: The California DMV's use of Avalanche for digitizing car titles shows practical use cases and government adoption.
4. **Investment Products**: Grayscale's Avalanche Trust offers investors more exposure to AVAX, potentially increasing demand.

**[Potential Concerns]: **
1. **Market Volatility**: Cryptocurrencies are inherently volatile, and AVAX is not immune to market-wide fluctuations.
2. **Regulatory Uncertainty**: Changes in regulatory policies could impact the overall crypto market and AVAX.
3. **Competition**: Other layer-1 blockchains like Ethereum and Solana pose significant competition.

**[Prediction & Analysis]: **
Avalanche has seen significant positive developments, including institutional adoption, a substantial grant program, real-world applications, and new investment products. These factors indicate growing interest and potential increased demand for AVAX. However, market volatility and regulatory uncertainty remain concerns. Given the strong positive developments, a 4-5% increase in the price of AVAX-USD in the upcoming week (2024-11-22 to 2024-11-29) is a reasonable prediction."
"[Cryptocurrency Introduction]: Avalanche (AVAX) is a cryptocurrency launched in 2020. Avalanche has a current supply of 456,531,720.31292176 with 421,529,020.31292176 in circulation. The last known price of Avalanche is 20.41352018 USD and is up 0.25 over the last 24 hours. It is currently trading on 919 active market(s) with $254,652,459.75 traded over the last 24 hours. More information can be found at https://avax.network/.. It has a market capilization of 8672030720.

From 2024-11-15 to 2024-11-22, AVAX-USD's stock price increased from 33.15 to 43.09. News during this period are listed below:

[Headline]: LatAm Bank Littio Ditches Ethereum for Avalanche as Demand for RWA Vaults Grows
[Summary]: Littio, a Colombian neobank, is enabling customers to access U.S. Treasury bills through crypto products.

Littio is switching vault holdings from Ethereum (ETH) to Avalanche (AVAX) to scale the produ...

[Headline]: Avalanche Unveils $40M Grant Program Ahead of 'Avalanche9000' Upgrade
[Summary]: The foundation supporting the Avalanche network is releasing a $40 million grant program to reward developers for building new protocols in the blockchain ecosystem.

The program, called Retro9000, is...

[Headline]: Avalanche Becomes Latest Blockchain to Support Franklin Templeton's Tokenized Money Market Fund 
[Summary]: Franklin Templeton’s OnChain U.S. Government Money Market Fund (FOBXX) has expanded its availability to the Avalanche network in a bid to expand the fund's base.

“I think the Avalanche ecosystem repr...

[Headline]: Crypto Asset Manager Grayscale Offers AVAX Token Investment in New Avalanche Trust
[Summary]: The Grayscale Avalanche Trust offers investors exposure to the AVAX token, used to pay transaction fees and secure the high-speed, ultra-scalable blockchain.

Grayscale recently introduced a slew of d...

[Headline]: California DMV Puts 42M Car Titles on the Avalanche Network in Digitization Push
[Summary]: California's Department of Motor Vehicles (DMV) digitized 42 million of car titles on the Avalanche {{AVAX}} network as part of development to modernize the state's title transfer process with softwar...

From 2024-11-22 to 2024-11-29, AVAX-USD's stock price increased from 43.09 to 44.92. News during this period are listed below:

[Headline]:  Avalanche Blockchain's Largest-Ever Upgrade Goes Live on Testnet
[Summary]: Avalanche, the eighth-largest blockchain by total value locked (TVL), is moving ahead with a major technical makeover.

The Avalanche9000 upgrade went live in a test network environment (testnet) Mond...



Based on all the information before 2024-11-29, let's first analyze the positive developments and potential concerns for AVAX-USD. Come up with 2-4 most important factors respectively and keep them concise. Most factors should be inferred from cryptocurrencies related news. Then let's assume your prediction for next week (2024-11-29 to 2024-12-06) is up by more than 5%. Provide a summary analysis to support your prediction. The prediction result need to be inferred from your analysis at the end, and thus not appearing as a foundational factor of your analysis.","**[Positive Developments]: **
1. **Technical Upgrade**: The Avalanche9000 upgrade on the testnet shows a commitment to technological advancement.
2. **Continued Institutional Interest**: Franklin Templeton's expansion and Grayscale's trust indicate sustained institutional involvement.
3. **Developer Incentives**: The $40 million grant program encourages more developers to build on Avalanche.

**[Potential Concerns]: **
1. **Upgrade Risks**: Major upgrades can introduce technical risks and uncertainties.
2. **Market Sentiment**: General market sentiment could impact AVAX despite positive developments.
3. **Competition**: Continued advances from competitors like Ethereum and Solana.

**[Prediction & Analysis]: **
The successful testnet launch of Avalanche9000, coupled with continued institutional interest and developer incentives, suggests a bullish outlook. However, upgrade risks and market sentiment are potential concerns. Given these factors, a price increase of more than 5% in the upcoming week (2024-11-29 to 2024-12-06) is a reasonable prediction."
"[Cryptocurrency Introduction]: Avalanche (AVAX) is a cryptocurrency launched in 2020. Avalanche has a current supply of 456,531,720.31292176 with 421,529,020.31292176 in circulation. The last known price of Avalanche is 20.41352018 USD and is up 0.25 over the last 24 hours. It is currently trading on 919 active market(s) with $254,652,459.75 traded over the last 24 hours. More information can be found at https://avax.network/.. It has a market capilization of 8672030720.

From 2024-11-22 to 2024-11-29, AVAX-USD's stock price increased from 43.09 to 44.92. News during this period are listed below:

[Headline]:  Avalanche Blockchain's Largest-Ever Upgrade Goes Live on Testnet
[Summary]: Avalanche, the eighth-largest blockchain by total value locked (TVL), is moving ahead with a major technical makeover.

The Avalanche9000 upgrade went live in a test network environment (testnet) Mond...

From 2024-11-29 to 2024-12-06, AVAX-USD's stock price increased from 44.92 to 52.59. News during this period are listed below:

[Headline]:  Avalanche Blockchain's Largest-Ever Upgrade Goes Live on Testnet
[Summary]: Avalanche, the eighth-largest blockchain by total value locked (TVL), is moving ahead with a major technical makeover.

The Avalanche9000 upgrade went live in a test network environment (testnet) Mond...

[Headline]: LatAm Bank Littio Ditches Ethereum for Avalanche as Demand for RWA Vaults Grows
[Summary]: Littio, a Colombian neobank, is enabling customers to access U.S. Treasury bills through crypto products.

Littio is switching vault holdings from Ethereum (ETH) to Avalanche (AVAX) to scale the produ...

[Headline]: Avalanche Unveils $40M Grant Program Ahead of 'Avalanche9000' Upgrade
[Summary]: The foundation supporting the Avalanche network is releasing a $40 million grant program to reward developers for building new protocols in the blockchain ecosystem.

The program, called Retro9000, is...

[Headline]: Avalanche Becomes Latest Blockchain to Support Franklin Templeton's Tokenized Money Market Fund 
[Summary]: Franklin Templeton’s OnChain U.S. Government Money Market Fund (FOBXX) has expanded its availability to the Avalanche network in a bid to expand the fund's base.

“I think the Avalanche ecosystem repr...

[Headline]: Crypto Asset Manager Grayscale Offers AVAX Token Investment in New Avalanche Trust
[Summary]: The Grayscale Avalanche Trust offers investors exposure to the AVAX token, used to pay transaction fees and secure the high-speed, ultra-scalable blockchain.

Grayscale recently introduced a slew of d...



Based on all the information before 2024-12-06, let's first analyze the positive developments and potential concerns for AVAX-USD. Come up with 2-4 most important factors respectively and keep them concise. Most factors should be inferred from cryptocurrencies related news. Then let's assume your prediction for next week (2024-12-06 to 2024-12-13) is up by 0-1%. Provide a summary analysis to support your prediction. The prediction result need to be inferred from your analysis at the end, and thus not appearing as a foundational factor of your analysis.","**[Positive Developments]: **
1. **Successful Upgrade**: The Avalanche9000 upgrade going live on the testnet is a significant technological milestone.
2. **Institutional Support**: Continued support from Franklin Templeton and Grayscale.
3. **Real-World Use Cases**: The California DMV's adoption of Avalanche for digitizing car titles.

**[Potential Concerns]: **
1. **Post-Upgrade Issues**: Potential technical issues post-upgrade could impact the network.
2. **Market Volatility**: General market volatility remains a concern.
3. **Regulatory Risks**: Changes in regulatory policies could affect the market.

**[Prediction & Analysis]: **
The successful upgrade and continued institutional support are positive indicators for AVAX. However, post-upgrade issues and market volatility could temper gains. Given these factors, a modest 0-1% increase in the price of AVAX-USD in the upcoming week (2024-12-06 to 2024-12-13) is a reasonable prediction."
"[Cryptocurrency Introduction]: Avalanche (AVAX) is a cryptocurrency launched in 2020. Avalanche has a current supply of 456,531,720.31292176 with 421,529,020.31292176 in circulation. The last known price of Avalanche is 20.41352018 USD and is up 0.25 over the last 24 hours. It is currently trading on 919 active market(s) with $254,652,459.75 traded over the last 24 hours. More information can be found at https://avax.network/.. It has a market capilization of 8672030720.

From 2024-11-29 to 2024-12-06, AVAX-USD's stock price increased from 44.92 to 52.59. News during this period are listed below:

[Headline]:  Avalanche Blockchain's Largest-Ever Upgrade Goes Live on Testnet
[Summary]: Avalanche, the eighth-largest blockchain by total value locked (TVL), is moving ahead with a major technical makeover.

The Avalanche9000 upgrade went live in a test network environment (testnet) Mond...

[Headline]: LatAm Bank Littio Ditches Ethereum for Avalanche as Demand for RWA Vaults Grows
[Summary]: Littio, a Colombian neobank, is enabling customers to access U.S. Treasury bills through crypto products.

Littio is switching vault holdings from Ethereum (ETH) to Avalanche (AVAX) to scale the produ...

[Headline]: Avalanche Unveils $40M Grant Program Ahead of 'Avalanche9000' Upgrade
[Summary]: The foundation supporting the Avalanche network is releasing a $40 million grant program to reward developers for building new protocols in the blockchain ecosystem.

The program, called Retro9000, is...

[Headline]: Avalanche Becomes Latest Blockchain to Support Franklin Templeton's Tokenized Money Market Fund 
[Summary]: Franklin Templeton’s OnChain U.S. Government Money Market Fund (FOBXX) has expanded its availability to the Avalanche network in a bid to expand the fund's base.

“I think the Avalanche ecosystem repr...

[Headline]: Crypto Asset Manager Grayscale Offers AVAX Token Investment in New Avalanche Trust
[Summary]: The Grayscale Avalanche Trust offers investors exposure to the AVAX token, used to pay transaction fees and secure the high-speed, ultra-scalable blockchain.

Grayscale recently introduced a slew of d...

From 2024-12-06 to 2024-12-13, AVAX-USD's stock price increased from 52.59 to 52.70. News during this period are listed below:

[Headline]: Avalanche Raises $250M Amid Major Overhaul of Layer-1 Blockchain
[Summary]: Avalanche, the layer-1 blockchain that is upgrading its technology platform, has raised $250 million in a token sale led by Galaxy Digital, Dragonfly and ParaFi Capital.

More than 40 investment firms...



Based on all the information before 2024-12-13, let's first analyze the positive developments and potential concerns for AVAX-USD. Come up with 2-4 most important factors respectively and keep them concise. Most factors should be inferred from cryptocurrencies related news. Then let's assume your prediction for next week (2024-12-13 to 2024-12-20) is down by more than 5%. Provide a summary analysis to support your prediction. The prediction result need to be inferred from your analysis at the end, and thus not appearing as a foundational factor of your analysis.","**[Positive Developments]: **
1. **Fundraising Success**: Avalanche raised $250 million, indicating strong investor confidence.
2. **Technological Advancement**: The Avalanche9000 upgrade represents a significant technological overhaul.
3. **Institutional Backing**: Continued support from major institutional players.

**[Potential Concerns]: **
1. **Market Correction**: The crypto market is due for a correction after recent gains.
2. **Upgrade Integration**: Potential issues with integrating the new upgrade.
3. **Competitive Pressure**: Other layer-1 blockchains continue to innovate and compete.

**[Prediction & Analysis]: **
While the successful fundraising and technological advancements are positive, the market is showing signs of a potential correction. Additionally, integration issues with the new upgrade and competitive pressure could impact AVAX. Given these factors, a decrease of more than 5% in the price of AVAX-USD in the upcoming week (2024-12-13 to 2024-12-20) is a reasonable prediction."
"[Cryptocurrency Introduction]: Avalanche (AVAX) is a cryptocurrency launched in 2020. Avalanche has a current supply of 456,531,720.31292176 with 421,529,020.31292176 in circulation. The last known price of Avalanche is 20.41352018 USD and is up 0.25 over the last 24 hours. It is currently trading on 919 active market(s) with $254,652,459.75 traded over the last 24 hours. More information can be found at https://avax.network/.. It has a market capilization of 8672030720.

From 2024-12-06 to 2024-12-13, AVAX-USD's stock price increased from 52.59 to 52.70. News during this period are listed below:

[Headline]: Avalanche Raises $250M Amid Major Overhaul of Layer-1 Blockchain
[Summary]: Avalanche, the layer-1 blockchain that is upgrading its technology platform, has raised $250 million in a token sale led by Galaxy Digital, Dragonfly and ParaFi Capital.

More than 40 investment firms...

From 2024-12-13 to 2024-12-20, AVAX-USD's stock price decreased from 52.70 to 39.82. News during this period are listed below:

[Headline]: The Protocol: Solana's Allure for Devs; Avalanche's Big Upgrade
[Summary]: Welcome to The Protocol, CoinDesk's weekly wrap-up of the most important stories in cryptocurrency tech development. I'm Marc Hochstein, CoinDesk's deputy editor-in-chief for features, opinion and sta...

[Headline]: Avalanche Blockchain’s Largest-Ever Upgrade, 'Avalanche9000,' Is Live
[Summary]: Avalanche, a layer-1 blockchain launched in 2020 that's now the tenth-largest by total value locked (TVL), activated its highly anticipated Avalanche9000 upgrade Monday, marking the ecosystem's bigges...



Based on all the information before 2024-12-20, let's first analyze the positive developments and potential concerns for AVAX-USD. Come up with 2-4 most important factors respectively and keep them concise. Most factors should be inferred from cryptocurrencies related news. Then let's assume your prediction for next week (2024-12-20 to 2024-12-27) is down by more than 5%. Provide a summary analysis to support your prediction. The prediction result need to be inferred from your analysis at the end, and thus not appearing as a foundational factor of your analysis.","**[Positive Developments]: **
1. **Major Upgrade**: The Avalanche9000 upgrade is now live, marking a significant milestone.
2. **Investor Confidence**: The recent $250 million fundraising indicates strong investor confidence.
3. **Media Attention**: Featured in CoinDesk's The Protocol, highlighting Avalanche's developments.

**[Potential Concerns]: **
1. **Post-Upgrade Bugs**: Potential bugs and issues post-upgrade could impact network stability.
2. **Market Sentiment**: Bearish market sentiment could overshadow positive developments.
3. **Regulatory Uncertainty**: Ongoing regulatory uncertainty in the crypto market.

**[Prediction & Analysis]: **
Despite the major upgrade and investor confidence, post-upgrade bugs and bearish market sentiment pose significant risks. Additionally, regulatory uncertainty remains a concern. Given these factors, a decrease of more than 5% in the price of AVAX-USD in the upcoming week (2024-12-20 to 2024-12-27) is a reasonable prediction."
"[Cryptocurrency Introduction]: Avalanche (AVAX) is a cryptocurrency launched in 2020. Avalanche has a current supply of 456,531,720.31292176 with 421,529,020.31292176 in circulation. The last known price of Avalanche is 20.41352018 USD and is up 0.25 over the last 24 hours. It is currently trading on 919 active market(s) with $254,652,459.75 traded over the last 24 hours. More information can be found at https://avax.network/.. It has a market capilization of 8672030720.

From 2024-12-06 to 2024-12-13, AVAX-USD's stock price increased from 52.59 to 52.70. News during this period are listed below:

[Headline]: Avalanche Raises $250M Amid Major Overhaul of Layer-1 Blockchain
[Summary]: Avalanche, the layer-1 blockchain that is upgrading its technology platform, has raised $250 million in a token sale led by Galaxy Digital, Dragonfly and ParaFi Capital.

More than 40 investment firms...

From 2024-12-13 to 2024-12-20, AVAX-USD's stock price decreased from 52.70 to 39.82. News during this period are listed below:

[Headline]: The Protocol: Solana's Allure for Devs; Avalanche's Big Upgrade
[Summary]: Welcome to The Protocol, CoinDesk's weekly wrap-up of the most important stories in cryptocurrency tech development. I'm Marc Hochstein, CoinDesk's deputy editor-in-chief for features, opinion and sta...

[Headline]: Avalanche Blockchain’s Largest-Ever Upgrade, 'Avalanche9000,' Is Live
[Summary]: Avalanche, a layer-1 blockchain launched in 2020 that's now the tenth-largest by total value locked (TVL), activated its highly anticipated Avalanche9000 upgrade Monday, marking the ecosystem's bigges...

From 2024-12-20 to 2024-12-27, AVAX-USD's stock price decreased from 39.82 to 36.48. News during this period are listed below:

[Headline]: The Protocol: Solana's Allure for Devs; Avalanche's Big Upgrade
[Summary]: Welcome to The Protocol, CoinDesk's weekly wrap-up of the most important stories in cryptocurrency tech development. I'm Marc Hochstein, CoinDesk's deputy editor-in-chief for features, opinion and sta...

[Headline]: Avalanche Blockchain’s Largest-Ever Upgrade, 'Avalanche9000,' Is Live
[Summary]: Avalanche, a layer-1 blockchain launched in 2020 that's now the tenth-largest by total value locked (TVL), activated its highly anticipated Avalanche9000 upgrade Monday, marking the ecosystem's bigges...

[Headline]: Avalanche Raises $250M Amid Major Overhaul of Layer-1 Blockchain
[Summary]: Avalanche, the layer-1 blockchain that is upgrading its technology platform, has raised $250 million in a token sale led by Galaxy Digital, Dragonfly and ParaFi Capital.

More than 40 investment firms...

[Headline]:  Avalanche Blockchain's Largest-Ever Upgrade Goes Live on Testnet
[Summary]: Avalanche, the eighth-largest blockchain by total value locked (TVL), is moving ahead with a major technical makeover.

The Avalanche9000 upgrade went live in a test network environment (testnet) Mond...

[Headline]: LatAm Bank Littio Ditches Ethereum for Avalanche as Demand for RWA Vaults Grows
[Summary]: Littio, a Colombian neobank, is enabling customers to access U.S. Treasury bills through crypto products.

Littio is switching vault holdings from Ethereum (ETH) to Avalanche (AVAX) to scale the produ...



Based on all the information before 2024-12-27, let's first analyze the positive developments and potential concerns for AVAX-USD. Come up with 2-4 most important factors respectively and keep them concise. Most factors should be inferred from cryptocurrencies related news. Then let's assume your prediction for next week (2024-12-27 to 2025-01-03) is down by 2-3%. Provide a summary analysis to support your prediction. The prediction result need to be inferred from your analysis at the end, and thus not appearing as a foundational factor of your analysis.","**Response 1**

[Positive Developments]:
1. **Successful Fundraising**: Avalanche raised $250 million in a token sale led by prominent investors such as Galaxy Digital, Dragonfly, and ParaFi Capital, indicating strong institutional support.
2. **Major Upgrade**: The activation of the Avalanche9000 upgrade marks a significant technological advancement, which could enhance the blockchain's capabilities and attractiveness to developers.
3. **Institutional Adoption**: Littio, a Colombian neobank, switched from Ethereum to Avalanche for scaling its crypto products, signaling growing institutional interest.

[Potential Concerns]:
1. **Price Volatility**: Despite positive news, AVAX-USD's price decreased from $52.70 to $36.48 over the past two weeks, indicating high market volatility and potential investor caution.
2. **Market Competition**: The allure of other blockchains like Solana for developers may pose a competitive threat to Avalanche.
3. **Upgrade Risks**: While the Avalanche9000 upgrade is live on the testnet, any issues or delays in its full implementation could negatively impact market sentiment.

[Prediction & Analysis]:
The recent price decrease despite positive developments suggests a potential disconnect between fundamental news and market sentiment. Investors may be taking profits or reacting to broader market conditions. The successful fundraising and upgrade are long-term positives, but the immediate price action indicates caution. The switch of Littio from Ethereum to Avalanche is a positive sign, but it may not be enough to counteract short-term market volatility. Given the recent price trends and potential profit-taking, AVAX-USD could experience a slight downturn of 2-3% in the upcoming week."
