,End Date,Start Date,End Price,Start Price,Weekly Returns,Bin Label,News,Basics
0,2024-01-12,2024-01-05,35.87169647216797,36.43484878540039,-0.015456419664298966,D2,"[{""date"": ""20231229040842"", ""headline"": ""Avalanche Foundation to Purchase Meme Coins as Part of Culture Drive"", ""summary"": ""The Avalanche Foundation, whose grants and investments help support the development of the Avalanche blockchain ecosystem, is considering buying meme coins as part of a drive that recognizes the disti..."", ""url"": ""https://coindesk.com/markets/2023/12/29/avalanche-foundation-to-purchase-meme-coins-as-part-of-culture-drive"", ""source"": ""CoinDesk"", ""sentiment"": ""POSITIVE"", ""keywords"": ""meme coin|Avalanche|Avalanche Foundation"", ""id"": 42391715, ""guid"": ""CpI5Y2Su0uMQDo69bfua7Z""}, {""date"": ""20231220033056"", ""headline"": ""Trader Turns $450 into $2M Betting on Avalanche Meme Coin Coq Inu"", ""summary"": ""Multifold gains on Solana-based meme coins have apparently led traders to hunt for small-cap plays on other networks \u2013 with some lucky enough to flip a tiny initial capital to a life-changing figure.\n..."", ""url"": ""https://coindesk.com/markets/2023/12/20/trader-turns-450-into-2m-betting-on-avalanche-meme-coin-coq-inu"", ""source"": ""CoinDesk"", ""sentiment"": ""POSITIVE"", ""keywords"": ""Avalanche|Memecoin"", ""id"": 42409165, ""guid"": ""GJVPKSa3D710Liw1gcEJlp""}, {""date"": ""20231219044658"", ""headline"": ""Solana, Avalanche Meme Coin Fever Continues as Bitcoin Nears $43K"", ""summary"": ""Tokens of Solana, Avalanche and Injective surged as much as 20% in the past 24 hours as the meme coin trading frenzy extended into a third week on these networks.\n\nSolana\u2019s SOL jumped 8% while Avalanc..."", ""url"": ""https://coindesk.com/markets/2023/12/19/solana-avalanche-meme-coin-fever-continues-as-bitcoin-nears-43k"", ""source"": ""CoinDesk"", ""sentiment"": ""POSITIVE"", ""keywords"": ""Trading|Markets|Bitcoin"", ""id"": 42409188, ""guid"": ""GJVPKSa3D710Liw1gcERz1""}, {""date"": ""20231201133809"", ""headline"": ""Avalanche, Helium Lead Monthly Crypto Gains as Bullish Bitcoin Consolidation Spurs Altcoin Season Call"", ""summary"": ""Smaller tokens outperformed bitcoin during bullish November for crypto markets.\n\nAVAX, HNT, BLUR and RUNE were among the best performers with doubling prices in a month.\n\nThe widening breadth of the c..."", ""url"": ""https://coindesk.com/markets/2023/12/01/avalanche-helium-lead-monthly-crypto-gains-as-bullish-bitcoin-consolidation-spurs-altcoin-season-call"", ""source"": ""CoinDesk"", ""sentiment"": ""POSITIVE"", ""keywords"": ""Markets|Market Wrap|Avalanche|Helium|Blur|Thorchain|Bitcoin|Altcoins|alt season"", ""id"": 42419074, ""guid"": ""ha93388BwWkPe8xtcUDVan""}, {""date"": ""20231121083000"", ""headline"": ""AVAX Ecosystem to Get $10M Boost from Avalanche Accelerator Colony Lab"", ""summary"": ""Colony Lab, an Avalanche ecosystem developer and accelerator, said it will invest $10 million to support the long-term growth of the network.\n\nThe company said it has bought more than 500,000 AVAX tok..."", ""url"": ""https://coindesk.com/business/2023/11/21/avax-ecosystem-to-get-10m-boost-from-avalanche-accelerator-colony-lab"", ""source"": ""CoinDesk"", ""sentiment"": ""POSITIVE"", ""keywords"": ""Avalanche|AVAX|Exclusive "", ""id"": 42409422, ""guid"": ""GJVPKSa3D710Liw1gcHHv0""}]",{}
1,2024-01-19,2024-01-12,32.643001556396484,35.87169647216797,-0.0900067527689011,D5+,"[{""date"": ""20231229040842"", ""headline"": ""Avalanche Foundation to Purchase Meme Coins as Part of Culture Drive"", ""summary"": ""The Avalanche Foundation, whose grants and investments help support the development of the Avalanche blockchain ecosystem, is considering buying meme coins as part of a drive that recognizes the disti..."", ""url"": ""https://coindesk.com/markets/2023/12/29/avalanche-foundation-to-purchase-meme-coins-as-part-of-culture-drive"", ""source"": ""CoinDesk"", ""sentiment"": ""POSITIVE"", ""keywords"": ""meme coin|Avalanche|Avalanche Foundation"", ""id"": 42391715, ""guid"": ""CpI5Y2Su0uMQDo69bfua7Z""}, {""date"": ""20231220033056"", ""headline"": ""Trader Turns $450 into $2M Betting on Avalanche Meme Coin Coq Inu"", ""summary"": ""Multifold gains on Solana-based meme coins have apparently led traders to hunt for small-cap plays on other networks \u2013 with some lucky enough to flip a tiny initial capital to a life-changing figure.\n..."", ""url"": ""https://coindesk.com/markets/2023/12/20/trader-turns-450-into-2m-betting-on-avalanche-meme-coin-coq-inu"", ""source"": ""CoinDesk"", ""sentiment"": ""POSITIVE"", ""keywords"": ""Avalanche|Memecoin"", ""id"": 42409165, ""guid"": ""GJVPKSa3D710Liw1gcEJlp""}, {""date"": ""20231219044658"", ""headline"": ""Solana, Avalanche Meme Coin Fever Continues as Bitcoin Nears $43K"", ""summary"": ""Tokens of Solana, Avalanche and Injective surged as much as 20% in the past 24 hours as the meme coin trading frenzy extended into a third week on these networks.\n\nSolana\u2019s SOL jumped 8% while Avalanc..."", ""url"": ""https://coindesk.com/markets/2023/12/19/solana-avalanche-meme-coin-fever-continues-as-bitcoin-nears-43k"", ""source"": ""CoinDesk"", ""sentiment"": ""POSITIVE"", ""keywords"": ""Trading|Markets|Bitcoin"", ""id"": 42409188, ""guid"": ""GJVPKSa3D710Liw1gcERz1""}, {""date"": ""20231201133809"", ""headline"": ""Avalanche, Helium Lead Monthly Crypto Gains as Bullish Bitcoin Consolidation Spurs Altcoin Season Call"", ""summary"": ""Smaller tokens outperformed bitcoin during bullish November for crypto markets.\n\nAVAX, HNT, BLUR and RUNE were among the best performers with doubling prices in a month.\n\nThe widening breadth of the c..."", ""url"": ""https://coindesk.com/markets/2023/12/01/avalanche-helium-lead-monthly-crypto-gains-as-bullish-bitcoin-consolidation-spurs-altcoin-season-call"", ""source"": ""CoinDesk"", ""sentiment"": ""POSITIVE"", ""keywords"": ""Markets|Market Wrap|Avalanche|Helium|Blur|Thorchain|Bitcoin|Altcoins|alt season"", ""id"": 42419074, ""guid"": ""ha93388BwWkPe8xtcUDVan""}, {""date"": ""20231121083000"", ""headline"": ""AVAX Ecosystem to Get $10M Boost from Avalanche Accelerator Colony Lab"", ""summary"": ""Colony Lab, an Avalanche ecosystem developer and accelerator, said it will invest $10 million to support the long-term growth of the network.\n\nThe company said it has bought more than 500,000 AVAX tok..."", ""url"": ""https://coindesk.com/business/2023/11/21/avax-ecosystem-to-get-10m-boost-from-avalanche-accelerator-colony-lab"", ""source"": ""CoinDesk"", ""sentiment"": ""POSITIVE"", ""keywords"": ""Avalanche|AVAX|Exclusive "", ""id"": 42409422, ""guid"": ""GJVPKSa3D710Liw1gcHHv0""}]",{}
2,2024-01-26,2024-01-19,32.27981948852539,32.643001556396484,-0.011125878459541575,D2,"[{""date"": ""20240123070000"", ""headline"": ""Avalanche Foundation Puts Rules on Plans to Buy Meme Coins"", ""summary"": ""Not all meme coins are created equal. If they're to get bought up by the Avalanche Foundation, their creators will have to follow some rules.\n\nThe organization that supports the Avalanche blockchain r..."", ""url"": ""https://coindesk.com/markets/2024/01/23/avalanche-foundation-puts-rules-on-plans-to-buy-meme-coins"", ""source"": ""CoinDesk"", ""sentiment"": ""NEUTRAL"", ""keywords"": ""Avalanche|meme coins"", ""id"": 42408985, ""guid"": ""GJVPKSa3D710Liw1gcBa4h""}, {""date"": ""20240123043032"", ""headline"": ""Solana, Avalanche Tokens Slide as Bitcoin Traders Target Eye Support at $38K"", ""summary"": ""Major tokens continued to slide on Tuesday as institutional sales tied to recently launched exchange-traded funds (ETF) weighed down bitcoin [BTC] prices, leading to a more than 20% decline for some t..."", ""url"": ""https://coindesk.com/markets/2024/01/23/solana-avalanche-tokens-slide-as-bitcoin-traders-target-eye-support-at-38k"", ""source"": ""CoinDesk"", ""sentiment"": ""NEGATIVE"", ""keywords"": ""Bitcoin|Trading|Markets|Solana|Avalanche"", ""id"": 42408991, ""guid"": ""GJVPKSa3D710Liw1gcBaRq""}]",{}
3,2024-02-02,2024-01-26,36.707916259765625,32.27981948852539,0.13717848616886794,U5+,"[{""date"": ""20240123070000"", ""headline"": ""Avalanche Foundation Puts Rules on Plans to Buy Meme Coins"", ""summary"": ""Not all meme coins are created equal. If they're to get bought up by the Avalanche Foundation, their creators will have to follow some rules.\n\nThe organization that supports the Avalanche blockchain r..."", ""url"": ""https://coindesk.com/markets/2024/01/23/avalanche-foundation-puts-rules-on-plans-to-buy-meme-coins"", ""source"": ""CoinDesk"", ""sentiment"": ""NEUTRAL"", ""keywords"": ""Avalanche|meme coins"", ""id"": 42408985, ""guid"": ""GJVPKSa3D710Liw1gcBa4h""}, {""date"": ""20240123043032"", ""headline"": ""Solana, Avalanche Tokens Slide as Bitcoin Traders Target Eye Support at $38K"", ""summary"": ""Major tokens continued to slide on Tuesday as institutional sales tied to recently launched exchange-traded funds (ETF) weighed down bitcoin [BTC] prices, leading to a more than 20% decline for some t..."", ""url"": ""https://coindesk.com/markets/2024/01/23/solana-avalanche-tokens-slide-as-bitcoin-traders-target-eye-support-at-38k"", ""source"": ""CoinDesk"", ""sentiment"": ""NEGATIVE"", ""keywords"": ""Bitcoin|Trading|Markets|Solana|Avalanche"", ""id"": 42408991, ""guid"": ""GJVPKSa3D710Liw1gcBaRq""}, {""date"": ""20231229040842"", ""headline"": ""Avalanche Foundation to Purchase Meme Coins as Part of Culture Drive"", ""summary"": ""The Avalanche Foundation, whose grants and investments help support the development of the Avalanche blockchain ecosystem, is considering buying meme coins as part of a drive that recognizes the disti..."", ""url"": ""https://coindesk.com/markets/2023/12/29/avalanche-foundation-to-purchase-meme-coins-as-part-of-culture-drive"", ""source"": ""CoinDesk"", ""sentiment"": ""POSITIVE"", ""keywords"": ""meme coin|Avalanche|Avalanche Foundation"", ""id"": 42391715, ""guid"": ""CpI5Y2Su0uMQDo69bfua7Z""}, {""date"": ""20231220033056"", ""headline"": ""Trader Turns $450 into $2M Betting on Avalanche Meme Coin Coq Inu"", ""summary"": ""Multifold gains on Solana-based meme coins have apparently led traders to hunt for small-cap plays on other networks \u2013 with some lucky enough to flip a tiny initial capital to a life-changing figure.\n..."", ""url"": ""https://coindesk.com/markets/2023/12/20/trader-turns-450-into-2m-betting-on-avalanche-meme-coin-coq-inu"", ""source"": ""CoinDesk"", ""sentiment"": ""POSITIVE"", ""keywords"": ""Avalanche|Memecoin"", ""id"": 42409165, ""guid"": ""GJVPKSa3D710Liw1gcEJlp""}, {""date"": ""20231219044658"", ""headline"": ""Solana, Avalanche Meme Coin Fever Continues as Bitcoin Nears $43K"", ""summary"": ""Tokens of Solana, Avalanche and Injective surged as much as 20% in the past 24 hours as the meme coin trading frenzy extended into a third week on these networks.\n\nSolana\u2019s SOL jumped 8% while Avalanc..."", ""url"": ""https://coindesk.com/markets/2023/12/19/solana-avalanche-meme-coin-fever-continues-as-bitcoin-nears-43k"", ""source"": ""CoinDesk"", ""sentiment"": ""POSITIVE"", ""keywords"": ""Trading|Markets|Bitcoin"", ""id"": 42409188, ""guid"": ""GJVPKSa3D710Liw1gcERz1""}]",{}
4,2024-02-09,2024-02-02,38.01095962524414,36.707916259765625,0.0354976119117592,U4,"[{""date"": ""20240123070000"", ""headline"": ""Avalanche Foundation Puts Rules on Plans to Buy Meme Coins"", ""summary"": ""Not all meme coins are created equal. If they're to get bought up by the Avalanche Foundation, their creators will have to follow some rules.\n\nThe organization that supports the Avalanche blockchain r..."", ""url"": ""https://coindesk.com/markets/2024/01/23/avalanche-foundation-puts-rules-on-plans-to-buy-meme-coins"", ""source"": ""CoinDesk"", ""sentiment"": ""NEUTRAL"", ""keywords"": ""Avalanche|meme coins"", ""id"": 42408985, ""guid"": ""GJVPKSa3D710Liw1gcBa4h""}, {""date"": ""20240123043032"", ""headline"": ""Solana, Avalanche Tokens Slide as Bitcoin Traders Target Eye Support at $38K"", ""summary"": ""Major tokens continued to slide on Tuesday as institutional sales tied to recently launched exchange-traded funds (ETF) weighed down bitcoin [BTC] prices, leading to a more than 20% decline for some t..."", ""url"": ""https://coindesk.com/markets/2024/01/23/solana-avalanche-tokens-slide-as-bitcoin-traders-target-eye-support-at-38k"", ""source"": ""CoinDesk"", ""sentiment"": ""NEGATIVE"", ""keywords"": ""Bitcoin|Trading|Markets|Solana|Avalanche"", ""id"": 42408991, ""guid"": ""GJVPKSa3D710Liw1gcBaRq""}, {""date"": ""20231229040842"", ""headline"": ""Avalanche Foundation to Purchase Meme Coins as Part of Culture Drive"", ""summary"": ""The Avalanche Foundation, whose grants and investments help support the development of the Avalanche blockchain ecosystem, is considering buying meme coins as part of a drive that recognizes the disti..."", ""url"": ""https://coindesk.com/markets/2023/12/29/avalanche-foundation-to-purchase-meme-coins-as-part-of-culture-drive"", ""source"": ""CoinDesk"", ""sentiment"": ""POSITIVE"", ""keywords"": ""meme coin|Avalanche|Avalanche Foundation"", ""id"": 42391715, ""guid"": ""CpI5Y2Su0uMQDo69bfua7Z""}, {""date"": ""20231220033056"", ""headline"": ""Trader Turns $450 into $2M Betting on Avalanche Meme Coin Coq Inu"", ""summary"": ""Multifold gains on Solana-based meme coins have apparently led traders to hunt for small-cap plays on other networks \u2013 with some lucky enough to flip a tiny initial capital to a life-changing figure.\n..."", ""url"": ""https://coindesk.com/markets/2023/12/20/trader-turns-450-into-2m-betting-on-avalanche-meme-coin-coq-inu"", ""source"": ""CoinDesk"", ""sentiment"": ""POSITIVE"", ""keywords"": ""Avalanche|Memecoin"", ""id"": 42409165, ""guid"": ""GJVPKSa3D710Liw1gcEJlp""}, {""date"": ""20231219044658"", ""headline"": ""Solana, Avalanche Meme Coin Fever Continues as Bitcoin Nears $43K"", ""summary"": ""Tokens of Solana, Avalanche and Injective surged as much as 20% in the past 24 hours as the meme coin trading frenzy extended into a third week on these networks.\n\nSolana\u2019s SOL jumped 8% while Avalanc..."", ""url"": ""https://coindesk.com/markets/2023/12/19/solana-avalanche-meme-coin-fever-continues-as-bitcoin-nears-43k"", ""source"": ""CoinDesk"", ""sentiment"": ""POSITIVE"", ""keywords"": ""Trading|Markets|Bitcoin"", ""id"": 42409188, ""guid"": ""GJVPKSa3D710Liw1gcERz1""}]",{}
5,2024-02-16,2024-02-09,40.312129974365234,38.01095962524414,0.06053965413682485,U5+,"[{""date"": ""20240214103946"", ""headline"": ""Citibank Tests Tokenization of Private Equity Funds on Avalanche"", ""summary"": ""Citibank used layer-1 blockchain Avalanche\u2019s {{AVAX}} Spruce Subnet to explore the tokenization of private equity funds to re-architect capital markets.\n\nCiti worked with traditional finance giants Wi..."", ""url"": ""https://coindesk.com/markets/2024/02/14/citi-bank-tests-tokenization-of-private-equity-funds-on-avalanche"", ""source"": ""CoinDesk"", ""sentiment"": ""POSITIVE"", ""keywords"": ""Avalanche|Citi|Tokenization"", ""id"": 42391512, ""guid"": ""CpI5Y2Su0uMQDo69bexpW1""}]",{}
6,2024-02-23,2024-02-16,35.92631912231445,40.312129974365234,-0.10879630659158296,D5+,"[{""date"": ""20240220161953"", ""headline"": ""Avalanche's AVAX Underperforms Ahead of $365M Token Unlock"", ""summary"": ""Avalanche's native token AVAX underperformed the crypto market over the past week ahead of its token unlocking event, CoinDesk data shows.\n\nSome $365 million worth of locked-up tokens will be released..."", ""url"": ""https://coindesk.com/markets/2024/02/20/avalanches-avax-underperforms-ahead-of-365m-token-unlock"", ""source"": ""CoinDesk"", ""sentiment"": ""NEGATIVE"", ""keywords"": ""Avalanche|AVAX|Markets"", ""id"": 42408789, ""guid"": ""GJVPKSa3D710Liw1gb2CKt""}]",{}
7,2024-03-01,2024-02-23,42.85532760620117,35.92631912231445,0.1928671974519926,U5+,"[{""date"": ""20240223083118"", ""headline"": ""Avalanche Is Back Up After Failing to Produce Block for Four Hours"", ""summary"": ""Avalanche suffered a major outage Friday, failing to produce blocks for more than four hours.\n\nDevelopers released a software patch disabling logic that permitted an \""excessive amount of gossip\"" to ta..."", ""url"": ""https://coindesk.com/business/2024/02/23/avalanche-suffers-outage-fails-to-produce-block-for-almost-two-hours"", ""source"": ""CoinDesk"", ""sentiment"": ""NEGATIVE"", ""keywords"": ""Avalanche|AVAX|Outage"", ""id"": 42418701, ""guid"": ""ha93388BwWkPe8xtcTyxa9""}]",{}
8,2024-03-08,2024-03-01,42.74036407470703,42.85532760620117,-0.002682596025179035,D1,"[{""date"": ""20240223083118"", ""headline"": ""Avalanche Is Back Up After Failing to Produce Block for Four Hours"", ""summary"": ""Avalanche suffered a major outage Friday, failing to produce blocks for more than four hours.\n\nDevelopers released a software patch disabling logic that permitted an \""excessive amount of gossip\"" to ta..."", ""url"": ""https://coindesk.com/business/2024/02/23/avalanche-suffers-outage-fails-to-produce-block-for-almost-two-hours"", ""source"": ""CoinDesk"", ""sentiment"": ""NEGATIVE"", ""keywords"": ""Avalanche|AVAX|Outage"", ""id"": 42418701, ""guid"": ""ha93388BwWkPe8xtcTyxa9""}, {""date"": ""20240220161953"", ""headline"": ""Avalanche's AVAX Underperforms Ahead of $365M Token Unlock"", ""summary"": ""Avalanche's native token AVAX underperformed the crypto market over the past week ahead of its token unlocking event, CoinDesk data shows.\n\nSome $365 million worth of locked-up tokens will be released..."", ""url"": ""https://coindesk.com/markets/2024/02/20/avalanches-avax-underperforms-ahead-of-365m-token-unlock"", ""source"": ""CoinDesk"", ""sentiment"": ""NEGATIVE"", ""keywords"": ""Avalanche|AVAX|Markets"", ""id"": 42408789, ""guid"": ""GJVPKSa3D710Liw1gb2CKt""}, {""date"": ""20240214103946"", ""headline"": ""Citibank Tests Tokenization of Private Equity Funds on Avalanche"", ""summary"": ""Citibank used layer-1 blockchain Avalanche\u2019s {{AVAX}} Spruce Subnet to explore the tokenization of private equity funds to re-architect capital markets.\n\nCiti worked with traditional finance giants Wi..."", ""url"": ""https://coindesk.com/markets/2024/02/14/citi-bank-tests-tokenization-of-private-equity-funds-on-avalanche"", ""source"": ""CoinDesk"", ""sentiment"": ""POSITIVE"", ""keywords"": ""Avalanche|Citi|Tokenization"", ""id"": 42391512, ""guid"": ""CpI5Y2Su0uMQDo69bexpW1""}, {""date"": ""20240123070000"", ""headline"": ""Avalanche Foundation Puts Rules on Plans to Buy Meme Coins"", ""summary"": ""Not all meme coins are created equal. If they're to get bought up by the Avalanche Foundation, their creators will have to follow some rules.\n\nThe organization that supports the Avalanche blockchain r..."", ""url"": ""https://coindesk.com/markets/2024/01/23/avalanche-foundation-puts-rules-on-plans-to-buy-meme-coins"", ""source"": ""CoinDesk"", ""sentiment"": ""NEUTRAL"", ""keywords"": ""Avalanche|meme coins"", ""id"": 42408985, ""guid"": ""GJVPKSa3D710Liw1gcBa4h""}, {""date"": ""20240123043032"", ""headline"": ""Solana, Avalanche Tokens Slide as Bitcoin Traders Target Eye Support at $38K"", ""summary"": ""Major tokens continued to slide on Tuesday as institutional sales tied to recently launched exchange-traded funds (ETF) weighed down bitcoin [BTC] prices, leading to a more than 20% decline for some t..."", ""url"": ""https://coindesk.com/markets/2024/01/23/solana-avalanche-tokens-slide-as-bitcoin-traders-target-eye-support-at-38k"", ""source"": ""CoinDesk"", ""sentiment"": ""NEGATIVE"", ""keywords"": ""Bitcoin|Trading|Markets|Solana|Avalanche"", ""id"": 42408991, ""guid"": ""GJVPKSa3D710Liw1gcBaRq""}]",{}
9,2024-03-15,2024-03-08,58.48988723754883,42.74036407470703,0.36849295750763333,U5+,"[{""date"": ""20240315040148"", ""headline"": ""Avalanche Foundation Snaps Up KIMBO, COQ, and Three Other Tokens as First Meme Coin Investment"", ""summary"": ""Meme tokens are quickly moving from joke coins to a sector that represents the digital culture of any blockchain \u2013 with major foundations now directly investing in the growth of such tokens.\n\nAvalanch..."", ""url"": ""https://coindesk.com/markets/2024/03/15/avalanche-foundation-snaps-up-kimbo-coq-and-three-other-tokens-as-first-meme-coin-investment"", ""source"": ""CoinDesk"", ""sentiment"": ""POSITIVE"", ""keywords"": ""Avalanche|meme|Trading"", ""id"": 42418568, ""guid"": ""ha93388BwWkPe8xtcTy1rJ""}, {""date"": ""20240223083118"", ""headline"": ""Avalanche Is Back Up After Failing to Produce Block for Four Hours"", ""summary"": ""Avalanche suffered a major outage Friday, failing to produce blocks for more than four hours.\n\nDevelopers released a software patch disabling logic that permitted an \""excessive amount of gossip\"" to ta..."", ""url"": ""https://coindesk.com/business/2024/02/23/avalanche-suffers-outage-fails-to-produce-block-for-almost-two-hours"", ""source"": ""CoinDesk"", ""sentiment"": ""NEGATIVE"", ""keywords"": ""Avalanche|AVAX|Outage"", ""id"": 42418701, ""guid"": ""ha93388BwWkPe8xtcTyxa9""}, {""date"": ""20240220161953"", ""headline"": ""Avalanche's AVAX Underperforms Ahead of $365M Token Unlock"", ""summary"": ""Avalanche's native token AVAX underperformed the crypto market over the past week ahead of its token unlocking event, CoinDesk data shows.\n\nSome $365 million worth of locked-up tokens will be released..."", ""url"": ""https://coindesk.com/markets/2024/02/20/avalanches-avax-underperforms-ahead-of-365m-token-unlock"", ""source"": ""CoinDesk"", ""sentiment"": ""NEGATIVE"", ""keywords"": ""Avalanche|AVAX|Markets"", ""id"": 42408789, ""guid"": ""GJVPKSa3D710Liw1gb2CKt""}, {""date"": ""20240214103946"", ""headline"": ""Citibank Tests Tokenization of Private Equity Funds on Avalanche"", ""summary"": ""Citibank used layer-1 blockchain Avalanche\u2019s {{AVAX}} Spruce Subnet to explore the tokenization of private equity funds to re-architect capital markets.\n\nCiti worked with traditional finance giants Wi..."", ""url"": ""https://coindesk.com/markets/2024/02/14/citi-bank-tests-tokenization-of-private-equity-funds-on-avalanche"", ""source"": ""CoinDesk"", ""sentiment"": ""POSITIVE"", ""keywords"": ""Avalanche|Citi|Tokenization"", ""id"": 42391512, ""guid"": ""CpI5Y2Su0uMQDo69bexpW1""}, {""date"": ""20240123070000"", ""headline"": ""Avalanche Foundation Puts Rules on Plans to Buy Meme Coins"", ""summary"": ""Not all meme coins are created equal. If they're to get bought up by the Avalanche Foundation, their creators will have to follow some rules.\n\nThe organization that supports the Avalanche blockchain r..."", ""url"": ""https://coindesk.com/markets/2024/01/23/avalanche-foundation-puts-rules-on-plans-to-buy-meme-coins"", ""source"": ""CoinDesk"", ""sentiment"": ""NEUTRAL"", ""keywords"": ""Avalanche|meme coins"", ""id"": 42408985, ""guid"": ""GJVPKSa3D710Liw1gcBa4h""}]",{}
10,2024-03-22,2024-03-15,53.267066955566406,58.48988723754883,-0.08929441530243747,D5+,"[{""date"": ""20240315040148"", ""headline"": ""Avalanche Foundation Snaps Up KIMBO, COQ, and Three Other Tokens as First Meme Coin Investment"", ""summary"": ""Meme tokens are quickly moving from joke coins to a sector that represents the digital culture of any blockchain \u2013 with major foundations now directly investing in the growth of such tokens.\n\nAvalanch..."", ""url"": ""https://coindesk.com/markets/2024/03/15/avalanche-foundation-snaps-up-kimbo-coq-and-three-other-tokens-as-first-meme-coin-investment"", ""source"": ""CoinDesk"", ""sentiment"": ""POSITIVE"", ""keywords"": ""Avalanche|meme|Trading"", ""id"": 42418568, ""guid"": ""ha93388BwWkPe8xtcTy1rJ""}]",{}
11,2024-03-29,2024-03-22,53.4062385559082,53.267066955566406,0.002612713789138965,U1,"[{""date"": ""20240327080000"", ""headline"": ""Diamonds Arrive on a Blockchain With New Tokenized Fund on Avalanche Network"", ""summary"": ""The security token backed by the Diamond Standard Fund is listed on the regulated Oasis Pro Markets, eligible for IRAs and available for institutional investors such as pension funds and endowments.\n\n..."", ""url"": ""https://coindesk.com/business/2024/03/27/diamonds-arrive-on-a-blockchain-with-new-tokenized-fund-on-avalanche-network"", ""source"": ""CoinDesk"", ""sentiment"": ""POSITIVE"", ""keywords"": ""Real World Assets  |Tokenization|Oasis Pro Markets|Avalanche|Diamond Standard"", ""id"": 42391104, ""guid"": ""CpI5Y2Su0uMQDo69beUmyd""}]",{}
12,2024-04-05,2024-03-29,45.38042449951172,53.4062385559082,-0.15027858679833217,D5+,"[{""date"": ""20240327080000"", ""headline"": ""Diamonds Arrive on a Blockchain With New Tokenized Fund on Avalanche Network"", ""summary"": ""The security token backed by the Diamond Standard Fund is listed on the regulated Oasis Pro Markets, eligible for IRAs and available for institutional investors such as pension funds and endowments.\n\n..."", ""url"": ""https://coindesk.com/business/2024/03/27/diamonds-arrive-on-a-blockchain-with-new-tokenized-fund-on-avalanche-network"", ""source"": ""CoinDesk"", ""sentiment"": ""POSITIVE"", ""keywords"": ""Real World Assets  |Tokenization|Oasis Pro Markets|Avalanche|Diamond Standard"", ""id"": 42391104, ""guid"": ""CpI5Y2Su0uMQDo69beUmyd""}, {""date"": ""20240315040148"", ""headline"": ""Avalanche Foundation Snaps Up KIMBO, COQ, and Three Other Tokens as First Meme Coin Investment"", ""summary"": ""Meme tokens are quickly moving from joke coins to a sector that represents the digital culture of any blockchain \u2013 with major foundations now directly investing in the growth of such tokens.\n\nAvalanch..."", ""url"": ""https://coindesk.com/markets/2024/03/15/avalanche-foundation-snaps-up-kimbo-coq-and-three-other-tokens-as-first-meme-coin-investment"", ""source"": ""CoinDesk"", ""sentiment"": ""POSITIVE"", ""keywords"": ""Avalanche|meme|Trading"", ""id"": 42418568, ""guid"": ""ha93388BwWkPe8xtcTy1rJ""}, {""date"": ""20240223083118"", ""headline"": ""Avalanche Is Back Up After Failing to Produce Block for Four Hours"", ""summary"": ""Avalanche suffered a major outage Friday, failing to produce blocks for more than four hours.\n\nDevelopers released a software patch disabling logic that permitted an \""excessive amount of gossip\"" to ta..."", ""url"": ""https://coindesk.com/business/2024/02/23/avalanche-suffers-outage-fails-to-produce-block-for-almost-two-hours"", ""source"": ""CoinDesk"", ""sentiment"": ""NEGATIVE"", ""keywords"": ""Avalanche|AVAX|Outage"", ""id"": 42418701, ""guid"": ""ha93388BwWkPe8xtcTyxa9""}, {""date"": ""20240220161953"", ""headline"": ""Avalanche's AVAX Underperforms Ahead of $365M Token Unlock"", ""summary"": ""Avalanche's native token AVAX underperformed the crypto market over the past week ahead of its token unlocking event, CoinDesk data shows.\n\nSome $365 million worth of locked-up tokens will be released..."", ""url"": ""https://coindesk.com/markets/2024/02/20/avalanches-avax-underperforms-ahead-of-365m-token-unlock"", ""source"": ""CoinDesk"", ""sentiment"": ""NEGATIVE"", ""keywords"": ""Avalanche|AVAX|Markets"", ""id"": 42408789, ""guid"": ""GJVPKSa3D710Liw1gb2CKt""}, {""date"": ""20240214103946"", ""headline"": ""Citibank Tests Tokenization of Private Equity Funds on Avalanche"", ""summary"": ""Citibank used layer-1 blockchain Avalanche\u2019s {{AVAX}} Spruce Subnet to explore the tokenization of private equity funds to re-architect capital markets.\n\nCiti worked with traditional finance giants Wi..."", ""url"": ""https://coindesk.com/markets/2024/02/14/citi-bank-tests-tokenization-of-private-equity-funds-on-avalanche"", ""source"": ""CoinDesk"", ""sentiment"": ""POSITIVE"", ""keywords"": ""Avalanche|Citi|Tokenization"", ""id"": 42391512, ""guid"": ""CpI5Y2Su0uMQDo69bexpW1""}]",{}
13,2024-04-12,2024-04-05,39.41774368286133,45.38042449951172,-0.13139323579299148,D5+,"[{""date"": ""20240327080000"", ""headline"": ""Diamonds Arrive on a Blockchain With New Tokenized Fund on Avalanche Network"", ""summary"": ""The security token backed by the Diamond Standard Fund is listed on the regulated Oasis Pro Markets, eligible for IRAs and available for institutional investors such as pension funds and endowments.\n\n..."", ""url"": ""https://coindesk.com/business/2024/03/27/diamonds-arrive-on-a-blockchain-with-new-tokenized-fund-on-avalanche-network"", ""source"": ""CoinDesk"", ""sentiment"": ""POSITIVE"", ""keywords"": ""Real World Assets  |Tokenization|Oasis Pro Markets|Avalanche|Diamond Standard"", ""id"": 42391104, ""guid"": ""CpI5Y2Su0uMQDo69beUmyd""}, {""date"": ""20240315040148"", ""headline"": ""Avalanche Foundation Snaps Up KIMBO, COQ, and Three Other Tokens as First Meme Coin Investment"", ""summary"": ""Meme tokens are quickly moving from joke coins to a sector that represents the digital culture of any blockchain \u2013 with major foundations now directly investing in the growth of such tokens.\n\nAvalanch..."", ""url"": ""https://coindesk.com/markets/2024/03/15/avalanche-foundation-snaps-up-kimbo-coq-and-three-other-tokens-as-first-meme-coin-investment"", ""source"": ""CoinDesk"", ""sentiment"": ""POSITIVE"", ""keywords"": ""Avalanche|meme|Trading"", ""id"": 42418568, ""guid"": ""ha93388BwWkPe8xtcTy1rJ""}, {""date"": ""20240223083118"", ""headline"": ""Avalanche Is Back Up After Failing to Produce Block for Four Hours"", ""summary"": ""Avalanche suffered a major outage Friday, failing to produce blocks for more than four hours.\n\nDevelopers released a software patch disabling logic that permitted an \""excessive amount of gossip\"" to ta..."", ""url"": ""https://coindesk.com/business/2024/02/23/avalanche-suffers-outage-fails-to-produce-block-for-almost-two-hours"", ""source"": ""CoinDesk"", ""sentiment"": ""NEGATIVE"", ""keywords"": ""Avalanche|AVAX|Outage"", ""id"": 42418701, ""guid"": ""ha93388BwWkPe8xtcTyxa9""}, {""date"": ""20240220161953"", ""headline"": ""Avalanche's AVAX Underperforms Ahead of $365M Token Unlock"", ""summary"": ""Avalanche's native token AVAX underperformed the crypto market over the past week ahead of its token unlocking event, CoinDesk data shows.\n\nSome $365 million worth of locked-up tokens will be released..."", ""url"": ""https://coindesk.com/markets/2024/02/20/avalanches-avax-underperforms-ahead-of-365m-token-unlock"", ""source"": ""CoinDesk"", ""sentiment"": ""NEGATIVE"", ""keywords"": ""Avalanche|AVAX|Markets"", ""id"": 42408789, ""guid"": ""GJVPKSa3D710Liw1gb2CKt""}, {""date"": ""20240214103946"", ""headline"": ""Citibank Tests Tokenization of Private Equity Funds on Avalanche"", ""summary"": ""Citibank used layer-1 blockchain Avalanche\u2019s {{AVAX}} Spruce Subnet to explore the tokenization of private equity funds to re-architect capital markets.\n\nCiti worked with traditional finance giants Wi..."", ""url"": ""https://coindesk.com/markets/2024/02/14/citi-bank-tests-tokenization-of-private-equity-funds-on-avalanche"", ""source"": ""CoinDesk"", ""sentiment"": ""POSITIVE"", ""keywords"": ""Avalanche|Citi|Tokenization"", ""id"": 42391512, ""guid"": ""CpI5Y2Su0uMQDo69bexpW1""}]",{}
14,2024-04-19,2024-04-12,34.72248077392578,39.41774368286133,-0.11911546603762173,D5+,"[{""date"": ""20240416090000"", ""headline"": ""Homium Raises $10M and Tokenizes Home Equity Loans on Avalanche"", ""summary"": ""Homium, a real-estate equity mortgage lender and securitization platform, has gone live with its first home equity loans on Avalanche.\n\nThe offering comes as real-world asset (RWA) tokenization contin..."", ""url"": ""https://coindesk.com/business/2024/04/16/homium-raises-10m-and-tokenizes-home-equity-loans-on-avalanche"", ""source"": ""CoinDesk"", ""sentiment"": ""POSITIVE"", ""keywords"": ""Avalanche|Real World Assets  |Tokenization"", ""id"": 42390975, ""guid"": ""CpI5Y2Su0uMQDo69bdRkeD""}]",{}
15,2024-04-26,2024-04-19,34.40515899658203,34.72248077392578,-0.009138799137359939,D1,"[{""date"": ""20240416090000"", ""headline"": ""Homium Raises $10M and Tokenizes Home Equity Loans on Avalanche"", ""summary"": ""Homium, a real-estate equity mortgage lender and securitization platform, has gone live with its first home equity loans on Avalanche.\n\nThe offering comes as real-world asset (RWA) tokenization contin..."", ""url"": ""https://coindesk.com/business/2024/04/16/homium-raises-10m-and-tokenizes-home-equity-loans-on-avalanche"", ""source"": ""CoinDesk"", ""sentiment"": ""POSITIVE"", ""keywords"": ""Avalanche|Real World Assets  |Tokenization"", ""id"": 42390975, ""guid"": ""CpI5Y2Su0uMQDo69bdRkeD""}, {""date"": ""20240327080000"", ""headline"": ""Diamonds Arrive on a Blockchain With New Tokenized Fund on Avalanche Network"", ""summary"": ""The security token backed by the Diamond Standard Fund is listed on the regulated Oasis Pro Markets, eligible for IRAs and available for institutional investors such as pension funds and endowments.\n\n..."", ""url"": ""https://coindesk.com/business/2024/03/27/diamonds-arrive-on-a-blockchain-with-new-tokenized-fund-on-avalanche-network"", ""source"": ""CoinDesk"", ""sentiment"": ""POSITIVE"", ""keywords"": ""Real World Assets  |Tokenization|Oasis Pro Markets|Avalanche|Diamond Standard"", ""id"": 42391104, ""guid"": ""CpI5Y2Su0uMQDo69beUmyd""}, {""date"": ""20240315040148"", ""headline"": ""Avalanche Foundation Snaps Up KIMBO, COQ, and Three Other Tokens as First Meme Coin Investment"", ""summary"": ""Meme tokens are quickly moving from joke coins to a sector that represents the digital culture of any blockchain \u2013 with major foundations now directly investing in the growth of such tokens.\n\nAvalanch..."", ""url"": ""https://coindesk.com/markets/2024/03/15/avalanche-foundation-snaps-up-kimbo-coq-and-three-other-tokens-as-first-meme-coin-investment"", ""source"": ""CoinDesk"", ""sentiment"": ""POSITIVE"", ""keywords"": ""Avalanche|meme|Trading"", ""id"": 42418568, ""guid"": ""ha93388BwWkPe8xtcTy1rJ""}, {""date"": ""20240223083118"", ""headline"": ""Avalanche Is Back Up After Failing to Produce Block for Four Hours"", ""summary"": ""Avalanche suffered a major outage Friday, failing to produce blocks for more than four hours.\n\nDevelopers released a software patch disabling logic that permitted an \""excessive amount of gossip\"" to ta..."", ""url"": ""https://coindesk.com/business/2024/02/23/avalanche-suffers-outage-fails-to-produce-block-for-almost-two-hours"", ""source"": ""CoinDesk"", ""sentiment"": ""NEGATIVE"", ""keywords"": ""Avalanche|AVAX|Outage"", ""id"": 42418701, ""guid"": ""ha93388BwWkPe8xtcTyxa9""}, {""date"": ""20240220161953"", ""headline"": ""Avalanche's AVAX Underperforms Ahead of $365M Token Unlock"", ""summary"": ""Avalanche's native token AVAX underperformed the crypto market over the past week ahead of its token unlocking event, CoinDesk data shows.\n\nSome $365 million worth of locked-up tokens will be released..."", ""url"": ""https://coindesk.com/markets/2024/02/20/avalanches-avax-underperforms-ahead-of-365m-token-unlock"", ""source"": ""CoinDesk"", ""sentiment"": ""NEGATIVE"", ""keywords"": ""Avalanche|AVAX|Markets"", ""id"": 42408789, ""guid"": ""GJVPKSa3D710Liw1gb2CKt""}]",{}
16,2024-05-03,2024-04-26,35.584896087646484,34.40515899658203,0.034289540448909236,U4,"[{""date"": ""20240416090000"", ""headline"": ""Homium Raises $10M and Tokenizes Home Equity Loans on Avalanche"", ""summary"": ""Homium, a real-estate equity mortgage lender and securitization platform, has gone live with its first home equity loans on Avalanche.\n\nThe offering comes as real-world asset (RWA) tokenization contin..."", ""url"": ""https://coindesk.com/business/2024/04/16/homium-raises-10m-and-tokenizes-home-equity-loans-on-avalanche"", ""source"": ""CoinDesk"", ""sentiment"": ""POSITIVE"", ""keywords"": ""Avalanche|Real World Assets  |Tokenization"", ""id"": 42390975, ""guid"": ""CpI5Y2Su0uMQDo69bdRkeD""}, {""date"": ""20240327080000"", ""headline"": ""Diamonds Arrive on a Blockchain With New Tokenized Fund on Avalanche Network"", ""summary"": ""The security token backed by the Diamond Standard Fund is listed on the regulated Oasis Pro Markets, eligible for IRAs and available for institutional investors such as pension funds and endowments.\n\n..."", ""url"": ""https://coindesk.com/business/2024/03/27/diamonds-arrive-on-a-blockchain-with-new-tokenized-fund-on-avalanche-network"", ""source"": ""CoinDesk"", ""sentiment"": ""POSITIVE"", ""keywords"": ""Real World Assets  |Tokenization|Oasis Pro Markets|Avalanche|Diamond Standard"", ""id"": 42391104, ""guid"": ""CpI5Y2Su0uMQDo69beUmyd""}, {""date"": ""20240315040148"", ""headline"": ""Avalanche Foundation Snaps Up KIMBO, COQ, and Three Other Tokens as First Meme Coin Investment"", ""summary"": ""Meme tokens are quickly moving from joke coins to a sector that represents the digital culture of any blockchain \u2013 with major foundations now directly investing in the growth of such tokens.\n\nAvalanch..."", ""url"": ""https://coindesk.com/markets/2024/03/15/avalanche-foundation-snaps-up-kimbo-coq-and-three-other-tokens-as-first-meme-coin-investment"", ""source"": ""CoinDesk"", ""sentiment"": ""POSITIVE"", ""keywords"": ""Avalanche|meme|Trading"", ""id"": 42418568, ""guid"": ""ha93388BwWkPe8xtcTy1rJ""}, {""date"": ""20240223083118"", ""headline"": ""Avalanche Is Back Up After Failing to Produce Block for Four Hours"", ""summary"": ""Avalanche suffered a major outage Friday, failing to produce blocks for more than four hours.\n\nDevelopers released a software patch disabling logic that permitted an \""excessive amount of gossip\"" to ta..."", ""url"": ""https://coindesk.com/business/2024/02/23/avalanche-suffers-outage-fails-to-produce-block-for-almost-two-hours"", ""source"": ""CoinDesk"", ""sentiment"": ""NEGATIVE"", ""keywords"": ""Avalanche|AVAX|Outage"", ""id"": 42418701, ""guid"": ""ha93388BwWkPe8xtcTyxa9""}, {""date"": ""20240220161953"", ""headline"": ""Avalanche's AVAX Underperforms Ahead of $365M Token Unlock"", ""summary"": ""Avalanche's native token AVAX underperformed the crypto market over the past week ahead of its token unlocking event, CoinDesk data shows.\n\nSome $365 million worth of locked-up tokens will be released..."", ""url"": ""https://coindesk.com/markets/2024/02/20/avalanches-avax-underperforms-ahead-of-365m-token-unlock"", ""source"": ""CoinDesk"", ""sentiment"": ""NEGATIVE"", ""keywords"": ""Avalanche|AVAX|Markets"", ""id"": 42408789, ""guid"": ""GJVPKSa3D710Liw1gb2CKt""}]",{}
17,2024-05-10,2024-05-03,33.71251678466797,35.584896087646484,-0.05261724801350547,D5+,"[{""date"": ""20240416090000"", ""headline"": ""Homium Raises $10M and Tokenizes Home Equity Loans on Avalanche"", ""summary"": ""Homium, a real-estate equity mortgage lender and securitization platform, has gone live with its first home equity loans on Avalanche.\n\nThe offering comes as real-world asset (RWA) tokenization contin..."", ""url"": ""https://coindesk.com/business/2024/04/16/homium-raises-10m-and-tokenizes-home-equity-loans-on-avalanche"", ""source"": ""CoinDesk"", ""sentiment"": ""POSITIVE"", ""keywords"": ""Avalanche|Real World Assets  |Tokenization"", ""id"": 42390975, ""guid"": ""CpI5Y2Su0uMQDo69bdRkeD""}, {""date"": ""20240327080000"", ""headline"": ""Diamonds Arrive on a Blockchain With New Tokenized Fund on Avalanche Network"", ""summary"": ""The security token backed by the Diamond Standard Fund is listed on the regulated Oasis Pro Markets, eligible for IRAs and available for institutional investors such as pension funds and endowments.\n\n..."", ""url"": ""https://coindesk.com/business/2024/03/27/diamonds-arrive-on-a-blockchain-with-new-tokenized-fund-on-avalanche-network"", ""source"": ""CoinDesk"", ""sentiment"": ""POSITIVE"", ""keywords"": ""Real World Assets  |Tokenization|Oasis Pro Markets|Avalanche|Diamond Standard"", ""id"": 42391104, ""guid"": ""CpI5Y2Su0uMQDo69beUmyd""}, {""date"": ""20240315040148"", ""headline"": ""Avalanche Foundation Snaps Up KIMBO, COQ, and Three Other Tokens as First Meme Coin Investment"", ""summary"": ""Meme tokens are quickly moving from joke coins to a sector that represents the digital culture of any blockchain \u2013 with major foundations now directly investing in the growth of such tokens.\n\nAvalanch..."", ""url"": ""https://coindesk.com/markets/2024/03/15/avalanche-foundation-snaps-up-kimbo-coq-and-three-other-tokens-as-first-meme-coin-investment"", ""source"": ""CoinDesk"", ""sentiment"": ""POSITIVE"", ""keywords"": ""Avalanche|meme|Trading"", ""id"": 42418568, ""guid"": ""ha93388BwWkPe8xtcTy1rJ""}, {""date"": ""20240223083118"", ""headline"": ""Avalanche Is Back Up After Failing to Produce Block for Four Hours"", ""summary"": ""Avalanche suffered a major outage Friday, failing to produce blocks for more than four hours.\n\nDevelopers released a software patch disabling logic that permitted an \""excessive amount of gossip\"" to ta..."", ""url"": ""https://coindesk.com/business/2024/02/23/avalanche-suffers-outage-fails-to-produce-block-for-almost-two-hours"", ""source"": ""CoinDesk"", ""sentiment"": ""NEGATIVE"", ""keywords"": ""Avalanche|AVAX|Outage"", ""id"": 42418701, ""guid"": ""ha93388BwWkPe8xtcTyxa9""}, {""date"": ""20240220161953"", ""headline"": ""Avalanche's AVAX Underperforms Ahead of $365M Token Unlock"", ""summary"": ""Avalanche's native token AVAX underperformed the crypto market over the past week ahead of its token unlocking event, CoinDesk data shows.\n\nSome $365 million worth of locked-up tokens will be released..."", ""url"": ""https://coindesk.com/markets/2024/02/20/avalanches-avax-underperforms-ahead-of-365m-token-unlock"", ""source"": ""CoinDesk"", ""sentiment"": ""NEGATIVE"", ""keywords"": ""Avalanche|AVAX|Markets"", ""id"": 42408789, ""guid"": ""GJVPKSa3D710Liw1gb2CKt""}]",{}
18,2024-05-17,2024-05-10,36.423484802246094,33.71251678466797,0.08041428751504662,U5+,"[{""date"": ""20240514090000"", ""headline"": ""RWA Platform Re Debuts Tokenized Reinsurance Fund on Avalanche with $15M Commitment from Nexus Mutual"", ""summary"": ""The new fund backs low-volatility insurances covering properties, trucking, aviation and workers compensation, excluding catastrophic risks at the start, Re CEO Karn Saroya said in an interview.\n\nRe t..."", ""url"": ""https://coindesk.com/business/2024/05/14/rwa-platform-re-debuts-tokenized-reinsurance-fund-on-avalanche-with-15m-commitment-from-nexus-mutual"", ""source"": ""CoinDesk"", ""sentiment"": ""POSITIVE"", ""keywords"": ""reinsurance|Nexus Mutual|Tokenization|Real World Assets  |Avalanche|Exclusive "", ""id"": 42418232, ""guid"": ""ha93388BwWkPe8xtcTcxnp""}]",{}
19,2024-05-24,2024-05-17,37.99346923828125,36.423484802246094,0.043103630653658416,U5,"[{""date"": ""20240521120357"", ""headline"": ""One-on-One with Avalanche\u2019s Luigi D\u2019Onorio DeMeo "", ""summary"": ""The interview was conducted by CoinDesk Indices and is not associated with CoinDesk editorial. The views and opinions expressed are those of the author and not associated with CoinDesk. This is not fi..."", ""url"": ""https://coindesk.com/coindesk-indices/2024/05/21/one-on-one-with-avalanches-luigi-donorio-demeo"", ""source"": ""CoinDesk"", ""sentiment"": ""POSITIVE"", ""keywords"": ""CoinDesk Indices"", ""id"": 42418181, ""guid"": ""ha93388BwWkPe8xtcTckV3""}]",{}
20,2024-05-31,2024-05-24,36.05586242675781,37.99346923828125,-0.050998417632553396,D5+,"[{""date"": ""20240521120357"", ""headline"": ""One-on-One with Avalanche\u2019s Luigi D\u2019Onorio DeMeo "", ""summary"": ""The interview was conducted by CoinDesk Indices and is not associated with CoinDesk editorial. The views and opinions expressed are those of the author and not associated with CoinDesk. This is not fi..."", ""url"": ""https://coindesk.com/coindesk-indices/2024/05/21/one-on-one-with-avalanches-luigi-donorio-demeo"", ""source"": ""CoinDesk"", ""sentiment"": ""POSITIVE"", ""keywords"": ""CoinDesk Indices"", ""id"": 42418181, ""guid"": ""ha93388BwWkPe8xtcTckV3""}, {""date"": ""20240514090000"", ""headline"": ""RWA Platform Re Debuts Tokenized Reinsurance Fund on Avalanche with $15M Commitment from Nexus Mutual"", ""summary"": ""The new fund backs low-volatility insurances covering properties, trucking, aviation and workers compensation, excluding catastrophic risks at the start, Re CEO Karn Saroya said in an interview.\n\nRe t..."", ""url"": ""https://coindesk.com/business/2024/05/14/rwa-platform-re-debuts-tokenized-reinsurance-fund-on-avalanche-with-15m-commitment-from-nexus-mutual"", ""source"": ""CoinDesk"", ""sentiment"": ""POSITIVE"", ""keywords"": ""reinsurance|Nexus Mutual|Tokenization|Real World Assets  |Avalanche|Exclusive "", ""id"": 42418232, ""guid"": ""ha93388BwWkPe8xtcTcxnp""}, {""date"": ""20240416090000"", ""headline"": ""Homium Raises $10M and Tokenizes Home Equity Loans on Avalanche"", ""summary"": ""Homium, a real-estate equity mortgage lender and securitization platform, has gone live with its first home equity loans on Avalanche.\n\nThe offering comes as real-world asset (RWA) tokenization contin..."", ""url"": ""https://coindesk.com/business/2024/04/16/homium-raises-10m-and-tokenizes-home-equity-loans-on-avalanche"", ""source"": ""CoinDesk"", ""sentiment"": ""POSITIVE"", ""keywords"": ""Avalanche|Real World Assets  |Tokenization"", ""id"": 42390975, ""guid"": ""CpI5Y2Su0uMQDo69bdRkeD""}, {""date"": ""20240327080000"", ""headline"": ""Diamonds Arrive on a Blockchain With New Tokenized Fund on Avalanche Network"", ""summary"": ""The security token backed by the Diamond Standard Fund is listed on the regulated Oasis Pro Markets, eligible for IRAs and available for institutional investors such as pension funds and endowments.\n\n..."", ""url"": ""https://coindesk.com/business/2024/03/27/diamonds-arrive-on-a-blockchain-with-new-tokenized-fund-on-avalanche-network"", ""source"": ""CoinDesk"", ""sentiment"": ""POSITIVE"", ""keywords"": ""Real World Assets  |Tokenization|Oasis Pro Markets|Avalanche|Diamond Standard"", ""id"": 42391104, ""guid"": ""CpI5Y2Su0uMQDo69beUmyd""}, {""date"": ""20240315040148"", ""headline"": ""Avalanche Foundation Snaps Up KIMBO, COQ, and Three Other Tokens as First Meme Coin Investment"", ""summary"": ""Meme tokens are quickly moving from joke coins to a sector that represents the digital culture of any blockchain \u2013 with major foundations now directly investing in the growth of such tokens.\n\nAvalanch..."", ""url"": ""https://coindesk.com/markets/2024/03/15/avalanche-foundation-snaps-up-kimbo-coq-and-three-other-tokens-as-first-meme-coin-investment"", ""source"": ""CoinDesk"", ""sentiment"": ""POSITIVE"", ""keywords"": ""Avalanche|meme|Trading"", ""id"": 42418568, ""guid"": ""ha93388BwWkPe8xtcTy1rJ""}]",{}
21,2024-06-07,2024-05-31,33.507789611816406,36.05586242675781,-0.07067013915191855,D5+,"[{""date"": ""20240521120357"", ""headline"": ""One-on-One with Avalanche\u2019s Luigi D\u2019Onorio DeMeo "", ""summary"": ""The interview was conducted by CoinDesk Indices and is not associated with CoinDesk editorial. The views and opinions expressed are those of the author and not associated with CoinDesk. This is not fi..."", ""url"": ""https://coindesk.com/coindesk-indices/2024/05/21/one-on-one-with-avalanches-luigi-donorio-demeo"", ""source"": ""CoinDesk"", ""sentiment"": ""POSITIVE"", ""keywords"": ""CoinDesk Indices"", ""id"": 42418181, ""guid"": ""ha93388BwWkPe8xtcTckV3""}, {""date"": ""20240514090000"", ""headline"": ""RWA Platform Re Debuts Tokenized Reinsurance Fund on Avalanche with $15M Commitment from Nexus Mutual"", ""summary"": ""The new fund backs low-volatility insurances covering properties, trucking, aviation and workers compensation, excluding catastrophic risks at the start, Re CEO Karn Saroya said in an interview.\n\nRe t..."", ""url"": ""https://coindesk.com/business/2024/05/14/rwa-platform-re-debuts-tokenized-reinsurance-fund-on-avalanche-with-15m-commitment-from-nexus-mutual"", ""source"": ""CoinDesk"", ""sentiment"": ""POSITIVE"", ""keywords"": ""reinsurance|Nexus Mutual|Tokenization|Real World Assets  |Avalanche|Exclusive "", ""id"": 42418232, ""guid"": ""ha93388BwWkPe8xtcTcxnp""}, {""date"": ""20240416090000"", ""headline"": ""Homium Raises $10M and Tokenizes Home Equity Loans on Avalanche"", ""summary"": ""Homium, a real-estate equity mortgage lender and securitization platform, has gone live with its first home equity loans on Avalanche.\n\nThe offering comes as real-world asset (RWA) tokenization contin..."", ""url"": ""https://coindesk.com/business/2024/04/16/homium-raises-10m-and-tokenizes-home-equity-loans-on-avalanche"", ""source"": ""CoinDesk"", ""sentiment"": ""POSITIVE"", ""keywords"": ""Avalanche|Real World Assets  |Tokenization"", ""id"": 42390975, ""guid"": ""CpI5Y2Su0uMQDo69bdRkeD""}, {""date"": ""20240327080000"", ""headline"": ""Diamonds Arrive on a Blockchain With New Tokenized Fund on Avalanche Network"", ""summary"": ""The security token backed by the Diamond Standard Fund is listed on the regulated Oasis Pro Markets, eligible for IRAs and available for institutional investors such as pension funds and endowments.\n\n..."", ""url"": ""https://coindesk.com/business/2024/03/27/diamonds-arrive-on-a-blockchain-with-new-tokenized-fund-on-avalanche-network"", ""source"": ""CoinDesk"", ""sentiment"": ""POSITIVE"", ""keywords"": ""Real World Assets  |Tokenization|Oasis Pro Markets|Avalanche|Diamond Standard"", ""id"": 42391104, ""guid"": ""CpI5Y2Su0uMQDo69beUmyd""}, {""date"": ""20240315040148"", ""headline"": ""Avalanche Foundation Snaps Up KIMBO, COQ, and Three Other Tokens as First Meme Coin Investment"", ""summary"": ""Meme tokens are quickly moving from joke coins to a sector that represents the digital culture of any blockchain \u2013 with major foundations now directly investing in the growth of such tokens.\n\nAvalanch..."", ""url"": ""https://coindesk.com/markets/2024/03/15/avalanche-foundation-snaps-up-kimbo-coq-and-three-other-tokens-as-first-meme-coin-investment"", ""source"": ""CoinDesk"", ""sentiment"": ""POSITIVE"", ""keywords"": ""Avalanche|meme|Trading"", ""id"": 42418568, ""guid"": ""ha93388BwWkPe8xtcTy1rJ""}]",{}
22,2024-06-14,2024-06-07,30.291038513183594,33.507789611816406,-0.09600009836215626,D5+,"[{""date"": ""20240521120357"", ""headline"": ""One-on-One with Avalanche\u2019s Luigi D\u2019Onorio DeMeo "", ""summary"": ""The interview was conducted by CoinDesk Indices and is not associated with CoinDesk editorial. The views and opinions expressed are those of the author and not associated with CoinDesk. This is not fi..."", ""url"": ""https://coindesk.com/coindesk-indices/2024/05/21/one-on-one-with-avalanches-luigi-donorio-demeo"", ""source"": ""CoinDesk"", ""sentiment"": ""POSITIVE"", ""keywords"": ""CoinDesk Indices"", ""id"": 42418181, ""guid"": ""ha93388BwWkPe8xtcTckV3""}, {""date"": ""20240514090000"", ""headline"": ""RWA Platform Re Debuts Tokenized Reinsurance Fund on Avalanche with $15M Commitment from Nexus Mutual"", ""summary"": ""The new fund backs low-volatility insurances covering properties, trucking, aviation and workers compensation, excluding catastrophic risks at the start, Re CEO Karn Saroya said in an interview.\n\nRe t..."", ""url"": ""https://coindesk.com/business/2024/05/14/rwa-platform-re-debuts-tokenized-reinsurance-fund-on-avalanche-with-15m-commitment-from-nexus-mutual"", ""source"": ""CoinDesk"", ""sentiment"": ""POSITIVE"", ""keywords"": ""reinsurance|Nexus Mutual|Tokenization|Real World Assets  |Avalanche|Exclusive "", ""id"": 42418232, ""guid"": ""ha93388BwWkPe8xtcTcxnp""}, {""date"": ""20240416090000"", ""headline"": ""Homium Raises $10M and Tokenizes Home Equity Loans on Avalanche"", ""summary"": ""Homium, a real-estate equity mortgage lender and securitization platform, has gone live with its first home equity loans on Avalanche.\n\nThe offering comes as real-world asset (RWA) tokenization contin..."", ""url"": ""https://coindesk.com/business/2024/04/16/homium-raises-10m-and-tokenizes-home-equity-loans-on-avalanche"", ""source"": ""CoinDesk"", ""sentiment"": ""POSITIVE"", ""keywords"": ""Avalanche|Real World Assets  |Tokenization"", ""id"": 42390975, ""guid"": ""CpI5Y2Su0uMQDo69bdRkeD""}, {""date"": ""20240327080000"", ""headline"": ""Diamonds Arrive on a Blockchain With New Tokenized Fund on Avalanche Network"", ""summary"": ""The security token backed by the Diamond Standard Fund is listed on the regulated Oasis Pro Markets, eligible for IRAs and available for institutional investors such as pension funds and endowments.\n\n..."", ""url"": ""https://coindesk.com/business/2024/03/27/diamonds-arrive-on-a-blockchain-with-new-tokenized-fund-on-avalanche-network"", ""source"": ""CoinDesk"", ""sentiment"": ""POSITIVE"", ""keywords"": ""Real World Assets  |Tokenization|Oasis Pro Markets|Avalanche|Diamond Standard"", ""id"": 42391104, ""guid"": ""CpI5Y2Su0uMQDo69beUmyd""}, {""date"": ""20240315040148"", ""headline"": ""Avalanche Foundation Snaps Up KIMBO, COQ, and Three Other Tokens as First Meme Coin Investment"", ""summary"": ""Meme tokens are quickly moving from joke coins to a sector that represents the digital culture of any blockchain \u2013 with major foundations now directly investing in the growth of such tokens.\n\nAvalanch..."", ""url"": ""https://coindesk.com/markets/2024/03/15/avalanche-foundation-snaps-up-kimbo-coq-and-three-other-tokens-as-first-meme-coin-investment"", ""source"": ""CoinDesk"", ""sentiment"": ""POSITIVE"", ""keywords"": ""Avalanche|meme|Trading"", ""id"": 42418568, ""guid"": ""ha93388BwWkPe8xtcTy1rJ""}]",{}
23,2024-06-21,2024-06-14,27.450439453125,30.291038513183594,-0.09377687921865992,D5+,"[{""date"": ""20240521120357"", ""headline"": ""One-on-One with Avalanche\u2019s Luigi D\u2019Onorio DeMeo "", ""summary"": ""The interview was conducted by CoinDesk Indices and is not associated with CoinDesk editorial. The views and opinions expressed are those of the author and not associated with CoinDesk. This is not fi..."", ""url"": ""https://coindesk.com/coindesk-indices/2024/05/21/one-on-one-with-avalanches-luigi-donorio-demeo"", ""source"": ""CoinDesk"", ""sentiment"": ""POSITIVE"", ""keywords"": ""CoinDesk Indices"", ""id"": 42418181, ""guid"": ""ha93388BwWkPe8xtcTckV3""}, {""date"": ""20240514090000"", ""headline"": ""RWA Platform Re Debuts Tokenized Reinsurance Fund on Avalanche with $15M Commitment from Nexus Mutual"", ""summary"": ""The new fund backs low-volatility insurances covering properties, trucking, aviation and workers compensation, excluding catastrophic risks at the start, Re CEO Karn Saroya said in an interview.\n\nRe t..."", ""url"": ""https://coindesk.com/business/2024/05/14/rwa-platform-re-debuts-tokenized-reinsurance-fund-on-avalanche-with-15m-commitment-from-nexus-mutual"", ""source"": ""CoinDesk"", ""sentiment"": ""POSITIVE"", ""keywords"": ""reinsurance|Nexus Mutual|Tokenization|Real World Assets  |Avalanche|Exclusive "", ""id"": 42418232, ""guid"": ""ha93388BwWkPe8xtcTcxnp""}, {""date"": ""20240416090000"", ""headline"": ""Homium Raises $10M and Tokenizes Home Equity Loans on Avalanche"", ""summary"": ""Homium, a real-estate equity mortgage lender and securitization platform, has gone live with its first home equity loans on Avalanche.\n\nThe offering comes as real-world asset (RWA) tokenization contin..."", ""url"": ""https://coindesk.com/business/2024/04/16/homium-raises-10m-and-tokenizes-home-equity-loans-on-avalanche"", ""source"": ""CoinDesk"", ""sentiment"": ""POSITIVE"", ""keywords"": ""Avalanche|Real World Assets  |Tokenization"", ""id"": 42390975, ""guid"": ""CpI5Y2Su0uMQDo69bdRkeD""}, {""date"": ""20240327080000"", ""headline"": ""Diamonds Arrive on a Blockchain With New Tokenized Fund on Avalanche Network"", ""summary"": ""The security token backed by the Diamond Standard Fund is listed on the regulated Oasis Pro Markets, eligible for IRAs and available for institutional investors such as pension funds and endowments.\n\n..."", ""url"": ""https://coindesk.com/business/2024/03/27/diamonds-arrive-on-a-blockchain-with-new-tokenized-fund-on-avalanche-network"", ""source"": ""CoinDesk"", ""sentiment"": ""POSITIVE"", ""keywords"": ""Real World Assets  |Tokenization|Oasis Pro Markets|Avalanche|Diamond Standard"", ""id"": 42391104, ""guid"": ""CpI5Y2Su0uMQDo69beUmyd""}, {""date"": ""20240315040148"", ""headline"": ""Avalanche Foundation Snaps Up KIMBO, COQ, and Three Other Tokens as First Meme Coin Investment"", ""summary"": ""Meme tokens are quickly moving from joke coins to a sector that represents the digital culture of any blockchain \u2013 with major foundations now directly investing in the growth of such tokens.\n\nAvalanch..."", ""url"": ""https://coindesk.com/markets/2024/03/15/avalanche-foundation-snaps-up-kimbo-coq-and-three-other-tokens-as-first-meme-coin-investment"", ""source"": ""CoinDesk"", ""sentiment"": ""POSITIVE"", ""keywords"": ""Avalanche|meme|Trading"", ""id"": 42418568, ""guid"": ""ha93388BwWkPe8xtcTy1rJ""}]",{}
24,2024-06-28,2024-06-21,27.89578628540039,27.450439453125,0.01622366858774247,U2,"[{""date"": ""20240521120357"", ""headline"": ""One-on-One with Avalanche\u2019s Luigi D\u2019Onorio DeMeo "", ""summary"": ""The interview was conducted by CoinDesk Indices and is not associated with CoinDesk editorial. The views and opinions expressed are those of the author and not associated with CoinDesk. This is not fi..."", ""url"": ""https://coindesk.com/coindesk-indices/2024/05/21/one-on-one-with-avalanches-luigi-donorio-demeo"", ""source"": ""CoinDesk"", ""sentiment"": ""POSITIVE"", ""keywords"": ""CoinDesk Indices"", ""id"": 42418181, ""guid"": ""ha93388BwWkPe8xtcTckV3""}, {""date"": ""20240514090000"", ""headline"": ""RWA Platform Re Debuts Tokenized Reinsurance Fund on Avalanche with $15M Commitment from Nexus Mutual"", ""summary"": ""The new fund backs low-volatility insurances covering properties, trucking, aviation and workers compensation, excluding catastrophic risks at the start, Re CEO Karn Saroya said in an interview.\n\nRe t..."", ""url"": ""https://coindesk.com/business/2024/05/14/rwa-platform-re-debuts-tokenized-reinsurance-fund-on-avalanche-with-15m-commitment-from-nexus-mutual"", ""source"": ""CoinDesk"", ""sentiment"": ""POSITIVE"", ""keywords"": ""reinsurance|Nexus Mutual|Tokenization|Real World Assets  |Avalanche|Exclusive "", ""id"": 42418232, ""guid"": ""ha93388BwWkPe8xtcTcxnp""}, {""date"": ""20240416090000"", ""headline"": ""Homium Raises $10M and Tokenizes Home Equity Loans on Avalanche"", ""summary"": ""Homium, a real-estate equity mortgage lender and securitization platform, has gone live with its first home equity loans on Avalanche.\n\nThe offering comes as real-world asset (RWA) tokenization contin..."", ""url"": ""https://coindesk.com/business/2024/04/16/homium-raises-10m-and-tokenizes-home-equity-loans-on-avalanche"", ""source"": ""CoinDesk"", ""sentiment"": ""POSITIVE"", ""keywords"": ""Avalanche|Real World Assets  |Tokenization"", ""id"": 42390975, ""guid"": ""CpI5Y2Su0uMQDo69bdRkeD""}, {""date"": ""20240327080000"", ""headline"": ""Diamonds Arrive on a Blockchain With New Tokenized Fund on Avalanche Network"", ""summary"": ""The security token backed by the Diamond Standard Fund is listed on the regulated Oasis Pro Markets, eligible for IRAs and available for institutional investors such as pension funds and endowments.\n\n..."", ""url"": ""https://coindesk.com/business/2024/03/27/diamonds-arrive-on-a-blockchain-with-new-tokenized-fund-on-avalanche-network"", ""source"": ""CoinDesk"", ""sentiment"": ""POSITIVE"", ""keywords"": ""Real World Assets  |Tokenization|Oasis Pro Markets|Avalanche|Diamond Standard"", ""id"": 42391104, ""guid"": ""CpI5Y2Su0uMQDo69beUmyd""}, {""date"": ""20240315040148"", ""headline"": ""Avalanche Foundation Snaps Up KIMBO, COQ, and Three Other Tokens as First Meme Coin Investment"", ""summary"": ""Meme tokens are quickly moving from joke coins to a sector that represents the digital culture of any blockchain \u2013 with major foundations now directly investing in the growth of such tokens.\n\nAvalanch..."", ""url"": ""https://coindesk.com/markets/2024/03/15/avalanche-foundation-snaps-up-kimbo-coq-and-three-other-tokens-as-first-meme-coin-investment"", ""source"": ""CoinDesk"", ""sentiment"": ""POSITIVE"", ""keywords"": ""Avalanche|meme|Trading"", ""id"": 42418568, ""guid"": ""ha93388BwWkPe8xtcTy1rJ""}]",{}
25,2024-07-05,2024-06-28,25.134418487548828,27.89578628540039,-0.09898870638024493,D5+,"[{""date"": ""20240521120357"", ""headline"": ""One-on-One with Avalanche\u2019s Luigi D\u2019Onorio DeMeo "", ""summary"": ""The interview was conducted by CoinDesk Indices and is not associated with CoinDesk editorial. The views and opinions expressed are those of the author and not associated with CoinDesk. This is not fi..."", ""url"": ""https://coindesk.com/coindesk-indices/2024/05/21/one-on-one-with-avalanches-luigi-donorio-demeo"", ""source"": ""CoinDesk"", ""sentiment"": ""POSITIVE"", ""keywords"": ""CoinDesk Indices"", ""id"": 42418181, ""guid"": ""ha93388BwWkPe8xtcTckV3""}, {""date"": ""20240514090000"", ""headline"": ""RWA Platform Re Debuts Tokenized Reinsurance Fund on Avalanche with $15M Commitment from Nexus Mutual"", ""summary"": ""The new fund backs low-volatility insurances covering properties, trucking, aviation and workers compensation, excluding catastrophic risks at the start, Re CEO Karn Saroya said in an interview.\n\nRe t..."", ""url"": ""https://coindesk.com/business/2024/05/14/rwa-platform-re-debuts-tokenized-reinsurance-fund-on-avalanche-with-15m-commitment-from-nexus-mutual"", ""source"": ""CoinDesk"", ""sentiment"": ""POSITIVE"", ""keywords"": ""reinsurance|Nexus Mutual|Tokenization|Real World Assets  |Avalanche|Exclusive "", ""id"": 42418232, ""guid"": ""ha93388BwWkPe8xtcTcxnp""}, {""date"": ""20240416090000"", ""headline"": ""Homium Raises $10M and Tokenizes Home Equity Loans on Avalanche"", ""summary"": ""Homium, a real-estate equity mortgage lender and securitization platform, has gone live with its first home equity loans on Avalanche.\n\nThe offering comes as real-world asset (RWA) tokenization contin..."", ""url"": ""https://coindesk.com/business/2024/04/16/homium-raises-10m-and-tokenizes-home-equity-loans-on-avalanche"", ""source"": ""CoinDesk"", ""sentiment"": ""POSITIVE"", ""keywords"": ""Avalanche|Real World Assets  |Tokenization"", ""id"": 42390975, ""guid"": ""CpI5Y2Su0uMQDo69bdRkeD""}, {""date"": ""20240327080000"", ""headline"": ""Diamonds Arrive on a Blockchain With New Tokenized Fund on Avalanche Network"", ""summary"": ""The security token backed by the Diamond Standard Fund is listed on the regulated Oasis Pro Markets, eligible for IRAs and available for institutional investors such as pension funds and endowments.\n\n..."", ""url"": ""https://coindesk.com/business/2024/03/27/diamonds-arrive-on-a-blockchain-with-new-tokenized-fund-on-avalanche-network"", ""source"": ""CoinDesk"", ""sentiment"": ""POSITIVE"", ""keywords"": ""Real World Assets  |Tokenization|Oasis Pro Markets|Avalanche|Diamond Standard"", ""id"": 42391104, ""guid"": ""CpI5Y2Su0uMQDo69beUmyd""}, {""date"": ""20240315040148"", ""headline"": ""Avalanche Foundation Snaps Up KIMBO, COQ, and Three Other Tokens as First Meme Coin Investment"", ""summary"": ""Meme tokens are quickly moving from joke coins to a sector that represents the digital culture of any blockchain \u2013 with major foundations now directly investing in the growth of such tokens.\n\nAvalanch..."", ""url"": ""https://coindesk.com/markets/2024/03/15/avalanche-foundation-snaps-up-kimbo-coq-and-three-other-tokens-as-first-meme-coin-investment"", ""source"": ""CoinDesk"", ""sentiment"": ""POSITIVE"", ""keywords"": ""Avalanche|meme|Trading"", ""id"": 42418568, ""guid"": ""ha93388BwWkPe8xtcTy1rJ""}]",{}
26,2024-07-12,2024-07-05,25.974353790283203,25.134418487548828,0.033417733660735575,U4,"[{""date"": ""20240521120357"", ""headline"": ""One-on-One with Avalanche\u2019s Luigi D\u2019Onorio DeMeo "", ""summary"": ""The interview was conducted by CoinDesk Indices and is not associated with CoinDesk editorial. The views and opinions expressed are those of the author and not associated with CoinDesk. This is not fi..."", ""url"": ""https://coindesk.com/coindesk-indices/2024/05/21/one-on-one-with-avalanches-luigi-donorio-demeo"", ""source"": ""CoinDesk"", ""sentiment"": ""POSITIVE"", ""keywords"": ""CoinDesk Indices"", ""id"": 42418181, ""guid"": ""ha93388BwWkPe8xtcTckV3""}, {""date"": ""20240514090000"", ""headline"": ""RWA Platform Re Debuts Tokenized Reinsurance Fund on Avalanche with $15M Commitment from Nexus Mutual"", ""summary"": ""The new fund backs low-volatility insurances covering properties, trucking, aviation and workers compensation, excluding catastrophic risks at the start, Re CEO Karn Saroya said in an interview.\n\nRe t..."", ""url"": ""https://coindesk.com/business/2024/05/14/rwa-platform-re-debuts-tokenized-reinsurance-fund-on-avalanche-with-15m-commitment-from-nexus-mutual"", ""source"": ""CoinDesk"", ""sentiment"": ""POSITIVE"", ""keywords"": ""reinsurance|Nexus Mutual|Tokenization|Real World Assets  |Avalanche|Exclusive "", ""id"": 42418232, ""guid"": ""ha93388BwWkPe8xtcTcxnp""}, {""date"": ""20240416090000"", ""headline"": ""Homium Raises $10M and Tokenizes Home Equity Loans on Avalanche"", ""summary"": ""Homium, a real-estate equity mortgage lender and securitization platform, has gone live with its first home equity loans on Avalanche.\n\nThe offering comes as real-world asset (RWA) tokenization contin..."", ""url"": ""https://coindesk.com/business/2024/04/16/homium-raises-10m-and-tokenizes-home-equity-loans-on-avalanche"", ""source"": ""CoinDesk"", ""sentiment"": ""POSITIVE"", ""keywords"": ""Avalanche|Real World Assets  |Tokenization"", ""id"": 42390975, ""guid"": ""CpI5Y2Su0uMQDo69bdRkeD""}, {""date"": ""20240327080000"", ""headline"": ""Diamonds Arrive on a Blockchain With New Tokenized Fund on Avalanche Network"", ""summary"": ""The security token backed by the Diamond Standard Fund is listed on the regulated Oasis Pro Markets, eligible for IRAs and available for institutional investors such as pension funds and endowments.\n\n..."", ""url"": ""https://coindesk.com/business/2024/03/27/diamonds-arrive-on-a-blockchain-with-new-tokenized-fund-on-avalanche-network"", ""source"": ""CoinDesk"", ""sentiment"": ""POSITIVE"", ""keywords"": ""Real World Assets  |Tokenization|Oasis Pro Markets|Avalanche|Diamond Standard"", ""id"": 42391104, ""guid"": ""CpI5Y2Su0uMQDo69beUmyd""}, {""date"": ""20240315040148"", ""headline"": ""Avalanche Foundation Snaps Up KIMBO, COQ, and Three Other Tokens as First Meme Coin Investment"", ""summary"": ""Meme tokens are quickly moving from joke coins to a sector that represents the digital culture of any blockchain \u2013 with major foundations now directly investing in the growth of such tokens.\n\nAvalanch..."", ""url"": ""https://coindesk.com/markets/2024/03/15/avalanche-foundation-snaps-up-kimbo-coq-and-three-other-tokens-as-first-meme-coin-investment"", ""source"": ""CoinDesk"", ""sentiment"": ""POSITIVE"", ""keywords"": ""Avalanche|meme|Trading"", ""id"": 42418568, ""guid"": ""ha93388BwWkPe8xtcTy1rJ""}]",{}
27,2024-07-19,2024-07-12,28.1879940032959,25.974353790283203,0.08522407259428338,U5+,"[{""date"": ""20240521120357"", ""headline"": ""One-on-One with Avalanche\u2019s Luigi D\u2019Onorio DeMeo "", ""summary"": ""The interview was conducted by CoinDesk Indices and is not associated with CoinDesk editorial. The views and opinions expressed are those of the author and not associated with CoinDesk. This is not fi..."", ""url"": ""https://coindesk.com/coindesk-indices/2024/05/21/one-on-one-with-avalanches-luigi-donorio-demeo"", ""source"": ""CoinDesk"", ""sentiment"": ""POSITIVE"", ""keywords"": ""CoinDesk Indices"", ""id"": 42418181, ""guid"": ""ha93388BwWkPe8xtcTckV3""}, {""date"": ""20240514090000"", ""headline"": ""RWA Platform Re Debuts Tokenized Reinsurance Fund on Avalanche with $15M Commitment from Nexus Mutual"", ""summary"": ""The new fund backs low-volatility insurances covering properties, trucking, aviation and workers compensation, excluding catastrophic risks at the start, Re CEO Karn Saroya said in an interview.\n\nRe t..."", ""url"": ""https://coindesk.com/business/2024/05/14/rwa-platform-re-debuts-tokenized-reinsurance-fund-on-avalanche-with-15m-commitment-from-nexus-mutual"", ""source"": ""CoinDesk"", ""sentiment"": ""POSITIVE"", ""keywords"": ""reinsurance|Nexus Mutual|Tokenization|Real World Assets  |Avalanche|Exclusive "", ""id"": 42418232, ""guid"": ""ha93388BwWkPe8xtcTcxnp""}, {""date"": ""20240416090000"", ""headline"": ""Homium Raises $10M and Tokenizes Home Equity Loans on Avalanche"", ""summary"": ""Homium, a real-estate equity mortgage lender and securitization platform, has gone live with its first home equity loans on Avalanche.\n\nThe offering comes as real-world asset (RWA) tokenization contin..."", ""url"": ""https://coindesk.com/business/2024/04/16/homium-raises-10m-and-tokenizes-home-equity-loans-on-avalanche"", ""source"": ""CoinDesk"", ""sentiment"": ""POSITIVE"", ""keywords"": ""Avalanche|Real World Assets  |Tokenization"", ""id"": 42390975, ""guid"": ""CpI5Y2Su0uMQDo69bdRkeD""}, {""date"": ""20240327080000"", ""headline"": ""Diamonds Arrive on a Blockchain With New Tokenized Fund on Avalanche Network"", ""summary"": ""The security token backed by the Diamond Standard Fund is listed on the regulated Oasis Pro Markets, eligible for IRAs and available for institutional investors such as pension funds and endowments.\n\n..."", ""url"": ""https://coindesk.com/business/2024/03/27/diamonds-arrive-on-a-blockchain-with-new-tokenized-fund-on-avalanche-network"", ""source"": ""CoinDesk"", ""sentiment"": ""POSITIVE"", ""keywords"": ""Real World Assets  |Tokenization|Oasis Pro Markets|Avalanche|Diamond Standard"", ""id"": 42391104, ""guid"": ""CpI5Y2Su0uMQDo69beUmyd""}, {""date"": ""20240315040148"", ""headline"": ""Avalanche Foundation Snaps Up KIMBO, COQ, and Three Other Tokens as First Meme Coin Investment"", ""summary"": ""Meme tokens are quickly moving from joke coins to a sector that represents the digital culture of any blockchain \u2013 with major foundations now directly investing in the growth of such tokens.\n\nAvalanch..."", ""url"": ""https://coindesk.com/markets/2024/03/15/avalanche-foundation-snaps-up-kimbo-coq-and-three-other-tokens-as-first-meme-coin-investment"", ""source"": ""CoinDesk"", ""sentiment"": ""POSITIVE"", ""keywords"": ""Avalanche|meme|Trading"", ""id"": 42418568, ""guid"": ""ha93388BwWkPe8xtcTy1rJ""}]",{}
28,2024-07-26,2024-07-19,28.708839416503906,28.1879940032959,0.018477562225503088,U2,"[{""date"": ""20240521120357"", ""headline"": ""One-on-One with Avalanche\u2019s Luigi D\u2019Onorio DeMeo "", ""summary"": ""The interview was conducted by CoinDesk Indices and is not associated with CoinDesk editorial. The views and opinions expressed are those of the author and not associated with CoinDesk. This is not fi..."", ""url"": ""https://coindesk.com/coindesk-indices/2024/05/21/one-on-one-with-avalanches-luigi-donorio-demeo"", ""source"": ""CoinDesk"", ""sentiment"": ""POSITIVE"", ""keywords"": ""CoinDesk Indices"", ""id"": 42418181, ""guid"": ""ha93388BwWkPe8xtcTckV3""}, {""date"": ""20240514090000"", ""headline"": ""RWA Platform Re Debuts Tokenized Reinsurance Fund on Avalanche with $15M Commitment from Nexus Mutual"", ""summary"": ""The new fund backs low-volatility insurances covering properties, trucking, aviation and workers compensation, excluding catastrophic risks at the start, Re CEO Karn Saroya said in an interview.\n\nRe t..."", ""url"": ""https://coindesk.com/business/2024/05/14/rwa-platform-re-debuts-tokenized-reinsurance-fund-on-avalanche-with-15m-commitment-from-nexus-mutual"", ""source"": ""CoinDesk"", ""sentiment"": ""POSITIVE"", ""keywords"": ""reinsurance|Nexus Mutual|Tokenization|Real World Assets  |Avalanche|Exclusive "", ""id"": 42418232, ""guid"": ""ha93388BwWkPe8xtcTcxnp""}, {""date"": ""20240416090000"", ""headline"": ""Homium Raises $10M and Tokenizes Home Equity Loans on Avalanche"", ""summary"": ""Homium, a real-estate equity mortgage lender and securitization platform, has gone live with its first home equity loans on Avalanche.\n\nThe offering comes as real-world asset (RWA) tokenization contin..."", ""url"": ""https://coindesk.com/business/2024/04/16/homium-raises-10m-and-tokenizes-home-equity-loans-on-avalanche"", ""source"": ""CoinDesk"", ""sentiment"": ""POSITIVE"", ""keywords"": ""Avalanche|Real World Assets  |Tokenization"", ""id"": 42390975, ""guid"": ""CpI5Y2Su0uMQDo69bdRkeD""}, {""date"": ""20240327080000"", ""headline"": ""Diamonds Arrive on a Blockchain With New Tokenized Fund on Avalanche Network"", ""summary"": ""The security token backed by the Diamond Standard Fund is listed on the regulated Oasis Pro Markets, eligible for IRAs and available for institutional investors such as pension funds and endowments.\n\n..."", ""url"": ""https://coindesk.com/business/2024/03/27/diamonds-arrive-on-a-blockchain-with-new-tokenized-fund-on-avalanche-network"", ""source"": ""CoinDesk"", ""sentiment"": ""POSITIVE"", ""keywords"": ""Real World Assets  |Tokenization|Oasis Pro Markets|Avalanche|Diamond Standard"", ""id"": 42391104, ""guid"": ""CpI5Y2Su0uMQDo69beUmyd""}, {""date"": ""20240315040148"", ""headline"": ""Avalanche Foundation Snaps Up KIMBO, COQ, and Three Other Tokens as First Meme Coin Investment"", ""summary"": ""Meme tokens are quickly moving from joke coins to a sector that represents the digital culture of any blockchain \u2013 with major foundations now directly investing in the growth of such tokens.\n\nAvalanch..."", ""url"": ""https://coindesk.com/markets/2024/03/15/avalanche-foundation-snaps-up-kimbo-coq-and-three-other-tokens-as-first-meme-coin-investment"", ""source"": ""CoinDesk"", ""sentiment"": ""POSITIVE"", ""keywords"": ""Avalanche|meme|Trading"", ""id"": 42418568, ""guid"": ""ha93388BwWkPe8xtcTy1rJ""}]",{}
29,2024-08-02,2024-07-26,23.59450340270996,28.708839416503906,-0.17814499358876407,D5+,"[{""date"": ""20240730163752"", ""headline"": ""California DMV Puts 42M Car Titles on the Avalanche Network in Digitization Push"", ""summary"": ""California's Department of Motor Vehicles (DMV) digitized 42 million of car titles on the Avalanche {{AVAX}} network as part of development to modernize the state's title transfer process with softwar..."", ""url"": ""https://coindesk.com/business/2024/07/30/california-dmv-puts-42m-car-titles-on-the-avalanche-network-in-digitization-push"", ""source"": ""CoinDesk"", ""sentiment"": ""POSITIVE"", ""keywords"": ""Avalanche|Ava Labs|California|Blockchain|Tokenization"", ""id"": 42390694, ""guid"": ""CpI5Y2Su0uMQDo69bd5hlD""}]",{}
30,2024-08-09,2024-08-02,21.774154663085938,23.59450340270996,-0.07715139024349825,D5+,"[{""date"": ""20240730163752"", ""headline"": ""California DMV Puts 42M Car Titles on the Avalanche Network in Digitization Push"", ""summary"": ""California's Department of Motor Vehicles (DMV) digitized 42 million of car titles on the Avalanche {{AVAX}} network as part of development to modernize the state's title transfer process with softwar..."", ""url"": ""https://coindesk.com/business/2024/07/30/california-dmv-puts-42m-car-titles-on-the-avalanche-network-in-digitization-push"", ""source"": ""CoinDesk"", ""sentiment"": ""POSITIVE"", ""keywords"": ""Avalanche|Ava Labs|California|Blockchain|Tokenization"", ""id"": 42390694, ""guid"": ""CpI5Y2Su0uMQDo69bd5hlD""}, {""date"": ""20240521120357"", ""headline"": ""One-on-One with Avalanche\u2019s Luigi D\u2019Onorio DeMeo "", ""summary"": ""The interview was conducted by CoinDesk Indices and is not associated with CoinDesk editorial. The views and opinions expressed are those of the author and not associated with CoinDesk. This is not fi..."", ""url"": ""https://coindesk.com/coindesk-indices/2024/05/21/one-on-one-with-avalanches-luigi-donorio-demeo"", ""source"": ""CoinDesk"", ""sentiment"": ""POSITIVE"", ""keywords"": ""CoinDesk Indices"", ""id"": 42418181, ""guid"": ""ha93388BwWkPe8xtcTckV3""}, {""date"": ""20240514090000"", ""headline"": ""RWA Platform Re Debuts Tokenized Reinsurance Fund on Avalanche with $15M Commitment from Nexus Mutual"", ""summary"": ""The new fund backs low-volatility insurances covering properties, trucking, aviation and workers compensation, excluding catastrophic risks at the start, Re CEO Karn Saroya said in an interview.\n\nRe t..."", ""url"": ""https://coindesk.com/business/2024/05/14/rwa-platform-re-debuts-tokenized-reinsurance-fund-on-avalanche-with-15m-commitment-from-nexus-mutual"", ""source"": ""CoinDesk"", ""sentiment"": ""POSITIVE"", ""keywords"": ""reinsurance|Nexus Mutual|Tokenization|Real World Assets  |Avalanche|Exclusive "", ""id"": 42418232, ""guid"": ""ha93388BwWkPe8xtcTcxnp""}, {""date"": ""20240416090000"", ""headline"": ""Homium Raises $10M and Tokenizes Home Equity Loans on Avalanche"", ""summary"": ""Homium, a real-estate equity mortgage lender and securitization platform, has gone live with its first home equity loans on Avalanche.\n\nThe offering comes as real-world asset (RWA) tokenization contin..."", ""url"": ""https://coindesk.com/business/2024/04/16/homium-raises-10m-and-tokenizes-home-equity-loans-on-avalanche"", ""source"": ""CoinDesk"", ""sentiment"": ""POSITIVE"", ""keywords"": ""Avalanche|Real World Assets  |Tokenization"", ""id"": 42390975, ""guid"": ""CpI5Y2Su0uMQDo69bdRkeD""}, {""date"": ""20240327080000"", ""headline"": ""Diamonds Arrive on a Blockchain With New Tokenized Fund on Avalanche Network"", ""summary"": ""The security token backed by the Diamond Standard Fund is listed on the regulated Oasis Pro Markets, eligible for IRAs and available for institutional investors such as pension funds and endowments.\n\n..."", ""url"": ""https://coindesk.com/business/2024/03/27/diamonds-arrive-on-a-blockchain-with-new-tokenized-fund-on-avalanche-network"", ""source"": ""CoinDesk"", ""sentiment"": ""POSITIVE"", ""keywords"": ""Real World Assets  |Tokenization|Oasis Pro Markets|Avalanche|Diamond Standard"", ""id"": 42391104, ""guid"": ""CpI5Y2Su0uMQDo69beUmyd""}]",{}
31,2024-08-16,2024-08-09,20.394376754760742,21.774154663085938,-0.06336769117674884,D5+,"[{""date"": ""20240730163752"", ""headline"": ""California DMV Puts 42M Car Titles on the Avalanche Network in Digitization Push"", ""summary"": ""California's Department of Motor Vehicles (DMV) digitized 42 million of car titles on the Avalanche {{AVAX}} network as part of development to modernize the state's title transfer process with softwar..."", ""url"": ""https://coindesk.com/business/2024/07/30/california-dmv-puts-42m-car-titles-on-the-avalanche-network-in-digitization-push"", ""source"": ""CoinDesk"", ""sentiment"": ""POSITIVE"", ""keywords"": ""Avalanche|Ava Labs|California|Blockchain|Tokenization"", ""id"": 42390694, ""guid"": ""CpI5Y2Su0uMQDo69bd5hlD""}, {""date"": ""20240521120357"", ""headline"": ""One-on-One with Avalanche\u2019s Luigi D\u2019Onorio DeMeo "", ""summary"": ""The interview was conducted by CoinDesk Indices and is not associated with CoinDesk editorial. The views and opinions expressed are those of the author and not associated with CoinDesk. This is not fi..."", ""url"": ""https://coindesk.com/coindesk-indices/2024/05/21/one-on-one-with-avalanches-luigi-donorio-demeo"", ""source"": ""CoinDesk"", ""sentiment"": ""POSITIVE"", ""keywords"": ""CoinDesk Indices"", ""id"": 42418181, ""guid"": ""ha93388BwWkPe8xtcTckV3""}, {""date"": ""20240514090000"", ""headline"": ""RWA Platform Re Debuts Tokenized Reinsurance Fund on Avalanche with $15M Commitment from Nexus Mutual"", ""summary"": ""The new fund backs low-volatility insurances covering properties, trucking, aviation and workers compensation, excluding catastrophic risks at the start, Re CEO Karn Saroya said in an interview.\n\nRe t..."", ""url"": ""https://coindesk.com/business/2024/05/14/rwa-platform-re-debuts-tokenized-reinsurance-fund-on-avalanche-with-15m-commitment-from-nexus-mutual"", ""source"": ""CoinDesk"", ""sentiment"": ""POSITIVE"", ""keywords"": ""reinsurance|Nexus Mutual|Tokenization|Real World Assets  |Avalanche|Exclusive "", ""id"": 42418232, ""guid"": ""ha93388BwWkPe8xtcTcxnp""}, {""date"": ""20240416090000"", ""headline"": ""Homium Raises $10M and Tokenizes Home Equity Loans on Avalanche"", ""summary"": ""Homium, a real-estate equity mortgage lender and securitization platform, has gone live with its first home equity loans on Avalanche.\n\nThe offering comes as real-world asset (RWA) tokenization contin..."", ""url"": ""https://coindesk.com/business/2024/04/16/homium-raises-10m-and-tokenizes-home-equity-loans-on-avalanche"", ""source"": ""CoinDesk"", ""sentiment"": ""POSITIVE"", ""keywords"": ""Avalanche|Real World Assets  |Tokenization"", ""id"": 42390975, ""guid"": ""CpI5Y2Su0uMQDo69bdRkeD""}, {""date"": ""20240327080000"", ""headline"": ""Diamonds Arrive on a Blockchain With New Tokenized Fund on Avalanche Network"", ""summary"": ""The security token backed by the Diamond Standard Fund is listed on the regulated Oasis Pro Markets, eligible for IRAs and available for institutional investors such as pension funds and endowments.\n\n..."", ""url"": ""https://coindesk.com/business/2024/03/27/diamonds-arrive-on-a-blockchain-with-new-tokenized-fund-on-avalanche-network"", ""source"": ""CoinDesk"", ""sentiment"": ""POSITIVE"", ""keywords"": ""Real World Assets  |Tokenization|Oasis Pro Markets|Avalanche|Diamond Standard"", ""id"": 42391104, ""guid"": ""CpI5Y2Su0uMQDo69beUmyd""}]",{}
32,2024-08-23,2024-08-16,26.519519805908203,20.394376754760742,0.3003348974475351,U5+,"[{""date"": ""20240822090000"", ""headline"": ""Avalanche Becomes Latest Blockchain to Support Franklin Templeton's Tokenized Money Market Fund "", ""summary"": ""Franklin Templeton\u2019s OnChain U.S. Government Money Market Fund (FOBXX) has expanded its availability to the Avalanche network in a bid to expand the fund's base.\n\n\u201cI think the Avalanche ecosystem repr..."", ""url"": ""https://coindesk.com/business/2024/08/22/avalanche-becomes-latest-blockchain-to-support-franklin-templetons-tokenized-money-market-fund"", ""source"": ""CoinDesk"", ""sentiment"": ""POSITIVE"", ""keywords"": ""Avalanche|Franklin Templeton|Stellar|Arbitrum"", ""id"": 42417356, ""guid"": ""ha93388BwWkPe8xtcTYDJF""}, {""date"": ""20240822090000"", ""headline"": ""Crypto Asset Manager Grayscale Offers AVAX Token Investment in New Avalanche Trust"", ""summary"": ""The Grayscale Avalanche Trust offers investors exposure to the AVAX token, used to pay transaction fees and secure the high-speed, ultra-scalable blockchain.\n\nGrayscale recently introduced a slew of d..."", ""url"": ""https://coindesk.com/business/2024/08/22/crypto-asset-manager-grayscale-offers-avax-token-investment-in-new-avalanche-trust"", ""source"": ""CoinDesk"", ""sentiment"": ""POSITIVE"", ""keywords"": ""Grayscale|Avalanche|ETPs|US"", ""id"": 42417350, ""guid"": ""ha93388BwWkPe8xtcTYDE5""}]",{}
33,2024-08-30,2024-08-23,23.286901473999023,26.519519805908203,-0.12189580941013096,D5+,"[{""date"": ""20240822090000"", ""headline"": ""Avalanche Becomes Latest Blockchain to Support Franklin Templeton's Tokenized Money Market Fund "", ""summary"": ""Franklin Templeton\u2019s OnChain U.S. Government Money Market Fund (FOBXX) has expanded its availability to the Avalanche network in a bid to expand the fund's base.\n\n\u201cI think the Avalanche ecosystem repr..."", ""url"": ""https://coindesk.com/business/2024/08/22/avalanche-becomes-latest-blockchain-to-support-franklin-templetons-tokenized-money-market-fund"", ""source"": ""CoinDesk"", ""sentiment"": ""POSITIVE"", ""keywords"": ""Avalanche|Franklin Templeton|Stellar|Arbitrum"", ""id"": 42417356, ""guid"": ""ha93388BwWkPe8xtcTYDJF""}, {""date"": ""20240822090000"", ""headline"": ""Crypto Asset Manager Grayscale Offers AVAX Token Investment in New Avalanche Trust"", ""summary"": ""The Grayscale Avalanche Trust offers investors exposure to the AVAX token, used to pay transaction fees and secure the high-speed, ultra-scalable blockchain.\n\nGrayscale recently introduced a slew of d..."", ""url"": ""https://coindesk.com/business/2024/08/22/crypto-asset-manager-grayscale-offers-avax-token-investment-in-new-avalanche-trust"", ""source"": ""CoinDesk"", ""sentiment"": ""POSITIVE"", ""keywords"": ""Grayscale|Avalanche|ETPs|US"", ""id"": 42417350, ""guid"": ""ha93388BwWkPe8xtcTYDE5""}, {""date"": ""20240730163752"", ""headline"": ""California DMV Puts 42M Car Titles on the Avalanche Network in Digitization Push"", ""summary"": ""California's Department of Motor Vehicles (DMV) digitized 42 million of car titles on the Avalanche {{AVAX}} network as part of development to modernize the state's title transfer process with softwar..."", ""url"": ""https://coindesk.com/business/2024/07/30/california-dmv-puts-42m-car-titles-on-the-avalanche-network-in-digitization-push"", ""source"": ""CoinDesk"", ""sentiment"": ""POSITIVE"", ""keywords"": ""Avalanche|Ava Labs|California|Blockchain|Tokenization"", ""id"": 42390694, ""guid"": ""CpI5Y2Su0uMQDo69bd5hlD""}, {""date"": ""20240521120357"", ""headline"": ""One-on-One with Avalanche\u2019s Luigi D\u2019Onorio DeMeo "", ""summary"": ""The interview was conducted by CoinDesk Indices and is not associated with CoinDesk editorial. The views and opinions expressed are those of the author and not associated with CoinDesk. This is not fi..."", ""url"": ""https://coindesk.com/coindesk-indices/2024/05/21/one-on-one-with-avalanches-luigi-donorio-demeo"", ""source"": ""CoinDesk"", ""sentiment"": ""POSITIVE"", ""keywords"": ""CoinDesk Indices"", ""id"": 42418181, ""guid"": ""ha93388BwWkPe8xtcTckV3""}, {""date"": ""20240514090000"", ""headline"": ""RWA Platform Re Debuts Tokenized Reinsurance Fund on Avalanche with $15M Commitment from Nexus Mutual"", ""summary"": ""The new fund backs low-volatility insurances covering properties, trucking, aviation and workers compensation, excluding catastrophic risks at the start, Re CEO Karn Saroya said in an interview.\n\nRe t..."", ""url"": ""https://coindesk.com/business/2024/05/14/rwa-platform-re-debuts-tokenized-reinsurance-fund-on-avalanche-with-15m-commitment-from-nexus-mutual"", ""source"": ""CoinDesk"", ""sentiment"": ""POSITIVE"", ""keywords"": ""reinsurance|Nexus Mutual|Tokenization|Real World Assets  |Avalanche|Exclusive "", ""id"": 42418232, ""guid"": ""ha93388BwWkPe8xtcTcxnp""}]",{}
34,2024-09-06,2024-08-30,21.147371292114258,23.286901473999023,-0.09187698003848459,D5+,"[{""date"": ""20240822090000"", ""headline"": ""Avalanche Becomes Latest Blockchain to Support Franklin Templeton's Tokenized Money Market Fund "", ""summary"": ""Franklin Templeton\u2019s OnChain U.S. Government Money Market Fund (FOBXX) has expanded its availability to the Avalanche network in a bid to expand the fund's base.\n\n\u201cI think the Avalanche ecosystem repr..."", ""url"": ""https://coindesk.com/business/2024/08/22/avalanche-becomes-latest-blockchain-to-support-franklin-templetons-tokenized-money-market-fund"", ""source"": ""CoinDesk"", ""sentiment"": ""POSITIVE"", ""keywords"": ""Avalanche|Franklin Templeton|Stellar|Arbitrum"", ""id"": 42417356, ""guid"": ""ha93388BwWkPe8xtcTYDJF""}, {""date"": ""20240822090000"", ""headline"": ""Crypto Asset Manager Grayscale Offers AVAX Token Investment in New Avalanche Trust"", ""summary"": ""The Grayscale Avalanche Trust offers investors exposure to the AVAX token, used to pay transaction fees and secure the high-speed, ultra-scalable blockchain.\n\nGrayscale recently introduced a slew of d..."", ""url"": ""https://coindesk.com/business/2024/08/22/crypto-asset-manager-grayscale-offers-avax-token-investment-in-new-avalanche-trust"", ""source"": ""CoinDesk"", ""sentiment"": ""POSITIVE"", ""keywords"": ""Grayscale|Avalanche|ETPs|US"", ""id"": 42417350, ""guid"": ""ha93388BwWkPe8xtcTYDE5""}, {""date"": ""20240730163752"", ""headline"": ""California DMV Puts 42M Car Titles on the Avalanche Network in Digitization Push"", ""summary"": ""California's Department of Motor Vehicles (DMV) digitized 42 million of car titles on the Avalanche {{AVAX}} network as part of development to modernize the state's title transfer process with softwar..."", ""url"": ""https://coindesk.com/business/2024/07/30/california-dmv-puts-42m-car-titles-on-the-avalanche-network-in-digitization-push"", ""source"": ""CoinDesk"", ""sentiment"": ""POSITIVE"", ""keywords"": ""Avalanche|Ava Labs|California|Blockchain|Tokenization"", ""id"": 42390694, ""guid"": ""CpI5Y2Su0uMQDo69bd5hlD""}, {""date"": ""20240521120357"", ""headline"": ""One-on-One with Avalanche\u2019s Luigi D\u2019Onorio DeMeo "", ""summary"": ""The interview was conducted by CoinDesk Indices and is not associated with CoinDesk editorial. The views and opinions expressed are those of the author and not associated with CoinDesk. This is not fi..."", ""url"": ""https://coindesk.com/coindesk-indices/2024/05/21/one-on-one-with-avalanches-luigi-donorio-demeo"", ""source"": ""CoinDesk"", ""sentiment"": ""POSITIVE"", ""keywords"": ""CoinDesk Indices"", ""id"": 42418181, ""guid"": ""ha93388BwWkPe8xtcTckV3""}, {""date"": ""20240514090000"", ""headline"": ""RWA Platform Re Debuts Tokenized Reinsurance Fund on Avalanche with $15M Commitment from Nexus Mutual"", ""summary"": ""The new fund backs low-volatility insurances covering properties, trucking, aviation and workers compensation, excluding catastrophic risks at the start, Re CEO Karn Saroya said in an interview.\n\nRe t..."", ""url"": ""https://coindesk.com/business/2024/05/14/rwa-platform-re-debuts-tokenized-reinsurance-fund-on-avalanche-with-15m-commitment-from-nexus-mutual"", ""source"": ""CoinDesk"", ""sentiment"": ""POSITIVE"", ""keywords"": ""reinsurance|Nexus Mutual|Tokenization|Real World Assets  |Avalanche|Exclusive "", ""id"": 42418232, ""guid"": ""ha93388BwWkPe8xtcTcxnp""}]",{}
35,2024-09-13,2024-09-06,24.952272415161133,21.147371292114258,0.1799231247462753,U5+,"[{""date"": ""20240822090000"", ""headline"": ""Avalanche Becomes Latest Blockchain to Support Franklin Templeton's Tokenized Money Market Fund "", ""summary"": ""Franklin Templeton\u2019s OnChain U.S. Government Money Market Fund (FOBXX) has expanded its availability to the Avalanche network in a bid to expand the fund's base.\n\n\u201cI think the Avalanche ecosystem repr..."", ""url"": ""https://coindesk.com/business/2024/08/22/avalanche-becomes-latest-blockchain-to-support-franklin-templetons-tokenized-money-market-fund"", ""source"": ""CoinDesk"", ""sentiment"": ""POSITIVE"", ""keywords"": ""Avalanche|Franklin Templeton|Stellar|Arbitrum"", ""id"": 42417356, ""guid"": ""ha93388BwWkPe8xtcTYDJF""}, {""date"": ""20240822090000"", ""headline"": ""Crypto Asset Manager Grayscale Offers AVAX Token Investment in New Avalanche Trust"", ""summary"": ""The Grayscale Avalanche Trust offers investors exposure to the AVAX token, used to pay transaction fees and secure the high-speed, ultra-scalable blockchain.\n\nGrayscale recently introduced a slew of d..."", ""url"": ""https://coindesk.com/business/2024/08/22/crypto-asset-manager-grayscale-offers-avax-token-investment-in-new-avalanche-trust"", ""source"": ""CoinDesk"", ""sentiment"": ""POSITIVE"", ""keywords"": ""Grayscale|Avalanche|ETPs|US"", ""id"": 42417350, ""guid"": ""ha93388BwWkPe8xtcTYDE5""}, {""date"": ""20240730163752"", ""headline"": ""California DMV Puts 42M Car Titles on the Avalanche Network in Digitization Push"", ""summary"": ""California's Department of Motor Vehicles (DMV) digitized 42 million of car titles on the Avalanche {{AVAX}} network as part of development to modernize the state's title transfer process with softwar..."", ""url"": ""https://coindesk.com/business/2024/07/30/california-dmv-puts-42m-car-titles-on-the-avalanche-network-in-digitization-push"", ""source"": ""CoinDesk"", ""sentiment"": ""POSITIVE"", ""keywords"": ""Avalanche|Ava Labs|California|Blockchain|Tokenization"", ""id"": 42390694, ""guid"": ""CpI5Y2Su0uMQDo69bd5hlD""}, {""date"": ""20240521120357"", ""headline"": ""One-on-One with Avalanche\u2019s Luigi D\u2019Onorio DeMeo "", ""summary"": ""The interview was conducted by CoinDesk Indices and is not associated with CoinDesk editorial. The views and opinions expressed are those of the author and not associated with CoinDesk. This is not fi..."", ""url"": ""https://coindesk.com/coindesk-indices/2024/05/21/one-on-one-with-avalanches-luigi-donorio-demeo"", ""source"": ""CoinDesk"", ""sentiment"": ""POSITIVE"", ""keywords"": ""CoinDesk Indices"", ""id"": 42418181, ""guid"": ""ha93388BwWkPe8xtcTckV3""}, {""date"": ""20240514090000"", ""headline"": ""RWA Platform Re Debuts Tokenized Reinsurance Fund on Avalanche with $15M Commitment from Nexus Mutual"", ""summary"": ""The new fund backs low-volatility insurances covering properties, trucking, aviation and workers compensation, excluding catastrophic risks at the start, Re CEO Karn Saroya said in an interview.\n\nRe t..."", ""url"": ""https://coindesk.com/business/2024/05/14/rwa-platform-re-debuts-tokenized-reinsurance-fund-on-avalanche-with-15m-commitment-from-nexus-mutual"", ""source"": ""CoinDesk"", ""sentiment"": ""POSITIVE"", ""keywords"": ""reinsurance|Nexus Mutual|Tokenization|Real World Assets  |Avalanche|Exclusive "", ""id"": 42418232, ""guid"": ""ha93388BwWkPe8xtcTcxnp""}]",{}
36,2024-09-20,2024-09-13,27.599931716918945,24.952272415161133,0.10610894501733159,U5+,"[{""date"": ""20240822090000"", ""headline"": ""Avalanche Becomes Latest Blockchain to Support Franklin Templeton's Tokenized Money Market Fund "", ""summary"": ""Franklin Templeton\u2019s OnChain U.S. Government Money Market Fund (FOBXX) has expanded its availability to the Avalanche network in a bid to expand the fund's base.\n\n\u201cI think the Avalanche ecosystem repr..."", ""url"": ""https://coindesk.com/business/2024/08/22/avalanche-becomes-latest-blockchain-to-support-franklin-templetons-tokenized-money-market-fund"", ""source"": ""CoinDesk"", ""sentiment"": ""POSITIVE"", ""keywords"": ""Avalanche|Franklin Templeton|Stellar|Arbitrum"", ""id"": 42417356, ""guid"": ""ha93388BwWkPe8xtcTYDJF""}, {""date"": ""20240822090000"", ""headline"": ""Crypto Asset Manager Grayscale Offers AVAX Token Investment in New Avalanche Trust"", ""summary"": ""The Grayscale Avalanche Trust offers investors exposure to the AVAX token, used to pay transaction fees and secure the high-speed, ultra-scalable blockchain.\n\nGrayscale recently introduced a slew of d..."", ""url"": ""https://coindesk.com/business/2024/08/22/crypto-asset-manager-grayscale-offers-avax-token-investment-in-new-avalanche-trust"", ""source"": ""CoinDesk"", ""sentiment"": ""POSITIVE"", ""keywords"": ""Grayscale|Avalanche|ETPs|US"", ""id"": 42417350, ""guid"": ""ha93388BwWkPe8xtcTYDE5""}, {""date"": ""20240730163752"", ""headline"": ""California DMV Puts 42M Car Titles on the Avalanche Network in Digitization Push"", ""summary"": ""California's Department of Motor Vehicles (DMV) digitized 42 million of car titles on the Avalanche {{AVAX}} network as part of development to modernize the state's title transfer process with softwar..."", ""url"": ""https://coindesk.com/business/2024/07/30/california-dmv-puts-42m-car-titles-on-the-avalanche-network-in-digitization-push"", ""source"": ""CoinDesk"", ""sentiment"": ""POSITIVE"", ""keywords"": ""Avalanche|Ava Labs|California|Blockchain|Tokenization"", ""id"": 42390694, ""guid"": ""CpI5Y2Su0uMQDo69bd5hlD""}, {""date"": ""20240521120357"", ""headline"": ""One-on-One with Avalanche\u2019s Luigi D\u2019Onorio DeMeo "", ""summary"": ""The interview was conducted by CoinDesk Indices and is not associated with CoinDesk editorial. The views and opinions expressed are those of the author and not associated with CoinDesk. This is not fi..."", ""url"": ""https://coindesk.com/coindesk-indices/2024/05/21/one-on-one-with-avalanches-luigi-donorio-demeo"", ""source"": ""CoinDesk"", ""sentiment"": ""POSITIVE"", ""keywords"": ""CoinDesk Indices"", ""id"": 42418181, ""guid"": ""ha93388BwWkPe8xtcTckV3""}, {""date"": ""20240514090000"", ""headline"": ""RWA Platform Re Debuts Tokenized Reinsurance Fund on Avalanche with $15M Commitment from Nexus Mutual"", ""summary"": ""The new fund backs low-volatility insurances covering properties, trucking, aviation and workers compensation, excluding catastrophic risks at the start, Re CEO Karn Saroya said in an interview.\n\nRe t..."", ""url"": ""https://coindesk.com/business/2024/05/14/rwa-platform-re-debuts-tokenized-reinsurance-fund-on-avalanche-with-15m-commitment-from-nexus-mutual"", ""source"": ""CoinDesk"", ""sentiment"": ""POSITIVE"", ""keywords"": ""reinsurance|Nexus Mutual|Tokenization|Real World Assets  |Avalanche|Exclusive "", ""id"": 42418232, ""guid"": ""ha93388BwWkPe8xtcTcxnp""}]",{}
37,2024-09-27,2024-09-20,30.449289321899414,27.599931716918945,0.1032378497963382,U5+,"[{""date"": ""20240926090000"", ""headline"": ""Avalanche Unveils $40M Grant Program Ahead of 'Avalanche9000' Upgrade"", ""summary"": ""The foundation supporting the Avalanche network is releasing a $40 million grant program to reward developers for building new protocols in the blockchain ecosystem.\n\nThe program, called Retro9000, is..."", ""url"": ""https://coindesk.com/tech/2024/09/26/avalanche-unveils-40m-grant-program-ahead-of-avalanche9000-upgrade"", ""source"": ""CoinDesk"", ""sentiment"": ""POSITIVE"", ""keywords"": ""AVAX|Avalanche|Avalanche blockchain|Avalanche Foundation|Upgrade|hard fork|Upgrades"", ""id"": 42417160, ""guid"": ""ha93388BwWkPe8xtcTOlIr""}]",{}
38,2024-10-04,2024-09-27,26.24127960205078,30.449289321899414,-0.1381973048816674,D5+,"[{""date"": ""20240926090000"", ""headline"": ""Avalanche Unveils $40M Grant Program Ahead of 'Avalanche9000' Upgrade"", ""summary"": ""The foundation supporting the Avalanche network is releasing a $40 million grant program to reward developers for building new protocols in the blockchain ecosystem.\n\nThe program, called Retro9000, is..."", ""url"": ""https://coindesk.com/tech/2024/09/26/avalanche-unveils-40m-grant-program-ahead-of-avalanche9000-upgrade"", ""source"": ""CoinDesk"", ""sentiment"": ""POSITIVE"", ""keywords"": ""AVAX|Avalanche|Avalanche blockchain|Avalanche Foundation|Upgrade|hard fork|Upgrades"", ""id"": 42417160, ""guid"": ""ha93388BwWkPe8xtcTOlIr""}, {""date"": ""20240822090000"", ""headline"": ""Avalanche Becomes Latest Blockchain to Support Franklin Templeton's Tokenized Money Market Fund "", ""summary"": ""Franklin Templeton\u2019s OnChain U.S. Government Money Market Fund (FOBXX) has expanded its availability to the Avalanche network in a bid to expand the fund's base.\n\n\u201cI think the Avalanche ecosystem repr..."", ""url"": ""https://coindesk.com/business/2024/08/22/avalanche-becomes-latest-blockchain-to-support-franklin-templetons-tokenized-money-market-fund"", ""source"": ""CoinDesk"", ""sentiment"": ""POSITIVE"", ""keywords"": ""Avalanche|Franklin Templeton|Stellar|Arbitrum"", ""id"": 42417356, ""guid"": ""ha93388BwWkPe8xtcTYDJF""}, {""date"": ""20240822090000"", ""headline"": ""Crypto Asset Manager Grayscale Offers AVAX Token Investment in New Avalanche Trust"", ""summary"": ""The Grayscale Avalanche Trust offers investors exposure to the AVAX token, used to pay transaction fees and secure the high-speed, ultra-scalable blockchain.\n\nGrayscale recently introduced a slew of d..."", ""url"": ""https://coindesk.com/business/2024/08/22/crypto-asset-manager-grayscale-offers-avax-token-investment-in-new-avalanche-trust"", ""source"": ""CoinDesk"", ""sentiment"": ""POSITIVE"", ""keywords"": ""Grayscale|Avalanche|ETPs|US"", ""id"": 42417350, ""guid"": ""ha93388BwWkPe8xtcTYDE5""}, {""date"": ""20240730163752"", ""headline"": ""California DMV Puts 42M Car Titles on the Avalanche Network in Digitization Push"", ""summary"": ""California's Department of Motor Vehicles (DMV) digitized 42 million of car titles on the Avalanche {{AVAX}} network as part of development to modernize the state's title transfer process with softwar..."", ""url"": ""https://coindesk.com/business/2024/07/30/california-dmv-puts-42m-car-titles-on-the-avalanche-network-in-digitization-push"", ""source"": ""CoinDesk"", ""sentiment"": ""POSITIVE"", ""keywords"": ""Avalanche|Ava Labs|California|Blockchain|Tokenization"", ""id"": 42390694, ""guid"": ""CpI5Y2Su0uMQDo69bd5hlD""}, {""date"": ""20240521120357"", ""headline"": ""One-on-One with Avalanche\u2019s Luigi D\u2019Onorio DeMeo "", ""summary"": ""The interview was conducted by CoinDesk Indices and is not associated with CoinDesk editorial. The views and opinions expressed are those of the author and not associated with CoinDesk. This is not fi..."", ""url"": ""https://coindesk.com/coindesk-indices/2024/05/21/one-on-one-with-avalanches-luigi-donorio-demeo"", ""source"": ""CoinDesk"", ""sentiment"": ""POSITIVE"", ""keywords"": ""CoinDesk Indices"", ""id"": 42418181, ""guid"": ""ha93388BwWkPe8xtcTckV3""}]",{}
39,2024-10-11,2024-10-04,27.41640853881836,26.24127960205078,0.044781693369699116,U5,"[{""date"": ""20241009120000"", ""headline"": ""LatAm Bank Littio Ditches Ethereum for Avalanche as Demand for RWA Vaults Grows"", ""summary"": ""Littio, a Colombian neobank, is enabling customers to access U.S. Treasury bills through crypto products.\n\nLittio is switching vault holdings from Ethereum (ETH) to Avalanche (AVAX) to scale the produ..."", ""url"": ""https://coindesk.com/business/2024/10/09/latam-bank-littio-ditches-ethereum-for-avalanche-as-demand-for-rwa-vaults-grows"", ""source"": ""CoinDesk"", ""sentiment"": ""POSITIVE"", ""keywords"": ""Avalanche|Ethereum|Tokenization"", ""id"": 42407435, ""guid"": ""GJVPKSa3D710Liw1gZHSTt""}]",{}
40,2024-10-18,2024-10-11,28.100568771362305,27.41640853881836,0.0249544075612696,U3,"[{""date"": ""20241009120000"", ""headline"": ""LatAm Bank Littio Ditches Ethereum for Avalanche as Demand for RWA Vaults Grows"", ""summary"": ""Littio, a Colombian neobank, is enabling customers to access U.S. Treasury bills through crypto products.\n\nLittio is switching vault holdings from Ethereum (ETH) to Avalanche (AVAX) to scale the produ..."", ""url"": ""https://coindesk.com/business/2024/10/09/latam-bank-littio-ditches-ethereum-for-avalanche-as-demand-for-rwa-vaults-grows"", ""source"": ""CoinDesk"", ""sentiment"": ""POSITIVE"", ""keywords"": ""Avalanche|Ethereum|Tokenization"", ""id"": 42407435, ""guid"": ""GJVPKSa3D710Liw1gZHSTt""}, {""date"": ""20240926090000"", ""headline"": ""Avalanche Unveils $40M Grant Program Ahead of 'Avalanche9000' Upgrade"", ""summary"": ""The foundation supporting the Avalanche network is releasing a $40 million grant program to reward developers for building new protocols in the blockchain ecosystem.\n\nThe program, called Retro9000, is..."", ""url"": ""https://coindesk.com/tech/2024/09/26/avalanche-unveils-40m-grant-program-ahead-of-avalanche9000-upgrade"", ""source"": ""CoinDesk"", ""sentiment"": ""POSITIVE"", ""keywords"": ""AVAX|Avalanche|Avalanche blockchain|Avalanche Foundation|Upgrade|hard fork|Upgrades"", ""id"": 42417160, ""guid"": ""ha93388BwWkPe8xtcTOlIr""}, {""date"": ""20240822090000"", ""headline"": ""Avalanche Becomes Latest Blockchain to Support Franklin Templeton's Tokenized Money Market Fund "", ""summary"": ""Franklin Templeton\u2019s OnChain U.S. Government Money Market Fund (FOBXX) has expanded its availability to the Avalanche network in a bid to expand the fund's base.\n\n\u201cI think the Avalanche ecosystem repr..."", ""url"": ""https://coindesk.com/business/2024/08/22/avalanche-becomes-latest-blockchain-to-support-franklin-templetons-tokenized-money-market-fund"", ""source"": ""CoinDesk"", ""sentiment"": ""POSITIVE"", ""keywords"": ""Avalanche|Franklin Templeton|Stellar|Arbitrum"", ""id"": 42417356, ""guid"": ""ha93388BwWkPe8xtcTYDJF""}, {""date"": ""20240822090000"", ""headline"": ""Crypto Asset Manager Grayscale Offers AVAX Token Investment in New Avalanche Trust"", ""summary"": ""The Grayscale Avalanche Trust offers investors exposure to the AVAX token, used to pay transaction fees and secure the high-speed, ultra-scalable blockchain.\n\nGrayscale recently introduced a slew of d..."", ""url"": ""https://coindesk.com/business/2024/08/22/crypto-asset-manager-grayscale-offers-avax-token-investment-in-new-avalanche-trust"", ""source"": ""CoinDesk"", ""sentiment"": ""POSITIVE"", ""keywords"": ""Grayscale|Avalanche|ETPs|US"", ""id"": 42417350, ""guid"": ""ha93388BwWkPe8xtcTYDE5""}, {""date"": ""20240730163752"", ""headline"": ""California DMV Puts 42M Car Titles on the Avalanche Network in Digitization Push"", ""summary"": ""California's Department of Motor Vehicles (DMV) digitized 42 million of car titles on the Avalanche {{AVAX}} network as part of development to modernize the state's title transfer process with softwar..."", ""url"": ""https://coindesk.com/business/2024/07/30/california-dmv-puts-42m-car-titles-on-the-avalanche-network-in-digitization-push"", ""source"": ""CoinDesk"", ""sentiment"": ""POSITIVE"", ""keywords"": ""Avalanche|Ava Labs|California|Blockchain|Tokenization"", ""id"": 42390694, ""guid"": ""CpI5Y2Su0uMQDo69bd5hlD""}]",{}
41,2024-10-25,2024-10-18,24.892988204956055,28.100568771362305,-0.11414646416962,D5+,"[{""date"": ""20241009120000"", ""headline"": ""LatAm Bank Littio Ditches Ethereum for Avalanche as Demand for RWA Vaults Grows"", ""summary"": ""Littio, a Colombian neobank, is enabling customers to access U.S. Treasury bills through crypto products.\n\nLittio is switching vault holdings from Ethereum (ETH) to Avalanche (AVAX) to scale the produ..."", ""url"": ""https://coindesk.com/business/2024/10/09/latam-bank-littio-ditches-ethereum-for-avalanche-as-demand-for-rwa-vaults-grows"", ""source"": ""CoinDesk"", ""sentiment"": ""POSITIVE"", ""keywords"": ""Avalanche|Ethereum|Tokenization"", ""id"": 42407435, ""guid"": ""GJVPKSa3D710Liw1gZHSTt""}, {""date"": ""20240926090000"", ""headline"": ""Avalanche Unveils $40M Grant Program Ahead of 'Avalanche9000' Upgrade"", ""summary"": ""The foundation supporting the Avalanche network is releasing a $40 million grant program to reward developers for building new protocols in the blockchain ecosystem.\n\nThe program, called Retro9000, is..."", ""url"": ""https://coindesk.com/tech/2024/09/26/avalanche-unveils-40m-grant-program-ahead-of-avalanche9000-upgrade"", ""source"": ""CoinDesk"", ""sentiment"": ""POSITIVE"", ""keywords"": ""AVAX|Avalanche|Avalanche blockchain|Avalanche Foundation|Upgrade|hard fork|Upgrades"", ""id"": 42417160, ""guid"": ""ha93388BwWkPe8xtcTOlIr""}, {""date"": ""20240822090000"", ""headline"": ""Avalanche Becomes Latest Blockchain to Support Franklin Templeton's Tokenized Money Market Fund "", ""summary"": ""Franklin Templeton\u2019s OnChain U.S. Government Money Market Fund (FOBXX) has expanded its availability to the Avalanche network in a bid to expand the fund's base.\n\n\u201cI think the Avalanche ecosystem repr..."", ""url"": ""https://coindesk.com/business/2024/08/22/avalanche-becomes-latest-blockchain-to-support-franklin-templetons-tokenized-money-market-fund"", ""source"": ""CoinDesk"", ""sentiment"": ""POSITIVE"", ""keywords"": ""Avalanche|Franklin Templeton|Stellar|Arbitrum"", ""id"": 42417356, ""guid"": ""ha93388BwWkPe8xtcTYDJF""}, {""date"": ""20240822090000"", ""headline"": ""Crypto Asset Manager Grayscale Offers AVAX Token Investment in New Avalanche Trust"", ""summary"": ""The Grayscale Avalanche Trust offers investors exposure to the AVAX token, used to pay transaction fees and secure the high-speed, ultra-scalable blockchain.\n\nGrayscale recently introduced a slew of d..."", ""url"": ""https://coindesk.com/business/2024/08/22/crypto-asset-manager-grayscale-offers-avax-token-investment-in-new-avalanche-trust"", ""source"": ""CoinDesk"", ""sentiment"": ""POSITIVE"", ""keywords"": ""Grayscale|Avalanche|ETPs|US"", ""id"": 42417350, ""guid"": ""ha93388BwWkPe8xtcTYDE5""}, {""date"": ""20240730163752"", ""headline"": ""California DMV Puts 42M Car Titles on the Avalanche Network in Digitization Push"", ""summary"": ""California's Department of Motor Vehicles (DMV) digitized 42 million of car titles on the Avalanche {{AVAX}} network as part of development to modernize the state's title transfer process with softwar..."", ""url"": ""https://coindesk.com/business/2024/07/30/california-dmv-puts-42m-car-titles-on-the-avalanche-network-in-digitization-push"", ""source"": ""CoinDesk"", ""sentiment"": ""POSITIVE"", ""keywords"": ""Avalanche|Ava Labs|California|Blockchain|Tokenization"", ""id"": 42390694, ""guid"": ""CpI5Y2Su0uMQDo69bd5hlD""}]",{}
42,2024-11-01,2024-10-25,24.79058074951172,24.892988204956055,-0.004113907683608157,D1,"[{""date"": ""20241009120000"", ""headline"": ""LatAm Bank Littio Ditches Ethereum for Avalanche as Demand for RWA Vaults Grows"", ""summary"": ""Littio, a Colombian neobank, is enabling customers to access U.S. Treasury bills through crypto products.\n\nLittio is switching vault holdings from Ethereum (ETH) to Avalanche (AVAX) to scale the produ..."", ""url"": ""https://coindesk.com/business/2024/10/09/latam-bank-littio-ditches-ethereum-for-avalanche-as-demand-for-rwa-vaults-grows"", ""source"": ""CoinDesk"", ""sentiment"": ""POSITIVE"", ""keywords"": ""Avalanche|Ethereum|Tokenization"", ""id"": 42407435, ""guid"": ""GJVPKSa3D710Liw1gZHSTt""}, {""date"": ""20240926090000"", ""headline"": ""Avalanche Unveils $40M Grant Program Ahead of 'Avalanche9000' Upgrade"", ""summary"": ""The foundation supporting the Avalanche network is releasing a $40 million grant program to reward developers for building new protocols in the blockchain ecosystem.\n\nThe program, called Retro9000, is..."", ""url"": ""https://coindesk.com/tech/2024/09/26/avalanche-unveils-40m-grant-program-ahead-of-avalanche9000-upgrade"", ""source"": ""CoinDesk"", ""sentiment"": ""POSITIVE"", ""keywords"": ""AVAX|Avalanche|Avalanche blockchain|Avalanche Foundation|Upgrade|hard fork|Upgrades"", ""id"": 42417160, ""guid"": ""ha93388BwWkPe8xtcTOlIr""}, {""date"": ""20240822090000"", ""headline"": ""Avalanche Becomes Latest Blockchain to Support Franklin Templeton's Tokenized Money Market Fund "", ""summary"": ""Franklin Templeton\u2019s OnChain U.S. Government Money Market Fund (FOBXX) has expanded its availability to the Avalanche network in a bid to expand the fund's base.\n\n\u201cI think the Avalanche ecosystem repr..."", ""url"": ""https://coindesk.com/business/2024/08/22/avalanche-becomes-latest-blockchain-to-support-franklin-templetons-tokenized-money-market-fund"", ""source"": ""CoinDesk"", ""sentiment"": ""POSITIVE"", ""keywords"": ""Avalanche|Franklin Templeton|Stellar|Arbitrum"", ""id"": 42417356, ""guid"": ""ha93388BwWkPe8xtcTYDJF""}, {""date"": ""20240822090000"", ""headline"": ""Crypto Asset Manager Grayscale Offers AVAX Token Investment in New Avalanche Trust"", ""summary"": ""The Grayscale Avalanche Trust offers investors exposure to the AVAX token, used to pay transaction fees and secure the high-speed, ultra-scalable blockchain.\n\nGrayscale recently introduced a slew of d..."", ""url"": ""https://coindesk.com/business/2024/08/22/crypto-asset-manager-grayscale-offers-avax-token-investment-in-new-avalanche-trust"", ""source"": ""CoinDesk"", ""sentiment"": ""POSITIVE"", ""keywords"": ""Grayscale|Avalanche|ETPs|US"", ""id"": 42417350, ""guid"": ""ha93388BwWkPe8xtcTYDE5""}, {""date"": ""20240730163752"", ""headline"": ""California DMV Puts 42M Car Titles on the Avalanche Network in Digitization Push"", ""summary"": ""California's Department of Motor Vehicles (DMV) digitized 42 million of car titles on the Avalanche {{AVAX}} network as part of development to modernize the state's title transfer process with softwar..."", ""url"": ""https://coindesk.com/business/2024/07/30/california-dmv-puts-42m-car-titles-on-the-avalanche-network-in-digitization-push"", ""source"": ""CoinDesk"", ""sentiment"": ""POSITIVE"", ""keywords"": ""Avalanche|Ava Labs|California|Blockchain|Tokenization"", ""id"": 42390694, ""guid"": ""CpI5Y2Su0uMQDo69bd5hlD""}]",{}
43,2024-11-08,2024-11-01,28.776140213012695,24.79058074951172,0.16076910435345396,U5+,"[{""date"": ""20241009120000"", ""headline"": ""LatAm Bank Littio Ditches Ethereum for Avalanche as Demand for RWA Vaults Grows"", ""summary"": ""Littio, a Colombian neobank, is enabling customers to access U.S. Treasury bills through crypto products.\n\nLittio is switching vault holdings from Ethereum (ETH) to Avalanche (AVAX) to scale the produ..."", ""url"": ""https://coindesk.com/business/2024/10/09/latam-bank-littio-ditches-ethereum-for-avalanche-as-demand-for-rwa-vaults-grows"", ""source"": ""CoinDesk"", ""sentiment"": ""POSITIVE"", ""keywords"": ""Avalanche|Ethereum|Tokenization"", ""id"": 42407435, ""guid"": ""GJVPKSa3D710Liw1gZHSTt""}, {""date"": ""20240926090000"", ""headline"": ""Avalanche Unveils $40M Grant Program Ahead of 'Avalanche9000' Upgrade"", ""summary"": ""The foundation supporting the Avalanche network is releasing a $40 million grant program to reward developers for building new protocols in the blockchain ecosystem.\n\nThe program, called Retro9000, is..."", ""url"": ""https://coindesk.com/tech/2024/09/26/avalanche-unveils-40m-grant-program-ahead-of-avalanche9000-upgrade"", ""source"": ""CoinDesk"", ""sentiment"": ""POSITIVE"", ""keywords"": ""AVAX|Avalanche|Avalanche blockchain|Avalanche Foundation|Upgrade|hard fork|Upgrades"", ""id"": 42417160, ""guid"": ""ha93388BwWkPe8xtcTOlIr""}, {""date"": ""20240822090000"", ""headline"": ""Avalanche Becomes Latest Blockchain to Support Franklin Templeton's Tokenized Money Market Fund "", ""summary"": ""Franklin Templeton\u2019s OnChain U.S. Government Money Market Fund (FOBXX) has expanded its availability to the Avalanche network in a bid to expand the fund's base.\n\n\u201cI think the Avalanche ecosystem repr..."", ""url"": ""https://coindesk.com/business/2024/08/22/avalanche-becomes-latest-blockchain-to-support-franklin-templetons-tokenized-money-market-fund"", ""source"": ""CoinDesk"", ""sentiment"": ""POSITIVE"", ""keywords"": ""Avalanche|Franklin Templeton|Stellar|Arbitrum"", ""id"": 42417356, ""guid"": ""ha93388BwWkPe8xtcTYDJF""}, {""date"": ""20240822090000"", ""headline"": ""Crypto Asset Manager Grayscale Offers AVAX Token Investment in New Avalanche Trust"", ""summary"": ""The Grayscale Avalanche Trust offers investors exposure to the AVAX token, used to pay transaction fees and secure the high-speed, ultra-scalable blockchain.\n\nGrayscale recently introduced a slew of d..."", ""url"": ""https://coindesk.com/business/2024/08/22/crypto-asset-manager-grayscale-offers-avax-token-investment-in-new-avalanche-trust"", ""source"": ""CoinDesk"", ""sentiment"": ""POSITIVE"", ""keywords"": ""Grayscale|Avalanche|ETPs|US"", ""id"": 42417350, ""guid"": ""ha93388BwWkPe8xtcTYDE5""}, {""date"": ""20240730163752"", ""headline"": ""California DMV Puts 42M Car Titles on the Avalanche Network in Digitization Push"", ""summary"": ""California's Department of Motor Vehicles (DMV) digitized 42 million of car titles on the Avalanche {{AVAX}} network as part of development to modernize the state's title transfer process with softwar..."", ""url"": ""https://coindesk.com/business/2024/07/30/california-dmv-puts-42m-car-titles-on-the-avalanche-network-in-digitization-push"", ""source"": ""CoinDesk"", ""sentiment"": ""POSITIVE"", ""keywords"": ""Avalanche|Ava Labs|California|Blockchain|Tokenization"", ""id"": 42390694, ""guid"": ""CpI5Y2Su0uMQDo69bd5hlD""}]",{}
44,2024-11-15,2024-11-08,33.146217346191406,28.776140213012695,0.15186460382906194,U5+,"[{""date"": ""20241009120000"", ""headline"": ""LatAm Bank Littio Ditches Ethereum for Avalanche as Demand for RWA Vaults Grows"", ""summary"": ""Littio, a Colombian neobank, is enabling customers to access U.S. Treasury bills through crypto products.\n\nLittio is switching vault holdings from Ethereum (ETH) to Avalanche (AVAX) to scale the produ..."", ""url"": ""https://coindesk.com/business/2024/10/09/latam-bank-littio-ditches-ethereum-for-avalanche-as-demand-for-rwa-vaults-grows"", ""source"": ""CoinDesk"", ""sentiment"": ""POSITIVE"", ""keywords"": ""Avalanche|Ethereum|Tokenization"", ""id"": 42407435, ""guid"": ""GJVPKSa3D710Liw1gZHSTt""}, {""date"": ""20240926090000"", ""headline"": ""Avalanche Unveils $40M Grant Program Ahead of 'Avalanche9000' Upgrade"", ""summary"": ""The foundation supporting the Avalanche network is releasing a $40 million grant program to reward developers for building new protocols in the blockchain ecosystem.\n\nThe program, called Retro9000, is..."", ""url"": ""https://coindesk.com/tech/2024/09/26/avalanche-unveils-40m-grant-program-ahead-of-avalanche9000-upgrade"", ""source"": ""CoinDesk"", ""sentiment"": ""POSITIVE"", ""keywords"": ""AVAX|Avalanche|Avalanche blockchain|Avalanche Foundation|Upgrade|hard fork|Upgrades"", ""id"": 42417160, ""guid"": ""ha93388BwWkPe8xtcTOlIr""}, {""date"": ""20240822090000"", ""headline"": ""Avalanche Becomes Latest Blockchain to Support Franklin Templeton's Tokenized Money Market Fund "", ""summary"": ""Franklin Templeton\u2019s OnChain U.S. Government Money Market Fund (FOBXX) has expanded its availability to the Avalanche network in a bid to expand the fund's base.\n\n\u201cI think the Avalanche ecosystem repr..."", ""url"": ""https://coindesk.com/business/2024/08/22/avalanche-becomes-latest-blockchain-to-support-franklin-templetons-tokenized-money-market-fund"", ""source"": ""CoinDesk"", ""sentiment"": ""POSITIVE"", ""keywords"": ""Avalanche|Franklin Templeton|Stellar|Arbitrum"", ""id"": 42417356, ""guid"": ""ha93388BwWkPe8xtcTYDJF""}, {""date"": ""20240822090000"", ""headline"": ""Crypto Asset Manager Grayscale Offers AVAX Token Investment in New Avalanche Trust"", ""summary"": ""The Grayscale Avalanche Trust offers investors exposure to the AVAX token, used to pay transaction fees and secure the high-speed, ultra-scalable blockchain.\n\nGrayscale recently introduced a slew of d..."", ""url"": ""https://coindesk.com/business/2024/08/22/crypto-asset-manager-grayscale-offers-avax-token-investment-in-new-avalanche-trust"", ""source"": ""CoinDesk"", ""sentiment"": ""POSITIVE"", ""keywords"": ""Grayscale|Avalanche|ETPs|US"", ""id"": 42417350, ""guid"": ""ha93388BwWkPe8xtcTYDE5""}, {""date"": ""20240730163752"", ""headline"": ""California DMV Puts 42M Car Titles on the Avalanche Network in Digitization Push"", ""summary"": ""California's Department of Motor Vehicles (DMV) digitized 42 million of car titles on the Avalanche {{AVAX}} network as part of development to modernize the state's title transfer process with softwar..."", ""url"": ""https://coindesk.com/business/2024/07/30/california-dmv-puts-42m-car-titles-on-the-avalanche-network-in-digitization-push"", ""source"": ""CoinDesk"", ""sentiment"": ""POSITIVE"", ""keywords"": ""Avalanche|Ava Labs|California|Blockchain|Tokenization"", ""id"": 42390694, ""guid"": ""CpI5Y2Su0uMQDo69bd5hlD""}]",{}
45,2024-11-22,2024-11-15,43.08974075317383,33.146217346191406,0.29998968820871985,U5+,"[{""date"": ""20241009120000"", ""headline"": ""LatAm Bank Littio Ditches Ethereum for Avalanche as Demand for RWA Vaults Grows"", ""summary"": ""Littio, a Colombian neobank, is enabling customers to access U.S. Treasury bills through crypto products.\n\nLittio is switching vault holdings from Ethereum (ETH) to Avalanche (AVAX) to scale the produ..."", ""url"": ""https://coindesk.com/business/2024/10/09/latam-bank-littio-ditches-ethereum-for-avalanche-as-demand-for-rwa-vaults-grows"", ""source"": ""CoinDesk"", ""sentiment"": ""POSITIVE"", ""keywords"": ""Avalanche|Ethereum|Tokenization"", ""id"": 42407435, ""guid"": ""GJVPKSa3D710Liw1gZHSTt""}, {""date"": ""20240926090000"", ""headline"": ""Avalanche Unveils $40M Grant Program Ahead of 'Avalanche9000' Upgrade"", ""summary"": ""The foundation supporting the Avalanche network is releasing a $40 million grant program to reward developers for building new protocols in the blockchain ecosystem.\n\nThe program, called Retro9000, is..."", ""url"": ""https://coindesk.com/tech/2024/09/26/avalanche-unveils-40m-grant-program-ahead-of-avalanche9000-upgrade"", ""source"": ""CoinDesk"", ""sentiment"": ""POSITIVE"", ""keywords"": ""AVAX|Avalanche|Avalanche blockchain|Avalanche Foundation|Upgrade|hard fork|Upgrades"", ""id"": 42417160, ""guid"": ""ha93388BwWkPe8xtcTOlIr""}, {""date"": ""20240822090000"", ""headline"": ""Avalanche Becomes Latest Blockchain to Support Franklin Templeton's Tokenized Money Market Fund "", ""summary"": ""Franklin Templeton\u2019s OnChain U.S. Government Money Market Fund (FOBXX) has expanded its availability to the Avalanche network in a bid to expand the fund's base.\n\n\u201cI think the Avalanche ecosystem repr..."", ""url"": ""https://coindesk.com/business/2024/08/22/avalanche-becomes-latest-blockchain-to-support-franklin-templetons-tokenized-money-market-fund"", ""source"": ""CoinDesk"", ""sentiment"": ""POSITIVE"", ""keywords"": ""Avalanche|Franklin Templeton|Stellar|Arbitrum"", ""id"": 42417356, ""guid"": ""ha93388BwWkPe8xtcTYDJF""}, {""date"": ""20240822090000"", ""headline"": ""Crypto Asset Manager Grayscale Offers AVAX Token Investment in New Avalanche Trust"", ""summary"": ""The Grayscale Avalanche Trust offers investors exposure to the AVAX token, used to pay transaction fees and secure the high-speed, ultra-scalable blockchain.\n\nGrayscale recently introduced a slew of d..."", ""url"": ""https://coindesk.com/business/2024/08/22/crypto-asset-manager-grayscale-offers-avax-token-investment-in-new-avalanche-trust"", ""source"": ""CoinDesk"", ""sentiment"": ""POSITIVE"", ""keywords"": ""Grayscale|Avalanche|ETPs|US"", ""id"": 42417350, ""guid"": ""ha93388BwWkPe8xtcTYDE5""}, {""date"": ""20240730163752"", ""headline"": ""California DMV Puts 42M Car Titles on the Avalanche Network in Digitization Push"", ""summary"": ""California's Department of Motor Vehicles (DMV) digitized 42 million of car titles on the Avalanche {{AVAX}} network as part of development to modernize the state's title transfer process with softwar..."", ""url"": ""https://coindesk.com/business/2024/07/30/california-dmv-puts-42m-car-titles-on-the-avalanche-network-in-digitization-push"", ""source"": ""CoinDesk"", ""sentiment"": ""POSITIVE"", ""keywords"": ""Avalanche|Ava Labs|California|Blockchain|Tokenization"", ""id"": 42390694, ""guid"": ""CpI5Y2Su0uMQDo69bd5hlD""}]",{}
46,2024-11-29,2024-11-22,44.924110412597656,43.08974075317383,0.042570914267770696,U5,"[{""date"": ""20241125125843"", ""headline"": "" Avalanche Blockchain's Largest-Ever Upgrade Goes Live on Testnet"", ""summary"": ""Avalanche, the eighth-largest blockchain by total value locked (TVL), is moving ahead with a major technical makeover.\n\nThe Avalanche9000 upgrade went live in a test network environment (testnet) Mond..."", ""url"": ""https://coindesk.com/tech/2024/11/25/avalanche-blockchains-largest-ever-upgrade-goes-live-on-testnet"", ""source"": ""CoinDesk"", ""sentiment"": ""POSITIVE"", ""keywords"": ""Avalanche|Avalanche Foundation|AVAX|hard fork|Testnet|Upgrade"", ""id"": 42416534, ""guid"": ""df9b792e-32f9-4089-b2a6-6b89d9839760""}]",{}
47,2024-12-06,2024-11-29,52.589290618896484,44.924110412597656,0.17062508608182372,U5+,"[{""date"": ""20241125125843"", ""headline"": "" Avalanche Blockchain's Largest-Ever Upgrade Goes Live on Testnet"", ""summary"": ""Avalanche, the eighth-largest blockchain by total value locked (TVL), is moving ahead with a major technical makeover.\n\nThe Avalanche9000 upgrade went live in a test network environment (testnet) Mond..."", ""url"": ""https://coindesk.com/tech/2024/11/25/avalanche-blockchains-largest-ever-upgrade-goes-live-on-testnet"", ""source"": ""CoinDesk"", ""sentiment"": ""POSITIVE"", ""keywords"": ""Avalanche|Avalanche Foundation|AVAX|hard fork|Testnet|Upgrade"", ""id"": 42416534, ""guid"": ""df9b792e-32f9-4089-b2a6-6b89d9839760""}, {""date"": ""20241009120000"", ""headline"": ""LatAm Bank Littio Ditches Ethereum for Avalanche as Demand for RWA Vaults Grows"", ""summary"": ""Littio, a Colombian neobank, is enabling customers to access U.S. Treasury bills through crypto products.\n\nLittio is switching vault holdings from Ethereum (ETH) to Avalanche (AVAX) to scale the produ..."", ""url"": ""https://coindesk.com/business/2024/10/09/latam-bank-littio-ditches-ethereum-for-avalanche-as-demand-for-rwa-vaults-grows"", ""source"": ""CoinDesk"", ""sentiment"": ""POSITIVE"", ""keywords"": ""Avalanche|Ethereum|Tokenization"", ""id"": 42407435, ""guid"": ""GJVPKSa3D710Liw1gZHSTt""}, {""date"": ""20240926090000"", ""headline"": ""Avalanche Unveils $40M Grant Program Ahead of 'Avalanche9000' Upgrade"", ""summary"": ""The foundation supporting the Avalanche network is releasing a $40 million grant program to reward developers for building new protocols in the blockchain ecosystem.\n\nThe program, called Retro9000, is..."", ""url"": ""https://coindesk.com/tech/2024/09/26/avalanche-unveils-40m-grant-program-ahead-of-avalanche9000-upgrade"", ""source"": ""CoinDesk"", ""sentiment"": ""POSITIVE"", ""keywords"": ""AVAX|Avalanche|Avalanche blockchain|Avalanche Foundation|Upgrade|hard fork|Upgrades"", ""id"": 42417160, ""guid"": ""ha93388BwWkPe8xtcTOlIr""}, {""date"": ""20240822090000"", ""headline"": ""Avalanche Becomes Latest Blockchain to Support Franklin Templeton's Tokenized Money Market Fund "", ""summary"": ""Franklin Templeton\u2019s OnChain U.S. Government Money Market Fund (FOBXX) has expanded its availability to the Avalanche network in a bid to expand the fund's base.\n\n\u201cI think the Avalanche ecosystem repr..."", ""url"": ""https://coindesk.com/business/2024/08/22/avalanche-becomes-latest-blockchain-to-support-franklin-templetons-tokenized-money-market-fund"", ""source"": ""CoinDesk"", ""sentiment"": ""POSITIVE"", ""keywords"": ""Avalanche|Franklin Templeton|Stellar|Arbitrum"", ""id"": 42417356, ""guid"": ""ha93388BwWkPe8xtcTYDJF""}, {""date"": ""20240822090000"", ""headline"": ""Crypto Asset Manager Grayscale Offers AVAX Token Investment in New Avalanche Trust"", ""summary"": ""The Grayscale Avalanche Trust offers investors exposure to the AVAX token, used to pay transaction fees and secure the high-speed, ultra-scalable blockchain.\n\nGrayscale recently introduced a slew of d..."", ""url"": ""https://coindesk.com/business/2024/08/22/crypto-asset-manager-grayscale-offers-avax-token-investment-in-new-avalanche-trust"", ""source"": ""CoinDesk"", ""sentiment"": ""POSITIVE"", ""keywords"": ""Grayscale|Avalanche|ETPs|US"", ""id"": 42417350, ""guid"": ""ha93388BwWkPe8xtcTYDE5""}]",{}
48,2024-12-13,2024-12-06,52.70176315307617,52.589290618896484,0.0021386965455524446,U1,"[{""date"": ""20241212103546"", ""headline"": ""Avalanche Raises $250M Amid Major Overhaul of Layer-1 Blockchain"", ""summary"": ""Avalanche, the layer-1 blockchain that is upgrading its technology platform, has raised $250 million in a token sale led by Galaxy Digital, Dragonfly and ParaFi Capital.\n\nMore than 40 investment firms..."", ""url"": ""https://coindesk.com/business/2024/12/12/avalanche-raises-250-m-amid-major-overhaul-of-layer-1-blockchain"", ""source"": ""CoinDesk"", ""sentiment"": ""POSITIVE"", ""keywords"": """", ""id"": 42415913, ""guid"": ""b160658d-a671-4b5d-a694-9d4d8fa3cf9a""}]",{}
49,2024-12-20,2024-12-13,39.81724548339844,52.70176315307617,-0.2444798219037511,D5+,"[{""date"": ""20241218142045"", ""headline"": ""The Protocol: Solana's Allure for Devs; Avalanche's Big Upgrade"", ""summary"": ""Welcome to The Protocol, CoinDesk's weekly wrap-up of the most important stories in cryptocurrency tech development. I'm Marc Hochstein, CoinDesk's deputy editor-in-chief for features, opinion and sta..."", ""url"": ""https://coindesk.com/tech/2024/12/18/the-protocol-solanas-allure-for-devs-avalanches-big-upgrade"", ""source"": ""CoinDesk"", ""sentiment"": ""POSITIVE"", ""keywords"": """", ""id"": 42389611, ""guid"": ""69aa568b-2f0e-4a18-93c5-b33d5a757a34""}, {""date"": ""20241216105621"", ""headline"": ""Avalanche Blockchain\u2019s Largest-Ever Upgrade, 'Avalanche9000,' Is Live"", ""summary"": ""Avalanche, a layer-1 blockchain launched in 2020 that's now the tenth-largest by total value locked (TVL), activated its highly anticipated Avalanche9000 upgrade Monday, marking the ecosystem's bigges..."", ""url"": ""https://coindesk.com/tech/2024/12/16/avalanche-blockchain-s-largest-ever-upgrade-avalanche9000-is-live"", ""source"": ""CoinDesk"", ""sentiment"": ""POSITIVE"", ""keywords"": """", ""id"": 42389153, ""guid"": ""3f5c5c6e-1903-4396-b30b-e7c9236956c5""}]",{}
50,2024-12-27,2024-12-20,36.48052215576172,39.81724548339844,-0.08380095828145484,D5+,"[{""date"": ""20241218142045"", ""headline"": ""The Protocol: Solana's Allure for Devs; Avalanche's Big Upgrade"", ""summary"": ""Welcome to The Protocol, CoinDesk's weekly wrap-up of the most important stories in cryptocurrency tech development. I'm Marc Hochstein, CoinDesk's deputy editor-in-chief for features, opinion and sta..."", ""url"": ""https://coindesk.com/tech/2024/12/18/the-protocol-solanas-allure-for-devs-avalanches-big-upgrade"", ""source"": ""CoinDesk"", ""sentiment"": ""POSITIVE"", ""keywords"": """", ""id"": 42389611, ""guid"": ""69aa568b-2f0e-4a18-93c5-b33d5a757a34""}, {""date"": ""20241216105621"", ""headline"": ""Avalanche Blockchain\u2019s Largest-Ever Upgrade, 'Avalanche9000,' Is Live"", ""summary"": ""Avalanche, a layer-1 blockchain launched in 2020 that's now the tenth-largest by total value locked (TVL), activated its highly anticipated Avalanche9000 upgrade Monday, marking the ecosystem's bigges..."", ""url"": ""https://coindesk.com/tech/2024/12/16/avalanche-blockchain-s-largest-ever-upgrade-avalanche9000-is-live"", ""source"": ""CoinDesk"", ""sentiment"": ""POSITIVE"", ""keywords"": """", ""id"": 42389153, ""guid"": ""3f5c5c6e-1903-4396-b30b-e7c9236956c5""}, {""date"": ""20241212103546"", ""headline"": ""Avalanche Raises $250M Amid Major Overhaul of Layer-1 Blockchain"", ""summary"": ""Avalanche, the layer-1 blockchain that is upgrading its technology platform, has raised $250 million in a token sale led by Galaxy Digital, Dragonfly and ParaFi Capital.\n\nMore than 40 investment firms..."", ""url"": ""https://coindesk.com/business/2024/12/12/avalanche-raises-250-m-amid-major-overhaul-of-layer-1-blockchain"", ""source"": ""CoinDesk"", ""sentiment"": ""POSITIVE"", ""keywords"": """", ""id"": 42415913, ""guid"": ""b160658d-a671-4b5d-a694-9d4d8fa3cf9a""}, {""date"": ""20241125125843"", ""headline"": "" Avalanche Blockchain's Largest-Ever Upgrade Goes Live on Testnet"", ""summary"": ""Avalanche, the eighth-largest blockchain by total value locked (TVL), is moving ahead with a major technical makeover.\n\nThe Avalanche9000 upgrade went live in a test network environment (testnet) Mond..."", ""url"": ""https://coindesk.com/tech/2024/11/25/avalanche-blockchains-largest-ever-upgrade-goes-live-on-testnet"", ""source"": ""CoinDesk"", ""sentiment"": ""POSITIVE"", ""keywords"": ""Avalanche|Avalanche Foundation|AVAX|hard fork|Testnet|Upgrade"", ""id"": 42416534, ""guid"": ""df9b792e-32f9-4089-b2a6-6b89d9839760""}, {""date"": ""20241009120000"", ""headline"": ""LatAm Bank Littio Ditches Ethereum for Avalanche as Demand for RWA Vaults Grows"", ""summary"": ""Littio, a Colombian neobank, is enabling customers to access U.S. Treasury bills through crypto products.\n\nLittio is switching vault holdings from Ethereum (ETH) to Avalanche (AVAX) to scale the produ..."", ""url"": ""https://coindesk.com/business/2024/10/09/latam-bank-littio-ditches-ethereum-for-avalanche-as-demand-for-rwa-vaults-grows"", ""source"": ""CoinDesk"", ""sentiment"": ""POSITIVE"", ""keywords"": ""Avalanche|Ethereum|Tokenization"", ""id"": 42407435, ""guid"": ""GJVPKSa3D710Liw1gZHSTt""}]",{}
51,2025-01-03,2024-12-27,35.6909294128418,36.48052215576172,-0.021644228104756278,D3,"[{""date"": ""20241218142045"", ""headline"": ""The Protocol: Solana's Allure for Devs; Avalanche's Big Upgrade"", ""summary"": ""Welcome to The Protocol, CoinDesk's weekly wrap-up of the most important stories in cryptocurrency tech development. I'm Marc Hochstein, CoinDesk's deputy editor-in-chief for features, opinion and sta..."", ""url"": ""https://coindesk.com/tech/2024/12/18/the-protocol-solanas-allure-for-devs-avalanches-big-upgrade"", ""source"": ""CoinDesk"", ""sentiment"": ""POSITIVE"", ""keywords"": """", ""id"": 42389611, ""guid"": ""69aa568b-2f0e-4a18-93c5-b33d5a757a34""}, {""date"": ""20241216105621"", ""headline"": ""Avalanche Blockchain\u2019s Largest-Ever Upgrade, 'Avalanche9000,' Is Live"", ""summary"": ""Avalanche, a layer-1 blockchain launched in 2020 that's now the tenth-largest by total value locked (TVL), activated its highly anticipated Avalanche9000 upgrade Monday, marking the ecosystem's bigges..."", ""url"": ""https://coindesk.com/tech/2024/12/16/avalanche-blockchain-s-largest-ever-upgrade-avalanche9000-is-live"", ""source"": ""CoinDesk"", ""sentiment"": ""POSITIVE"", ""keywords"": """", ""id"": 42389153, ""guid"": ""3f5c5c6e-1903-4396-b30b-e7c9236956c5""}, {""date"": ""20241212103546"", ""headline"": ""Avalanche Raises $250M Amid Major Overhaul of Layer-1 Blockchain"", ""summary"": ""Avalanche, the layer-1 blockchain that is upgrading its technology platform, has raised $250 million in a token sale led by Galaxy Digital, Dragonfly and ParaFi Capital.\n\nMore than 40 investment firms..."", ""url"": ""https://coindesk.com/business/2024/12/12/avalanche-raises-250-m-amid-major-overhaul-of-layer-1-blockchain"", ""source"": ""CoinDesk"", ""sentiment"": ""POSITIVE"", ""keywords"": """", ""id"": 42415913, ""guid"": ""b160658d-a671-4b5d-a694-9d4d8fa3cf9a""}, {""date"": ""20241125125843"", ""headline"": "" Avalanche Blockchain's Largest-Ever Upgrade Goes Live on Testnet"", ""summary"": ""Avalanche, the eighth-largest blockchain by total value locked (TVL), is moving ahead with a major technical makeover.\n\nThe Avalanche9000 upgrade went live in a test network environment (testnet) Mond..."", ""url"": ""https://coindesk.com/tech/2024/11/25/avalanche-blockchains-largest-ever-upgrade-goes-live-on-testnet"", ""source"": ""CoinDesk"", ""sentiment"": ""POSITIVE"", ""keywords"": ""Avalanche|Avalanche Foundation|AVAX|hard fork|Testnet|Upgrade"", ""id"": 42416534, ""guid"": ""df9b792e-32f9-4089-b2a6-6b89d9839760""}, {""date"": ""20241009120000"", ""headline"": ""LatAm Bank Littio Ditches Ethereum for Avalanche as Demand for RWA Vaults Grows"", ""summary"": ""Littio, a Colombian neobank, is enabling customers to access U.S. Treasury bills through crypto products.\n\nLittio is switching vault holdings from Ethereum (ETH) to Avalanche (AVAX) to scale the produ..."", ""url"": ""https://coindesk.com/business/2024/10/09/latam-bank-littio-ditches-ethereum-for-avalanche-as-demand-for-rwa-vaults-grows"", ""source"": ""CoinDesk"", ""sentiment"": ""POSITIVE"", ""keywords"": ""Avalanche|Ethereum|Tokenization"", ""id"": 42407435, ""guid"": ""GJVPKSa3D710Liw1gZHSTt""}]",{}
