prompt,answer
"[Cryptocurrency Introduction]: Bitcoin (BTC) is a cryptocurrency launched in 2010. Users are able to generate BTC through the process of mining. Bitcoin has a current supply of 19,873,353. The last known price of Bitcoin is 104,632.24890669 USD and is up 0.57 over the last 24 hours. It is currently trading on 12206 active market(s) with $40,409,929,770.26 traded over the last 24 hours. More information can be found at https://bitcoin.org/.. It has a market capilization of 2074764509184.

From 2024-01-05 to 2024-01-12, BTC-USD's stock price decreased from 44162.69 to 42853.17. News during this period are listed below:

[Headline]: Bitcoin ETFs Explained: What Are They & How Do They Work?
[Summary]: Bitcoin ETFs have been a topic of discussion in the crypto markets since the Winklevoss twins first tried to list one back in 2013. Bitcoin futures ETFs have traded on U.S. exchanges for several years...

[Headline]: Cathie Wood Sees Bitcoin Price Reaching $1.5M by 2030 After ETF Approval
[Summary]: ARK Invest CEO Cathie Wood said on CNBC Thursday that bitcoin [BTC], the world's largest cryptocurrency by market value, could reach $1,500,000 in price by 2030 in a bullish scenario, raising her esti...

[Headline]: Bitcoin Briefly Tops $49K Before Selling Off as ETF Trading Frenzy Commences
[Summary]: Bitcoin [BTC] on Thursday briefly topped $49,000 for the first time since December 2021 as U.S.-listed spot bitcoin exchange-traded funds (ETF) commenced trading amid heightened anticipation.

The lar...

[Headline]: Bitcoin Miners May Be Due a Breather After Spot ETF Approval, JPMorgan Says
[Summary]: The Securities and Exchange Commission (SEC) yesterday approved the first U.S.-listed spot bitcoin [BTC] exchange-traded funds (ETFs). The move was widely expected as reflected in the buying pressure ...

[Headline]: Hacker Seized SEC Phone Number to Post Fake Bitcoin ETF Approval, X Says
[Summary]: The Securities and Exchange Commission (SEC) did not employ basic security measures on its X (formerly Twitter) account when it was “compromised” to spread false bitcoin ETF news, according to the soc...



Based on all the information before 2024-01-12, let's first analyze the positive developments and potential concerns for BTC-USD. Come up with 2-4 most important factors respectively and keep them concise. Most factors should be inferred from cryptocurrencies related news. Then let's assume your prediction for next week (2024-01-12 to 2024-01-19) is down by 2-3%. Provide a summary analysis to support your prediction. The prediction result need to be inferred from your analysis at the end, and thus not appearing as a foundational factor of your analysis.","**Analysis Request 1:**

[Positive Developments]:
1. **ETF Approval**: The approval of spot Bitcoin ETFs by the SEC has been a significant positive development, allowing more investors to gain exposure to Bitcoin.
2. **Market Sentiment**: The brief top of $49K indicates strong buying pressure and market optimism.
3. **Increased Inflows**: The inflows into Bitcoin ETFs suggest growing institutional interest.

[Potential Concerns]:
1. **Regulatory Uncertainty**: The hacking incident involving the SEC's X account highlights ongoing regulatory and security concerns.
2. **Market Volatility**: The quick sell-off after reaching $49K indicates high market volatility and potential for rapid price corrections.
3. **Miner Fatigue**: JPMorgan's comment on miners needing a breather could indicate a slowdown in mining activities, affecting market sentiment.

[Prediction & Analysis]:
The approval of spot Bitcoin ETFs has been a significant catalyst for market optimism, driving institutional interest and inflows. However, regulatory uncertainties and market volatility persist, as evidenced by the quick sell-off after reaching $49K. The hacking incident involving the SEC's X account underscores ongoing security concerns. Additionally, JPMorgan's comment on miners needing a breather could indicate a slowdown in mining activities, which might temper market enthusiasm. Despite the positive developments, the potential concerns suggest a cautious outlook. Therefore, a 2-3% decrease in price next week seems plausible as the market digests these mixed signals."
"[Cryptocurrency Introduction]: Bitcoin (BTC) is a cryptocurrency launched in 2010. Users are able to generate BTC through the process of mining. Bitcoin has a current supply of 19,873,353. The last known price of Bitcoin is 104,632.24890669 USD and is up 0.57 over the last 24 hours. It is currently trading on 12206 active market(s) with $40,409,929,770.26 traded over the last 24 hours. More information can be found at https://bitcoin.org/.. It has a market capilization of 2074764509184.

From 2024-01-05 to 2024-01-12, BTC-USD's stock price decreased from 44162.69 to 42853.17. News during this period are listed below:

[Headline]: Bitcoin Briefly Tops $49K Before Selling Off as ETF Trading Frenzy Commences
[Summary]: Bitcoin [BTC] on Thursday briefly topped $49,000 for the first time since December 2021 as U.S.-listed spot bitcoin exchange-traded funds (ETF) commenced trading amid heightened anticipation.

The lar...

[Headline]: Bitcoin Miners May Be Due a Breather After Spot ETF Approval, JPMorgan Says
[Summary]: The Securities and Exchange Commission (SEC) yesterday approved the first U.S.-listed spot bitcoin [BTC] exchange-traded funds (ETFs). The move was widely expected as reflected in the buying pressure ...

[Headline]: Bitcoin ETF Approval Marks Conclusion of a Decade-Long Journey
[Summary]: It’s been over ten and a half years since the Winklevoss twins first filed for a bitcoin [BTC] exchange-traded fund (ETF) in July 2013.

This filing, covered by CoinDesk in its first year of operation...

[Headline]: Bitcoin Tops $47K, Ether and Grayscale's GBTC Jump After SEC Approves Spot Bitcoin ETFs
[Summary]: Bitcoin wobbled then rose past $47,000 following regulatory approval of spot bitcoin ETFs.

Ether jumped 11% to a 20-month high as ETF speculation turns to the second-largest asset.

The wider impact ...

[Headline]: BlackRock, ARK 21Shares Follow Rivals in Cutting Bitcoin ETF Fees
[Summary]: With the crypto industry anticipating the U.S. Securities and Exchange Commission (SEC) approving a spot bitcoin exchange-traded fund (ETF) as early as today, BlackRock (BLK) and ARK 21Shares both cut...

From 2024-01-12 to 2024-01-19, BTC-USD's stock price decreased from 42853.17 to 41618.41. News during this period are listed below:

[Headline]: Bitcoin Instantly Topped Silver in ETF Market and Trails Only Gold Among Commodities
[Summary]: Silver has existed since dying stars started spewing the metal out billions of years ago. Bitcoin is 15 – but it’s already a bigger deal in the U.S. ETF market.

Bitcoin ETFs had more assets than silv...

[Headline]: Grayscale Bitcoin ETF Liquidity Provider Flowdesk Raises $50M Series B
[Summary]: Flowdesk, the crypto market maker that recently became a liquidity provider for Grayscale's bitcoin [BTC] exchange-traded fund (ETF), has raised $50 million in a Series B.

The investment round was le...

[Headline]: Why 2024 Will Be Bitcoin's Year
[Summary]: 2024 is already shaping up to be a transformative year for digital assets broadly, and bitcoin particularly. With SEC approval for a spot bitcoin ETF last week and bitcoin’s next halving event schedul...

[Headline]: First Mover Americas: Bitcoin Pulls Back to $42K; Venezuela Shutters Petro Crypto Project 
[Summary]: This article originally appeared in First Mover, CoinDesk’s daily newsletter, putting the latest moves in crypto markets in context. Subscribe to get it in your inbox every day.

Latest Prices

Top St...

[Headline]: First Mover Americas: Franklin Templeton's Bitcoin ETF Becomes the Cheapest 
[Summary]: This article originally appeared in First Mover, CoinDesk’s daily newsletter, putting the latest moves in crypto markets in context. Subscribe to get it in your inbox every day.

Latest Prices

Top St...



Based on all the information before 2024-01-19, let's first analyze the positive developments and potential concerns for BTC-USD. Come up with 2-4 most important factors respectively and keep them concise. Most factors should be inferred from cryptocurrencies related news. Then let's assume your prediction for next week (2024-01-19 to 2024-01-26) is up by 0-1%. Provide a summary analysis to support your prediction. The prediction result need to be inferred from your analysis at the end, and thus not appearing as a foundational factor of your analysis.","**Analysis Request 2:**

[Positive Developments]:
1. **ETF Milestones**: Bitcoin ETFs surpassing silver in the U.S. ETF market and trailing only gold among commodities is a significant achievement.
2. **Liquidity Providers**: Flowdesk raising $50M for Grayscale's Bitcoin ETF indicates strong liquidity support.
3. **Institutional Interest**: BlackRock and ARK 21Shares cutting Bitcoin ETF fees suggests competitive institutional interest.

[Potential Concerns]:
1. **Market Pullback**: Bitcoin's pullback to $42K and the shuttering of Venezuela’s Petro project indicate market uncertainty.
2. **ETF Fee Cuts**: While fee cuts signal competition, they also raise questions about the sustainability of ETF profits.
3. **Regulatory Scrutiny**: Continued regulatory scrutiny and the need for ongoing security measures remain concerns.

[Prediction & Analysis]:
The achievements of Bitcoin ETFs and strong liquidity support from providers like Flowdesk are positive indicators of institutional interest and market maturity. However, the market pullback to $42K and the shuttering of Venezuela’s Petro project highlight persistent uncertainties. The competitive fee cuts by major players like BlackRock and ARK 21Shares suggest a intense battle for market share, which could lead to further market volatility. Despite these concerns, the overall trend indicates a stabilizing market with a slight upward bias. Therefore, a 0-1% increase in price next week is reasonable, reflecting a balance between positive developments and lingering concerns."
"[Cryptocurrency Introduction]: Bitcoin (BTC) is a cryptocurrency launched in 2010. Users are able to generate BTC through the process of mining. Bitcoin has a current supply of 19,873,353. The last known price of Bitcoin is 104,632.24890669 USD and is up 0.57 over the last 24 hours. It is currently trading on 12206 active market(s) with $40,409,929,770.26 traded over the last 24 hours. More information can be found at https://bitcoin.org/.. It has a market capilization of 2074764509184.

From 2024-01-12 to 2024-01-19, BTC-USD's stock price decreased from 42853.17 to 41618.41. News during this period are listed below:

[Headline]: BlackRock's Bitcoin ETF Hits $1B AUM in One Week
[Summary]: BlackRock’s (BLK) spot bitcoin [BTC] exchange-traded fund (ETF) hit the $1 billion assets under management mark on Wednesday, becoming the first of the recent cohort of bitcoin ETF providers to hit th...

[Headline]: Investment Firm With $1B Assets Looks to Invest in Bitcoin Mining With Fabiano Consulting
[Summary]: Specialist investment firm Deus X has teamed up with Fabiano Consulting to explore investment and strategic opportunities in the bitcoin [BTC] mining sector.

The firms are looking to be investors and...

[Headline]: Bitcoin ETF Net Inflows Near $1B After Three Days
[Summary]: With three full days of trading in the books as of the close of business on Tuesday, net inflows into the newly approved spot bitcoin exchange-traded funds appear to be about 21,000 bitcoin [BTC], or ...

[Headline]: ARK Buys $15.9M Worth of Its Own Bitcoin ETF
[Summary]: ARK Invest bought $15.9 million worth of shares in its own recently-listed spot bitcoin exchange-traded fund (ETF) on Tuesday.

Cathie Wood's investment firm added 365,427 shares of the ARK 21Shares B...

[Headline]: BTC Tumbles Below $42K, Coinbase and Miners Plunge as Bitcoin ETF Mania Becomes 'Sell the News' Rout
[Summary]: Bitcoin tumbled below $42,000 in a Friday sell-off with cryptocurrency-focused stocks plummeting as Thursday's bitcoin ETF euphoria turned into a market rout.

The $42,000 level is a significant suppo...

From 2024-01-19 to 2024-01-26, BTC-USD's stock price increased from 41618.41 to 41816.87. News during this period are listed below:

[Headline]: First Mover Americas: Bitcoin Holds $40K
[Summary]: This article originally appeared in First Mover, CoinDesk’s daily newsletter, putting the latest moves in crypto markets in context. Subscribe to get it in your inbox every day.

Latest Prices

Top St...

[Headline]: Bitcoin Holds Above $40K Ahead of U.S. GDP, $5.8B Crypto Options Expiry
[Summary]: Bitcoin [BTC] looked to establish a foothold above $40,000 during Thursday's European trading hours, with the dollar index trading flat ahead of the highly-anticipated U.S. fourth-quarter gross domest...

[Headline]: Mt. Gox Moves Seemingly Closer to Bitcoin Repayments for 2014 Hack Victims
[Summary]: Mt. Gox's repayment of customers who lost a combined 850,000 BTC – now valued at $33 billion – during its hack of 2014 appear to be progressing.

Some former customers of the crypto exchange have repo...

[Headline]: Coinbase Falls After JPMorgan Downgrades Stock to Underweight on Disappointing Bitcoin ETF Catalyst
[Summary]: The main positive catalyst for crypto markets last year, the launch of spot bitcoin [BTC] exchange-traded funds (ETFs), has the potential to reverse and disappoint investors in 2024, JPMorgan said in ...

[Headline]: Bitcoin Unphased by China's Stimulus Plan
[Summary]: Authorities in China are considering a 2 trillion RMB ($278 billion) plan to reboot the ailing stock market, but the impact of the plan – which pushed markets in Hong Kong and the mainland into the bl...



Based on all the information before 2024-01-26, let's first analyze the positive developments and potential concerns for BTC-USD. Come up with 2-4 most important factors respectively and keep them concise. Most factors should be inferred from cryptocurrencies related news. Then let's assume your prediction for next week (2024-01-26 to 2024-02-02) is up by 3-4%. Provide a summary analysis to support your prediction. The prediction result need to be inferred from your analysis at the end, and thus not appearing as a foundational factor of your analysis.","**Analysis Request 3:**

[Positive Developments]:
1. **ETF Inflows**: Net inflows near $1B after three days of trading indicate strong investor interest in Bitcoin ETFs.
2. **Institutional Buying**: ARK's purchase of $15.9M worth of its own Bitcoin ETF shows institutional confidence.
3. **Market Stability**: Bitcoin holding above $40K suggests a level of market stability despite recent volatility.

[Potential Concerns]:
1. **Sell-Off Risk**: The ""sell the news"" rout and Bitcoin tumbling below $42K highlight the risk of further sell-offs.
2. **ETF Euphoria Fade**: JPMorgan's warning about the ETF catalyst potentially reversing and disappointing investors is a concern.
3. **Regulatory and Economic Factors**: The impact of China's stimulus plan and U.S. GDP data on Bitcoin remains uncertain.

[Prediction & Analysis]:
Strong investor interest in Bitcoin ETFs, as evidenced by significant net inflows and institutional buying, suggests a bullish underlying trend. However, the recent sell-off and JPMorgan's warning about the ETF euphoria fading indicate potential downside risks. The uncertainty surrounding regulatory and economic factors, such as China's stimulus plan and U.S. GDP data, adds to the market's volatility. Despite these concerns, the overall market stability and institutional confidence point to a cautiously optimistic outlook. Therefore, a 3-4% increase in price next week is plausible, as the market weighs these positive developments against potential concerns."
"[Cryptocurrency Introduction]: Bitcoin (BTC) is a cryptocurrency launched in 2010. Users are able to generate BTC through the process of mining. Bitcoin has a current supply of 19,873,353. The last known price of Bitcoin is 104,632.24890669 USD and is up 0.57 over the last 24 hours. It is currently trading on 12206 active market(s) with $40,409,929,770.26 traded over the last 24 hours. More information can be found at https://bitcoin.org/.. It has a market capilization of 2074764509184.

From 2024-01-26 to 2024-02-02, BTC-USD's stock price increased from 41816.87 to 43185.86. News during this period are listed below:

[Headline]: Crypto Startup Velar Plans Perpetual Swaps Exchange for Bitcoin DeFi After Raising $3.5M
[Summary]: Crypto trading startup Velar said Thursday it raised $3.5 million in venture funding to build a suite of decentralized finance (DeFi) tools for Bitcoin's nascent DeFi scene.

CEO Mithil Thakore told C...

[Headline]: How the Launch of Spot ETFs Could Dampen Bitcoin’s Volatility
[Summary]: One of the critical ingredients for Bitcoin’s success has been the emergence of new trading infrastructure and investment wrappers that open access to new investors. This trend is now in overdrive wit...

[Headline]: Bitcoin ETF Has Broken BTC's Pandemic-Era Price Correlation With Luxury Watches
[Summary]: If there is one thing common between bitcoin {{BTC}} and luxury goods, it is scarcity. And prices for bitcoin and luxury watches were positive correlated before the spot ETF optimism gripped the crypt...

[Headline]: BlackRock’s Bitcoin ETF First to Reach $2B in AUM
[Summary]: The BlackRock iShares Bitcoin ETF (IBIT) on Friday became the first of the recently launched spot bitcoin products to reach $2 billion in assets under management (AUM). This doesn't include Grayscale'...

[Headline]: Bitcoin Could Fall Back to Mid-$20K Area: Chris Burniske
[Summary]: The local bottom for bitcoin {{BTC}} has yet to be hit, said Chris Burniske, partner at venture capital firm Placeholder and former crypto lead at Ark Invest.

He sees the price dropping to at least t...



Based on all the information before 2024-02-02, let's first analyze the positive developments and potential concerns for BTC-USD. Come up with 2-4 most important factors respectively and keep them concise. Most factors should be inferred from cryptocurrencies related news. Then let's assume your prediction for next week (2024-02-02 to 2024-02-09) is up by more than 5%. Provide a summary analysis to support your prediction. The prediction result need to be inferred from your analysis at the end, and thus not appearing as a foundational factor of your analysis.","**Analysis Request 4:**

[Positive Developments]:
1. **DeFi Growth**: Velar's plans for a perpetual swaps exchange for Bitcoin DeFi indicate growing interest in Bitcoin's DeFi ecosystem.
2. **ETF Milestones**: BlackRock's Bitcoin ETF reaching $2B in AUM highlights strong institutional demand.
3. **Volatility Dampening**: The launch of spot ETFs is expected to dampen Bitcoin's volatility, attracting more investors.

[Potential Concerns]:
1. **Price Correction**: Chris Burniske's prediction of Bitcoin falling back to the mid-$20K area raises concerns about a significant price correction.
2. **Market Sentiment**: The breaking of Bitcoin's pandemic-era price correlation with luxury watches suggests a shift in market sentiment.
3. **Regulatory and Economic Uncertainties**: Ongoing regulatory scrutiny and economic uncertainties continue to impact market stability.

[Prediction & Analysis]:
The growth of Bitcoin's DeFi ecosystem and the milestones achieved by Bitcoin ETFs indicate strong institutional demand and a maturing market. However, predictions of a significant price correction and shifts in market sentiment raise concerns about potential downside risks. The breaking of Bitcoin's price correlation with luxury watches suggests a changing market dynamic, which could introduce further volatility. Despite these concerns, the overall trend points to a bullish outlook, with a more than 5% increase in price next week seeming likely as the market responds to positive developments and institutional interest."
"[Cryptocurrency Introduction]: Bitcoin (BTC) is a cryptocurrency launched in 2010. Users are able to generate BTC through the process of mining. Bitcoin has a current supply of 19,873,353. The last known price of Bitcoin is 104,632.24890669 USD and is up 0.57 over the last 24 hours. It is currently trading on 12206 active market(s) with $40,409,929,770.26 traded over the last 24 hours. More information can be found at https://bitcoin.org/.. It has a market capilization of 2074764509184.

From 2024-01-19 to 2024-01-26, BTC-USD's stock price increased from 41618.41 to 41816.87. News during this period are listed below:

[Headline]: Grayscale's GBTC Profit Taking Likely Over, Easing Bitcoin Selling Pressure: JPMorgan
[Summary]: Selling pressure in bitcoin (BTC), the world’s largest cryptocurrency, from investors taking profits in crypto investment vehicle, the Grayscale Bitcoin Trust (GBTC), may be largely over, JPMorgan (JP...

[Headline]: Bitcoin Holds Above $40K Ahead of U.S. GDP, $5.8B Crypto Options Expiry
[Summary]: Bitcoin [BTC] looked to establish a foothold above $40,000 during Thursday's European trading hours, with the dollar index trading flat ahead of the highly-anticipated U.S. fourth-quarter gross domest...

[Headline]: Is Grayscale Takeover Bait Amid Bitcoin ETF Battle?
[Summary]: The battle to scoop up investors' money for newly approved bitcoin ETFs is shaping up to be a fierce one among BlackRock, Fidelity and other financial firms.

If the newcomers want to take a giant lea...

[Headline]: Bitcoin Indicator, Which Signaled Late 2023 Rally, Is About to Flash Bearish Signal
[Summary]: A technical analysis indicator that flipped bullish mid-October, kicking off bitcoin's [BTC] multi-week price surge of 70%, is about to flash a bearish signal to trend-following traders.

Developed by...

[Headline]: Bitcoin Slides Below $40K, Now Down Nearly 20% From Post-ETF Euphoria
[Summary]: The price of bitcoin [BTC] fell below $40,000 for the first time since December as selling continues to overwhelm buying despite sizable inflows into the new spot exchange-traded funds.

A number of s...

From 2024-01-26 to 2024-02-02, BTC-USD's stock price increased from 41816.87 to 43185.86. News during this period are listed below:

[Headline]: Bitcoin Steady at $43K as Tumbling U.S. Regional Bank Stocks Reignite Worries
[Summary]: Bitcoin {{BTC}} remained steady at around $43,000 Thursday as tumbling U.S. regional bank stocks reignited fears about the health of U.S. lenders and a rerun of last March's banking crisis.

Shares of...

[Headline]: Crypto Startup Velar Plans Perpetual Swaps Exchange for Bitcoin DeFi After Raising $3.5M
[Summary]: Crypto trading startup Velar said Thursday it raised $3.5 million in venture funding to build a suite of decentralized finance (DeFi) tools for Bitcoin's nascent DeFi scene.

CEO Mithil Thakore told C...

[Headline]: Bitcoin Miner GRIID Shares Extend Drop After Nasdaq Listing
[Summary]: Shares of bitcoin mining company GRIID Infrastructure (GRDI) extended their drop into the second day after the Cincinnati, Ohio-based firm completed its listing on Nasdaq this week following its merge...

[Headline]: Anthony Scaramucci Predicts Bitcoin to Hit at Least $170K Post Halving
[Summary]: Skybridge Capital founder and managing partner Anthony Scaramucci sees bitcoin {{BTC}} soaring to at least $170,000 after the halving in April, when the number of new bitcoin entering circulation shri...

[Headline]: Bitcoin Longs Above $43K in Focus, Analyst Says
[Summary]: The analyst who correctly predicted bitcoin’s {{BTC}} recent drop to $38,000 now sees levels above $43,000 appropriate for taking fresh bullish bets on the cryptocurrency.

“With reversal indicators s...

From 2024-02-02 to 2024-02-09, BTC-USD's stock price increased from 43185.86 to 47147.20. News during this period are listed below:

[Headline]: Taproot Wizards' New Bitcoin NFTs Already Trading at Twice the Initial Sale Price
[Summary]: Investors who bought the freshly minted ""Quantum Cats"" NFT-like images from the Bitcoin Ordinals project Taproot Wizards were already flipping them on Tuesday for more than twice the initial sales pri...

[Headline]: BlackRock’s Bitcoin ETF Inflows Climb to Fifth-Highest Among All ETFs in 2024
[Summary]: Only 17 days after its launch, the BlackRock iShares Bitcoin Trust (IBIT) has become one of the top five exchange-traded funds (ETFs) of 2024 based on inflows, according to data from Bloomberg Intelli...

[Headline]: WisdomTree Bets on Adviser Adoption for Bitcoin ETF Success
[Summary]: WisdomTree, one of the ten issuers of spot bitcoin exchange-traded funds (ETFs), expects its product to be more successful towards the second half of the year thanks to adoption by financial adviser p...

[Headline]: Bitcoin ETFs See $700M Net Inflows as BlackRock, Fidelity Gains Offset GBTC Outflows: CoinShares
[Summary]: Bitcoin-focused investment vehicles received more than $700 million in fresh money last week as inflows to new spot bitcoin {{BTC}} exchange-traded funds (ETFs) offset the abating outflows from Graysc...

[Headline]: Bitcoin Flat as Traders Look Forward to the 'Year of the Dragon'
[Summary]: Bitcoin {{BTC}} traded flat, hovering over $42,000 early Monday, while the CoinDesk 20 Index {{CD20}} is down 0.75% at 1,643, according to CoinDesk Indices data, as nations in East Asia count down the...



Based on all the information before 2024-02-09, let's first analyze the positive developments and potential concerns for BTC-USD. Come up with 2-4 most important factors respectively and keep them concise. Most factors should be inferred from cryptocurrencies related news. Then let's assume your prediction for next week (2024-02-09 to 2024-02-16) is up by more than 5%. Provide a summary analysis to support your prediction. The prediction result need to be inferred from your analysis at the end, and thus not appearing as a foundational factor of your analysis.","**Analysis Request 5:**

[Positive Developments]:
1. **ETF Inflows**: Bitcoin ETFs seeing $700M net inflows indicates strong investor interest and market demand.
2. **Institutional Adoption**: WisdomTree's bet on adviser adoption for Bitcoin ETF success suggests growing institutional acceptance.
3. **Market Stability**: Bitcoin holding steady at $43K despite tumbling U.S. regional bank stocks shows resilience.

[Potential Concerns]:
1. **Bearish Signals**: A technical analysis indicator flashing a bearish signal raises concerns about a potential price correction.
2. **Miner Performance**: GRIID shares extending their drop after Nasdaq listing highlights potential issues in the mining sector.
3. **Regulatory and Economic Factors**: Ongoing regulatory scrutiny and economic uncertainties continue to impact market stability.

[Prediction & Analysis]:
Strong investor interest in Bitcoin ETFs and growing institutional adoption suggest a bullish underlying trend. However, bearish technical signals and potential issues in the mining sector raise concerns about a possible price correction. The resilience shown by Bitcoin in holding steady at $43K despite market turbulence is a positive sign, but ongoing regulatory and economic uncertainties add to the market's volatility. Despite these concerns, the overall trend points to a more than 5% increase in price next week, as the market responds to positive developments and institutional interest."
"[Cryptocurrency Introduction]: Bitcoin (BTC) is a cryptocurrency launched in 2010. Users are able to generate BTC through the process of mining. Bitcoin has a current supply of 19,873,353. The last known price of Bitcoin is 104,632.24890669 USD and is up 0.57 over the last 24 hours. It is currently trading on 12206 active market(s) with $40,409,929,770.26 traded over the last 24 hours. More information can be found at https://bitcoin.org/.. It has a market capilization of 2074764509184.

From 2024-02-02 to 2024-02-09, BTC-USD's stock price increased from 43185.86 to 47147.20. News during this period are listed below:

[Headline]: Welcome to the ‘Bitcoin Era’ on Wall Street
[Summary]: After much delay, spot bitcoin exchange-traded funds (ETFs) have burst on the scene. BlackRock’s IBIT is now the fifth largest ETF (of all) by inflows this year, with rival funds not far behind. It’s ...

[Headline]: Bitcoin Could Hit $48K in Days, Propelled by Historic Chinese New Year Gains: 10X Research
[Summary]: Bitcoin targets $48,000 in the short term fueled by a strong historic track record around the Chinese New Year, 10X Research's Markus Thielen said.

BTC could hit $52,000 by mid-March with the bull ru...

[Headline]: Bitcoin Tops $44K, With Whale Accumulation Suggesting Conviction in More Price Gains
[Summary]: BTC broke above $44,000 for the first time since Jan. 12, the day after the spot ETF debuts.

Bitcoin addresses with over 1,000 BTC grew significantly over the past two weeks, one analyst noted.

Bitc...

[Headline]: BlackRock’s Bitcoin ETF Inflows Climb to Fifth-Highest Among All ETFs in 2024
[Summary]: Only 17 days after its launch, the BlackRock iShares Bitcoin Trust (IBIT) has become one of the top five exchange-traded funds (ETFs) of 2024 based on inflows, according to data from Bloomberg Intelli...

[Headline]: South Korean Regulator to Discuss Spot Bitcoin ETF With U.S. SEC: Report 
[Summary]: Lee Bok-hyun, the head of South Korea's Financial Supervisory Service (FSS), said he is planning on maintaining talks with the U.S. Securities and Exchange Commission (SEC), and an area of focus will ...

From 2024-02-09 to 2024-02-16, BTC-USD's stock price increased from 47147.20 to 52160.20. News during this period are listed below:

[Headline]: Crypto for Advisors: Impact of the Spot Bitcoin ETFs for Portfolios
[Summary]: We’ve passed the one-month mark since the spot bitcoin ETF approvals in the US, and now we have real-world data to review. In less than a month, the spot ETFs are boasting $10 billion of AUM, with inf...

[Headline]: Bitcoin Hits $52K, Regains $1T Market Cap; Genesis Cleared to Sell $1.3B GBTC Shares
[Summary]: Bitcoin hit $52,000 Wednesday, surpassing $1 trillion in market value and shrugging off Tuesday's dip.

Cardano's ADA and dogecoin led the altcoin bounce, outperforming the CoinDesk20 Index's 4.7% adv...

[Headline]: Bitcoin Futures Open Interest Tops $21B, Highest Since November 2021
[Summary]: The dollar-valued locked-in open futures and perpetual futures contracts have topped the $21 billion mark for the first time since November 2021.

Still, the overall leverage in the market remains low...

[Headline]: Risk Assets Like Bitcoin Are Defying Low Fed Rate Cut Expectations: Analyst
[Summary]: Risk assets like bitcoin appear resilient to sticky U.S. inflation and declining odds of a Fed rate cut in the first half of the year, one analyst said.

Prediction markets seem confident that BTC wil...

[Headline]: Bitcoin Crosses $46K as Year of 'Long' Begins, Easing ETF Sell-Off
[Summary]: Bitcoin has historically seen gains around the Chinese New Year period.

Sources of selling pressure from ETF holders and miners have eased in the past week while BTC prices have increased, suggesting...



Based on all the information before 2024-02-16, let's first analyze the positive developments and potential concerns for BTC-USD. Come up with 2-4 most important factors respectively and keep them concise. Most factors should be inferred from cryptocurrencies related news. Then let's assume your prediction for next week (2024-02-16 to 2024-02-23) is down by 2-3%. Provide a summary analysis to support your prediction. The prediction result need to be inferred from your analysis at the end, and thus not appearing as a foundational factor of your analysis.","**[Positive Developments]:
1. **Institutional Adoption**: The launch of spot bitcoin ETFs, particularly BlackRock’s IBIT, has seen significant inflows, indicating strong institutional interest.
2. **Historic Price Patterns**: Bitcoin has historically performed well around the Chinese New Year, suggesting a potential seasonal boost.
3. **Whale Accumulation**: The increase in Bitcoin addresses holding over 1,000 BTC suggests that large investors are accumulating more Bitcoin.
4. **Regulatory Progress**: South Korean regulators are engaging with the U.S. SEC to discuss spot Bitcoin ETFs, which could lead to more favorable regulations.

**[Potential Concerns]:
1. **Market Volatility**: Bitcoin’s price movements are still highly volatile, which can lead to sudden corrections.
2. **Regulatory Uncertainty**: Despite progress, regulatory environments remain uncertain, which could impact market sentiment.
3. **Leverage Risk**: High open interest in Bitcoin futures could lead to significant liquidations if the market turns bearish.
4. **Economic Factors**: Macroeconomic conditions, such as U.S. inflation and Fed rate cut expectations, could affect risk assets like Bitcoin.

**[Prediction & Analysis]:
The recent positive developments, such as institutional adoption through spot Bitcoin ETFs and whale accumulation, suggest a bullish outlook. However, the market's high volatility and regulatory uncertainties present significant risks. The historic performance around the Chinese New Year and the strong inflows into ETFs are positive indicators, but the high open interest in futures markets and macroeconomic factors could lead to a correction. Given these factors, a conservative prediction for the upcoming week is a slight downward movement of 2-3%. This prediction is based on the potential for profit-taking after recent gains and the lingering regulatory uncertainties that could dampen market enthusiasm."
"[Cryptocurrency Introduction]: Bitcoin (BTC) is a cryptocurrency launched in 2010. Users are able to generate BTC through the process of mining. Bitcoin has a current supply of 19,873,353. The last known price of Bitcoin is 104,632.24890669 USD and is up 0.57 over the last 24 hours. It is currently trading on 12206 active market(s) with $40,409,929,770.26 traded over the last 24 hours. More information can be found at https://bitcoin.org/.. It has a market capilization of 2074764509184.

From 2024-02-09 to 2024-02-16, BTC-USD's stock price increased from 47147.20 to 52160.20. News during this period are listed below:

[Headline]: The Protocol: Bitcoin's OP_CAT, Fake Ethereum Tokens, Starknet's Airdrop
[Summary]: We love to write about blockchain tech, and we hope you love The Protocol newsletter. Not sure how else to say this but: We ♥️ our readers.

In this week's issue:

ERC-404 tokens take over Ethereum. B...

[Headline]: Crypto Stocks Advance Pre-Market as Bitcoin Tops $51K, Market Cap Hits 26-Month High
[Summary]: U.S.-listed crypto companies rose Wednesday as bitcoin {{BTC}} climbed past $51,000 for the first time since December 2021, taking its market cap to $1 trillion.

Bitcoin, the largest cryptocurrency b...

[Headline]: Crypto Fear & Greed Index Hits Highest Level Since Bitcoin's 2021 Record High
[Summary]: With the price of bitcoin now well over $49,000 and other crypto assets rising, traders have entered a period of “extreme greed,” according to a well-known index measuring market sentiment.

The Fear ...

[Headline]: Bitcoin Pushes Through $50K for First Time Since Late 2021
[Summary]: After a brief stumble following the Jan. 11 launch of the spot ETFs, the bitcoin {{BTC}} bull market begun in January 2023 has entered the FOMO stage, with the price breaking out above $50,000 for the...

[Headline]: Bitcoin Logs Biggest Weekly Gain Since October as S&P 500 Tops 5K
[Summary]: Bitcoin surged over 13% last week to register its best performance since October.

The AI-led surge in the S&P 500 is supportive of the bullish momentum in the crypto market.

Bulls seem to be dominat...

From 2024-02-16 to 2024-02-23, BTC-USD's stock price decreased from 52160.20 to 50731.95. News during this period are listed below:

[Headline]: Reddit Discloses Bitcoin and Ether Holdings in IPO Filing
[Summary]: Reddit said it has invested some of its excess cash in bitcoin (BTC) and ether (ETH) and it also acquired Polygon (MATIC).

The disclosure came as part of an IPO filing on Thursday.

The San Francisco...

[Headline]: How PubKey Revived Bitcoin Culture in New York City
[Summary]: “Welcome home.”

That’s what Thomas Pacchia said to me as I entered his bar, PubKey, located below street level in Greenwich Village, New York City, one frigid night in late-2023.

Pacchia’s words res...

[Headline]: The European Central Bank Is Either Lying About Bitcoin or Lying to Itself
[Summary]: On Thursday, the European Central Bank (ECB) published a blog repeating debunked claims about bitcoin {{BTC}}. The world’s first and largest cryptocurrency, according to ECB Director General Ulrich Bi...

[Headline]: Bitcoin's Latest Rally Is Different as BTC Rises Alongside U.S. Dollar and Treasury Yields
[Summary]: Bitcoin’s latest move above $50,000 contradicts its record of posting sharp gains, mostly during bouts of weakness in the dollar index and Treasury yields.

We could be seeing safe-haven demand for bi...

[Headline]: Crypto Traders See 20% Chance of Bitcoin Topping $70K by April End: DeFi Options Marketplace Lyra
[Summary]: Lyra’s decentralized bitcoin options marketplace suggests a 20% probability of prices rising above $70,000 by the end of April.

Lyra recently listed options with an April 26 expiry, allowing traders ...



Based on all the information before 2024-02-23, let's first analyze the positive developments and potential concerns for BTC-USD. Come up with 2-4 most important factors respectively and keep them concise. Most factors should be inferred from cryptocurrencies related news. Then let's assume your prediction for next week (2024-02-23 to 2024-03-01) is up by more than 5%. Provide a summary analysis to support your prediction. The prediction result need to be inferred from your analysis at the end, and thus not appearing as a foundational factor of your analysis.","**[Positive Developments]:
1. **Market Sentiment**: The Crypto Fear & Greed Index hitting its highest level since Bitcoin’s 2021 record high indicates strong market optimism.
2. **Price Milestones**: Bitcoin pushing through $50K and logging its biggest weekly gain since October suggests strong bullish momentum.
3. **Institutional Interest**: U.S.-listed crypto companies rising pre-market as Bitcoin tops $51K shows continued institutional interest.
4. **AI-led Market Support**: The AI-led surge in the S&P 500 is supportive of the bullish momentum in the crypto market.

**[Potential Concerns]:
1. **Extreme Greed**: High levels of greed in the market can lead to overbought conditions and potential corrections.
2. **Regulatory Scrutiny**: The European Central Bank’s critical stance on Bitcoin could influence market sentiment negatively.
3. **Market Volatility**: Bitcoin’s price movements remain volatile, which can lead to sudden reversals.
4. **Economic Indicators**: Macroeconomic factors, such as U.S. inflation and Fed rate cut expectations, could impact risk assets like Bitcoin.

**[Prediction & Analysis]:
The strong market sentiment and institutional interest, coupled with Bitcoin’s recent price milestones, suggest a bullish outlook. However, the extreme greed levels and regulatory scrutiny present significant risks. The AI-led market support and the S&P 500’s performance are positive indicators, but the market’s volatility and macroeconomic factors could lead to corrections. Given these factors, a prediction for the upcoming week is an upward movement of more than 5%. This prediction is based on the continued institutional interest and strong market sentiment, which could drive further gains despite the potential risks."
"[Cryptocurrency Introduction]: Bitcoin (BTC) is a cryptocurrency launched in 2010. Users are able to generate BTC through the process of mining. Bitcoin has a current supply of 19,873,353. The last known price of Bitcoin is 104,632.24890669 USD and is up 0.57 over the last 24 hours. It is currently trading on 12206 active market(s) with $40,409,929,770.26 traded over the last 24 hours. More information can be found at https://bitcoin.org/.. It has a market capilization of 2074764509184.

From 2024-02-23 to 2024-03-01, BTC-USD's stock price increased from 50731.95 to 62440.63. News during this period are listed below:

[Headline]: Crypto Miners Still Selling Their Bitcoin as Reward Halving Looms, Blockchain Data Show
[Summary]: The number of BTC held in wallets tied to crypto miners has declined by 8,426 this year, extending the slide that began in October.

Impending reward halving and the dry season in China might explain ...

[Headline]: Bitcoin Suddenly Plummets 7% After Hitting $64K, Triggering Over $700M Crypto Liquidations
[Summary]: Bitcoin's roller-coaster price action triggered nearly $700 million in crypto liquidation over the past 24 hours, CoinGlass data shows.

The sell-off echoed throughout all digital assets, resulting in...

[Headline]: Crypto Traders Hedge Bitcoin Rally After 40% Rise in 4 Weeks, Options Data Show
[Summary]: Bitcoin crossed above $59,000 Wednesday, registering a 40% rise in four weeks.

Some traders have started adding puts to protect against a potential steep drop, according to Greeks.Live.

Bitcoin's {{...

[Headline]: MicroStrategy Is a Timely Play on Bitcoin Halving; Initiate at Buy: Benchmark
[Summary]: Benchmark initiates coverage of MicroStrategy with a buy rating and a $990 price target.

Stock valuation is based on an assumption bitcoin will reach $125,000 by the end of 2025.

Spot bitcoin ETFs a...

[Headline]: What Spot Bitcoin ETFs in Canada Say About the U.S.
[Summary]: On Jan. 10, the U.S. Securities and Exchange Commission (SEC) ended the years-long wait for spot bitcoin exchange-traded funds (ETFs). The approval, an important phase in the maturation of Bitcoin, op...



Based on all the information before 2024-03-01, let's first analyze the positive developments and potential concerns for BTC-USD. Come up with 2-4 most important factors respectively and keep them concise. Most factors should be inferred from cryptocurrencies related news. Then let's assume your prediction for next week (2024-03-01 to 2024-03-08) is up by more than 5%. Provide a summary analysis to support your prediction. The prediction result need to be inferred from your analysis at the end, and thus not appearing as a foundational factor of your analysis.","**[Positive Developments]:
1. **Institutional Adoption**: Bank of America and Wells Fargo offering spot Bitcoin ETFs to clients indicates growing institutional adoption.
2. **ETF Performance**: BlackRock’s Bitcoin ETF breaking volume records suggests strong market demand.
3. **Market Optimism**: El Salvador’s significant profits from Bitcoin holdings highlight the potential for further gains.
4. **Regulatory Engagement**: The engagement between Vanguard’s new CEO and spot Bitcoin ETFs suggests a positive regulatory environment.

**[Potential Concerns]:
1. **Miner Selling**: Miners continue to sell their Bitcoin holdings, which could put downward pressure on the price.
2. **Market Volatility**: Bitcoin’s recent 7% plummet and $700M in crypto liquidations highlight the market’s volatility.
3. **Hedging Activity**: Traders hedging their positions after a 40% rise in four weeks suggests caution in the market.
4. **Economic Factors**: Macroeconomic conditions, such as the impending Bitcoin reward halving, could impact market dynamics.

**[Prediction & Analysis]:
The strong institutional adoption and ETF performance suggest a bullish outlook. However, miner selling and market volatility present significant risks. The regulatory engagement and market optimism are positive indicators, but hedging activity and economic factors could lead to corrections. Given these factors, a prediction for the upcoming week is an upward movement of more than 5%. This prediction is based on the continued institutional adoption and strong market demand, which could drive further gains despite the potential risks."
"[Cryptocurrency Introduction]: Bitcoin (BTC) is a cryptocurrency launched in 2010. Users are able to generate BTC through the process of mining. Bitcoin has a current supply of 19,873,353. The last known price of Bitcoin is 104,632.24890669 USD and is up 0.57 over the last 24 hours. It is currently trading on 12206 active market(s) with $40,409,929,770.26 traded over the last 24 hours. More information can be found at https://bitcoin.org/.. It has a market capilization of 2074764509184.

From 2024-02-16 to 2024-02-23, BTC-USD's stock price decreased from 52160.20 to 50731.95. News during this period are listed below:

[Headline]: The European Central Bank Is Either Lying About Bitcoin or Lying to Itself
[Summary]: On Thursday, the European Central Bank (ECB) published a blog repeating debunked claims about bitcoin {{BTC}}. The world’s first and largest cryptocurrency, according to ECB Director General Ulrich Bi...

[Headline]: Bitcoin Back Over $51K, Crypto Market Recovers as Nvidia's Earnings Rejuvenates AI-Tokens
[Summary]: Bitcoin fell to as low as $50,700 late Wednesday, while ether dropped just under $2890 before reversing losses early Thursday.

Some traders said the sell-offs were expected and not indicative of a br...

[Headline]: Bitcoin Suffers Swift Reversal at $53K, Suggesting More Consolidation Ahead
[Summary]: Bitcoin ran into heavy resistance again at $53,000 Tuesday, a key level that capped prices in the second half of 2021.

The rejection may foreshadow more consolidation for BTC below $53,000, coincidin...

[Headline]: Australians More Likely to Invest in Spot Bitcoin ETFs After U.S. Approval: Study
[Summary]: 25% of Australians view bitcoin more favorably after the spot bitcoin ETF approval in January.

The annual report is based on a panel of only 2,100 adult respondents in a country of more than 26 milli...

[Headline]: Ether's Fundamental Supply Outlook Better Than Bitcoin's, Analyst Says as ETH Tops $2.9K
[Summary]: Ether has outshone bitcoin in the past seven days.

Ether's fundamentals look more constructive than bitcoin's, owing to the deflationary trend in ETH's supply.

Ether {{ETH}}, the second-largest cryp...

From 2024-02-23 to 2024-03-01, BTC-USD's stock price increased from 50731.95 to 62440.63. News during this period are listed below:

[Headline]: Retiring CEO of Giant Asset Manager Vanguard Shunned Bitcoin ETFs. Will His Replacement?
[Summary]: Tim Buckley, the Vanguard CEO under whose watch the giant asset manager has shunned spot bitcoin ETFs, will retire this year and a search is underway for his replacement, according to a statement from...

[Headline]: Bank of America, Wells Fargo to Offer Spot Bitcoin ETFs to Clients: Bloomberg
[Summary]: Bank of America's Merrill Lynch and Wells Fargo are offering spot bitcoin exchange-traded funds (ETFs) to their clients.

People familiar with the matter told Bloomberg that the two firms had been all...

[Headline]: Bitcoin ETFs Break Volume Record Led by BlackRock Amid Wild Crypto Price Action
[Summary]: BlackRock's bitcoin ETF has traded $3.3 billion Wednesday, twice as much as its previous volume record. The new spot bitcoin ETFs combined with other new bitcoin ETFs also attracting heavy trading.

""...

[Headline]: El Salvador's Bukele Says Value of Country's Bitcoin Holdings Up Over 40%
[Summary]: El Salvador's bitcoin holdings are worth more than $147 million dollars, a profit of more than 40%

The country first started buying bitcoin in September 2021

If El Salvador liquidated bitcoin holdin...

[Headline]: First Mover Americas: Bitcoin’s Bitfinex-Led Surge 
[Summary]: This article originally appeared in First Mover, CoinDesk's daily newsletter, putting the latest moves in crypto markets in context. Subscribe to get it in your inbox every day.

Latest Prices

Top St...

From 2024-03-01 to 2024-03-08, BTC-USD's stock price increased from 62440.63 to 68300.09. News during this period are listed below:

[Headline]: Bitcoin Record High Would’ve Happened Without ETFs, Just Later, Say Experts
[Summary]: Bitcoin's latest all-time high on Tuesday morning was accelerated by the launch of the spot bitcoin ETFs, experts said.

The cryptocurrency started its rally in earnest in the fall of 2023 as it becam...

[Headline]: Bitcoin Miners Show Muscle Pushing Back Against Warrantless 'Emergency' Order
[Summary]: Bitcoiners have struck a significant victory in their push to strike down the U.S. Department of Energy’s statistics unit’s “emergency” bitcoin mining order. According to court documents, the Energy I...

[Headline]: Bitcoin/Euro Suffers Flash Crash on Coinbase
[Summary]: Bitcoin took 10 minutes to return to parity with euro trading pairs on other exchanges.

Flash crashes are typically attributed to a lack of liquidity or a ""fat finger"" trade.

Bitcoin {{BTC}} lost 23...

[Headline]: Bitcoin Soars to a Record – but What's the Price? And What Was the Old All-Time High?
[Summary]: Bitcoin just set a record high.

But what the hell is it?

Amid all the excitement around bitcoin {{BTC}} setting a new all-time high Tuesday, there's oddness surrounding the auspicious event: little ...

[Headline]: Crypto Liquidations Cross $550M as Bitcoin Remains Volatile Ahead of Historic Highs
[Summary]: Crypto-tracked futures saw over $550 million in losses in the past 24 hours, with meme coins racking up some $90 million in evaporated bets alone.

Leveraged bets on crypto futures increased to over $...



Based on all the information before 2024-03-08, let's first analyze the positive developments and potential concerns for BTC-USD. Come up with 2-4 most important factors respectively and keep them concise. Most factors should be inferred from cryptocurrencies related news. Then let's assume your prediction for next week (2024-03-08 to 2024-03-15) is up by 1-2%. Provide a summary analysis to support your prediction. The prediction result need to be inferred from your analysis at the end, and thus not appearing as a foundational factor of your analysis.","**[Positive Developments]:
1. **ETF Performance**: BlackRock’s Bitcoin ETF adding a record amount of BTC suggests strong market demand.
2. **Price Milestones**: Bitcoin soaring to a new all-time high above $69K indicates strong bullish momentum.
3. **Market Optimism**: The massive wave of buying by U.S.-based investors highlights the potential for further gains.
4. **Regulatory Engagement**: The engagement between various financial institutions and spot Bitcoin ETFs suggests a positive regulatory environment.

**[Potential Concerns]:
1. **Market Volatility**: Bitcoin’s recent price movements remain volatile, which can lead to sudden corrections.
2. **Liquidations**: Significant liquidations in crypto-tracked futures highlight the market’s risk.
3. **Economic Factors**: Macroeconomic conditions, such as the impending Bitcoin reward halving, could impact market dynamics.
4. **Regulatory Uncertainty**: Despite progress, regulatory environments remain uncertain, which could impact market sentiment.

**[Prediction & Analysis]:
The strong ETF performance and price milestones suggest a bullish outlook. However, market volatility and liquidations present significant risks. The market optimism and regulatory engagement are positive indicators, but economic factors and regulatory uncertainty could lead to corrections. Given these factors, a prediction for the upcoming week is an upward movement of 1-2%. This prediction is based on the continued market demand and bullish momentum, which could drive further gains despite the potential risks."
"[Cryptocurrency Introduction]: Bitcoin (BTC) is a cryptocurrency launched in 2010. Users are able to generate BTC through the process of mining. Bitcoin has a current supply of 19,873,353. The last known price of Bitcoin is 104,632.24890669 USD and is up 0.57 over the last 24 hours. It is currently trading on 12206 active market(s) with $40,409,929,770.26 traded over the last 24 hours. More information can be found at https://bitcoin.org/.. It has a market capilization of 2074764509184.

From 2024-02-23 to 2024-03-01, BTC-USD's stock price increased from 50731.95 to 62440.63. News during this period are listed below:

[Headline]: Bitcoin Logs Biggest Single-Day Gain Since October, Market-Neutral Bets Yield 3x U.S. Treasury Notes
[Summary]: Bitcoin rose 9.5% Wednesday, extending the two-day winning streak.

Analysts foresee a continued move higher into six figures in the coming months.

The market-neutral bitcoin cash and carry offers 14...

[Headline]: Bitcoin ETFs Break Volume Record Led by BlackRock Amid Wild Crypto Price Action
[Summary]: BlackRock's bitcoin ETF has traded $3.3 billion Wednesday, twice as much as its previous volume record. The new spot bitcoin ETFs combined with other new bitcoin ETFs also attracting heavy trading.

""...

[Headline]: Bitcoin Suddenly Plummets 7% After Hitting $64K, Triggering Over $700M Crypto Liquidations
[Summary]: Bitcoin's roller-coaster price action triggered nearly $700 million in crypto liquidation over the past 24 hours, CoinGlass data shows.

The sell-off echoed throughout all digital assets, resulting in...

[Headline]: Bitcoin ETF High Volume Doesn't Always Mean Heavy Buying: NYDIG
[Summary]: A fund's turnover ratio, or the dollar trading volume divided by the fund's net asset value, is preferred metrics to observe, NYDIG's Greg Cipolaro wrote.

The spot bitcoin ETF group as a whole has se...

[Headline]: Ether's Bitcoin Beating Rally Not Just Because of Potential ETF Approval: Bernstein
[Summary]: Ether has outperformed its larger rival, bitcoin year-to-date.

Bernstein sees five catalysts contributing to the cryptocurrency’s recent gains.

Increased decentralized finance activity is a tailwind...

From 2024-03-01 to 2024-03-08, BTC-USD's stock price increased from 62440.63 to 68300.09. News during this period are listed below:

[Headline]: BlackRock’s Bitcoin ETF Added a Record 12.6K BTC in Tuesday's Carnage
[Summary]: The BlackRock iShares Bitcoin ETF (IBIT) gobbled up over $778 million worth of bitcoin {{BTC}} on Tuesday as the fund's investors apparently bought the dip in the world's largest crypto.

IBIT added 1...

[Headline]: Bitcoin Soars to New All-Time High Above $69K
[Summary]: The price of bitcoin {{BTC}} has set a record high, rising above $69,000 on crypto exchange Coinbase, a level first touched on Nov. 10, 2021.

A continuing massive wave of buying by the newish U.S.-ba...

[Headline]: Bitcoiners, Solana Acolytes Crash Ethereum Conference in Denver – for a Reason
[Summary]: Last week's ETHDenver conference, originally focused on the Ethereum blockchain, drew a presence from developers and teams focused on other ecosystems, including Bitcoin, Solana and Polkadot.

The dra...

[Headline]: Bitcoin ETF Issuer VanEck Has Huge Crypto Growth Goals in Europe
[Summary]: VanEck Europe, the European division of the global asset manager, expects half of its assets under management to come from crypto in the future.

Martijn Rozemuller, the CEO of VanEck Europe, said cry...

[Headline]: Crypto Liquidations Cross $550M as Bitcoin Remains Volatile Ahead of Historic Highs
[Summary]: Crypto-tracked futures saw over $550 million in losses in the past 24 hours, with meme coins racking up some $90 million in evaporated bets alone.

Leveraged bets on crypto futures increased to over $...

From 2024-03-08 to 2024-03-15, BTC-USD's stock price increased from 68300.09 to 69403.77. News during this period are listed below:

[Headline]: Ether ETFs Could Be Bigger Than Bitcoin ETFs, Says VanEck
[Summary]: With the deadline for a decision on the approval of a spot ether ETF by the U.S. Securities and Exchange Commission (SEC) approaching, industry experts are weighing the potential uptake of such a fund...

[Headline]: Crypto for Advisors: The Investment Case of Bitcoin vs. Ether
[Summary]: We continue to watch the unprecedented inflows into the spot bitcoin ETFs, as AUM exceeded $55 billion and bitcoin reached “larger than silver” status. Alex Tapscott, author of Web3: Charting the Inte...

[Headline]: Grayscale Plans Low-Fee GBTC Spinoff: the Bitcoin Mini Trust
[Summary]: Grayscale is seeking approval from the SEC to introduce the Grayscale Bitcoin Mini Trust, seeded by a percentage of GBTC shares.

Grayscale Bitcoin Mini Trust (BTC) will have lower fees, and the spin-...

[Headline]: El Salvador Is Sitting on $84M Profit From Its Bitcoin Holdings
[Summary]: El Salvador’s bitcoin {{BTC}} treasury is sitting on $84 million in unrealized profit on the holdings it first started acquiring in September 2021.

Bitcoin’s 250% rise over the past year has catapult...

[Headline]: Indian Crypto Investment Platform Mudrex to Offer U.S. Bitcoin ETFs to Indian Investors
[Summary]: Indian cryptocurrency investment platform Mudrex is now offering U.S. spot-bitcoin exchange-traded funds (ETFs) to Indian investors.

Mudrex will initially list four spot ETFs – BlackRock, Fidelity, F...



Based on all the information before 2024-03-15, let's first analyze the positive developments and potential concerns for BTC-USD. Come up with 2-4 most important factors respectively and keep them concise. Most factors should be inferred from cryptocurrencies related news. Then let's assume your prediction for next week (2024-03-15 to 2024-03-22) is down by more than 5%. Provide a summary analysis to support your prediction. The prediction result need to be inferred from your analysis at the end, and thus not appearing as a foundational factor of your analysis.","**[Positive Developments]:
1. **ETF Performance**: BlackRock’s Bitcoin ETF adding a record amount of BTC suggests strong market demand.
2. **Price Milestones**: Bitcoin soaring to a new all-time high above $69K indicates strong bullish momentum.
3. **Institutional Interest**: VanEck’s huge crypto growth goals in Europe highlight the potential for further institutional adoption.
4. **Market Optimism**: El Salvador’s significant profits from Bitcoin holdings and the engagement between various financial institutions and spot Bitcoin ETFs suggest a positive market outlook.

**[Potential Concerns]:
1. **Market Volatility**: Bitcoin’s recent price movements remain volatile, which can lead to sudden corrections.
2. **Liquidations**: Significant liquidations in crypto-tracked futures highlight the market’s risk.
3. **Economic Factors**: Macroeconomic conditions, such as the impending Bitcoin reward halving, could impact market dynamics.
4. **Regulatory Uncertainty**: Despite progress, regulatory environments remain uncertain, which could impact market sentiment.

**[Prediction & Analysis]:
The strong ETF performance and price milestones suggest a bullish outlook. However, market volatility and liquidations present significant risks. The institutional interest and market optimism are positive indicators, but economic factors and regulatory uncertainty could lead to corrections. Given these factors, a prediction for the upcoming week is a downward movement of more than 5%. This prediction is based on the potential for profit-taking after recent gains and the lingering regulatory uncertainties that could dampen market enthusiasm."
"[Cryptocurrency Introduction]: Bitcoin (BTC) is a cryptocurrency launched in 2010. Users are able to generate BTC through the process of mining. Bitcoin has a current supply of 19,873,353. The last known price of Bitcoin is 104,632.24890669 USD and is up 0.57 over the last 24 hours. It is currently trading on 12206 active market(s) with $40,409,929,770.26 traded over the last 24 hours. More information can be found at https://bitcoin.org/.. It has a market capilization of 2074764509184.

From 2024-03-01 to 2024-03-08, BTC-USD's stock price increased from 62440.63 to 68300.09. News during this period are listed below:

[Headline]: BlackRock’s Bitcoin ETF Added a Record 12.6K BTC in Tuesday's Carnage
[Summary]: The BlackRock iShares Bitcoin ETF (IBIT) gobbled up over $778 million worth of bitcoin {{BTC}} on Tuesday as the fund's investors apparently bought the dip in the world's largest crypto.

IBIT added 1...

[Headline]: Bitcoin's Test of All-Time Highs Means Old Miners Are Cashing Out
[Summary]: Miners appear to have just sold long-dormant bitcoin, sourced from old block rewards, right when BTC plunged from its record high on Tuesday.

Given the market's thin liquidity, it could have had an o...

[Headline]: Bitcoin Soars to a Record – but What's the Price? And What Was the Old All-Time High?
[Summary]: Bitcoin just set a record high.

But what the hell is it?

Amid all the excitement around bitcoin {{BTC}} setting a new all-time high Tuesday, there's oddness surrounding the auspicious event: little ...

[Headline]: Bitcoin NFT NodeMonkes Sells for $1M as BTC Inches Toward $69K 
[Summary]: Bitcoin NFT collections traded the most volumes in the past 24 hours at $35 million compared to Ethereum-based assets, indicating a surge in demand for Bitcoin-based assets.

NodeMonkes artwork was im...

[Headline]: Bitcoin Rally Leaves More Than 97% of Addresses in Profit, Blockchain Data Show
[Summary]: The average BTC acquisition cost of most addresses is less than the cryptocurrency's going market rate.

The surge in the so-called ""in the money"" addresses has bullish implications.

Bitcoin's {{BTC}...

From 2024-03-08 to 2024-03-15, BTC-USD's stock price increased from 68300.09 to 69403.77. News during this period are listed below:

[Headline]: Bitcoin Slumps 4%, Falling Below $70K; Solana Outperforms
[Summary]: Crypto markets slipped Thursday with bitcoin and ether each dropping 5%-6% before a modest rebound.

Solana outperformed, benefitting from capital rotation, QCP Capital said.

SOL could be poised to r...

[Headline]: Crypto for Advisors: The Investment Case of Bitcoin vs. Ether
[Summary]: We continue to watch the unprecedented inflows into the spot bitcoin ETFs, as AUM exceeded $55 billion and bitcoin reached “larger than silver” status. Alex Tapscott, author of Web3: Charting the Inte...

[Headline]: Bitcoin Surge Sees Crypto Trading Volumes Exceed the Stock Market in South Korea
[Summary]: Korea-based crypto exchanges registered a trading volume of 12 trillion won on Sunday, surpassing Friday's stock market tally of 11.47 trillion won.

Koreans are increasingly turning to alternative in...

[Headline]: Indian Crypto Investment Platform Mudrex to Offer U.S. Bitcoin ETFs to Indian Investors
[Summary]: Indian cryptocurrency investment platform Mudrex is now offering U.S. spot-bitcoin exchange-traded funds (ETFs) to Indian investors.

Mudrex will initially list four spot ETFs – BlackRock, Fidelity, F...

[Headline]: Bitcoin Tentative, Asian Stocks Slide on BOJ Rate Hike Talks
[Summary]: Bitcoin traded slightly higher in Asia as Japan’s Nikkei index fell over 2%.

Bank of Japan, the last bastion of low-interest rates, could soon fall, Reuters said.

Bitcoin {{BTC}} traded slightly hig...

From 2024-03-15 to 2024-03-22, BTC-USD's stock price decreased from 69403.77 to 63778.76. News during this period are listed below:

[Headline]: Bitcoin Slips to $65K Amid Stronger Dollar, But Analyst Says the 'Pullback Is Over'
[Summary]: Bitcoin slipped 5% below $65,000 Thursday, with the U.S. dollar resurging amid the Swiss central bank's interest rate cut.

XRP, FIL and ICP defied the slump, while SOL and AVAX declined.

Bitcoin com...

[Headline]: Lorraine Marcel: Bringing Bitcoin to African Women
[Summary]: In mid-2022, Lorraine Marcel was struggling to make ends meet as an events planner in Kenya, her home country, when a client asked her to organize a Bitcoin meet-up. She was already familiar with cryp...

[Headline]: Bitcoin Halving Is a ‘Show Me the Money’ Moment for Miners
[Summary]: “Show me the money.”

The notorious phrase from 1996’s “Jerry Maguire” movie is on the lips of investors watching the state of the Bitcoin mining market as it faces its next crunch point: April's Bitc...

[Headline]: SOL, BOME Trend on Social Media as Ether, Bitcoin Lag
[Summary]: SOL and BOME received the most crowd attention over the weekend, according to data tracked by Santiment.

Both cryptocurrencies have outperformed ETH, BTC and the broader market in the past seven days...

[Headline]: Bitcoin Tumbles to $67K as Asia Begins Trading Day
[Summary]: Bitcoin dropped to $67,000, tracking overnight losses in gold and Nasdaq.

Fading Fed rate cut bets likely catalyzed the drop, one analyst said.

Broader uptrend to remain intact while demand for the ...



Based on all the information before 2024-03-22, let's first analyze the positive developments and potential concerns for BTC-USD. Come up with 2-4 most important factors respectively and keep them concise. Most factors should be inferred from cryptocurrencies related news. Then let's assume your prediction for next week (2024-03-22 to 2024-03-29) is up by more than 5%. Provide a summary analysis to support your prediction. The prediction result need to be inferred from your analysis at the end, and thus not appearing as a foundational factor of your analysis.","**[Positive Developments]:**
1. **Institutional Investment**: BlackRock's Bitcoin ETF added a record 12.6K BTC, indicating significant institutional interest.
2. **Market Sentiment**: Bitcoin's surge led to over 97% of addresses being in profit, suggesting a bullish market sentiment.
3. **Adoption and Integration**: Bitcoin NFT collections traded high volumes, and countries like South Korea saw increased crypto trading activity.
4. **Global Investment**: Mudrex offering U.S. Bitcoin ETFs to Indian investors shows growing global investment opportunities.

**[Potential Concerns]:**
1. **Miners Selling**: Old miners selling long-dormant bitcoin could add selling pressure to the market.
2. **Market Volatility**: Bitcoin's price corrections and market dips indicate ongoing volatility.
3. **Regulatory Uncertainty**: News about the Bank of Japan's potential rate hike and its impact on Asian stocks could affect crypto markets.
4. **Competition from Other Assets**: Other cryptocurrencies like Solana outperforming Bitcoin could divert investor attention.

**[Prediction & Analysis]:**
Bitcoin has shown resilience and growth potential with significant institutional investment and global adoption trends. The surge in NFT trading volumes and the profitability of most addresses indicate a strong market sentiment. However, miners selling long-dormant bitcoin and market volatility pose risks. Despite these concerns, the overall bullish trends, such as BlackRock's ETF additions and Mudrex's expansion, suggest that Bitcoin is poised for further growth. The prediction for the upcoming week is an increase of more than 5%, supported by the positive developments outweighing the potential concerns."
"[Cryptocurrency Introduction]: Bitcoin (BTC) is a cryptocurrency launched in 2010. Users are able to generate BTC through the process of mining. Bitcoin has a current supply of 19,873,353. The last known price of Bitcoin is 104,632.24890669 USD and is up 0.57 over the last 24 hours. It is currently trading on 12206 active market(s) with $40,409,929,770.26 traded over the last 24 hours. More information can be found at https://bitcoin.org/.. It has a market capilization of 2074764509184.

From 2024-03-15 to 2024-03-22, BTC-USD's stock price decreased from 69403.77 to 63778.76. News during this period are listed below:

[Headline]: The Bitcoin Halving Really Is Different This Time
[Summary]: It’s not often in crypto that you can say “this time is different” in good faith. But this time it really is different for Bitcoin’s halving, slated for next month. As Bitcoin historian Pete Rizzo not...

[Headline]: Luxor Looks to Help Bitcoin Miners Hedge Halving Risk With New Hashrate Futures
[Summary]: The new derivatives product will settle on a CFTC-approved exchange, adding liquidity and transparency.

The financial product will help miners mitigate hashrate volatility risk, adding a treasury man...

[Headline]: Bitcoin ETFs' Hot Start Seems Largely Driven by Retail Investors
[Summary]: Data suggests that most of the demand for spot bitcoin ETFs has so far come from retail investors.

The average trade size of BlackRock's iShares Bitcoin Fund (IBIT), according to one source, is 326 s...

[Headline]: Where Is Nayib Bukele Actually Storing El Salvador's Bitcoin?
[Summary]: ""We've decided to transfer a big chunk of our Bitcoin to a cold wallet, and store that cold wallet in a physical vault within our national territory,"" President Nayib Bukele, who made history by decla...

[Headline]: Bitcoin Tumbles to $67K as Asia Begins Trading Day
[Summary]: Bitcoin dropped to $67,000, tracking overnight losses in gold and Nasdaq.

Fading Fed rate cut bets likely catalyzed the drop, one analyst said.

Broader uptrend to remain intact while demand for the ...

From 2024-03-22 to 2024-03-29, BTC-USD's stock price increased from 63778.76 to 69892.83. News during this period are listed below:

[Headline]: Crypto Chip Company Katena Wins Lawsuit Filed by Bitcoin Miner Coinmint
[Summary]: Crypto technology firm Katena Computing didn't trick miner Coinmint into a $150 million purchase agreement, a panel of arbitrators ruled last month in the mining company's suit against Katena and a se...

[Headline]: Bitcoin Mining Was More Profitable in February Than January: Jefferies
[Summary]: Bitcoin mining was more profitable in February as the cryptocurrency rose 15%.

Even though the hashrate has nearly doubled from a year ago, publicly traded miners have lost market share, Jefferies sa...

[Headline]: Bitcoin Miner Arkon Energy Plans Public Listing in Amsterdam Through Merger With Shell Company
[Summary]: Arkon would become the first bitcoin mining company to list on Euronext should the merger come to fruition.

The firm has a combined 117 megawatts of approved operating capacity at its two Ohio data c...

[Headline]: Crypto Market Remains Focused on Spot Bitcoin ETF Flows Over Fundamentals: Coinbase
[Summary]: Spot bitcoin ETFs recorded their first week of net outflows.

Outflows from the Grayscale Bitcoin Trust reached $1.83 billion over 4 days, Coinbase noted.

Selling pressure may have come from the bank...

[Headline]: Cathie Wood Calls Bitcoin a ‘Financial Super Highway,’ Reiterates $1.5M Price Target
[Summary]: Ark Invest CEO Cathie Wood called bitcoin {{BTC}} a “financial super highway,” emphasizing the important use cases for the cryptocurrency in emerging markets.

Wood, whose Ark Invest recently became o...



Based on all the information before 2024-03-29, let's first analyze the positive developments and potential concerns for BTC-USD. Come up with 2-4 most important factors respectively and keep them concise. Most factors should be inferred from cryptocurrencies related news. Then let's assume your prediction for next week (2024-03-29 to 2024-04-05) is down by 2-3%. Provide a summary analysis to support your prediction. The prediction result need to be inferred from your analysis at the end, and thus not appearing as a foundational factor of your analysis.","**[Positive Developments]:**
1. **Retail Investment**: Spot Bitcoin ETFs' hot start is largely driven by retail investors, indicating strong grassroots support.
2. **Mining Profitability**: Bitcoin mining was more profitable in February, suggesting a healthy mining ecosystem.
3. **Market Expansion**: Arkon Energy's plans for a public listing in Amsterdam could bring more investment into the Bitcoin mining sector.
4. **Market Sentiment**: Cathie Wood's reiteration of a $1.5M price target for Bitcoin highlights strong bullish sentiment among prominent investors.

**[Potential Concerns]:**
1. **ETF Outflows**: Spot Bitcoin ETFs recorded their first week of net outflows, which could indicate selling pressure.
2. **Market Correction**: Bitcoin's price correction and the broader market's volatility pose risks to short-term price stability.
3. **Regulatory Environment**: The outcome of legal battles, such as Katena's lawsuit, could impact market sentiment and regulatory clarity.
4. **Competition from Other Assets**: Increased interest in crypto indices and funds could divert attention from Bitcoin-specific investments.

**[Prediction & Analysis]:**
While Bitcoin has seen strong retail investment and mining profitability, the recent ETF outflows and market corrections are concerning. The legal battles and potential regulatory changes add to the uncertainty. However, the bullish sentiment from influential investors like Cathie Wood and the expansion of the mining sector with Arkon Energy's listing plans suggest underlying strength. The prediction for the upcoming week is a slight decrease of 2-3%, as the market digests recent corrections and outflows, but the long-term outlook remains bullish."
"[Cryptocurrency Introduction]: Bitcoin (BTC) is a cryptocurrency launched in 2010. Users are able to generate BTC through the process of mining. Bitcoin has a current supply of 19,873,353. The last known price of Bitcoin is 104,632.24890669 USD and is up 0.57 over the last 24 hours. It is currently trading on 12206 active market(s) with $40,409,929,770.26 traded over the last 24 hours. More information can be found at https://bitcoin.org/.. It has a market capilization of 2074764509184.

From 2024-03-15 to 2024-03-22, BTC-USD's stock price decreased from 69403.77 to 63778.76. News during this period are listed below:

[Headline]: Want to Track the Speculative Frenzy in Bitcoin Market, Here’s How
[Summary]: The spread between next-month and front-month bitcoin futures contracts can offer insights into the level of speculation in the market, one analyst.

An above $1,000 spread on the CME has marked previ...

[Headline]: Spot Bitcoin ETFs Are Just the Beginning for Wall Street
[Summary]: For all the breathless coverage of spot bitcoin exchange-traded funds (ETFs) launching and the bitcoin futures ETFs before them, no one is talking about the elephant in the room.

This feature is part...

[Headline]: Bitcoin Halving Is a ‘Show Me the Money’ Moment for Miners
[Summary]: “Show me the money.”

The notorious phrase from 1996’s “Jerry Maguire” movie is on the lips of investors watching the state of the Bitcoin mining market as it faces its next crunch point: April's Bitc...

[Headline]: Bitcoin Drops Under $63K, Leads to Marketwide Correction
[Summary]: Bitcoin short-term holders took profits last week, according to CryptoQuant.

Ether, Solana’s SOL, BNB Chain’s BNB and Cardano’s ADA slumped more than 9%.

Bitcoin {{BTC}} slipped under $63,000 in Eur...

[Headline]: Bitcoin Layer-2 Project BVM Gains Traction With Promise of 'Juicy' Airdrops
[Summary]: Bitcoin Virtual Machine (BVM) is a rapidly growing L2 protocol on Bitcoin. It allows users to create their own layer 2 networks and drives the value of its native BVM tokens.

Developers told CoinDesk...

From 2024-03-22 to 2024-03-29, BTC-USD's stock price increased from 63778.76 to 69892.83. News during this period are listed below:

[Headline]: Crypto for Advisors: Beyond Bitcoin, Crypto Indices
[Summary]: Investor interest in digital assets continues to grow. Crypto indices and funds are being created to track and provide tools and vehicles that expose investors to a broader cryptocurrency offering bey...

[Headline]: BOB, a 'Hybrid' Layer-2 Blockchain Mixing Bitcoin and Ethereum, Raises $10M 
[Summary]: BOB's (""Build on Bitcoin"") aim is to roll out the first Bitcoin layer-2 network that's compatible with the Ethereum Virtual Machine (EVM) standard.

The seed round was led by Castle Island Ventures.

...

[Headline]: Nobody Wants to Sell BTC, Analyst Says as Bitcoin's On-Chain Activity Limps
[Summary]: The dollar value of the mean onchain transfers on the Bitcoin blockchain remain well below the 2021 peak, data tracked by Glassnode show.

That's a sign of investors holding on to their coin stash in ...

[Headline]: Bitcoin, Ether in the Green as Global Easing Cycle Begins
[Summary]: Asia's business week opened with major cryptos well in the green, and the CD20 up 5%

This can partially be attributed to a global easing cycle opening up with Swiss National Bank being the first majo...

[Headline]: Bitcoin Tests $66K as Analysts Expect More Volatility Before Calm
[Summary]: Bitcoin remains volatile, but some market calm is expected soon.

Traders are pricing out the possibility of an ether ETF anytime soon, QCP Capital says.

Bitcoin {{BTC}} tested $66,000 during the Asi...

From 2024-03-29 to 2024-04-05, BTC-USD's stock price decreased from 69892.83 to 67837.64. News during this period are listed below:

[Headline]: Bitcoin Cash Spikes 10% After Halving, Bitcoin Hovers Above $66K
[Summary]: Bitcoin Cash (BCH) surged 10% after successfully completing its reward halving event that cut the block reward to 3.125 BCH.

The cryptocurrency market remains mostly unchanged, with bitcoin – whose h...

[Headline]: Hedge Funds Hold Record Bearish Bitcoin Bets, Data Show
[Summary]: Leveraged funds held record net short positions in CME's bitcoin futures last week, CFTC data show.

Most funds may have taken short positions as a part of a ""carry trade,"" one observer said.

Some fu...

[Headline]: Must Bitcoin ‘Drop Ideals’ of Decentralization to Achieve Mass Adoption?
[Summary]: Can crypto scale and still retain its commitment to individuals holding their own keys? Increasingly it seems like the answer is “no.” As blockchain security firm CertiK pointed out in a recent report...

[Headline]: Bitcoin Drops Over 5% as Upbeat U.S. Factory Data Powers Dollar Index to Nearly 5-Month High
[Summary]: Bitcoin fell below $66,500 during the Asian hours as the dollar index rose above 105.00 for the first time since mid-November.

Data released on Monday shows that U.S. manufacturing activity unexpecte...

[Headline]: Crypto Market in Zen Mode as Bitcoin Remains Stable at $70K Ahead of Halving
[Summary]: Bitcoin is trading above $70K, while Ether was above $3600 on Monday.

Bitcoin halving event keeps options volatility high while perpetual futures funding rates remain inflated.

Bitcoin {{BTC}} and e...



Based on all the information before 2024-04-05, let's first analyze the positive developments and potential concerns for BTC-USD. Come up with 2-4 most important factors respectively and keep them concise. Most factors should be inferred from cryptocurrencies related news. Then let's assume your prediction for next week (2024-04-05 to 2024-04-12) is down by 0-1%. Provide a summary analysis to support your prediction. The prediction result need to be inferred from your analysis at the end, and thus not appearing as a foundational factor of your analysis.","**[Positive Developments]:**
1. **Investor Holding**: The low on-chain activity suggests that investors are holding onto their Bitcoin, indicating strong conviction.
2. **Global Easing Cycle**: The start of a global easing cycle could benefit Bitcoin and other cryptocurrencies by providing a more favorable economic environment.
3. **Layer-2 Innovations**: The growth of Bitcoin Layer-2 projects like BVM and BOB shows technological advancement and increased utility for the Bitcoin network.
4. **Market Sentiment**: Bitcoin's on-chain activity and the bullish sentiment from influential investors suggest a strong underlying market sentiment.

**[Potential Concerns]:**
1. **Volatility**: Bitcoin remains volatile, with analysts expecting more price fluctuations before stability sets in.
2. **Halving Uncertainty**: The upcoming halving event brings uncertainty, as experts debate its potential impact on Bitcoin's price.
3. **Market Correction**: Recent price corrections and the broader market's volatility pose risks to short-term price stability.
4. **Regulatory Environment**: The regulatory environment remains uncertain, with potential impacts from global economic policies and legal battles.

**[Prediction & Analysis]:**
Bitcoin's strong investor holding and the start of a global easing cycle are positive signs. The growth of Layer-2 innovations and bullish market sentiment from influential investors further support a positive outlook. However, the ongoing volatility, halving uncertainty, and recent market corrections pose risks. The prediction for the upcoming week is a slight decrease of 0-1%, as the market navigates short-term volatility and corrections while maintaining long-term bullish trends."
"[Cryptocurrency Introduction]: Bitcoin (BTC) is a cryptocurrency launched in 2010. Users are able to generate BTC through the process of mining. Bitcoin has a current supply of 19,873,353. The last known price of Bitcoin is 104,632.24890669 USD and is up 0.57 over the last 24 hours. It is currently trading on 12206 active market(s) with $40,409,929,770.26 traded over the last 24 hours. More information can be found at https://bitcoin.org/.. It has a market capilization of 2074764509184.

From 2024-03-15 to 2024-03-22, BTC-USD's stock price decreased from 69403.77 to 63778.76. News during this period are listed below:

[Headline]: Dogecoin Climbs 18% on DOGE Futures Hopes, Bitcoin Nears $68K
[Summary]: Crypto markets experienced volatility overnight as bitcoin and ether tumbled before recovering to trade 15% higher than their Wednesday lows.

Wednesday's decline was attributed to profit-taking from ...

[Headline]: Bitcoin Registers Biggest Single-Day Loss Since FTX's Collapse
[Summary]: BTC fell over 8% on Tuesday, its biggest single-day (UTC) percentage slide since November 2022.

ETF outflows likely catalyzed the drop.

Bitcoin’s {{BTC}} price correction gathered pace Tuesday as th...

[Headline]: Lorraine Marcel: Bringing Bitcoin to African Women
[Summary]: In mid-2022, Lorraine Marcel was struggling to make ends meet as an events planner in Kenya, her home country, when a client asked her to organize a Bitcoin meet-up. She was already familiar with cryp...

[Headline]: Where Is Nayib Bukele Actually Storing El Salvador's Bitcoin?
[Summary]: ""We've decided to transfer a big chunk of our Bitcoin to a cold wallet, and store that cold wallet in a physical vault within our national territory,"" President Nayib Bukele, who made history by decla...

[Headline]: SOL, BOME Trend on Social Media as Ether, Bitcoin Lag
[Summary]: SOL and BOME received the most crowd attention over the weekend, according to data tracked by Santiment.

Both cryptocurrencies have outperformed ETH, BTC and the broader market in the past seven days...

From 2024-03-22 to 2024-03-29, BTC-USD's stock price increased from 63778.76 to 69892.83. News during this period are listed below:

[Headline]: Is This the End of Bitcoin's 4-Year Bull/Bear Market Cycle?
[Summary]: With Bitcoin's halving event just around the corner, it certainly seems like we're on the cusp of something big. While everyone's eyes are glued to the skyrocketing bitcoin {{BTC}} price and the possi...

[Headline]: London Stock Exchange Will Start Market for Bitcoin and Ether ETNs May 28
[Summary]: The London Stock Exchange (LSE) said it will start a marketplace for bitcoin and ether exchange-traded notes (ETNs).

The U.K. regulator, the Financial Conduct Authority, said it would allow Recognize...

[Headline]: Why the Media Is Seemingly Less Interested in Bitcoin Than Ever
[Summary]: I. He was a crook

In May 2021, I interviewed Sam Bankman-Fried and Miami Mayor Francis Suarez together as part of a virtual crypto summit. Miami had gone all in becoming a crypto-friendly city, and t...

[Headline]: Cathie Wood Calls Bitcoin a ‘Financial Super Highway,’ Reiterates $1.5M Price Target
[Summary]: Ark Invest CEO Cathie Wood called bitcoin {{BTC}} a “financial super highway,” emphasizing the important use cases for the cryptocurrency in emerging markets.

Wood, whose Ark Invest recently became o...

[Headline]: Bitcoin Remains Overbought Despite Recent Correction, JPMorgan Says
[Summary]: JPMorgan says bitcoin remains overbought.

Spot ETFs witnessed a significant outflow in the past week.

Bitcoin profit-taking could continue into the halving event, the bank said.

Cryptocurrency mark...

From 2024-03-29 to 2024-04-05, BTC-USD's stock price decreased from 69892.83 to 67837.64. News during this period are listed below:

[Headline]: Bitcoin Adds 4.5% as Stocks Reverse Lower on Hawkish Fed Commentary
[Summary]: It was a day of positive divergence for crypto bulls as stocks tumbled late in the U.S. trading session while bitcoin {{BTC}} managed to erase most of the week's losses.

In late afternoon action, the...

[Headline]: Near Record High Funding Rate Suggests Bitcoin Pullback Not Over
[Summary]: Bitcoin hit a record high above $73,500 about three weeks ago and then quickly retreated to the $61,000 area. It's since retraced to the current $67,600, giving bulls some hope that new records are im...

[Headline]: Must Bitcoin ‘Drop Ideals’ of Decentralization to Achieve Mass Adoption?
[Summary]: Can crypto scale and still retain its commitment to individuals holding their own keys? Increasingly it seems like the answer is “no.” As blockchain security firm CertiK pointed out in a recent report...

[Headline]: Bitfinex Derivatives Users Can Now Place Bets on Bitcoin and Ether Implied Volatility
[Summary]: Bitfinex Derivatives unveils perpetual futures tied to Volmex Finance’s bitcoin and ether implied volatility indices.

Users can now place bets on the degree of price turbulence in the top two cryptoc...

[Headline]: Bitcoin’s Future as Currency
[Summary]: Bitcoin is a global, decentralized currency that is beyond the control or guarantee of any country. Recent months in the Bitcoin ecosystem have been marked by a fever pitch of optimism based on the ap...

From 2024-04-05 to 2024-04-12, BTC-USD's stock price decreased from 67837.64 to 67195.87. News during this period are listed below:

[Headline]: 'Bitcoin Sign Guy' Is Auctioning His Bitcoin Sign
[Summary]: A piece of Bitcoin history is going on the block.

Christian Langalis, whose photo-bombing of Janet Yellen became a viral meme, is auctioning the ""Buy Bitcoin"" sign he held up behind the then-Federal ...

[Headline]: Hong Kong's Incoming Spot Bitcoin ETFs Could Be 'Big Deal.' Here's What Analysts Say
[Summary]: Hong Kong regulators will likely approve spot bitcoin ETFs as early as next week, Reuters reported Wednesday.

The funds could offer an alternative to Chinese investors reluctant to invest in domestic...

[Headline]: Hong Kong Said Likely to Approve Spot Bitcoin ETFs Next Week: Reuters
[Summary]: Hong Kong is likely to approve the first set of applications for spot-bitcoin exchange-traded funds this week, Reuters reported.

A total of four entities have submitted applications to launch the spo...

[Headline]: Bitcoin Breakout Halts as U.S. Inflation Data Looms
[Summary]: Bitcoin’s failed breakout likely represents temporary nervousness ahead of the U.S. CPI release, and not an outright bearish trend reversal, 10x Research’s Markus Thielen said.

Markets have pared bac...

[Headline]: Did Strong Bitcoin ETF Demand Kill Halving's Potential Bullish Rally?
[Summary]: Bitcoin's upcoming halving might not have as much of an impact on the price of bitcoin as seen in previous cycles, experts predict.

This is because the spot bitcoin exchange-traded funds (ETFs) have ...



Based on all the information before 2024-04-12, let's first analyze the positive developments and potential concerns for BTC-USD. Come up with 2-4 most important factors respectively and keep them concise. Most factors should be inferred from cryptocurrencies related news. Then let's assume your prediction for next week (2024-04-12 to 2024-04-19) is down by 4-5%. Provide a summary analysis to support your prediction. The prediction result need to be inferred from your analysis at the end, and thus not appearing as a foundational factor of your analysis.","**[Positive Developments]:**
1. **ETF Demand**: The hot start of spot Bitcoin ETFs and the upcoming London Stock Exchange marketplace for Bitcoin ETNs indicate strong institutional demand.
2. **Market Sentiment**: Cathie Wood's bullish price target and the perception of Bitcoin as a ""financial super highway"" highlight strong market sentiment.
3. **Global Adoption**: The acceptance of Bitcoin as ""digital gold"" and its potential to attract new demand in the current macroeconomic environment suggest increasing global adoption.
4. **Mining Diversification**: Hut 8's diversified business model following its merger with US Bitcoin Corp indicates a healthy and growing mining sector.

**[Potential Concerns]:**
1. **ETF Outflows**: Significant outflows from spot Bitcoin ETFs and Grayscale Bitcoin Trust pose risks to market stability.
2. **Market Volatility**: Bitcoin's price corrections and the broader market's volatility, as well as the near record high funding rate, suggest ongoing market turbulence.
3. **Halving Impact**: The upcoming halving event's impact on Bitcoin's price remains uncertain, with experts predicting a potentially muted bullish rally.
4. **Regulatory Environment**: The regulatory environment remains uncertain, with potential impacts from global economic policies and legal battles.

**[Prediction & Analysis]:**
Bitcoin's strong ETF demand and bullish market sentiment from influential investors suggest a positive outlook. The growing global adoption and a diversified mining sector further support this view. However, recent ETF outflows, market volatility, and uncertainty surrounding the halving event pose risks. The prediction for the upcoming week is a decrease of 4-5%, as the market navigates short-term volatility and corrections while assessing the impact of the halving event and ETF outflows."
"[Cryptocurrency Introduction]: Bitcoin (BTC) is a cryptocurrency launched in 2010. Users are able to generate BTC through the process of mining. Bitcoin has a current supply of 19,873,353. The last known price of Bitcoin is 104,632.24890669 USD and is up 0.57 over the last 24 hours. It is currently trading on 12206 active market(s) with $40,409,929,770.26 traded over the last 24 hours. More information can be found at https://bitcoin.org/.. It has a market capilization of 2074764509184.

From 2024-04-05 to 2024-04-12, BTC-USD's stock price decreased from 67837.64 to 67195.87. News during this period are listed below:

[Headline]: Bitcoin’s Bullish Quarter Eases Consumer Skepticism: Deutsche Bank
[Summary]: Consumers have become more positive about cryptocurrencies, the survey showed.

40% of those surveyed say they believe bitcoin will thrive in the coming years; 38% said they expect it to disappear.

O...

[Headline]: Bitcoin Supply Inactive for a Year Slides to 18-Month Low of 65.8%
[Summary]: The percentage of bitcoin's circulating supply last active at least a year ago has declined from 70% to 65.8% in three months.

The decline probably indicates profit-taking by some investors in a risi...

[Headline]: Bitcoin Mining’s Boon for Small Town America
[Summary]: It isn’t always clear how crypto is changing lives. The incorporality of blockchain ledgers, the fact that crypto wallets are online (not made of leather) and the limited number of real world use case...

[Headline]: Bitcoin’s Acceptance as 'Digital Gold' May Spur Demand From New Investors: Coinbase
[Summary]: Investor perception of bitcoin as digital gold means the cryptocurrency could attract new demand in the current macroeconomic environment, Coinbase said.

The capital unlocked by spot bitcoin ETFs rep...

[Headline]: Bitcoin Miner Hut 8 Has Larger, More Diversified Business Model Following USBTC Merger: Canaccord
[Summary]: Canaccord said Hut 8 is more diversified following its merger with US Bitcoin Corp.

The broker reduced its price target to $14 from $17.50, while it maintained its buy rating.

The company’s stash of...

From 2024-04-12 to 2024-04-19, BTC-USD's stock price decreased from 67195.87 to 63843.57. News during this period are listed below:

[Headline]: Bitcoin Back Above $62K as Crypto Market Calms After Reports of Limited Damage From Israeli Attack
[Summary]: The next threshold for bitcoin is $55,000 if the market turmoil continues, according to an analyst.

Tokenized gold PAXG is up 3%.

Bitcoin {{BTC}} came back over $62,000 as the market recovered after...

[Headline]: The Protocol: Bitcoin Halving Spectacular, With Runes, 'Epic Sat,' Stacks Nakamoto
[Summary]: It's hard not to draw parallels between the general mood across parts of the planet last week, when people were jockeying to glimpse the solar eclipse, and the excitement building this week in the Bit...

[Headline]: Bitcoin First, Not Only: Fostering Widespread Adoption Through Education
[Summary]: As bitcoin {{BTC}} continues to gain traction worldwide, the approach to introducing it to newcomers plays a crucial role in its widespread adoption. While some advocates firmly believe in a ""Bitcoin ...

[Headline]: Bitcoin Price Recovery Lacks Whale Participation, Onchain Data Show
[Summary]: Large holders or wallets owning at least 0.1% of bitcoin's circulating supply are yet to resume accumulation, according to IntoTheBlock.

Traders should closely watch the ETF flows on Monday.

Bitcoin...

[Headline]: Bitcoin Meme Coin PUPS Fuelled by Hype Ahead of Runes Release
[Summary]: Hype surrounding the upcoming Runes protocol saw Bitcoin meme coin PUPS jump some 50% in the past 24 hours as traders look to bet on Bitcoin-adjacent tokens and networks ahead of the halving.

The mem...



Based on all the information before 2024-04-19, let's first analyze the positive developments and potential concerns for BTC-USD. Come up with 2-4 most important factors respectively and keep them concise. Most factors should be inferred from cryptocurrencies related news. Then let's assume your prediction for next week (2024-04-19 to 2024-04-26) is down by 0-1%. Provide a summary analysis to support your prediction. The prediction result need to be inferred from your analysis at the end, and thus not appearing as a foundational factor of your analysis.","**[Positive Developments]:**
1. **Consumer Sentiment**: Deutsche Bank's survey shows improving consumer sentiment towards Bitcoin, with 40% believing it will thrive in the coming years.
2. **ETF Flows**: The capital unlocked by spot Bitcoin ETFs and the potential demand from new investors suggest strong institutional interest.
3. **Mining Diversification**: Hut 8's diversified business model and the broader mining sector's growth indicate a healthy ecosystem.
4. **Market Sentiment**: The acceptance of Bitcoin as ""digital gold"" and its potential to attract new demand in the current macroeconomic environment suggest increasing global adoption.

**[Potential Concerns]:**
1. **Profit-Taking**: The decline in Bitcoin's supply inactive for a year indicates profit-taking by some investors, which could add selling pressure to the market.
2. **Market Volatility**: Bitcoin's price corrections and the broader market's volatility, as well as the lack of whale participation in the price recovery, suggest ongoing market turbulence.
3. **Halving Impact**: The upcoming halving event's impact on Bitcoin's price remains uncertain, with experts predicting a potentially muted bullish rally.
4. **Regulatory Environment**: The regulatory environment remains uncertain, with potential impacts from global economic policies and legal battles.

**[Prediction & Analysis]:**
Bitcoin's improving consumer sentiment and strong ETF flows suggest a positive outlook. The growing global adoption and a diversified mining sector further support this view. However, profit-taking by some investors, market volatility, and uncertainty surrounding the halving event pose risks. The prediction for the upcoming week is a slight decrease of 0-1%, as the market navigates short-term volatility and corrections while maintaining long-term bullish trends. The lack of whale participation in the price recovery and the upcoming halving event's uncertain impact contribute to this cautious outlook."
"[Cryptocurrency Introduction]: Bitcoin (BTC) is a cryptocurrency launched in 2010. Users are able to generate BTC through the process of mining. Bitcoin has a current supply of 19,873,353. The last known price of Bitcoin is 104,632.24890669 USD and is up 0.57 over the last 24 hours. It is currently trading on 12206 active market(s) with $40,409,929,770.26 traded over the last 24 hours. More information can be found at https://bitcoin.org/.. It has a market capilization of 2074764509184.

From 2024-03-29 to 2024-04-05, BTC-USD's stock price decreased from 69892.83 to 67837.64. News during this period are listed below:

[Headline]: Hedge Funds Hold Record Bearish Bitcoin Bets, Data Show
[Summary]: Leveraged funds held record net short positions in CME's bitcoin futures last week, CFTC data show.

Most funds may have taken short positions as a part of a ""carry trade,"" one observer said.

Some fu...

[Headline]: Stablecoin Expansion Continues as Bitcoin Rally Appears to Stall
[Summary]: The cumulative supply of the top three stablecoins – USDT, USDC, and DAI – has increased to $141.42 billion, the highest since May 2022.

The data indicates that capital continues to flow into the cry...

[Headline]: Bitcoin ETF Trading Volumes Tripled in March as the Largest Cryptocurrency Hit Record Highs
[Summary]: U.S.-listed bitcoin {{BTC}} exchange-traded funds (ETFs) captured over $110 billion in trading volume in March, a figure three times higher than the volumes in January and February, as the largest cry...

[Headline]: Bitcoin’s Future as Currency
[Summary]: Bitcoin is a global, decentralized currency that is beyond the control or guarantee of any country. Recent months in the Bitcoin ecosystem have been marked by a fever pitch of optimism based on the ap...

[Headline]: Tether Added Nearly 8.9K Bitcoin to Holdings in First Quarter: On-Chain Data
[Summary]: Tether, the issuer of USDT, the world's largest stablecoin based on market cap, added just shy of 8,889 bitcoin {{BTC}} in the first quarter, according to on-chain trackers such as Arkham Intelligence...

From 2024-04-05 to 2024-04-12, BTC-USD's stock price decreased from 67837.64 to 67195.87. News during this period are listed below:

[Headline]: Willem Schroé: Building Botanix, a Bitcoin Layer 2 That Brings the EVM to Bitcoin
[Summary]: When Willem Schroé was 17, he came in third out of 10,000 in a national math competition in Belgium, his home country. His prize was a book on botanics, the study of mathematics and fractals in nature...

[Headline]: Hong Kong's Incoming Spot Bitcoin ETFs Could Be 'Big Deal.' Here's What Analysts Say
[Summary]: Hong Kong regulators will likely approve spot bitcoin ETFs as early as next week, Reuters reported Wednesday.

The funds could offer an alternative to Chinese investors reluctant to invest in domestic...

[Headline]: Alpen Labs Looks to Scale Bitcoin With Zero-Knowledge Proofs Using $10.6M Funding
[Summary]: Alpen Labs has emerged from stealth mode following the $10.6 million funding round led by Ribbit Capital

Zero-knowledge technology is more commonly associated with Ethereum and is the sort of develop...

[Headline]: Bitcoin’s Bullish Quarter Eases Consumer Skepticism: Deutsche Bank
[Summary]: Consumers have become more positive about cryptocurrencies, the survey showed.

40% of those surveyed say they believe bitcoin will thrive in the coming years; 38% said they expect it to disappear.

O...

[Headline]: Australian Asset Manager Monochrome Applies With Cboe Australia for a Spot Bitcoin ETF, Eyes Decision by Mid-Year
[Summary]: The asset manager has taken one step closer to giving Australia its first spot Bitcoin ETF to allow direct holding of bitcoin.

Monochrome has chosen to list its flagship product, a spot bitcoin ETF, ...

From 2024-04-12 to 2024-04-19, BTC-USD's stock price decreased from 67195.87 to 63843.57. News during this period are listed below:

[Headline]: Spot Bitcoin ETF Hype Dies Down, Normalcy Sets In
[Summary]: Spot bitcoin ETF flows have slowed after weeks of heavy buying.

Only IBIT, BlackRock's iShares Bitcoin Trust, continues its streak of consecutive daily positive flows.

This is a normal development w...

[Headline]: What Bitcoiners Are Saying About the Upcoming Bitcoin Halving
[Summary]: On April 19, or whenever a bitcoin miner mines block number 840,000, the amount of bitcoin {{BTC}} entering into circulation will halve from about 900 a day to 450. This event, colloquially known as t...

[Headline]: Bitcoin Back in Green as Crypto Market Awaits Hong Kong Spot ETF Decision
[Summary]: BTC is back above $65,000 as geopolitical volatility subsides.

Traders are also anticipating the approval of BTC ETFs in Hong Kong, which is expected later Monday or this week.

Bitcoin {{BTC}} is tr...

[Headline]: Bitcoin Plunges to $66K, Altcoins Tumble 10-15% on Ugly Day for Risk Assets
[Summary]: Cryptocurrencies tumbled Friday as risk-off sentiment in traditional markets amid flared-up geopolitical risks spread over to digital assets.

In fast downward afternoon action during U.S. trading, bi...

[Headline]: Bitcoin Cash Sends Bitcoin Traders Warning Sign About Halving
[Summary]: BCH's post-halving slide of 15% might be a warning sign for bitcoin bulls.

Bitcoin cash has been seen a proxy for the upcoming halving of rewards on the Bitcoin blockchain.

Bitcoin's blockchain will...

From 2024-04-19 to 2024-04-26, BTC-USD's stock price decreased from 63843.57 to 63755.32. News during this period are listed below:

[Headline]: Stablecoins, U.S. Government Debt More Important Than Bitcoin ETF Inflows,  Crypto Analysts Says
[Summary]: Potential slowdown in stablecoin inflows and de-inversion of the U.S. Treasury yield curve could breed downside volatility in bitcoin.

Dips in risk assets are likely to be well supported ahead of the...

[Headline]: Some Square Users Can Now Convert Their Dollars to Bitcoin Via Cash App
[Summary]: Jack Dorsey’s fintech company Block (SQ), formerly known as Square, is linking together two of its biggest platforms, merchant services system Square and peer-to-peer payments app Cash App, to give re...

[Headline]: Bitcoin Miner Hut 8’s Post-Merger Prospects Look Good: Benchmark
[Summary]: Hut 8 now has a more diversified business model following its merger last year with US Bitcoin Corporation, the report said.

Benchmark initiated coverage of the bitcoin mining stock with a buy rating...

[Headline]: Bitcoin Transaction Fees Come Crashing Down Post Halving
[Summary]: Bitcoin transaction fees have significantly come down post-halving

The floor price for the Runes NFT collection has also come down. Runes was supposed to be the tool that maintained fee revenue post-...

[Headline]: Bitcoin Will Power the Next DeFi Summer
[Summary]: In 2023, we said goodbye to Crypto Winter. Now, it’s time to say hello to a new era of DeFi Summer, this time centering on the most buzzworthy yet also durable trends: Bitcoin. With Ordinals proving d...



Based on all the information before 2024-04-26, let's first analyze the positive developments and potential concerns for BTC-USD. Come up with 2-4 most important factors respectively and keep them concise. Most factors should be inferred from cryptocurrencies related news. Then let's assume your prediction for next week (2024-04-26 to 2024-05-03) is down by 1-2%. Provide a summary analysis to support your prediction. The prediction result need to be inferred from your analysis at the end, and thus not appearing as a foundational factor of your analysis.","**[Positive Developments]:
1. **Institutional Interest**: The significant increase in Bitcoin ETF trading volumes in March indicates growing institutional interest, which can bring more liquidity and stability to the market.
2. **Network Expansion**: The expansion of stablecoins and the development of layer-2 solutions like Botanix suggest increased utility and adoption of the Bitcoin network.
3. **Halving Event**: The upcoming Bitcoin halving has historically led to price increases due to the reduction in new supply, which may drive demand higher.
4. **Regulatory Advancements**: Potential approvals of spot Bitcoin ETFs in Hong Kong and Australia indicate a more favorable regulatory environment, which can attract more investors.

**[Potential Concerns]:
1. **Bearish Sentiment**: Hedge funds holding record net short positions in CME's bitcoin futures suggest a bearish outlook among institutional investors.
2. **Market Volatility**: The significant price fluctuations and the plunge in altcoins due to geopolitical risks indicate high market volatility, which can lead to further sell-offs.
3. **Post-Halving Uncertainty**: The market's reaction to the Bitcoin halving is uncertain, and historical patterns may not repeat, leading to potential price corrections.
4. **Stablecoin Inflows**: While stablecoin expansion is positive, it may also indicate that investors are seeking safety in stable assets rather than Bitcoin, suggesting cautious sentiment.

**[Prediction & Analysis]:
Bitcoin's price has shown resilience despite recent volatility, with institutional interest and regulatory advancements providing support. However, the bearish sentiment among hedge funds and the uncertainty surrounding the halving event may limit price increases. The recent plunge in altcoins and the cautious investor sentiment indicated by stablecoin inflows suggest a potential correction. Therefore, while Bitcoin may experience upward pressure due to positive developments, the market's cautious sentiment and potential concerns may result in a slight downward trend.

---"
"[Cryptocurrency Introduction]: Bitcoin (BTC) is a cryptocurrency launched in 2010. Users are able to generate BTC through the process of mining. Bitcoin has a current supply of 19,873,353. The last known price of Bitcoin is 104,632.24890669 USD and is up 0.57 over the last 24 hours. It is currently trading on 12206 active market(s) with $40,409,929,770.26 traded over the last 24 hours. More information can be found at https://bitcoin.org/.. It has a market capilization of 2074764509184.

From 2024-04-26 to 2024-05-03, BTC-USD's stock price decreased from 63755.32 to 62889.84. News during this period are listed below:

[Headline]: Bitcoin’s Volatility Is Falling and This Will Continue as It Matures: Fidelity
[Summary]: Bitcoin is becoming less volatile as the digital asset matures, the report said.

The crypto’s volatility has reached new all-time lows on a yearly scale, Fidelity noted.

Fidelity said bitcoin has be...

[Headline]: First Mover Americas: Bitcoin Falls to $62K as Hong Kong ETFs Fail to Meet Expectations
[Summary]: This article originally appeared in First Mover, CoinDesk’s daily newsletter, putting the latest moves in crypto markets in context. Subscribe to get it in your inbox every day.

Latest Prices

Top St...

[Headline]: Bitcoin Slips Under $62K as Hong Kong ETFs Disappoint
[Summary]: BTC, ETH nurse losses after weak demand for Hong Kong ETFs.

The six ETFs registered a first-day trading volume of just $11 million.

Bitcoin {{BTC}} faced selling pressure during European hours after...

[Headline]: First Mover Americas: Bitcoin, Ether Sink Amid U.S. Stagflation Fears
[Summary]: This article originally appeared in First Mover, CoinDesk’s daily newsletter, putting the latest moves in crypto markets in context. Subscribe to get it in your inbox every day.

Latest Prices

Top St...

[Headline]: The Key to Reviving Bitcoin Bull Run Is the U.S. Treasury’s Refunding Announcement 
[Summary]: U.S. Treasury’s refinancing announcement, detailing the three-month borrowing needs and the balance to be held in the Treasury General Account, is due on May 1.

The gross issuance of bonds is likely ...



Based on all the information before 2024-05-03, let's first analyze the positive developments and potential concerns for BTC-USD. Come up with 2-4 most important factors respectively and keep them concise. Most factors should be inferred from cryptocurrencies related news. Then let's assume your prediction for next week (2024-05-03 to 2024-05-10) is down by 3-4%. Provide a summary analysis to support your prediction. The prediction result need to be inferred from your analysis at the end, and thus not appearing as a foundational factor of your analysis.","**[Positive Developments]:
1. **Maturing Market**: Fidelity's report on Bitcoin's decreasing volatility suggests a maturing market, which can attract more long-term investors.
2. **ETF Approvals**: The approvals of spot Bitcoin ETFs in Hong Kong, although disappointing in initial trading volumes, indicate a more accepting regulatory environment.
3. **Historical Trends**: Bitcoin's historical performance has shown resilience and recovery after periods of low volatility and regulatory developments.

**[Potential Concerns]:
1. **ETF Disappointment**: The weak demand for Hong Kong's spot Bitcoin ETFs may indicate lower-than-expected institutional interest, which could dampen market enthusiasm.
2. **Stagflation Fears**: Concerns about U.S. stagflation may lead to risk-off sentiment, potentially driving investors away from Bitcoin and other risk assets.
3. **U.S. Treasury Announcement**: The upcoming U.S. Treasury refinancing announcement may introduce market uncertainty, which could impact Bitcoin's price.

**[Prediction & Analysis]:
While Bitcoin's decreasing volatility and regulatory approvals suggest a maturing market, the disappointment in Hong Kong's ETF demand and concerns about stagflation may weigh on investor sentiment. The upcoming U.S. Treasury announcement adds to market uncertainty, which could lead to a cautious approach among investors. Although Bitcoin has shown historical resilience, the combination of potential concerns may result in a moderate price correction in the coming week.

---"
"[Cryptocurrency Introduction]: Bitcoin (BTC) is a cryptocurrency launched in 2010. Users are able to generate BTC through the process of mining. Bitcoin has a current supply of 19,873,353. The last known price of Bitcoin is 104,632.24890669 USD and is up 0.57 over the last 24 hours. It is currently trading on 12206 active market(s) with $40,409,929,770.26 traded over the last 24 hours. More information can be found at https://bitcoin.org/.. It has a market capilization of 2074764509184.

From 2024-04-12 to 2024-04-19, BTC-USD's stock price decreased from 67195.87 to 63843.57. News during this period are listed below:

[Headline]: Bitcoin Halving Partially Priced In With No Big Rally Expected Afterward: Deutsche Bank
[Summary]: The bitcoin halving is already partially priced in, the report said.

Deutsche Bank said it does not expect a large rally after the event.

The geography of crypto miners is expected to shift followin...

[Headline]: Bitcoin’s Outperformance Means Some of Expected Post-Halving Rally May Have Come Early: JPMorgan
[Summary]: JPMorgan notes that mining stocks have slumped ahead of the bitcoin halving.

The bank favors Riot Platforms and Iris Energy.

Bitcoin’s outperformance may mean that part of the typical post-halving r...

[Headline]: Runes, Casey Rodarmor's Protocol for 'Sh*tcoins' on Bitcoin, Set to Go Live at Halving
[Summary]: Bitcoin's next quadrennial halving is imminent – now likely to happen Friday or early Saturday. But a large number of the 15-year-old blockchain's developers and users are turning their attention to a...

[Headline]: Ether Prices in Downtrend as Bitcoin Challenges $64K
[Summary]: BTC is up, trading above $64,000 while ETH prices continue to decline.

The CD20 is flat, trading at 2,174.

Ether {{ETH}} was changing hands just above $3,000 during the opening hours of the Asia tra...

[Headline]: Bitcoin Falls 8%, Drops Below $62K Before Rebound
[Summary]: Bitcoin {{BTC}} and the broader cryptocurrency market fell nearly 10% on Saturday, with the price of the largest digital asset briefly falling below $62,000 before recovering to around $64,000 as of p...

From 2024-04-19 to 2024-04-26, BTC-USD's stock price decreased from 63843.57 to 63755.32. News during this period are listed below:

[Headline]: The Protocol: Analyzing Runes Impact as Bitcoin Fee Bonanza Fades
[Summary]: Last week's once-every-four-years Bitcoin halving came and went – just as Satoshi Nakamoto programmed it 15 years ago. But the big surprise was the fast uptake of Casey Rodarmor's new Runes protocol, ...

[Headline]: Bitcoin Miner Hut 8’s Post-Merger Prospects Look Good: Benchmark
[Summary]: Hut 8 now has a more diversified business model following its merger last year with US Bitcoin Corporation, the report said.

Benchmark initiated coverage of the bitcoin mining stock with a buy rating...

[Headline]: Bitcoin Miners Have Raked in Abnormal Transaction Fees Since Halving: Bernstein
[Summary]: Total miner revenue is currently about triple the pre-halving level, the report noted.

The spike in network fees indicates the level of developer interest in Bitcoin, and the fee revenue potential fo...

[Headline]: Bitcoin Miners May Shift Focus to AI After Halving, CoinShares Says
[Summary]: Bitcoin miners may shift towards AI due to the potential for higher revenue, CoinShares said.

The average bitcoin production cost post-halving is about $53,000.

Some miners are actively managing fin...

[Headline]: The Bitcoin Halving Is Here, and With It a Giant Surge in Transaction Fees
[Summary]: The Bitcoin halving took place early Saturday, upending the economics of running the pioneering blockchain.

Fees soared in the aftermath as a new Bitcoin-based system called Runes launched.

Bitcoin ...

From 2024-04-26 to 2024-05-03, BTC-USD's stock price decreased from 63755.32 to 62889.84. News during this period are listed below:

[Headline]: Bitcoin’s Volatility Is Falling and This Will Continue as It Matures: Fidelity
[Summary]: Bitcoin is becoming less volatile as the digital asset matures, the report said.

The crypto’s volatility has reached new all-time lows on a yearly scale, Fidelity noted.

Fidelity said bitcoin has be...

[Headline]: First Mover Americas: Bitcoin Falls to $62K as Hong Kong ETFs Fail to Meet Expectations
[Summary]: This article originally appeared in First Mover, CoinDesk’s daily newsletter, putting the latest moves in crypto markets in context. Subscribe to get it in your inbox every day.

Latest Prices

Top St...

[Headline]: Bitcoin Wavers Around $63K, Awaiting Hong Kong Spot Crypto ETF Debut
[Summary]: Cryptocurrencies gave up their weekend gains, with the broad-market CoinDesk Market Index declining 3% over the past 24 hours.

The first batch of Hong Kong-listed spot bitcoin and ether ETFs will sta...

[Headline]: First Mover Americas: Bitcoin, Ether Sink Amid U.S. Stagflation Fears
[Summary]: This article originally appeared in First Mover, CoinDesk’s daily newsletter, putting the latest moves in crypto markets in context. Subscribe to get it in your inbox every day.

Latest Prices

Top St...

[Headline]: Bitcoin, Ether Nurse Losses as U.S. Stagflation Fears Grip Market
[Summary]: Bitcoin and ether trade lower as Asia begins its business week.

There are mixed bullish and bearish market signals as the week begins.

Crypto markets are in the red amid renewed fears of U.S. stagfl...

From 2024-05-03 to 2024-05-10, BTC-USD's stock price decreased from 62889.84 to 60792.78. News during this period are listed below:

[Headline]: Crypto Markets Under Pressure as $2B Worth of Altcoin Token Unlocks and $11B Bitcoin Distribution Loom
[Summary]: Cryptocurrencies are still stuck in a corrective phase, but a wave of supply events worth billions of dollars could further delay any meaningful recovery.

""A rapid succession of nearly $2 billion of ...

[Headline]: Key Bitcoin Indicator Points to Period of Calm in Crypto Market
[Summary]: BTC's volatility risk premium (VRP) has collapsed since halving, a sign traders foresee relatively stable market conditions ahead.

ETH's VRP remains elevated compared to bitcoin.

A week ago, Arthur ...

[Headline]: Bitcoin Layer-2 Builder Botanix Labs Raises $8.5M From Polychain Capital, Others
[Summary]: Botanix Labs' Spiderchain is designed to allow any application or smart contract running on an Ethereum layer to be in effect copied and pasted onto Bitcoin.

Botanix Labs and Spiderchain are part of ...

[Headline]: Grayscale's Bitcoin ETF Sees First Inflow After Billions Lost Since January
[Summary]: The Grayscale Bitcoin Trust (GBTC), the largest bitcoin ETF by assets, saw a net inflow of new money from investors, according to Farside Investors, the first daily increase since the product debuted ...

[Headline]: Bitcoin's Price Recovery Faces Nonfarm Payrolls Test
[Summary]: BTC traded little changed while the dollar index fell, maintaining the post-Fed bearish momentum.

The U.S. NFP report is expected to show the pace of job creation slowed in March.

Bitcoin's price se...



Based on all the information before 2024-05-10, let's first analyze the positive developments and potential concerns for BTC-USD. Come up with 2-4 most important factors respectively and keep them concise. Most factors should be inferred from cryptocurrencies related news. Then let's assume your prediction for next week (2024-05-10 to 2024-05-17) is up by more than 5%. Provide a summary analysis to support your prediction. The prediction result need to be inferred from your analysis at the end, and thus not appearing as a foundational factor of your analysis.","**[Positive Developments]:
1. **DeFi Summer**: The potential for a new DeFi summer centered around Bitcoin could drive demand and adoption, as seen with the Ordinals protocol.
2. **Investor Sentiment**: Deutsche Bank's report on consumer optimism about Bitcoin's future indicates improving investor sentiment.
3. **Miner Positioning**: Reports suggest that Bitcoin miners are well-positioned for the halving, which may mitigate sell-off risks post-halving.

**[Potential Concerns]:
1. **Halving Uncertainty**: The Bitcoin halving is partially priced in, and the lack of a significant rally afterward may lead to a sell-off due to unmet expectations.
2. **Transaction Fees**: The significant drop in transaction fees post-halving may indicate reduced network activity, which could impact miner revenue and network security.
3. **ETF Inflows**: The focus on stablecoin inflows and U.S. government debt may divert attention from Bitcoin ETF inflows, potentially limiting price support.

**[Prediction & Analysis]:
The potential for a DeFi summer and improving investor sentiment suggest a bullish outlook for Bitcoin. However, the uncertainty surrounding the halving event and the potential for reduced network activity may introduce sell-off risks. The focus on stablecoin inflows and U.S. government debt may also limit price support from ETF inflows. Despite these concerns, the positive developments and historical trends suggest a strong rally, potentially leading to a significant price increase in the coming week.

---"
"[Cryptocurrency Introduction]: Bitcoin (BTC) is a cryptocurrency launched in 2010. Users are able to generate BTC through the process of mining. Bitcoin has a current supply of 19,873,353. The last known price of Bitcoin is 104,632.24890669 USD and is up 0.57 over the last 24 hours. It is currently trading on 12206 active market(s) with $40,409,929,770.26 traded over the last 24 hours. More information can be found at https://bitcoin.org/.. It has a market capilization of 2074764509184.

From 2024-04-19 to 2024-04-26, BTC-USD's stock price decreased from 63843.57 to 63755.32. News during this period are listed below:

[Headline]: Jack Dorsey’s Block Is Building a Bitcoin Mining System
[Summary]: The firm said it has completed the development of a three-nanometer mining chip.

Block said that it will develop a full bitcoin mining system based on its chip design.

Block, the payments company fo...

[Headline]: Mt. Gox's Looming $9B Payout Could Weigh on Bitcoin Prices, K33 Research Warns
[Summary]: Mt. Gox creditors recently noted updates on their crypto claims, which may mean payouts may be coming soon.

The distribution of over $9 billion worth of BTC could ""become a relevant negative price co...

[Headline]: Bitcoin Layer 2 Coins, STX, ELA, SAVM, Outperform BTC After Halving
[Summary]: Top Bitcoin layer 2 coins have risen 5% to 20% since halving, leaving BTC behind.

The BTC-beating rise comes amid Runes-led spike in transaction fees on the Bitcoin blockchain.

Tokens associated wit...

[Headline]: Bitcoin Rally Holds Around $63,700 Following 4th Block Reward Halving
[Summary]: Bitcoin {{BTC}} held steady around $63,700 in the aftermath of the cryptocurrency's fourth halving, an event that upends the economics for the miners who power the Bitcoin ecosystem.

BTC recently bar...

[Headline]: Bitcoin Miners Are Better Positioned for the Halving This Time Round: Benchmark
[Summary]: Miners are better positioned for this halving due to the large gains in bitcoin in the last six months, the report said.

If history repeats itself, bitcoin will enjoy a strong rally after the event, ...

From 2024-04-26 to 2024-05-03, BTC-USD's stock price decreased from 63755.32 to 62889.84. News during this period are listed below:

[Headline]: Blockchain Sleuth Elliptic Explores AI and Anti-Money Laundering Using 200M Bitcoin Transactions
[Summary]: The Elliptic2 dataset is orders of magnitude bigger than the one used when the team began using machine learning to detect money laundering with bitcoin back in 2019.

The research made use of 122,000...

[Headline]: Bitcoin Tumbles Below $60K, Risking Deeper Pullback as Crypto Markets Endure Worst Month Since FTX Crash
[Summary]: Bitcoin has lost over 16% in April, on track for its worst month since November 2022.

BTC could drop to the mid-to-low $50,000 region, Ledn CIO said.

The Hong Kong spot crypto ETF debut wasn't as po...

[Headline]: Press Briefing With ChinaAMC Executive Ahead of Tuesday Launch of Hong Kong Spot Bitcoin and Ether ETFs
[Summary]: In addition to the higher seed money, Zhu Haokang also took note of the availability of in-kind subscriptions and redemptions as well as the regulatory clarity in Hong Kong that allowed a spot ether E...

[Headline]: Bitcoin Trades At Slight Premium in Yen Terms Amid Suspected BOJ Intervention
[Summary]: BTC drew a slight premium in Japanese markets on Monday as the yen swung wildly in holiday-thinned trading.

FX volatility is on the rise, and it could impact the crypto market, one observer said.

Bi...

[Headline]: First Mover Americas: Bitcoin Holds Stable as ETF Outflows Increase
[Summary]: This article originally appeared in First Mover, CoinDesk’s daily newsletter, putting the latest moves in crypto markets in context. Subscribe to get it in your inbox every day.

Latest Prices

Top St...

From 2024-05-03 to 2024-05-10, BTC-USD's stock price decreased from 62889.84 to 60792.78. News during this period are listed below:

[Headline]: Crypto Markets Under Pressure as $2B Worth of Altcoin Token Unlocks and $11B Bitcoin Distribution Loom
[Summary]: Cryptocurrencies are still stuck in a corrective phase, but a wave of supply events worth billions of dollars could further delay any meaningful recovery.

""A rapid succession of nearly $2 billion of ...

[Headline]: What Technical Analysis Tells Us About the Bitcoin Market
[Summary]: Technical analysis has long been relied upon for investing in cryptocurrencies. The discipline lends itself well to the highly-volatile asset class, not only because cryptocurrencies are momentum-driv...

[Headline]: First Mover Americas: Bitcoin Hovers Above $62K
[Summary]: This article originally appeared in First Mover, CoinDesk’s daily newsletter, putting the latest moves in crypto markets in context. Subscribe to get it in your inbox every day.

Latest Prices

Top St...

[Headline]: Bitcoin Rebound Has Crypto Options Traders Anticipating $100K
[Summary]: Bitcoin rebound spurs demand for out-of-the-money calls at strikes from $70,000 to $100,000.

Analysts said the path of least resistance for bitcoin is on the higher side.

Bitcoin's {{BTC}} renewed p...

[Headline]: Grayscale's Bitcoin ETF Sees First Inflow After Billions Lost Since January
[Summary]: The Grayscale Bitcoin Trust (GBTC), the largest bitcoin ETF by assets, saw a net inflow of new money from investors, according to Farside Investors, the first daily increase since the product debuted ...

From 2024-05-10 to 2024-05-17, BTC-USD's stock price increased from 60792.78 to 67051.88. News during this period are listed below:

[Headline]: Coinbase Shares Sink 9% on Report CME to Consider Listing Spot Bitcoin
[Summary]: Shares of Coinbase fell nearly 8% on Thursday to a price of $202.49.

The drop came after a report from the Financial Times that futures exchange CME was considering offering spot bitcoin trading to i...

[Headline]: Bitcoin Has Best Day in 2 Months as Markets Anticipate a ‘Summer of Easing'
[Summary]: BTC rose over 7.5% on Wednesday, capping its best performance since March 20.

Weak U.S. data strengthened the case of a Fed rate cut in September.

The BOE and ECB are likely to cut rates in June.

B...

[Headline]: Crypto Old-Head Otoh Talks Casascius Bitcoins, Tax Havens and Old Friends
[Summary]: It’s quite likely that Otoh has lost more bitcoin than most people will ever hold. An early bitcoin investor, Otoh, a pseudonym that stands for “on the other hand,” has many lessons to share about fin...

[Headline]: Hong Kong Bitcoin and Ether ETFs See $39M Outflows on Monday: Farside Investors
[Summary]: The Hong Kong-listed spot crypto ETFs saw huge outflows on Monday, data from Farside Investors shows.

Investors pulled nearly $40 million out of the six spot bitcoin and ether ETFs on the first day o...

[Headline]: First Mover Americas: Bitcoin Holds Near $63K, Consolidating Week's Recovery
[Summary]: This article originally appeared in First Mover, CoinDesk’s daily newsletter, putting the latest moves in crypto markets in context. Subscribe to get it in your inbox every day.

Latest Prices

Top St...



Based on all the information before 2024-05-17, let's first analyze the positive developments and potential concerns for BTC-USD. Come up with 2-4 most important factors respectively and keep them concise. Most factors should be inferred from cryptocurrencies related news. Then let's assume your prediction for next week (2024-05-17 to 2024-05-24) is up by 2-3%. Provide a summary analysis to support your prediction. The prediction result need to be inferred from your analysis at the end, and thus not appearing as a foundational factor of your analysis.","**[Positive Developments]:
1. **Mining Developments**: Jack Dorsey's Block is developing a Bitcoin mining system, which may improve mining efficiency and network security.
2. **Layer 2 Growth**: The outperformance of Bitcoin layer 2 coins indicates growing adoption and utility of the Bitcoin network.
3. **Historical Trends**: Bitcoin's historical performance has shown resilience and recovery after periods of regulatory pressure and market corrections.

**[Potential Concerns]:
1. **Mt. Gox Payout**: The looming $9 billion Mt. Gox payout may introduce significant selling pressure, potentially leading to a price correction.
2. **Regulatory Pressure**: Increasing U.S. regulatory pressure, as indicated by the SEC's warning to Robinhood, may create uncertainty and dampen market enthusiasm.
3. **Market Correction**: Bitcoin's recent price decrease and the worst month since the FTX crash suggest a potential market correction, which may continue in the coming week.

**[Prediction & Analysis]:
While developments in mining and layer 2 growth indicate a strengthening Bitcoin network, the looming Mt. Gox payout and increasing regulatory pressure may introduce significant sell-off risks. The recent market correction and historical trends suggest a potential continuation of this trend. However, Bitcoin's historical resilience and the positive developments may provide support, potentially leading to a modest price increase in the coming week.

---"
"[Cryptocurrency Introduction]: Bitcoin (BTC) is a cryptocurrency launched in 2010. Users are able to generate BTC through the process of mining. Bitcoin has a current supply of 19,873,353. The last known price of Bitcoin is 104,632.24890669 USD and is up 0.57 over the last 24 hours. It is currently trading on 12206 active market(s) with $40,409,929,770.26 traded over the last 24 hours. More information can be found at https://bitcoin.org/.. It has a market capilization of 2074764509184.

From 2024-04-26 to 2024-05-03, BTC-USD's stock price decreased from 63755.32 to 62889.84. News during this period are listed below:

[Headline]: Bitcoin's Ethereum-Style Programmability Could Come in 12 Months, Rootstock Founder Says
[Summary]: Rootstock's new plan to bring programmability to Bitcoin could unfold over the next 12 months.

The project could lead to the development of layer-2 networks atop Bitcoin without requiring any major c...

[Headline]: MicroStrategy Now Holds $13.6B Worth of Bitcoin, 1% of Total Circulating Supply: Canaccord 
[Summary]: Canaccord cut its price target for MicroStrategy to $1,590 from $1,810.

The company bought more bitcoin in the first quarter and now owns a total of 214,400 BTC worth about $13.6 billion, the report ...

[Headline]: Bitcoin Set to Become More Dominant Even as BTC Stares at First Monthly Loss Since August
[Summary]: Bitcoin is about to snap a seven-month winning streak due to several factors, including a slowdown in demand for spot ETFs.

According to Fairlead Strategies, Bitcoin’s dominance rate has risen past a...

[Headline]: Bitcoin Trades At Slight Premium in Yen Terms Amid Suspected BOJ Intervention
[Summary]: BTC drew a slight premium in Japanese markets on Monday as the yen swung wildly in holiday-thinned trading.

FX volatility is on the rise, and it could impact the crypto market, one observer said.

Bi...

[Headline]: Bitcoin ETF Slowdown Is a Short-Term Pause Not the Beginning of a Negative Trend: Bernstein
[Summary]: Bitcoin ETF slowdown is a short-term pause not the beginning of a negative trend, the report said.

Broker’s expectation of a bitcoin high of $150,000 by 2025 remains the same.

The bitcoin mining cyc...

From 2024-05-03 to 2024-05-10, BTC-USD's stock price decreased from 62889.84 to 60792.78. News during this period are listed below:

[Headline]: Kgothatso Ngako: How I Brought the Machankura Bitcoin App to Africa
[Summary]: Ever since Satoshi Nakamoto dropped the white paper, one of the selling points of bitcoin has been, “You don’t need a bank. All you need is a smartphone.”

But what if you don’t have a smartphone?

Th...

[Headline]: First Mover Americas: Bitcoin Settles Into $63K-$64K Range
[Summary]: This article originally appeared in First Mover, CoinDesk’s daily newsletter, putting the latest moves in crypto markets in context. Subscribe to get it in your inbox every day.

Latest Prices

Top St...

[Headline]: Bitcoin Slips to $63K as Crypto Market Faces More U.S. Regulatory Pressure
[Summary]: Digital assets performed mixed, with BTC sinking 1.5% while Solana's SOL and XRP gaining most among crypto majors.

Robinhood disclosed its crypto arm received warning from the SEC that could foreshad...

[Headline]: First Mover Americas: Bitcoin Nears $65,000 Amid Strong Crypto Rebound
[Summary]: This article originally appeared in First Mover, CoinDesk’s daily newsletter, putting the latest moves in crypto markets in context. Subscribe to get it in your inbox every day.

Latest Prices

Top St...

[Headline]: First Mover Americas: Bitcoin Hovers Around $59K to End Week
[Summary]: This article originally appeared in First Mover, CoinDesk’s daily newsletter, putting the latest moves in crypto markets in context. Subscribe to get it in your inbox every day.

Latest Prices

Top St...

From 2024-05-10 to 2024-05-17, BTC-USD's stock price increased from 60792.78 to 67051.88. News during this period are listed below:

[Headline]: Bitcoin Mining Cost Drops to $45K as Inefficient Miners Exit: JPMorgan
[Summary]: JPMorgan estimates that the current mining cost for bitcoin miners is around $45,000.

The launch of the Runes protocol meant the hashrate didn’t immediately fall post-halving as expected, the report ...

[Headline]: Bitcoin Has Best Day in 2 Months as Markets Anticipate a ‘Summer of Easing'
[Summary]: BTC rose over 7.5% on Wednesday, capping its best performance since March 20.

Weak U.S. data strengthened the case of a Fed rate cut in September.

The BOE and ECB are likely to cut rates in June.

B...

[Headline]: U.S. CPI Softer Than Expected at 0.3% in April; Bitcoin Rises to $63.7K
[Summary]: Both the headline and core rates of inflation fell modestly in April

April retail sales data was also showed some softness

Under pressure of late on ideas that interest rates were likely to stay hig...

[Headline]: Bitcoin Nears $63K as Bulls Chew Through 'Taker Selling' 
[Summary]: According to pseudonymous analyst Skew, “Taker selling” over Binance is matched by spot buying on Coinbase and Bitfinex.

The dollar index drops ahead of the pivotal U.S. CPI release.

Bitcoin {{BTC}}...

[Headline]: First Mover Americas: Bitcoin Dips Below $62K Ahead of U.S. Inflation Figures
[Summary]: This article originally appeared in First Mover, CoinDesk’s daily newsletter, putting the latest moves in crypto markets in context. Subscribe to get it in your inbox every day.

Latest Prices

Top St...

From 2024-05-17 to 2024-05-24, BTC-USD's stock price increased from 67051.88 to 68526.10. News during this period are listed below:

[Headline]: Expanding Horizons: Looking Beyond Bitcoin
[Summary]: Jason Leibowitz, Head of Private Wealth at Hashnote, discusses the evolution of the crypto market and the forward-looking strategies implemented by Hashnote to navigate this dynamic landscape.

The in...

[Headline]: Happy Bitcoin Pizza Day
[Summary]: On May 22, 2010, Florida-resident Laszlo Hanyecz paid 10,000 bitcoin {{BTC}} for two Papa Johns pizzas in what is largely considered to be the first purchase ever made with the then experiential digit...

[Headline]: Bitcoin Breaks Out Above $68K as Solana's 7% Gain Leads Crypto Rally
[Summary]: A Monday rally during the U.S. trading day put an end to what had been very muted crypto price action over the previous 72 hours, pushing bitcoin {{BTC}} above $68,000 for the first time in more than ...

[Headline]: Bitcoin Traders Target $74K Next Week as BTC Spot ETFs Log Four Days of Inflows
[Summary]: Bitcoin could potentially surpass its all-time highs of $74,000 as early as next week due to increasing institutional demand and risk appetite for assets.

The U.S.-listed spot exchange-traded funds (...

[Headline]: Institutions Still Skeptical of a Near-Term Bitcoin Price Rally, CME Options Data Show
[Summary]: CME’s bitcoin options show investors continue to pay a premium for short-dated protective put options after Wednesday’s U.S. CPI release.

A broader outlook appears constructive, with longer-dated cal...



Based on all the information before 2024-05-24, let's first analyze the positive developments and potential concerns for BTC-USD. Come up with 2-4 most important factors respectively and keep them concise. Most factors should be inferred from cryptocurrencies related news. Then let's assume your prediction for next week (2024-05-24 to 2024-05-31) is down by 1-2%. Provide a summary analysis to support your prediction. The prediction result need to be inferred from your analysis at the end, and thus not appearing as a foundational factor of your analysis.","**[Positive Developments]:
1. **Programmability**: Rootstock's plan to bring programmability to Bitcoin could unlock new use cases and drive adoption.
2. **MicroStrategy Holdings**: MicroStrategy's significant Bitcoin holdings indicate strong institutional interest and confidence in Bitcoin's long-term potential.
3. **Dominance Rate**: Bitcoin's increasing dominance rate suggests growing market share and investor preference for Bitcoin over other cryptocurrencies.

**[Potential Concerns]:
1. **ETF Slowdown**: The slowdown in Bitcoin ETF demand may indicate waning institutional interest, which could impact market liquidity and support.
2. **Regulatory Uncertainty**: The focus on regulatory developments, such as the BOJ intervention and U.S. regulatory pressure, may create market uncertainty and dampen investor sentiment.
3. **Monthly Loss**: Bitcoin's potential monthly loss may indicate a short-term bearish trend, which could continue in the coming week.

**[Prediction & Analysis]:
The potential for increased programmability and strong institutional holdings suggest a bullish outlook for Bitcoin. However, the slowdown in ETF demand and regulatory uncertainty may introduce sell-off risks. The potential monthly loss and historical trends suggest a possible continuation of the bearish trend. Despite the positive developments, the combination of potential concerns may result in a modest price correction in the coming week."
"[Cryptocurrency Introduction]: Bitcoin (BTC) is a cryptocurrency launched in 2010. Users are able to generate BTC through the process of mining. Bitcoin has a current supply of 19,873,353. The last known price of Bitcoin is 104,632.24890669 USD and is up 0.57 over the last 24 hours. It is currently trading on 12206 active market(s) with $40,409,929,770.26 traded over the last 24 hours. More information can be found at https://bitcoin.org/.. It has a market capilization of 2074764509184.

From 2024-05-24 to 2024-05-31, BTC-USD's stock price decreased from 68526.10 to 67491.41. News during this period are listed below:

[Headline]: Franklin Templeton's Jenny Johnson on Bitcoin ETFs, RWA Tokenization and Blockchain's Potential for TradFi
[Summary]: AUSTIN, TX — Franklin Templeton, the $1.6 trillion asset manager based in Silicon Valley, has been at the forefront of traditional finance heavyweights pushing into the digital asset space.

""We have ...

[Headline]: NYSE Plans Bitcoin Options, Bringing Another TradFi Giant Into Crypto
[Summary]: The New York Stock Exchange plans to list index options tracking the price of bitcoin {{BTC}}, bringing another traditional finance giant into the cryptocurrency space.

The cash-settled derivatives w...

[Headline]: Medical Device Maker Semler Scientific Stock Rises 25% After $40M Bitcoin Investment
[Summary]: Semler Scientific (SMLR) disclosed the purchase of 581 bitcoins {{BTC}} for its treasury, sending its stock price higher by 25% in early U.S. trading hours Tuesday.

The sub-$200 million market cap (p...

[Headline]: Bitcoin and Ether ETF Markets Expected to Grow to $450B: Bernstein
[Summary]: The bitcoin and ether ETF markets are expected to grow to $450 billion in total, the report said.

Bernstein said this suggests flows of more than $100 billion in the next two years into crypto ETFs.
...

[Headline]: Bitcoin Miner Marathon Digital Signs Deal With Kenya to Invest in Green Energy Projects
[Summary]: Bitcoin {{BTC}} mining company Marathon Digital (MARA) struck a deal Friday with the Ministry of Energy and Petroleum of Kenya to develop the African country's energy infrastructure with over $80 mill...



Based on all the information before 2024-05-31, let's first analyze the positive developments and potential concerns for BTC-USD. Come up with 2-4 most important factors respectively and keep them concise. Most factors should be inferred from cryptocurrencies related news. Then let's assume your prediction for next week (2024-05-31 to 2024-06-07) is up by 2-3%. Provide a summary analysis to support your prediction. The prediction result need to be inferred from your analysis at the end, and thus not appearing as a foundational factor of your analysis.","**[Positive Developments]:**
1. **Institutional Interest**: Franklin Templeton and NYSE's plans to enter the crypto space indicate growing institutional interest in Bitcoin.
2. **Corporate Investment**: Semler Scientific's investment in Bitcoin shows increasing corporate adoption and confidence in the cryptocurrency.
3. **ETF Market Growth**: Bernstein's prediction of the Bitcoin and Ether ETF markets growing to $450 billion suggests significant inflows into the crypto market.
4. **Green Energy Initiatives**: Marathon Digital's investment in green energy projects in Kenya demonstrates a commitment to sustainable Bitcoin mining.

**[Potential Concerns]:**
1. **Market Volatility**: The decrease in BTC-USD's stock price from 68526.10 to 67491.41 indicates market volatility and potential downward pressure.
2. **Regulatory Uncertainty**: The ongoing discussions and decisions related to Bitcoin ETFs by the SEC introduce regulatory uncertainty.
3. **Meme Token Distraction**: The surge in meme tokens like SHIB may divert investment away from Bitcoin in the short term.
4. **Market Sentiment**: Profit-taking around the $70K level suggests cautious market sentiment, which could limit upward momentum.

**[Prediction & Analysis]:**
The upcoming week is likely to see a modest increase in Bitcoin's price by 2-3%. The growing institutional interest and corporate adoption, as evidenced by Franklin Templeton, NYSE, and Semler Scientific, are strong bullish indicators. Additionally, the predicted growth of the ETF market and Marathon Digital's green energy initiatives contribute to a positive outlook. However, market volatility and regulatory uncertainty may temper these gains. The recent profit-taking and the distraction of meme tokens could also limit upward movement, but the overall trend remains bullish."
"[Cryptocurrency Introduction]: Bitcoin (BTC) is a cryptocurrency launched in 2010. Users are able to generate BTC through the process of mining. Bitcoin has a current supply of 19,873,353. The last known price of Bitcoin is 104,632.24890669 USD and is up 0.57 over the last 24 hours. It is currently trading on 12206 active market(s) with $40,409,929,770.26 traded over the last 24 hours. More information can be found at https://bitcoin.org/.. It has a market capilization of 2074764509184.

From 2024-05-17 to 2024-05-24, BTC-USD's stock price increased from 67051.88 to 68526.10. News during this period are listed below:

[Headline]: U.S. Bitcoin ETF Holdings Hit New High of More Than 850K Tokens
[Summary]: U.S.-listed spot bitcoin exchange-traded funds yesterday reached new record by holdings with more than 850,000 BTC in custody, surpassing the previous high above 845,000 BTC from early April.

Among E...

[Headline]: Bitcoin, Ether in Stasis as SEC ETF Decision Looms, Nvidia Hits Record High
[Summary]: BTC, ETH keep recent gains ahead of the SEC's decision on VanEck's ether ETF application.

The sharp narrowing in the Grayscale Ethereum Trust's discount suggests a 90% probability of an ETF approval,...

[Headline]: BlackRock's Spot Bitcoin ETF Records Biggest Inflows Since April as BTC Hovers at $70K 
[Summary]: BlackRock’s IBIT product experienced a significant inflow of over $290 million on Tuesday, marking its highest one-day inflow this month and since April.

Overall, ETFs saw nearly $300 million in net ...

[Headline]: Research Firm Favors Bitcoin 'Covered Strangle' Strategy to Enhance Portfolio Yield by 17%
[Summary]: 10x Research suggests selling out-of-the-money (OTM) call and put options tied to bitcoin while holding the cryptocurrency in the spot market.

The so-called covered strangle strategy will generate a ...

[Headline]: Bitcoin Rises Above $67K, but Lags Broader Crypto Market as ETH, SOL, LINK Post Big Gains
[Summary]: The price of bitcoin {{BTC}} has nudged above the $67,000 level for the first time in nearly one month as animal spirits in cryptocurrencies return following eight weeks of sideways-to-lower action.

...

From 2024-05-24 to 2024-05-31, BTC-USD's stock price decreased from 68526.10 to 67491.41. News during this period are listed below:

[Headline]: Franklin Templeton's Jenny Johnson on Bitcoin ETFs, RWA Tokenization and Blockchain's Potential for TradFi
[Summary]: AUSTIN, TX — Franklin Templeton, the $1.6 trillion asset manager based in Silicon Valley, has been at the forefront of traditional finance heavyweights pushing into the digital asset space.

""We have ...

[Headline]: Ether Spot ETFs to See Much Lower Demand Than Bitcoin Versions, JPMorgan Says
[Summary]: Spot ether exchange-traded funds are likely to see much lower demand than the bitcoin ETFs, the bank said.

JPMorgan said bitcoin had the first mover advantage.

The ether funds could see inflows of a...

[Headline]: Bitcoin, Ether Prices Ease as SHIB Drives Gains in Meme Tokens
[Summary]: Bitcoin and ether prices fell slightly while meme tokens saw significant gains.

The surge in meme coins such as shiba inu, was probably driven by Asia-based traders and linked to the excitement aroun...

[Headline]: Bitcoin and Ether ETF Markets Expected to Grow to $450B: Bernstein
[Summary]: The bitcoin and ether ETF markets are expected to grow to $450 billion in total, the report said.

Bernstein said this suggests flows of more than $100 billion in the next two years into crypto ETFs.
...

[Headline]: Bitcoin Miner Marathon Digital Signs Deal With Kenya to Invest in Green Energy Projects
[Summary]: Bitcoin {{BTC}} mining company Marathon Digital (MARA) struck a deal Friday with the Ministry of Energy and Petroleum of Kenya to develop the African country's energy infrastructure with over $80 mill...

From 2024-05-31 to 2024-06-07, BTC-USD's stock price increased from 67491.41 to 69342.59. News during this period are listed below:

[Headline]: Medical Device Maker Semler Scientific Buys $17 Million More Bitcoin and Is Raising Money to Purchase More
[Summary]: Semler Scientific is continuing to add bitcoin to its treasury with a $17 million purchase and an announcement that it's raising $150 million so it can buy more.

Its May announcement of a $40 million...

[Headline]: Bitcoin Falls Back After Attempt at $72K, but Fed, U.S. Data and Global Rate Cuts May Bring New All-Time Highs
[Summary]: Bitcoin spot selling on exchanges weighed on prices with a built up of short derivatives positions around the $72,000 level, one observer noted.

Soft U.S. economic data, rate cuts could foreshadow do...

[Headline]: Bitcoin Crosses $71K as BTC ETFs See $880M Inflows in Best Day Since March
[Summary]: U.S.-listed spot bitcoin ETFs saw over $880 million in inflows on Tuesday, led by Fidelity's FBTC.

Bitcoin rose over $71,000 in Asian trading hours, adding 3% in the past 24 hours, with the CoinDesk ...

[Headline]: Bitcoin Layer 2 Ark Protocol's Team Forms New Firm as Lightning Network Competitor
[Summary]: Ark Labs has been established to respond to the need for scalable, low-cost bitcoin payments.

Ark's creator Burak Keceli has moved on to other things, but the protocol and now Ark Labs is continuing ...

[Headline]: Bitcoin Sees Profit-Taking Around $70K Amid ‘Stubbornly Bullish’ Sentiment
[Summary]: Bitcoin price dipped to $69,200 amidst profit-taking and broader U.S. stock market movements.

Despite negative news, sentiment remains bullish due to long-term holder conviction and anticipation of f...



Based on all the information before 2024-06-07, let's first analyze the positive developments and potential concerns for BTC-USD. Come up with 2-4 most important factors respectively and keep them concise. Most factors should be inferred from cryptocurrencies related news. Then let's assume your prediction for next week (2024-06-07 to 2024-06-14) is down by 4-5%. Provide a summary analysis to support your prediction. The prediction result need to be inferred from your analysis at the end, and thus not appearing as a foundational factor of your analysis.","**[Positive Developments]:**
1. **ETF Inflows**: Record high holdings in U.S. Bitcoin ETFs and significant inflows into BlackRock's spot Bitcoin ETF indicate strong institutional demand.
2. **ETF Approval**: The high probability of SEC approval for VanEck's ether ETF suggests a favorable regulatory environment for crypto ETFs.
3. **Corporate Adoption**: Semler Scientific's continued investment in Bitcoin demonstrates increasing corporate adoption and confidence.
4. **Market Growth**: Bernstein's prediction of the Bitcoin and Ether ETF markets growing to $450 billion suggests significant potential inflows.

**[Potential Concerns]:**
1. **Market Volatility**: The decrease in BTC-USD's stock price from 67491.41 to 69342.59 indicates ongoing market volatility.
2. **Regulatory Uncertainty**: The looming SEC decision on VanEck's ether ETF introduces regulatory uncertainty, which could impact market sentiment.
3. **Meme Token Distraction**: The surge in meme tokens like DOG may divert investment away from Bitcoin in the short term.
4. **Profit-Taking**: Significant profit-taking around key resistance levels suggests cautious market sentiment, which could limit upward momentum.

**[Prediction & Analysis]:**
The upcoming week is likely to see a decrease in Bitcoin's price by 4-5%. Despite strong institutional demand and corporate adoption, regulatory uncertainty and market volatility pose significant challenges. The looming SEC decision on VanEck's ether ETF and the distraction of meme tokens contribute to a cautious market sentiment. Additionally, significant profit-taking around key resistance levels suggests a potential downward correction. While long-term indicators remain bullish, short-term concerns are likely to drive a temporary price decrease."
"[Cryptocurrency Introduction]: Bitcoin (BTC) is a cryptocurrency launched in 2010. Users are able to generate BTC through the process of mining. Bitcoin has a current supply of 19,873,353. The last known price of Bitcoin is 104,632.24890669 USD and is up 0.57 over the last 24 hours. It is currently trading on 12206 active market(s) with $40,409,929,770.26 traded over the last 24 hours. More information can be found at https://bitcoin.org/.. It has a market capilization of 2074764509184.

From 2024-05-31 to 2024-06-07, BTC-USD's stock price increased from 67491.41 to 69342.59. News during this period are listed below:

[Headline]: Crypto Exchange DMM Bitcoin to Raise $320M to Pay Back Hack Victims
[Summary]: DMM Bitcoin will raise 7 billion yen ($44 million) through loans and 48 billion yen through a capital increase.

The capital will be used to purchase bitcoin and pay back users who held BTC on the exc...

[Headline]: Bitcoin Crosses $71K as BTC ETFs See $880M Inflows in Best Day Since March
[Summary]: U.S.-listed spot bitcoin ETFs saw over $880 million in inflows on Tuesday, led by Fidelity's FBTC.

Bitcoin rose over $71,000 in Asian trading hours, adding 3% in the past 24 hours, with the CoinDesk ...

[Headline]: Uniswap, Starknet, BNB Lead Altcoin Gains as Bitcoin Hits $71K
[Summary]: Bitcoin hit a two-week high above $71,000 before paring gains, up 1.5%.

May ISM manufacturing data showed a slowing U.S. economy, buoying rate cut expectations.

Bitcoin miners CORZ, WULF, BTDR booke...

[Headline]: Bitcoin-Based Meme Coin DOG Rockets Toward $1B Market Cap
[Summary]: DOG market cap is approaching $1 billion following a 200% rise in the past month.

It is the largest meme coin on the Bitcoin blockchain and the seventh largest overall.

The rally comes after a 60% d...

[Headline]: Bitcoin Miner Core Scientific Surges After AI Deal, Report of Over $1B Buyout Offer From CoreWeave
[Summary]: Bitcoin miner Core Scientific's (CORZ) shares surged as much as 40% in pre-market trading after cloud computing firm CoreWeave signed a 200 megawatts (MW) artificial intelligence (AI) deal and was als...

From 2024-06-07 to 2024-06-14, BTC-USD's stock price decreased from 69342.59 to 66011.09. News during this period are listed below:

[Headline]: First Mover Americas: Bitcoin Holds $67K, CRV Slides
[Summary]: This article originally appeared in First Mover, CoinDesk’s daily newsletter, putting the latest moves in crypto markets in context. Subscribe to get it in your inbox every day.

Latest Prices

Top St...

[Headline]: ERCOT CEO: Texas' Power Grid Needs Larger Increase Than Expected to Handle AI, Bitcoin Mining
[Summary]: Texas recently revised estimates of how much capacity its grid will need, citing demand from AI and bitcoin mining.

The political climate towards these two industries is souring because of increased ...

[Headline]: Stick With Bitcoin, 10x Research Says After Fed Predicts Just One Rate Cut For 2024
[Summary]: BTC tends to rally after softer-than-expected CPI releases, 10x said.

The Fed will eventually signal more rate cuts, the research firm added.

ETF inflows resumed Wednesday as U.S. inflation came in ...

[Headline]: Explaining Bitcoin's Dull Price Action Amid Record ETF Inflows
[Summary]: ETF Inflows appear to be a part of non-direction cash and carry strategy and do not necessarily represent outright bullish bets.

Stablecoin inflows have slowed as well.

Crypto market observers are i...

[Headline]: First Mover Americas: Bitcoin Futures Positions Top Record $37B as Analysts Predict Bitcoin Surge to $83K
[Summary]: This article originally appeared in First Mover, CoinDesk’s daily newsletter, putting the latest moves in crypto markets in context. Subscribe to get it in your inbox every day.

Latest Prices

Top St...



Based on all the information before 2024-06-14, let's first analyze the positive developments and potential concerns for BTC-USD. Come up with 2-4 most important factors respectively and keep them concise. Most factors should be inferred from cryptocurrencies related news. Then let's assume your prediction for next week (2024-06-14 to 2024-06-21) is down by 2-3%. Provide a summary analysis to support your prediction. The prediction result need to be inferred from your analysis at the end, and thus not appearing as a foundational factor of your analysis.","**[Positive Developments]:**
1. **ETF Inflows**: Significant inflows into U.S.-listed spot Bitcoin ETFs, with over $880 million recorded in a single day, indicate strong institutional demand.
2. **Corporate Adoption**: Semler Scientific's continued investment in Bitcoin demonstrates increasing corporate adoption and confidence.
3. **Market Growth**: The Bitcoin and Ether ETF markets are expected to grow to $450 billion, suggesting significant potential inflows.
4. **Scalability Solutions**: The formation of Ark Labs to address scalable, low-cost Bitcoin payments highlights ongoing innovation in the Bitcoin ecosystem.

**[Potential Concerns]:**
1. **Market Volatility**: The decrease in BTC-USD's stock price from 69342.59 to 66011.09 indicates ongoing market volatility.
2. **Regulatory Uncertainty**: The political climate towards AI and Bitcoin mining in Texas introduces regulatory uncertainty, which could impact market sentiment.
3. **Stablecoin Inflows**: The slowing of stablecoin inflows suggests cautious market sentiment, which could limit upward momentum.
4. **Profit-Taking**: Significant profit-taking around key resistance levels suggests a potential downward correction.

**[Prediction & Analysis]:**
The upcoming week is likely to see a decrease in Bitcoin's price by 2-3%. Despite strong institutional demand and corporate adoption, market volatility and regulatory uncertainty pose significant challenges. The political climate towards AI and Bitcoin mining in Texas introduces additional uncertainty. Furthermore, the slowing of stablecoin inflows and significant profit-taking around key resistance levels suggest a cautious market sentiment. While long-term indicators remain bullish, short-term concerns are likely to drive a temporary price decrease."
"[Cryptocurrency Introduction]: Bitcoin (BTC) is a cryptocurrency launched in 2010. Users are able to generate BTC through the process of mining. Bitcoin has a current supply of 19,873,353. The last known price of Bitcoin is 104,632.24890669 USD and is up 0.57 over the last 24 hours. It is currently trading on 12206 active market(s) with $40,409,929,770.26 traded over the last 24 hours. More information can be found at https://bitcoin.org/.. It has a market capilization of 2074764509184.

From 2024-06-07 to 2024-06-14, BTC-USD's stock price decreased from 69342.59 to 66011.09. News during this period are listed below:

[Headline]: First Mover Americas: Bitcoin Holds $67K, CRV Slides
[Summary]: This article originally appeared in First Mover, CoinDesk’s daily newsletter, putting the latest moves in crypto markets in context. Subscribe to get it in your inbox every day.

Latest Prices

Top St...

[Headline]: MicroStrategy Proposes $500M Convertible Notes to Boost Bitcoin Stash
[Summary]: MicroStrategy proposes $500 million debt sale to boost BTC stash.

The Nasdaq-listed firm currently holds 214,400 BTC.

Nasdaq-listed business intelligence firm and bitcoin holder MicroStrategy (MSTR)...

[Headline]: Bitcoin ETFs See $200M Net Outflows in Fed, CPI Jitters
[Summary]: U.S.-listed spot bitcoin exchange-traded funds (ETFs) recorded the second consecutive day of outflows driven by Grayscale's GBTC.

The outflows are likely due to traders derisking ahead of U.S. CPI an...

[Headline]: Bitcoin Slips Below $68K as ETFs Bleed $64M, Asian Stocks Decline
[Summary]: BTC, Asian stocks traded lower Tuesday as prices for the safe haven Treasuries rose.

The U.S.-listed spot BTC ETFs registered a cumulative outflow of over $64 million on Monday.

It was a risk-off da...

[Headline]: Bitcoin, Ether Little Changed Over Weekend After $400M Liquidation Rout
[Summary]: Analysts expect increased market volatility in the upcoming week due to key macroeconomic events such as the CPI release and a speech by Janet Yellen.

The crypto market experienced a downturn followi...

From 2024-06-14 to 2024-06-21, BTC-USD's stock price decreased from 66011.09 to 64096.20. News during this period are listed below:

[Headline]: Bitcoin, Crypto-Related Stocks Are Ripe for Institutional Adoption: Bernstein
[Summary]: Crypto markets are on the cusp of further institutional adoption, the broker said.

Spot bitcoin ETFs will be approved by major wirehouses and large private bank platforms in the third and fourth quar...

[Headline]: Dogecoin, Solana Lead Crypto Majors Plunge as Bitcoin Falls Below $66K
[Summary]: Major tokens, including Bitcoin and Ether, experienced significant declines in Asian trading hours on Tuesday. This was influenced by ongoing profit-taking and outflows from U.S.-listed Bitcoin ETFs, ...

[Headline]: Australian Securities Exchange Gives Its First Approval of a Spot Bitcoin Listing to VanEck
[Summary]: The Australian Securities Exchange has approved the listing of its first spot-bitcoin ETF.

The fund primarily acts as a 'feeder fund' employing a passive management strategy, the product disclosure s...

[Headline]: Bitcoin Traders See Short-Term Bearish Target at $60K as Miners Pare Holdings
[Summary]: Traders anticipate a deeper drop for bitcoin (BTC) in the coming weeks, despite a strong equity market and favorable U.S. crypto policies, pointing to selling activity from miners and general profit t...

[Headline]: Here's Why Bitcoin's Not Keeping Pace With Nasdaq
[Summary]: Bitcoin lost 6% in one week even as Nasdaq climbed to an all-time high.

Crypto-specific factors like profit-taking by holders and increased selling by miners seem to be holding back the BTC price.

B...



Based on all the information before 2024-06-21, let's first analyze the positive developments and potential concerns for BTC-USD. Come up with 2-4 most important factors respectively and keep them concise. Most factors should be inferred from cryptocurrencies related news. Then let's assume your prediction for next week (2024-06-21 to 2024-06-28) is down by more than 5%. Provide a summary analysis to support your prediction. The prediction result need to be inferred from your analysis at the end, and thus not appearing as a foundational factor of your analysis.","**[Positive Developments]:**
1. **Institutional Adoption**: Bernstein's report suggests that crypto markets are on the cusp of further institutional adoption, with spot Bitcoin ETFs expected to be approved by major wirehouses.
2. **Corporate Investment**: MicroStrategy's proposal to raise $500 million to boost its Bitcoin stash demonstrates strong corporate investment and confidence.
3. **Market Growth**: The Australian Securities Exchange's approval of its first spot-Bitcoin ETF indicates expanding market access and potential inflows.
4. **Innovation**: The formation of Ark Labs to address scalable, low-cost Bitcoin payments highlights ongoing innovation in the Bitcoin ecosystem.

**[Potential Concerns]:**
1. **Market Volatility**: The decrease in BTC-USD's stock price from 66011.09 to 64096.20 indicates ongoing market volatility.
2. **ETF Outflows**: Significant outflows from U.S.-listed spot Bitcoin ETFs, totaling over $200 million, suggest cautious market sentiment.
3. **Miner Selling**: Bitcoin miners paring holdings and general profit-taking indicate potential downward pressure on the price.
4. **Regulatory Uncertainty**: The upcoming CPI release and speech by Janet Yellen introduce regulatory uncertainty, which could impact market sentiment.

**[Prediction & Analysis]:**
The upcoming week is likely to see a decrease in Bitcoin's price by more than 5%. Despite strong institutional adoption and corporate investment, market volatility and significant ETF outflows pose considerable challenges. The cautious market sentiment is exacerbated by Bitcoin miners paring holdings and general profit-taking. Additionally, the upcoming CPI release and speech by Janet Yellen introduce regulatory uncertainty. While long-term indicators remain bullish, short-term concerns are likely to drive a more significant price decrease."
"[Cryptocurrency Introduction]: Bitcoin (BTC) is a cryptocurrency launched in 2010. Users are able to generate BTC through the process of mining. Bitcoin has a current supply of 19,873,353. The last known price of Bitcoin is 104,632.24890669 USD and is up 0.57 over the last 24 hours. It is currently trading on 12206 active market(s) with $40,409,929,770.26 traded over the last 24 hours. More information can be found at https://bitcoin.org/.. It has a market capilization of 2074764509184.

From 2024-06-07 to 2024-06-14, BTC-USD's stock price decreased from 69342.59 to 66011.09. News during this period are listed below:

[Headline]: Bitcoin Mining Stabilizes Power Grids Strained by AI Data Centers
[Summary]: Microsoft is building huge AI data centers in Arizona and Wisconsin to provide the infrastructure for powering this transformational technology. And AI is hot — literally.

Such data centers put a sev...

[Headline]: Trump's Appeal to Bitcoin Miners Is a Wakeup Call for Crypto to Stay Apolitical
[Summary]: Former President Donald Trump is calling for a domestic bitcoin mining industry to develop in the U.S. Perhaps with a bit of hyperbole, the Republican presidential candidate said Tuesday he wants “all...

[Headline]: Donald Trump Says He Wants All Remaining Bitcoin to Be 'Made in USA'
[Summary]: Donald Trump wants to mine all the remaining BTC in the U.S.

The Republican presidential candidate sees BTC as the last line of defense against a central bank digital currency (CBDC).

Republican pre...

[Headline]: Payrolls-Led Bitcoin, Ether Price Swoon Is 'Buy the Dip' Opportunity, Crypto Trading Firm Says
[Summary]: BTC, ETH's post-payrolls report price drop is a good opportunity to buy the dip, QCP said.

The Fed will find it difficult to ignore G7 interest-rate cuts, the trading firm added.

Bitcoin {{BTC}} and...

[Headline]: Bitcoin Could Lift to $83K in the Coming Days, Analyst Says
[Summary]: 10x Research projects a rally to $83,000 based on technical analysis.

The bullish breakout is likely to happen on Friday or next week.

Bitcoin {{BTC}} may be setting up for a rise to $83,000 as it c...

From 2024-06-14 to 2024-06-21, BTC-USD's stock price decreased from 66011.09 to 64096.20. News during this period are listed below:

[Headline]: Michael Saylor's MicroStrategy Acquires 11.9K More Bitcoin for $786M
[Summary]: Nasdaq-listed software firm MicroStrategy (MSTR), the largest corporate holder of bitcoin {{BTC}}, has acquired another 11,931 BTC for $786 million, according to a Thursday morning press release.

Led...

[Headline]: Bitcoin, Crypto-Related Stocks Are Ripe for Institutional Adoption: Bernstein
[Summary]: Crypto markets are on the cusp of further institutional adoption, the broker said.

Spot bitcoin ETFs will be approved by major wirehouses and large private bank platforms in the third and fourth quar...

[Headline]: Dogecoin, Solana Lead Crypto Majors Plunge as Bitcoin Falls Below $66K
[Summary]: Major tokens, including Bitcoin and Ether, experienced significant declines in Asian trading hours on Tuesday. This was influenced by ongoing profit-taking and outflows from U.S.-listed Bitcoin ETFs, ...

[Headline]: Bitcoin Traders See Short-Term Bearish Target at $60K as Miners Pare Holdings
[Summary]: Traders anticipate a deeper drop for bitcoin (BTC) in the coming weeks, despite a strong equity market and favorable U.S. crypto policies, pointing to selling activity from miners and general profit t...

[Headline]: Bitcoin Could Hit $1M Within 10 Years, Bernstein Says as It Initiates Coverage of MicroStrategy
[Summary]: The bitcoin price could hit $1 million by 2033 and is likely to reach a $200,000 cycle-high by 2025.

MicroStrategy initiated as outperform with a $2,890 price target at Bernstein.

The software compa...

From 2024-06-21 to 2024-06-28, BTC-USD's stock price decreased from 64096.20 to 60320.14. News during this period are listed below:

[Headline]: Bitcoin Threatens $60K on Mt. Gox News, but Sales Could Be Less Than Feared
[Summary]: Bitcoin {{BTC}} is leading crypto prices sharply lower Monday after the trustee for the defunct Mt. Gox crypto exchange said it will begin returning more than 140,000 BTC in July to clients whose asse...

[Headline]: Bitcoin Miner Riot Platforms Ditches Bitfarms Takeover Bid, Seeks to Overhaul Board
[Summary]: Bitcoin miner Riot Platforms (RIOT) dropped its proposal to buy peer Bitfarms (BITF) and is looking to overhaul the board before engaging in further takeover attempts.

""Over the course of more than a...

[Headline]: Japan’s Metaplanet Wants to Buy Another $6M Bitcoin
[Summary]: Metaplanet plans to increase its bitcoin holdings by purchasing an additional $6 million worth of BTC, adding to its existing $9 million investment.

The funds for the purchase will come from an upcom...

[Headline]: Bitcoin Slumps Under $64K Amid Historic ‘Negative’ Sentiment
[Summary]: Bitcoin's {{BTC}} slow bleed lower over the past weeks has sped up Friday, the price dipping more than 3% in the past 24 hours to slide to about a five-week low of $63,700, now lower by 9% over the pa...

[Headline]: First Mover Americas: Bitcoin Falls Below $64K Following $900M in ETF Outflows
[Summary]: This article originally appeared in First Mover, CoinDesk’s daily newsletter, putting the latest moves in crypto markets in context. Subscribe to get it in your inbox every day.

Latest Prices

Top St...



Based on all the information before 2024-06-28, let's first analyze the positive developments and potential concerns for BTC-USD. Come up with 2-4 most important factors respectively and keep them concise. Most factors should be inferred from cryptocurrencies related news. Then let's assume your prediction for next week (2024-06-28 to 2024-07-05) is down by more than 5%. Provide a summary analysis to support your prediction. The prediction result need to be inferred from your analysis at the end, and thus not appearing as a foundational factor of your analysis.","**[Positive Developments]:**
1. **Institutional Adoption**: Bernstein's report suggests that crypto markets are on the cusp of further institutional adoption, with spot Bitcoin ETFs expected to be approved by major wirehouses.
2. **Corporate Investment**: MicroStrategy's acquisition of 11,931 more Bitcoin demonstrates strong corporate investment and confidence.
3. **Long-Term Price Predictions**: Bernstein's prediction of Bitcoin hitting $1 million by 2033 and a cycle-high of $200,000 by 2025 suggests significant long-term potential.
4. **Innovation**: The formation of Ark Labs to address scalable, low-cost Bitcoin payments highlights ongoing innovation in the Bitcoin ecosystem.

**[Potential Concerns]:**
1. **Market Volatility**: The decrease in BTC-USD's stock price from 64096.20 to 60320.14 indicates ongoing market volatility.
2. **Mt. Gox News**: The trustee for the defunct Mt. Gox crypto exchange returning more than 140,000 BTC introduces market uncertainty and potential downward pressure.
3. **Miner Selling**: Bitcoin miners paring holdings and general profit-taking indicate potential downward pressure on the price.
4. **Historic Negative Sentiment**: Bitcoin's slow bleed lower over the past weeks and historic negative sentiment suggest a cautious market outlook.

**[Prediction & Analysis]:**
The upcoming week is likely to see a decrease in Bitcoin's price by more than 5%. Despite strong institutional adoption and corporate investment, market volatility and the Mt. Gox news pose significant challenges. The cautious market outlook is exacerbated by Bitcoin miners paring holdings and general profit-taking. Additionally, the historic negative sentiment and significant ETF outflows suggest a potential downward correction. While long-term indicators remain bullish, short-term concerns are likely to drive a more significant price decrease."
"[Cryptocurrency Introduction]: Bitcoin (BTC) is a cryptocurrency launched in 2010. Users are able to generate BTC through the process of mining. Bitcoin has a current supply of 19,873,353. The last known price of Bitcoin is 104,632.24890669 USD and is up 0.57 over the last 24 hours. It is currently trading on 12206 active market(s) with $40,409,929,770.26 traded over the last 24 hours. More information can be found at https://bitcoin.org/.. It has a market capilization of 2074764509184.

From 2024-06-14 to 2024-06-21, BTC-USD's stock price decreased from 66011.09 to 64096.20. News during this period are listed below:

[Headline]: VanEck's Spot Bitcoin ETF Goes Live on Australia's Biggest Stock Exchange
[Summary]: The VanEck Bitcoin ETF, which offers Australians a way of investing in bitcoin through exposure to the company's U.S. equivalent, debuted on Thursday.

The start of trading, weeks after an ETF from Mo...

[Headline]: Bitcoin Hashrate May Finally Slow as Miners Face Scorching Summer Heatwaves
[Summary]: Bitcoin hashrate and difficulty may fall during the North American summer months as miners curtail some of their operations.

Lower competition may provide some reprieve to miners who are already faci...

[Headline]: Bitcoin Bounces to $67K with BTC Miners Rallying 5%-10%; XRP Leads Altcoins
[Summary]: The digital asset market saw a quick reversal Monday with bitcoin {{BTC}} erasing an early decline to nearly $65,000 and returning to the $67,000 level for the time in three days.

The $65,000 area wa...

[Headline]: Bitcoin Plunges to $65K, Altcoins Bleed 10%-20% as Week Turns Ugly
[Summary]: What looked like prime time for crypto assets on softening inflation data has turned into an ugly week with bitcoin {{BTC}} tumbling to its weakest price in four weeks on Friday.

BTC tumbled more tha...

[Headline]: Bitcoin Could Hit $1M Within 10 Years, Bernstein Says as It Initiates Coverage of MicroStrategy
[Summary]: The bitcoin price could hit $1 million by 2033 and is likely to reach a $200,000 cycle-high by 2025.

MicroStrategy initiated as outperform with a $2,890 price target at Bernstein.

The software compa...

From 2024-06-21 to 2024-06-28, BTC-USD's stock price decreased from 64096.20 to 60320.14. News during this period are listed below:

[Headline]: Bitcoin Miner Marathon Mined $15M Worth Kaspa Tokens to Diversify Revenue
[Summary]: Marathon has mined 93 million of KAS tokens since Sept. 2023, valued at about $15 million.

The miner has brought 30 petahash worth of machines online to mine Kaspa, while 30 more will be starting by ...

[Headline]: Bitcoin Holds $61K After a Brief Nosedive
[Summary]: Bitcoin is trading above $61K after plunging to $59K as Asia began its trading day

Bitcoin has seen significant selling pressure from continued ETF outflow, Mt. Gox's upcoming bankruptcy redemptions,...

[Headline]: Bitcoin Miner Riot Platforms Ditches Bitfarms Takeover Bid, Seeks to Overhaul Board
[Summary]: Bitcoin miner Riot Platforms (RIOT) dropped its proposal to buy peer Bitfarms (BITF) and is looking to overhaul the board before engaging in further takeover attempts.

""Over the course of more than a...

[Headline]: Bitcoin Mining Sector Is Attracting Growing Investor Interest Following Core Scientific Deal: JPMorgan
[Summary]: Bitcoin miners are seeing an influx of investor interest following Core Scientific's AI deal with CoreWeave, the report said.

Iris Energy is best positioned to take advantage of the growing HPC/AI op...

[Headline]: First Mover Americas: Bitcoin Falls Below $64K Following $900M in ETF Outflows
[Summary]: This article originally appeared in First Mover, CoinDesk’s daily newsletter, putting the latest moves in crypto markets in context. Subscribe to get it in your inbox every day.

Latest Prices

Top St...

From 2024-06-28 to 2024-07-05, BTC-USD's stock price decreased from 60320.14 to 56662.38. News during this period are listed below:

[Headline]: Bitcoin Bottom Is Near as Miners Capitulating Near FTX Implosion Level: CryptoQuant
[Summary]: Bitcoin miner capitulation metrics are approaching the same level as the market bottom following the FTX crash in late 2022.

Daily miner revenue has dropped to $29 million from $79 million following ...

[Headline]: Bitcoin Losing $60K Handle May Trigger Wave of ETF Liquidations: Analyst
[Summary]: Buyers of the U.S. spot BTC ETFs have an average entry price between $60,000 and $61,000 and a break below the range could bring a wave of liquidations, 10x Research said.

The institutional wave of E...

[Headline]: Bitcoin's Potential Rebound May Face Resistance at $65K, OnChain Analysis Shows
[Summary]: Short-term holder wallets are in the red and may liquidate near their breakeven level at $65,000.

Long-term holder wallets, with average cost of less than $20,000, are incentivized to hold or boost t...

[Headline]: Bitcoin and Crypto Closing Out Lame Quarter and One Analyst Believes More Pain Could Be in Store
[Summary]: A powerful start to 2024 had the bulls predicting $100,000 bitcoin {{BTC}} at some point this year, but relentless selling pressure during April and June (interrupted by a May bounce) has the price st...

[Headline]: First Mover Americas: Bitcoin Awaits PCE Inflation Report
[Summary]: This article originally appeared in First Mover, CoinDesk’s daily newsletter, putting the latest moves in crypto markets in context. Subscribe to get it in your inbox every day.

Latest Prices

Top St...



Based on all the information before 2024-07-05, let's first analyze the positive developments and potential concerns for BTC-USD. Come up with 2-4 most important factors respectively and keep them concise. Most factors should be inferred from cryptocurrencies related news. Then let's assume your prediction for next week (2024-07-05 to 2024-07-12) is up by 2-3%. Provide a summary analysis to support your prediction. The prediction result need to be inferred from your analysis at the end, and thus not appearing as a foundational factor of your analysis.","**[Positive Developments]:**
1. **Institutional Interest**: The launch of VanEck's Spot Bitcoin ETF in Australia indicates growing institutional interest and provides more investment options for retail investors.
2. **Miner Diversification**: Marathon's mining of Kaspa tokens shows diversification efforts by miners, which can reduce selling pressure on BTC.
3. **Market Rebound**: Bitcoin's bounce to $67K and miners rallying by 5%-10% suggests market resilience and potential for recovery.
4. **Long-Term Forecasts**: Bernstein's prediction of BTC hitting $1M by 2033 and $200,000 by 2025 indicates strong long-term sentiment.

**[Potential Concerns]:**
1. **Miner Sell-Off**: Bitcoin hashrate may drop due to summer heatwaves, leading to miner capitulation and potential sell-offs.
2. **ETF Outflows**: Significant outflows from BTC ETFs, amounting to $900M, suggest investor caution and potential selling pressure.
3. **Market Volatility**: BTC's price plunge to $65K and altcoins bleeding 10%-20% indicate high market volatility and uncertainty.
4. **Regulatory Uncertainty**: The Mt. Gox bankruptcy redemptions and upcoming regulatory changes could add to market uncertainty.

**[Prediction & Analysis]:**
Bitcoin's price has seen a decline over the past weeks, but there are several positive developments that could support a rebound. The launch of new Bitcoin ETFs and institutional interest are positive signs for the market. Additionally, miners' diversification efforts and long-term bullish forecasts suggest that the market has underlying strength. However, potential concerns such as miner sell-offs, ETF outflows, and regulatory uncertainty could add to volatility. Despite these concerns, the market's resilience and long-term sentiment indicate a potential upside. Therefore, I predict a modest increase of 2-3% for BTC-USD in the upcoming week, as the market stabilizes and positive developments outweigh immediate concerns."
"[Cryptocurrency Introduction]: Bitcoin (BTC) is a cryptocurrency launched in 2010. Users are able to generate BTC through the process of mining. Bitcoin has a current supply of 19,873,353. The last known price of Bitcoin is 104,632.24890669 USD and is up 0.57 over the last 24 hours. It is currently trading on 12206 active market(s) with $40,409,929,770.26 traded over the last 24 hours. More information can be found at https://bitcoin.org/.. It has a market capilization of 2074764509184.

From 2024-06-14 to 2024-06-21, BTC-USD's stock price decreased from 66011.09 to 64096.20. News during this period are listed below:

[Headline]: German Government Agency Moves $425M Bitcoin, Some to Crypto Exchanges
[Summary]: A German government agency appears to have transferred $425 million in bitcoin to another wallet, returning some to the original wallet and sending a portion to crypto exchange deposit wallets.

Trans...

[Headline]: Bitcoin Bounces to $67K with BTC Miners Rallying 5%-10%; XRP Leads Altcoins
[Summary]: The digital asset market saw a quick reversal Monday with bitcoin {{BTC}} erasing an early decline to nearly $65,000 and returning to the $67,000 level for the time in three days.

The $65,000 area wa...

[Headline]: Drake on Brink of $1M Bitcoin Loss as NHL and NBA Bets Sour
[Summary]: The Edmonton Oilers and Dallas Mavericks are both down 3-0 after another round of losses.

Drake bet $500,000 on each team to win the National Hockey League and National Basketball Association finals....

[Headline]: First Mover: Bitcoin Struggles Near $67,000 as Cryptos Lag Behind Stocks
[Summary]: This article originally appeared in First Mover, CoinDesk’s daily newsletter, putting the latest moves in crypto markets in context. Subscribe to get it in your inbox every day.

Latest Prices

Top St...

[Headline]: Bitcoin Traders See Short-Term Bearish Target at $60K as Miners Pare Holdings
[Summary]: Traders anticipate a deeper drop for bitcoin (BTC) in the coming weeks, despite a strong equity market and favorable U.S. crypto policies, pointing to selling activity from miners and general profit t...

From 2024-06-21 to 2024-06-28, BTC-USD's stock price decreased from 64096.20 to 60320.14. News during this period are listed below:

[Headline]: Bitcoin Payments App Strike Enters UK as Global Expansion Rolls Out
[Summary]: Bitcoin payments app Strike is now available to customers in the U.K.

U.K. roll-out follows the launch of the app in Europe and Africa earlier in the year.

Strike, the payments application that uses...

[Headline]: Mt. Gox Effect? Bitcoin Dominance Drops Most in 5 Months
[Summary]: BTC's dominance rate slid as Mt. Gox news weighs over BTC.

Short-duration options show renewed bias for puts or downside protection.

Some observers say Mt. Gox concerns may be overblown.

Bitcoin {{...

[Headline]: Bitcoin Mining Sector Is Attracting Growing Investor Interest Following Core Scientific Deal: JPMorgan
[Summary]: Bitcoin miners are seeing an influx of investor interest following Core Scientific's AI deal with CoreWeave, the report said.

Iris Energy is best positioned to take advantage of the growing HPC/AI op...

[Headline]: Bitcoin ETFs Post $900M in Net Outflows This Week
[Summary]: Spot bitcoin ETFs in the U.S. experienced their fifth consecutive day of outflows on Thursday, totaling over $900 million in losses for the week.

Grayscale's GBTC and Fidelity's FBTC led the outflows...

[Headline]: Bitcoin Options Market Isn't Buying BTC Price Weakness, Shows Bias for $100K Calls
[Summary]: Options market shows bias for calls even as BTC's price continues to drop.

Demand for calls at $100K suggests traders preparing for a renewed rally into 2025, according to one trading firm.

Crypto o...

From 2024-06-28 to 2024-07-05, BTC-USD's stock price decreased from 60320.14 to 56662.38. News during this period are listed below:

[Headline]: Decoding The $7B Decline in Bitcoin's Notional Open Interest 
[Summary]: While notional open interest has dropped, OI in BTC terms has held steady alongside positive funding rates.

That's a sign of renewed demand for longs amid the price dip, according to observers.

Noti...

[Headline]: What Bitcoin and the American Dream Have in Common
[Summary]: The United States of America says, after Walt Whitman: “I am large, I contain multitudes.”

It's full of platitudes, too: Land of the Free, Home of the Brave, A Shining City on a Hill. They've become ...

[Headline]: Bitcoin's Retreat From $70K Characterized by 'Vol Lethargy'
[Summary]: Deribit's BTC DVOL index, a measure of volatility expectations, has slipped to its lowest since early February.

Continued volatility meltdown alongside price drop suggests an absence of demand for op...

[Headline]: First Mover Americas: Bitcoin Relief Rally Stalls at $63K as Crypto Rebound Faces Hurdles
[Summary]: This article originally appeared in First Mover, CoinDesk’s daily newsletter, putting the latest moves in crypto markets in context. Subscribe to get it in your inbox every day.

Latest Prices

Top St...

[Headline]: Metaplanet Buys Another $1.2M Worth of Bitcoin as Investment Strategy Progresses
[Summary]: Metaplanet spent $1.2 million to buy more than 20.2 BTC as part of its strategy to build up holdings of the world's largest cryptocurrency by market cap.

The investment is part of its strategy, annou...

From 2024-07-05 to 2024-07-12, BTC-USD's stock price increased from 56662.38 to 57899.46. News during this period are listed below:

[Headline]: First Mover Americas: Bitcoin Holds $58K Ahead of U.S Inflation Report
[Summary]: This article originally appeared in First Mover, CoinDesk’s daily newsletter, putting the latest moves in crypto markets in context. Subscribe to get it in your inbox every day.

Latest Prices

Top St...

[Headline]: Bitcoin Steady Above $57K as Germany Moves 6.3K BTC to Exchanges
[Summary]: Bitcoin {{BTC}} held steady above the $57,000 mark in early U.S. hours Tuesday even as a German government entity moved an additional $360 million worth of the asset to various exchanges, Arkham data ...

[Headline]: Germany Still Holds $1.3B Worth of Bitcoin, Blockchain Data Show
[Summary]: Germany still holds 23,800 BTC worth $1.3 billion, according to Arkham Intelligence.

The potential selling pressure equates to 5% of bitcoin's 24-hour trading volume.

Germany has been running down i...

[Headline]: Bitcoin ETF Investors Bought the Dip on Friday, With Inflows Topping $140M
[Summary]: Returning to their screens following the July 4 break, U.S. traders were confronted with a historic plunge in bitcoin {{BTC}} that saw its price fall more than 10% from the pre-holiday level. Based on...

[Headline]: Bitcoin Traders Target $50K as Billions in BTC Selling Pressure Looms
[Summary]: The largest cryptocurrency could drop to as low as $50,000 in coming weeks as billions of dollars of supply may be released to the market.

The prospect of bitcoins from defunct crypto exchange Mt. Go...



Based on all the information before 2024-07-12, let's first analyze the positive developments and potential concerns for BTC-USD. Come up with 2-4 most important factors respectively and keep them concise. Most factors should be inferred from cryptocurrencies related news. Then let's assume your prediction for next week (2024-07-12 to 2024-07-19) is up by more than 5%. Provide a summary analysis to support your prediction. The prediction result need to be inferred from your analysis at the end, and thus not appearing as a foundational factor of your analysis.","**[Positive Developments]:**
1. **Market Rebound**: Bitcoin's bounce to $67K with BTC miners rallying 5%-10% indicates market resilience and potential for recovery.
2. **Payment App Expansion**: Strike's entry into the UK market suggests growing adoption and use cases for Bitcoin.
3. **Options Market Sentiment**: The options market shows bias for $100K calls, suggesting trader optimism for a future rally.
4. **ETF Inflows**: Nearly $300M in inflows to BTC ETFs indicates renewed investor interest and potential buying pressure.

**[Potential Concerns]:**
1. **Miner Sell-Off**: Bitcoin miners paring holdings and selling activity could add to market pressure and volatility.
2. **Mt. Gox Impact**: Mt. Gox news weighs over BTC, leading to a drop in dominance rate and potential selling pressure.
3. **Regulatory Uncertainty**: The impact of regulatory changes and ETF outflows could add to market uncertainty and volatility.
4. **Market Sentiment**: The Crypto Fear & Greed Index reaching its lowest since early 2023 suggests cautious market sentiment.

**[Prediction & Analysis]:**
Bitcoin's price has shown resilience with positive developments such as market rebounds, growing adoption, and options market sentiment indicating potential upside. However, concerns such as miner sell-offs, Mt. Gox impact, and regulatory uncertainty could add to market volatility. Despite these concerns, the recent inflows into BTC ETFs and the options market sentiment suggest renewed investor interest and potential buying pressure. Therefore, I predict an increase of more than 5% for BTC-USD in the upcoming week, as positive developments and investor interest outweigh immediate concerns and support a market rebound."
"[Cryptocurrency Introduction]: Bitcoin (BTC) is a cryptocurrency launched in 2010. Users are able to generate BTC through the process of mining. Bitcoin has a current supply of 19,873,353. The last known price of Bitcoin is 104,632.24890669 USD and is up 0.57 over the last 24 hours. It is currently trading on 12206 active market(s) with $40,409,929,770.26 traded over the last 24 hours. More information can be found at https://bitcoin.org/.. It has a market capilization of 2074764509184.

From 2024-06-21 to 2024-06-28, BTC-USD's stock price decreased from 64096.20 to 60320.14. News during this period are listed below:

[Headline]: Bitcoin Miner CleanSpark to Buy Peer GRIID in $155M Deal
[Summary]: CleanSpark will buy GRIID Infrastructure in an all-stock deal with total enterprise value of $155 million.

GRIID shares tumbled more than 50% on the news, while CLSK rose nearly 4%.

The deal has bee...

[Headline]: Bitcoin Miner Marathon Mined $15M Worth Kaspa Tokens to Diversify Revenue
[Summary]: Marathon has mined 93 million of KAS tokens since Sept. 2023, valued at about $15 million.

The miner has brought 30 petahash worth of machines online to mine Kaspa, while 30 more will be starting by ...

[Headline]: Ether Spot ETFs Could See Lower Demand Compared to Bitcoin Peers: Bernstein
[Summary]: Ether spot ETFs are expected to see less demand than bitcoin versions, the report said.

The lack of a staking feature in ether ETFs means less spot conversion, the report said.

Bernstein said that d...

[Headline]: Bitcoin Miner Riot Platforms Ditches Bitfarms Takeover Bid, Seeks to Overhaul Board
[Summary]: Bitcoin miner Riot Platforms (RIOT) dropped its proposal to buy peer Bitfarms (BITF) and is looking to overhaul the board before engaging in further takeover attempts.

""Over the course of more than a...

[Headline]: Bitcoin Tumbles Toward $62K as Crypto Bulls See $150M in Liquidation
[Summary]: Major tokens experienced a significant drop of up to 7.5% in the past 24 hours, with Bitcoin losing 3% and other major cryptocurrencies such as Ethereum, Cardano, and Solana also seeing declines.

The...

From 2024-06-28 to 2024-07-05, BTC-USD's stock price decreased from 60320.14 to 56662.38. News during this period are listed below:

[Headline]: Mt. Gox Doomsday Scenario Involves Bitcoin Cash, Not Bitcoin: Analyst
[Summary]: Mt. Gox's bankruptcy redemptions are bearish for BCH, not BTC, writes Presto Labs' Peter Chung.

Mt. Gox will send back to its former customers $73 million worth of BCH, worth over 20% of the token's ...

[Headline]: Bitcoin Bottom Is Near as Miners Capitulating Near FTX Implosion Level: CryptoQuant
[Summary]: Bitcoin miner capitulation metrics are approaching the same level as the market bottom following the FTX crash in late 2022.

Daily miner revenue has dropped to $29 million from $79 million following ...

[Headline]: Bitcoin's Retreat From $70K Characterized by 'Vol Lethargy'
[Summary]: Deribit's BTC DVOL index, a measure of volatility expectations, has slipped to its lowest since early February.

Continued volatility meltdown alongside price drop suggests an absence of demand for op...

[Headline]: Bitcoin's Bottom in Price Could Be Near or Already In, the Coinbase Premium Index Suggests
[Summary]: Bitcoin's price premium on Coinbase has plummeted to negative levels rarely seen, CryptoQuant data showed.

Similar readings in November 2022 and August 2023 foreshadowed imminent local price bottoms ...

[Headline]: First Mover Americas: Bitcoin Relief Rally Stalls at $63K as Crypto Rebound Faces Hurdles
[Summary]: This article originally appeared in First Mover, CoinDesk’s daily newsletter, putting the latest moves in crypto markets in context. Subscribe to get it in your inbox every day.

Latest Prices

Top St...

From 2024-07-05 to 2024-07-12, BTC-USD's stock price increased from 56662.38 to 57899.46. News during this period are listed below:

[Headline]: Bitcoin Miner Ionic Digital Hires CFO to Shepherd IPO
[Summary]: Bitcoin miner Ionic Digital hired John Penver, who used to work at data center service provider TSS, as CFO.

Ionic bought bankrupt crypto lender Celsius' mining assets and plans to IPO this year.

Io...

[Headline]: First Mover Americas: Bitcoin Holds $58K Ahead of U.S Inflation Report
[Summary]: This article originally appeared in First Mover, CoinDesk’s daily newsletter, putting the latest moves in crypto markets in context. Subscribe to get it in your inbox every day.

Latest Prices

Top St...

[Headline]: Bitcoin Little-Changed Above $57K as Fed Chair Powell Testifies to Congress
[Summary]: The Fed Chair acknowledged a softer labor market has gotten his attention, but reminded that inflation remains too high.

Bitcoin bounced higher, but quickly gave back any gains.

The chances of a Sep...

[Headline]: Bitcoin ETF Traders Buy the Dip With Nearly $300M Inflows
[Summary]: On Monday, the U.S.-listed spot ETFs witnessed nearly $300 million in new inflows.

Investors seem to be bargain-hunting as temporary supply overhangs weigh over BTC's price.

Spot bitcoin {{BTC}} exc...

[Headline]: CoinDesk 20 Down 7%, Bitcoin Sinks by 5% as Asia Trading Week Begins
[Summary]: The CD20 index is down 7% and BTC is in the red 5%.

Uncertainty over interest rates is likely dragging on the market.

The CoinDesk 20 (CD20), a measure of the largest digital assets, began the Asia ...

From 2024-07-12 to 2024-07-19, BTC-USD's stock price increased from 57899.46 to 66710.16. News during this period are listed below:

[Headline]: Bitcoin Mining Is So Back (Except It's AI Now)
[Summary]: Bitcoin is up 7% over the last five days. You know what that means? Bitcoin mining is so back (until bitcoin’s price falls 5% over a five-day stretch again, after which it’ll be so over again).

With ...

[Headline]: Bitcoin Slumps Towards $63K as Speculation About Biden Dropout Intensifies
[Summary]: Crypto markets were again in the red on Wednesday alongside a continued slump in U.S. equity prices and swirling speculation about the presidential election race.

BTC plunged to $63,500 from $65,000 ...

[Headline]: Trump’s Speech at Bitcoin Conference Will Mark a Pivotal Moment for Crypto
[Summary]: Former U.S. President Donald Trump is still scheduled to speak, in person, at a Bitcoin conference in Nashville later this month, despite injuries he sustained from a failed assassination attempt Satu...

[Headline]: BlackRock’s Larry Fink: Bitcoin Is ‘Legitimate Financial Instrument'
[Summary]: BlackRock's Larry Fink said bitcoin is a legitimate financial asset that everybody should hold.

This comes as the asset manager on Monday posted better-than-expected second quarter earnings.

BlackRo...

[Headline]: SEC Drops Investigation of Bitcoin L2 Stacks and Builder Hiro, Filing Says
[Summary]: The U.S. Securities and Exchange Commission dropped a three-year-old investigation into Hiro Systems, a blockchain software developer (formerly known as Blockstack) that raised $70 million in token sa...



Based on all the information before 2024-07-19, let's first analyze the positive developments and potential concerns for BTC-USD. Come up with 2-4 most important factors respectively and keep them concise. Most factors should be inferred from cryptocurrencies related news. Then let's assume your prediction for next week (2024-07-19 to 2024-07-26) is up by 1-2%. Provide a summary analysis to support your prediction. The prediction result need to be inferred from your analysis at the end, and thus not appearing as a foundational factor of your analysis.","**[Positive Developments]:**
1. **Miner Acquisitions**: CleanSpark's acquisition of GRIID and Marathon's diversification into Kaspa tokens show strategic growth and potential reduction in BTC selling pressure.
2. **Market Stabilization**: Bitcoin's hold above $57K despite selling pressure from Germany indicates market stabilization and resilience.
3. **ETF Inflows**: Nearly $300M in inflows to BTC ETFs suggests renewed investor interest and potential buying pressure.
4. **Coinbase Premium Index**: The plummet in Bitcoin's price premium on Coinbase to negative levels suggests an imminent local price bottom.

**[Potential Concerns]:**
1. **Miner Capitulation**: Bitcoin miner capitulation metrics approaching FTX crash levels indicate potential selling pressure and market volatility.
2. **Mt. Gox Impact**: Mt. Gox's repayments and potential BCH sell-off could add to market uncertainty and selling pressure.
3. **Regulatory Uncertainty**: The impact of regulatory changes and ETF outflows could add to market uncertainty and volatility.
4. **Market Sentiment**: The Crypto Fear & Greed Index reaching its lowest since early 2023 suggests cautious market sentiment and potential further downside.

**[Prediction & Analysis]:**
Bitcoin's price has shown signs of stabilization with positive developments such as miner acquisitions, market resilience, and ETF inflows indicating potential upside. However, concerns such as miner capitulation, Mt. Gox impact, and regulatory uncertainty could add to market volatility. Despite these concerns, the recent inflows into BTC ETFs and the Coinbase Premium Index suggest renewed investor interest and a potential local price bottom. Therefore, I predict an increase of 1-2% for BTC-USD in the upcoming week, as positive developments and market stabilization outweigh immediate concerns and support a modest rebound."
"[Cryptocurrency Introduction]: Bitcoin (BTC) is a cryptocurrency launched in 2010. Users are able to generate BTC through the process of mining. Bitcoin has a current supply of 19,873,353. The last known price of Bitcoin is 104,632.24890669 USD and is up 0.57 over the last 24 hours. It is currently trading on 12206 active market(s) with $40,409,929,770.26 traded over the last 24 hours. More information can be found at https://bitcoin.org/.. It has a market capilization of 2074764509184.

From 2024-06-28 to 2024-07-05, BTC-USD's stock price decreased from 60320.14 to 56662.38. News during this period are listed below:

[Headline]: Bitcoin Plunges Under $59K as Crypto Bulls See $230M Liquidations
[Summary]: Fears of sell pressure from Mt. Gox repayments and possible miner sales led to bitcoin dropping below $59,000, with major tokens like ether and Solana's SOL also declining.

Trading firm QCP Capital a...

[Headline]: Bitcoin Bottom Is Near as Miners Capitulating Near FTX Implosion Level: CryptoQuant
[Summary]: Bitcoin miner capitulation metrics are approaching the same level as the market bottom following the FTX crash in late 2022.

Daily miner revenue has dropped to $29 million from $79 million following ...

[Headline]: What Bitcoin and the American Dream Have in Common
[Summary]: The United States of America says, after Walt Whitman: “I am large, I contain multitudes.”

It's full of platitudes, too: Land of the Free, Home of the Brave, A Shining City on a Hill. They've become ...

[Headline]: Bitcoin's Potential Rebound May Face Resistance at $65K, OnChain Analysis Shows
[Summary]: Short-term holder wallets are in the red and may liquidate near their breakeven level at $65,000.

Long-term holder wallets, with average cost of less than $20,000, are incentivized to hold or boost t...

[Headline]: First Mover Americas: Bitcoin Awaits PCE Inflation Report
[Summary]: This article originally appeared in First Mover, CoinDesk’s daily newsletter, putting the latest moves in crypto markets in context. Subscribe to get it in your inbox every day.

Latest Prices

Top St...

From 2024-07-05 to 2024-07-12, BTC-USD's stock price increased from 56662.38 to 57899.46. News during this period are listed below:

[Headline]: Why AI's Energy Use Isn't Demonized Like Bitcoin's
[Summary]: Last month, bitcoin mining company Core Scientific (CORZ) signed a 200 megawatt (MW) artificial intelligence (AI) deal with cloud computing firm CoreWeave, the former agreeing to modify some of its ex...

[Headline]: It's Not Germany Selling Bitcoin. It's One of Its States and It Has No Choice.
[Summary]: It's not the country of Germany that's been selling millions of dollars worth of bitcoin, but a small German state called Saxony.

The state confiscated almost 50,000 BTC in January and has been selli...

[Headline]: Bitcoin Cash's Mt. Gox-Led Sell-Off Is Amplified by Poor Liquidity
[Summary]: BCH fell 20% last week, its biggest loss in three months, as Mt. Gox announced creditor repayments.

Slippage surged across centralized exchanges, signaling poor liquidity as prices fell.

Bitcoin cas...

[Headline]: Bitcoin Mining Profitability Rose in June as Market Adjusted for the Halving: Jefferies
[Summary]: Bitcoin mining was more profitable in June than May, the report said.

Jefferies cut its Marathon Digital price target to $22 from $24.

The bank also reduced its price target for Argo Blockchain ADRs...

[Headline]: Crypto Crash Pushes Fear & Greed Index to Lowest Since Bitcoin Traded at $17K in Early 2023
[Summary]: The Crypto Fear & Greed Index is a popular contrarian indicator to buy and sell, but there could be further downside for bitcoin's price, analysts warned.

Seized BTC sales by the German and U.S. gove...

From 2024-07-12 to 2024-07-19, BTC-USD's stock price increased from 57899.46 to 66710.16. News during this period are listed below:

[Headline]: Germany Dumping $2.8B Bitcoin Is 'Market Intervention,' Despite Murky Legal Justifications
[Summary]: The process of Germany offloading seized bitcoin is called by experts ""market intervention"" as it caused a selloff.

The law that the authorities cited as the reason for the sale, falls within a ""lega...

[Headline]: First Mover Americas: Bitcoin Trades Below $65K Following Wednesday's Drop
[Summary]: This article originally appeared in First Mover, CoinDesk’s daily newsletter, putting the latest moves in crypto markets in context. Subscribe to get it in your inbox every day.

Latest Prices

Top St...

[Headline]: Deribit's New Bitcoin, Ether Options Tied to U.S. Elections Get Thumbs Up From Crypto Traders 
[Summary]: Deribit to list BTC, ETH options expiring four days after the U.S. elections on Nov. 4.

Traders said these options will help define risk and protect capital from expected volatility in the lead-up to...

[Headline]: After Court Order, Craig Wright Updates Website With Admission He Is Not Bitcoin Creator Satoshi
[Summary]: Australian computer scientist and one-time Satoshi Nakamoto claimant Craig Wright has been forced to update the homepage of his personal website with a legal notice declaring that he is not the invent...

[Headline]: U.S.-Listed Bitcoin Miners' Share of Global Hashrate Reached Record in July: JPMorgan
[Summary]: Bitcoin miners rallied strongly in the first two weeks of the month.

JPMorgan notes that U.S.-listed bitcoin miners’ share of the global hashrate hit a record 26.6%.

Every miner except Stronghold Di...

From 2024-07-19 to 2024-07-26, BTC-USD's stock price increased from 66710.16 to 67912.06. News during this period are listed below:

[Headline]: VanEck Sees Bitcoin Hitting $2.9M by 2050 – but a Lot Has to Happen First
[Summary]: By 2050, bitcoin may settle 10% of international trade and 5% of local trade gain with central banks' holding it as a reserve asset, asset manager VanEck said in a report.

Bitcoin layer-2 networks wi...

[Headline]: Protocol Village: Hemi Labs Announces 'Hemi' as Modular L2 Focused on Interoperability Between Bitcoin, Ethereum
[Summary]: July 24: Hemi Labs announced the Hemi Network, ""a modular layer-2 blockchain network focused on delivering superior scaling, security, and interoperability between Bitcoin and Ethereum."" According to ...

[Headline]: Bitcoin Rewards App Fold Eyes Nasdaq Listing Via $365M SPAC Deal
[Summary]: Fold offers a cashback debit card which provides bitcoin rewards instead of traditional rewards one would expect from other products.

The company is aiming to go public through a merger with SPAC Eme...

[Headline]: Bitcoin Layer-2 Chain Bitlayer Raises $11M Led by ETF Issuer Franklin Templeton
[Summary]: BitVM brought fresh impetus to Bitcoin layer-2 initiatives that seek to introduce greater utility to the network.

The investment led by trillion-dollar asset manager Franklin Templeton suggests the T...

[Headline]: Bitcoin, SHIB Trade at 30% Haircut on WazirX as Exploiter Converts Stolen Loot to Ether
[Summary]: The North Korea-linked exploiter who targeted WazirX has converted the majority of the $230 million stolen user assets into ether, totaling $200 million.

The exploit significantly impacted WazirX's l...



Based on all the information before 2024-07-26, let's first analyze the positive developments and potential concerns for BTC-USD. Come up with 2-4 most important factors respectively and keep them concise. Most factors should be inferred from cryptocurrencies related news. Then let's assume your prediction for next week (2024-07-26 to 2024-08-02) is down by more than 5%. Provide a summary analysis to support your prediction. The prediction result need to be inferred from your analysis at the end, and thus not appearing as a foundational factor of your analysis.","**[Positive Developments]:**
1. **Miner Resilience**: U.S.-listed bitcoin miners' share of global hashrate reaching a record indicates miner resilience and potential market stabilization.
2. **Market Rebound**: Bitcoin's rebound towards $60K and broad-based recovery suggest market resilience and potential upside.
3. **ETF Inflows**: BTC ETF inflows hitting a six-week high of $422.5M indicate renewed investor interest and potential buying pressure.
4. **Institutional Support**: Loka's launch of a Bitcoin mining pool for institutional investors suggests growing institutional support and adoption.

**[Potential Concerns]:**
1. **Mt. Gox Sell-Off**: Mt. Gox moving $3B in Bitcoin to new wallets and exchanges indicates potential selling pressure and market volatility.
2. **Government Sell-Off**: Germany's offloading of seized bitcoin, described as ""market intervention,"" could add to selling pressure and market uncertainty.
3. **Regulatory Uncertainty**: The impact of regulatory changes and potential government sell-offs could add to market uncertainty and volatility.
4. **Market Sentiment**: Bitcoin's plunge of more than 10% since hitting $70K indicates high market volatility and potential further downside.

**[Prediction & Analysis]:**
Bitcoin's price has shown signs of a rebound with positive developments such as miner resilience, market recovery, and ETF inflows indicating potential upside. However, concerns such as Mt. Gox and government sell-offs, along with regulatory uncertainty, could add to market volatility. Despite these concerns, the recent inflows into BTC ETFs and institutional support suggest renewed investor interest and potential buying pressure. Therefore, I predict a decrease of more than 5% for BTC-USD in the upcoming week, as immediate concerns and selling pressure outweigh positive developments and lead to a market correction."
"[Cryptocurrency Introduction]: Bitcoin (BTC) is a cryptocurrency launched in 2010. Users are able to generate BTC through the process of mining. Bitcoin has a current supply of 19,873,353. The last known price of Bitcoin is 104,632.24890669 USD and is up 0.57 over the last 24 hours. It is currently trading on 12206 active market(s) with $40,409,929,770.26 traded over the last 24 hours. More information can be found at https://bitcoin.org/.. It has a market capilization of 2074764509184.

From 2024-07-05 to 2024-07-12, BTC-USD's stock price increased from 56662.38 to 57899.46. News during this period are listed below:

[Headline]: Trump to Speak at Bitcoin Conference in Nashville on July 27
[Summary]: The presumptive Republican U.S. presidential nominee will be speaking at the upcoming Bitcoin conference in Nashville, Tennessee, later this month, the conference organizer announced Wednesday.

Earli...

[Headline]: Bitcoin Rebounds Toward $60K, but Choppiness Likely to Persist: Analysts
[Summary]: Cryptocurrencies rebounded on Tuesday with bitcoin {{BTC}} climbing nearly 3% to around $58,000 as fears after last week's breakdown allayed.

The recovery was broad-based, with the market benchmark C...

[Headline]: MEV Has Spread to Bitcoin, in Subtler Forms Than on Ethereum
[Summary]: Arbitrage opportunities exist in traditional finance and in crypto, but in the latter they are more pronounced due to the visibility of pending transactions and slow settlement times.


Although less ...

[Headline]: Bitcoin Little-Changed Above $57K as Fed Chair Powell Testifies to Congress
[Summary]: The Fed Chair acknowledged a softer labor market has gotten his attention, but reminded that inflation remains too high.

Bitcoin bounced higher, but quickly gave back any gains.

The chances of a Sep...

[Headline]: Bitcoin ETF Traders Buy the Dip With Nearly $300M Inflows
[Summary]: On Monday, the U.S.-listed spot ETFs witnessed nearly $300 million in new inflows.

Investors seem to be bargain-hunting as temporary supply overhangs weigh over BTC's price.

Spot bitcoin {{BTC}} exc...

From 2024-07-12 to 2024-07-19, BTC-USD's stock price increased from 57899.46 to 66710.16. News during this period are listed below:

[Headline]: Bitcoin's 'OP_CAT' Possibilities Teased in StarkWare Test Project
[Summary]: OP_CAT is a proposed Bitcoin upgrade, aiming to bring Ethereum-like smart contract capability to the world's oldest and largest blockchain network.

While by no means short of supporters, OP_CAT remai...

[Headline]: Bitcoin ETF Inflows Hit Six-Week High of $422.5M
[Summary]: The 11 spot BTC ETFs listed in the U.S. recorded a cumulative inflow of $422.5 million on Tuesday.

The funds have collected over $1 billion in the past three trading days alone.

BTC's price has reco...

[Headline]: Loka Launches Bitcoin Mining Pool for Institutional Investors With Support From Hashlabs
[Summary]: Investors gain access to bitcoin at below market rates via forward hashrate contracts directly from miners.

Miners have immediate access to liquidity and can hedge against market volatility.

Loka Mi...

[Headline]: Trump’s Speech at Bitcoin Conference Will Mark a Pivotal Moment for Crypto
[Summary]: Former U.S. President Donald Trump is still scheduled to speak, in person, at a Bitcoin conference in Nashville later this month, despite injuries he sustained from a failed assassination attempt Satu...

[Headline]: SEC Drops Investigation of Bitcoin L2 Stacks and Builder Hiro, Filing Says
[Summary]: The U.S. Securities and Exchange Commission dropped a three-year-old investigation into Hiro Systems, a blockchain software developer (formerly known as Blockstack) that raised $70 million in token sa...

From 2024-07-19 to 2024-07-26, BTC-USD's stock price increased from 66710.16 to 67912.06. News during this period are listed below:

[Headline]: Bitcoin Miners Have Considerable Upside From Their Power Portfolios: Bernstein
[Summary]: Bernstein said bitcoin miners have upside from the power portfolios they control.

Miners that focus on an active power strategy and efficiency are more likely to see a valuation rerating, the report ...

[Headline]: First Mover Americas: Bitcoin Slides After Wednesday's Tech Rout
[Summary]: This article originally appeared in First Mover, CoinDesk’s daily newsletter, putting the latest moves in crypto markets in context. Subscribe to get it in your inbox every day.

Latest Prices

Top St...

[Headline]: Mt. Gox Moves $3B Bitcoin to New Wallet, $130M to Bitstamp Exchange
[Summary]: Defunct crypto exchange Mt. Gox moved billions of dollars worth of bitcoin between wallets and sent $130 million to Bitstamp.

The cryptocurrency movements echo those of yesterday as Mt. Gox repays cu...

[Headline]: Bitcoin Briefly Tops $68K as Biden Dropout Riles Up Crypto Bulls
[Summary]: Bitcoin briefly surged above $68,000, driven by positive U.S. election predictions, before settling around $67,500 during early Asian trading hours on Monday.

The broader crypto market, as represente...

[Headline]: Bitcoin Tops $67K as Cryptos Rally Amid Global IT Outage; Solana's SOL Leads Altcoins
[Summary]: Bitcoin hit a one-month high price, surging 5.5% over the past 24 hours.

Solana rose 8%, topping $170 for the first time since early June.

Crypto observers highlight the resiliency of decentralized ...

From 2024-07-26 to 2024-08-02, BTC-USD's stock price decreased from 67912.06 to 61415.07. News during this period are listed below:

[Headline]: Bitcoin Plunges More Than 10% Since Hitting $70K 72 Hours Ago
[Summary]: Bitcoin {{BTC}} continued its sharp pullback after a fast start to the week, with the price retreating to a two-week low of of $62,700.

At press time, bitcoin was lower by 5.5% over the past 24 hours...

[Headline]: Trump's Talk of Bitcoin Reserve for the U.S. Leaves Industry Waiting for More Details
[Summary]: A strategic U.S. stockpile of bitcoin is now among presidential candidate Donald Trump's campaign promises, and Sen. Cynthia Lummis is currently working on a bill to do it.

The effort remains short o...

[Headline]: Bitcoin Tumbles Below $67K as U.S. Government Moves $2B of 'Silk Road' Tokens
[Summary]: Some $670 million of the assets was forwarded to an address that could belong to an institutional custody or service, Arkham analysts said.

Bitcoin dropped nearly 5% from its session highs.

The U.S....

[Headline]: Bitcoin Nears $70K on Back of Trump's Speech, Bitcoin Cash and Base Memecoins Lead Crypto Market Gains
[Summary]: Bitcoin Cash is up double digits as the business week in Asia opens, despite expectations from analysts it would be the loser in the Mt. Gox trade.

The token outperformed the broader CoinDesk 20 (CD2...

[Headline]: First Mover Americas: Bitcoin Regains $67,000, Adds Nearly 5% in 24 Hours
[Summary]: This article originally appeared in First Mover, CoinDesk’s daily newsletter, putting the latest moves in crypto markets in context. Subscribe to get it in your inbox every day.

Latest Prices

Top St...



Based on all the information before 2024-08-02, let's first analyze the positive developments and potential concerns for BTC-USD. Come up with 2-4 most important factors respectively and keep them concise. Most factors should be inferred from cryptocurrencies related news. Then let's assume your prediction for next week (2024-08-02 to 2024-08-09) is down by 0-1%. Provide a summary analysis to support your prediction. The prediction result need to be inferred from your analysis at the end, and thus not appearing as a foundational factor of your analysis.","**[Positive Developments]:**
1. **ETF Inflows**: BTC ETF inflows hitting a six-week high of $422.5M indicate renewed investor interest and potential buying pressure.
2. **Institutional Support**: Trump's speech at the Bitcoin conference and Loka's mining pool launch suggest growing institutional support and adoption.
3. **Market Rebound**: Bitcoin's rebound towards $60K and broad-based recovery suggest market resilience and potential upside.
4. **Regulatory Clarity**: The SEC dropping its investigation of Hiro Systems indicates regulatory clarity and potential market stabilization.

**[Potential Concerns]:**
1. **Mt. Gox Sell-Off**: Mt. Gox moving $3B in Bitcoin to new wallets and exchanges indicates potential selling pressure and market volatility.
2. **Government Sell-Off**: Germany's offloading of seized bitcoin, described as ""market intervention,"" could add to selling pressure and market uncertainty.
3. **Market Volatility**: Bitcoin's price movements and the Crypto Fear & Greed Index indicate high market volatility and potential further downside.
4. **Technical Resistance**: Bitcoin facing resistance at $65K and potential liquidations near breakeven levels suggest market caution.

**[Prediction & Analysis]:**
Bitcoin's price has shown signs of stabilization with positive developments such as ETF inflows, institutional support, and market rebounds indicating potential upside. However, concerns such as Mt. Gox and government sell-offs, along with market volatility, could add to market uncertainty. Despite these concerns, the recent inflows into BTC ETFs and regulatory clarity suggest renewed investor interest and potential market stabilization. Therefore, I predict a decrease of 0-1% for BTC-USD in the upcoming week, as the market consolidates and positive developments are balanced by immediate concerns, leading to relatively stable price movement."
"[Cryptocurrency Introduction]: Bitcoin (BTC) is a cryptocurrency launched in 2010. Users are able to generate BTC through the process of mining. Bitcoin has a current supply of 19,873,353. The last known price of Bitcoin is 104,632.24890669 USD and is up 0.57 over the last 24 hours. It is currently trading on 12206 active market(s) with $40,409,929,770.26 traded over the last 24 hours. More information can be found at https://bitcoin.org/.. It has a market capilization of 2074764509184.

From 2024-07-19 to 2024-07-26, BTC-USD's stock price increased from 66710.16 to 67912.06. News during this period are listed below:

[Headline]: Jersey City to Invest in Bitcoin ETFs, the Latest Pension to Dive Into Crypto
[Summary]: The municipal pension plan of Jersey City, New Jersey, will soon invest in bitcoin via exchange-traded funds, according to a Thursday social media post from Mayor Steven Fulop.

While it's not likely ...

[Headline]: Protocol Village: Hemi Labs Announces 'Hemi' as Modular L2 Focused on Interoperability Between Bitcoin, Ethereum
[Summary]: July 24: Hemi Labs announced the Hemi Network, ""a modular layer-2 blockchain network focused on delivering superior scaling, security, and interoperability between Bitcoin and Ethereum."" According to ...

[Headline]: Bitcoin Bulls Beware as 'Doctor Copper' Slides Against Gold
[Summary]: The Copper-to-gold ratio has tanked to lowest since November 2020, offering bearish cues to risk assets, including cryptocurrencies.

The sliding ratio also means lower interest rates ahead.

Suppose ...

[Headline]: Bitcoin ETFs Have Proven Popular, Ethereum ETFs Could Demonstrate Crypto’s True Investment Value 
[Summary]: Authors' views and opinions are their own and not associated with CoinDesk Indices.

The cryptocurrency industry is going mainstream.

In the U.S., the post-Sam Bankman Fried era of regulatory hostili...

[Headline]: First Mover Americas: Bitcoin Settles Above $67K After Biden Drops Out
[Summary]: This article originally appeared in First Mover, CoinDesk’s daily newsletter, putting the latest moves in crypto markets in context. Subscribe to get it in your inbox every day.

Latest Prices

Top St...

From 2024-07-26 to 2024-08-02, BTC-USD's stock price decreased from 67912.06 to 61415.07. News during this period are listed below:

[Headline]: Bitcoin Miner Marathon's Shares Tumble After Revenue Unexpectedly Misses Wall Street's Estimates
[Summary]: The shares of bitcoin miner Marathon Digital (MARA) fell as much as 8% on Thursday post-market trading after the company's second quarter revenue missed Wall Street's expectations. The shares have rec...

[Headline]: Ether ETFs Break Four-Day Outflow Streak, Bitcoin ETFs Record $18M Outflows
[Summary]: Bitcoin ETFs broke an inflow trend, while ether ETFs recorded net inflows for the second time in their existence.

Traders are looking to the possibility of soft U.S. tech earnings as a signal for upc...

[Headline]: Bitcoin Slides to $66K in Wake of Silk Road BTC Movements, Solana’s SOL Leads Majors Losses
[Summary]: Bitcoin's price dipped to $66,000 early Tuesday, erasing last week's gains.

The slide came after the U.S. government moved $2 billion worth of bitcoin, raising concerns of potential selling pressure....

[Headline]: Bitcoin Nashville Conference in Pictures: Orange Athena, Pink Suits, Polymarket Swag, Trump's Song
[Summary]: Attending the Bitcoin Nashville conference last week hosted by BTC Inc. was an exercise in sensory-overload management: Try to stay in the moment, follow the thread, and hopefully don't lose your mind...

[Headline]: Trump Speaks Saturday at the Bitcoin Conference. Here's What Attendees Like 'The Crypto Patriot' Hope He Says.
[Summary]: Former President Donald Trump speaks Saturday at the Bitcoin Conference in Nashville.

Attendees shared their hopes for the speech with CoinDesk.

NASHVILLE — It's finally here: President Donald Trump...

From 2024-08-02 to 2024-08-09, BTC-USD's stock price decreased from 61415.07 to 60880.11. News during this period are listed below:

[Headline]: Medical Data Company OneMedNet Latest to Pursue Bitcoin Treasury Strategy After Capital Raise
[Summary]: Crypto fund Off The Chain Capital made more than a million dollar investment into medical data company OneMedNet so that it could buy bitcoin.

The fund hopes to outperform the price of bitcoin throug...

[Headline]: XRP Jumps 17%, Beating Bitcoin Gains, as Ripple-SEC Case Ends
[Summary]: XRP surged 17% after a court ruling in the case involving Ripple Labs and the U.S. Securities and Exchange Commission (SEC). This led to a jump in its price from 50 cents to 65 cents and a significant...

[Headline]: Bitcoin Drops 15% Against Japanese Yen, Outpacing Declines Versus USD, as Yen Carry Trades Unwind
[Summary]: Bitcoin's yen-denominated price on the Tokyo-based bitFlyer exchange dropped nearly 15%, significantly more than its dollar-denominated price on Western exchanges.

This was influenced by the yen's sh...

[Headline]: Bitcoin Plunges Under $60K; Crypto Bulls Lose $200M as Dogecoin, Solana Tokens Drop 10%
[Summary]: Bitcoin slumped under $60,000 in early U.S. hours Sunday as a market sell-off continued into its fourth day, with bullish futures bets losing nearly $200 million in the past 24 hours.

Ether (ETH) fel...

[Headline]: Bitcoin Risk-Reward Remains Compelling Even After Price Surges 100% in a Year
[Summary]: BTC's reserve risk indicator shows conviction among long-term holders, offering an appealing risk-reward ratio to existing or potential investors.

Other indicators based on inactivity of supply also ...



Based on all the information before 2024-08-09, let's first analyze the positive developments and potential concerns for BTC-USD. Come up with 2-4 most important factors respectively and keep them concise. Most factors should be inferred from cryptocurrencies related news. Then let's assume your prediction for next week (2024-08-09 to 2024-08-16) is down by 3-4%. Provide a summary analysis to support your prediction. The prediction result need to be inferred from your analysis at the end, and thus not appearing as a foundational factor of your analysis.","**[Positive Developments]:**
1. **Institutional Adoption**: Jersey City's pension plan decision to invest in Bitcoin ETFs indicates growing institutional acceptance.
2. **Interoperability Solutions**: Hemi Labs' announcement of the Hemi Network aims to enhance scaling, security, and interoperability between Bitcoin and Ethereum.
3. **Long-Term Holder Conviction**: Bitcoin's reserve risk indicator shows strong conviction among long-term holders, suggesting a compelling risk-reward ratio.

**[Potential Concerns]:**
1. **Market Sentiment**: The Copper-to-gold ratio's decline suggests a bearish outlook for risk assets, including cryptocurrencies.
2. **Regulatory Uncertainty**: The evolving regulatory environment post-Sam Bankman-Fried era may introduce uncertainty.
3. **Potential Selling Pressure**: The U.S. government's movement of $2 billion worth of Bitcoin raises concerns about potential selling pressure.

**[Prediction & Analysis]:**
Bitcoin's price has shown resilience with institutional adoption and interoperability solutions providing a positive backdrop. However, the declining Copper-to-gold ratio and regulatory uncertainties pose significant concerns. The movement of a large amount of Bitcoin by the U.S. government adds to the selling pressure, which could lead to a short-term price correction. Additionally, the market's reaction to potential interest rate changes and overall risk sentiment could further impact Bitcoin's price. Given these factors, a downward trend of 3-4% for the upcoming week seems likely."
"[Cryptocurrency Introduction]: Bitcoin (BTC) is a cryptocurrency launched in 2010. Users are able to generate BTC through the process of mining. Bitcoin has a current supply of 19,873,353. The last known price of Bitcoin is 104,632.24890669 USD and is up 0.57 over the last 24 hours. It is currently trading on 12206 active market(s) with $40,409,929,770.26 traded over the last 24 hours. More information can be found at https://bitcoin.org/.. It has a market capilization of 2074764509184.

From 2024-08-02 to 2024-08-09, BTC-USD's stock price decreased from 61415.07 to 60880.11. News during this period are listed below:

[Headline]: Bitcoin Miner With Celsius Assets Delays IPO After Losing CEO and Auditor 
[Summary]: UPDATE (Aug. 9, 13:26 UTC): Updated throughout to note that RSM said it is no longer auditing publicly traded miners, in contrast to Ionic's claim that the firm ceased auditing the entire cryptocurren...

[Headline]: XRP Jumps 17%, Beating Bitcoin Gains, as Ripple-SEC Case Ends
[Summary]: XRP surged 17% after a court ruling in the case involving Ripple Labs and the U.S. Securities and Exchange Commission (SEC). This led to a jump in its price from 50 cents to 65 cents and a significant...

[Headline]: Solana Hits All-Time High Against Ether, Outperforms Bitcoin in Crypto Rebound
[Summary]: Cryptocurrencies continued their bounce from Monday lows on Wednesday, with layer-1 network Solana's token {{SOL}} being the fastest horse during the rebound.

The sharp relative move higher for SOL p...

[Headline]: Crypto Futures Record $1B in Liquidations as Bitcoin Nosedives, Ether Slumps Most Since 2021
[Summary]: Crypto-tracked futures saw over $1 billion million in liquidations in the past 24 hours amid a market sell-off, with ether futures recording $304 million in liquidations.

Over 200,000 traders were li...

[Headline]: Morgan Stanley to Offer Bitcoin ETFs to Wealthy Clients: CNBC
[Summary]: Morgan Stanley is making the move in response to demands from its clients.

The January approval of bitcoin ETFs raised hopes that they would attract the deep pockets of financial institutions to cryp...

From 2024-08-09 to 2024-08-16, BTC-USD's stock price decreased from 60880.11 to 58894.11. News during this period are listed below:

[Headline]: First Mover Americas: Bitcoin Drops to Under $58K After U.S. CPI Data
[Summary]: This article originally appeared in First Mover, CoinDesk’s daily newsletter, putting the latest moves in crypto markets in context. Subscribe to get it in your inbox every day.

Latest Prices

CoinDe...

[Headline]: Bitcoin Drops to $58K After U.S. CPI Print, BTC ETFs Record $81M Outflow
[Summary]: Bitcoin fell over 4% to around $58,000, leading to a broader market drop where other major cryptocurrencies like Ether, Solana, Cardano, BNB Chain, and XRP fared slightly better, with losses ranging f...

[Headline]: U.S. Moves $600M of Silk Road Bitcoin to Coinbase Prime, but Not Necessarily to Sell
[Summary]: The U.S. government Wednesday moved 10,000 Silk Road-related seized bitcoin {{BTC}} to Coinbase Prime, the exchange giant's institutional platform, blockchain data by Arkham Intelligence shows.

The c...

[Headline]: Bitcoin More Likely to Fall by $5K Than Rise by Same Amount: Analyst
[Summary]: The BTC market shows signs of seller dominance, FxPro's analyst said.

BTC's recovery has stalled with Harris pulling ahead of Trump in prediction markets.

Bitcoin's {{BTC}} swift recovery from the s...

[Headline]: Bitcoin Bulls Revisit $100K Year-End Target as BTC Spikes Over $62K
[Summary]: Bitcoin surged over $62,000 briefly before retreating, following a broad market rally that reversed steep losses from earlier in the week.

Some analysts predicted a $100,000 target for the cryptocurr...



Based on all the information before 2024-08-16, let's first analyze the positive developments and potential concerns for BTC-USD. Come up with 2-4 most important factors respectively and keep them concise. Most factors should be inferred from cryptocurrencies related news. Then let's assume your prediction for next week (2024-08-16 to 2024-08-23) is up by more than 5%. Provide a summary analysis to support your prediction. The prediction result need to be inferred from your analysis at the end, and thus not appearing as a foundational factor of your analysis.","**[Positive Developments]:**
1. **Institutional Interest**: Morgan Stanley's decision to offer Bitcoin ETFs to wealthy clients signals growing institutional demand.
2. **Market Rebound**: Solana's outperformance and the broader crypto rebound indicate a resilient market.
3. **ETF Inflows**: Ether ETFs recording net inflows suggest a positive shift in investor sentiment towards cryptocurrencies.

**[Potential Concerns]:**
1. **Miner Performance**: Marathon Digital's revenue miss raises concerns about the profitability and stability of Bitcoin miners.
2. **Regulatory Scrutiny**: The SEC case involving Ripple Labs highlights ongoing regulatory challenges in the crypto space.
3. **Market Volatility**: Significant liquidations in crypto futures and the impact of U.S. CPI data indicate high market volatility.

**[Prediction & Analysis]:**
The growing institutional interest and market rebound provide a bullish outlook for Bitcoin. However, concerns about miner profitability and regulatory scrutiny could dampen market sentiment. The significant liquidations and market volatility, especially in response to economic data, suggest a cautious approach. Despite these concerns, the positive developments, including ETF inflows and institutional demand, are likely to drive Bitcoin's price up by more than 5% in the upcoming week."
"[Cryptocurrency Introduction]: Bitcoin (BTC) is a cryptocurrency launched in 2010. Users are able to generate BTC through the process of mining. Bitcoin has a current supply of 19,873,353. The last known price of Bitcoin is 104,632.24890669 USD and is up 0.57 over the last 24 hours. It is currently trading on 12206 active market(s) with $40,409,929,770.26 traded over the last 24 hours. More information can be found at https://bitcoin.org/.. It has a market capilization of 2074764509184.

From 2024-07-26 to 2024-08-02, BTC-USD's stock price decreased from 67912.06 to 61415.07. News during this period are listed below:

[Headline]: Nvidia Becoming More Volatile Than Bitcoin and Ether
[Summary]: NVDA's 30-day implied volatility has surpassed bitcoin and ether's gauge.

Bitcoin has exhibited a strong positive correlation with NVDA since late 2022.

Nasdaq-listed Nvidia (NVDA), hailed by Goldma...

[Headline]: Anthony Pompliano: Bitcoin Will Be on U.S. Balance Sheet in 'Next 10, 15 Years' and Investing in Solana for Less Than a Dollar
[Summary]: Anthony Pompliano, CEO of Professional Capital Management spoke with CoinDesk's Jennifer Sanasie. The following is a lightly edited transcript of their interview.

Jennifer Sanasie: It's Tuesday, July...

[Headline]: First Mover Americas: Bitcoin Rises to Nearly $70K After Trump's BTC 2024 Speech
[Summary]: This article originally appeared in First Mover, CoinDesk’s daily newsletter, putting the latest moves in crypto markets in context. Subscribe to get it in your inbox every day.

Latest Prices

Top St...

[Headline]: The Clock Has Ticked on Bitcoin's Post Halving Surge, 100 Days After the Latest Quadrennial Halving
[Summary]: July 29 marks the 100th day since the Bitcoin blockchain cut per block mining rewards to 3.125 BTC from 6.25 BTC.

Data from past halvings show the bullish impact of the programmed code takes effect a...

[Headline]: Elon Musk’s X Quietly Removes Bitcoin, MAGA Emojis From Hashtags
[Summary]: Bitcoin and crypto hashtags on X no longer display emojis automatically.

X did not publicly announce the removal, and the reason behind the apparent change is unclear.

Automatically generated emojis...

From 2024-08-02 to 2024-08-09, BTC-USD's stock price decreased from 61415.07 to 60880.11. News during this period are listed below:

[Headline]: Semler Scientific Studied MicroStrategy’s Success Before Adopting Bitcoin Strategy
[Summary]: Semler Scientific's decision to covert its cash holdings to bitcoin came a bit more than a year after Eric Semler became an active investor in April 2023.

Semler said he and the board studied MicroSt...

[Headline]: Bitcoin Miner Core Scientific Shares Spike After Signing $2B of Additional Computing Contract
[Summary]: Core Scientific's shares surged as much as 17% on a new deal with CoreWeave.

The miner now expects to generate a total of $6.7 billion in revenue over the life of the contract, starting in the first ...

[Headline]: Bitcoin Drops 15% Against Japanese Yen, Outpacing Declines Versus USD, as Yen Carry Trades Unwind
[Summary]: Bitcoin's yen-denominated price on the Tokyo-based bitFlyer exchange dropped nearly 15%, significantly more than its dollar-denominated price on Western exchanges.

This was influenced by the yen's sh...

[Headline]: Bitcoin Tumbles to $53K, Ether Turns Negative for 2024 as Panic Grips Markets
[Summary]: A broad weekend selloff in crypto accelerated during Sunday evening U.S. hours, sending bitcoin {{BTC}} plunging to levels not seen since February and ether {{ETH}} back to prices not seen since Decem...

[Headline]: Bitcoin Slumps Below $63K, Altcoins Rekt, as Crypto Succumbs to Risk Off Mood
[Summary]: Bitcoin's {{BTC}} attempt at even a modest early rally during U.S. trading hours Friday was quickly snuffed out, the price dropping 4% in about the past ninety minutes alongside a major slump in equit...

From 2024-08-09 to 2024-08-16, BTC-USD's stock price decreased from 60880.11 to 58894.11. News during this period are listed below:

[Headline]: Goldman Sachs Joins Morgan Stanley in Holding Bitcoin ETFs as Institutional Interest Grows: 13F Wrap
[Summary]: Investment advisors were the largest holders of spot bitcoin exchange-traded funds as they held a total of $4.7 billion on behalf of clients.

Goldman Sachs held $418 million worth of bitcoin while Mo...

[Headline]: Bitcoin Miner Capitulation and Record High Hashrate Point to Possible Price Bottom: CryptoQuant
[Summary]: Miners are increasing their network hashrate despite a recent drop in bitcoin prices, signaling a positive sentiment after a capitulation event that has typically marked price bottoms.

A significant ...

[Headline]: Bitcoin Crosses $61K as Traders Remain Cautious Ahead of U.S. CPI, Further Unwinding of Yen Carry Trade
[Summary]: BTC moved past $61K during the Asia trading day, beating the CD20.

Traders continue to remain bullish on TON because of its integration with Telegram and growing GameFi ecosystem.

Bitcoin {{BTC}} su...

[Headline]: Crypto Wallet Holding $2B Mt. Gox Bitcoin Sends Test Transaction as Distribution Continues: Arkham
[Summary]: Wallet that received $2 billion from Mt. Gox initiated a test transaction on Tuesday.

Arkham analysts said the wallet likely belongs to crypto custody platform BitGo.

Users on Reddit are making unve...

[Headline]: Bitcoin Nears $58K as Market Slides Ahead of Busy Data Week
[Summary]: BTC and the broader crypto market experienced a selloff over the weekend, with BTC trading slightly above $58,500, down 4.8% in the last 24 hours.

U.S.-listed exchange-traded funds (ETFs) tracking th...

From 2024-08-16 to 2024-08-23, BTC-USD's stock price increased from 58894.11 to 64094.36. News during this period are listed below:

[Headline]: First Mover Americas: Bitcoin Advances Following Reports of RFK Jr. Withdrawal
[Summary]: This article originally appeared in First Mover, CoinDesk’s daily newsletter, putting the latest moves in crypto markets in context. Subscribe to get it in your inbox every day.

Latest Prices

CoinDe...

[Headline]: Institutions Are Still Buying Bitcoin ETFs, Bitwise Says
[Summary]: The biggest question in crypto at the moment is whether institutional investors will allocate to the asset class in a big way, the report said.

Bitwise noted that the total number of institutional in...

[Headline]: Bitcoin Bear Trap? Goldman Says Wednesday's U.S. Jobs Report Is Likely to Overstate Weakness
[Summary]: The BLS data is expected to show job growth in the year to March 2024 was significantly weaker than initial estimates, according crypto firm SignalPlus and Morgan Stanley.

Goldman Sachs believes the ...

[Headline]: Mt. Gox Moves $700M in Bitcoin, BTC Unmoved at $59K
[Summary]: Defunct exchange Mt. Gox moved 13,265 BTC on-chain, according to Arkham Intelligence.

According to Galaxy's Alex Thorn expects only 1,265 BTC may be offloaded in the market.

Mt. Gox-related selling ...

[Headline]: Bitcoin, Ether Held in BlackRock ETFs Cross Those of Grayscale’s for the First Time
[Summary]: BlackRock's spot Bitcoin (IBIT) and Ether (ETHA) ETFs have surpassed Grayscale's equivalent funds in assets under management.

As of the latest data, BlackRock's ETFs collectively manage over $21.217 ...



Based on all the information before 2024-08-23, let's first analyze the positive developments and potential concerns for BTC-USD. Come up with 2-4 most important factors respectively and keep them concise. Most factors should be inferred from cryptocurrencies related news. Then let's assume your prediction for next week (2024-08-23 to 2024-08-30) is down by more than 5%. Provide a summary analysis to support your prediction. The prediction result need to be inferred from your analysis at the end, and thus not appearing as a foundational factor of your analysis.","**[Positive Developments]:**
1. **Corporate Adoption**: Semler Scientific's decision to convert cash holdings to Bitcoin shows increasing corporate acceptance.
2. **Miner Expansion**: Core Scientific's new computing contract signals growth and confidence in the Bitcoin mining sector.
3. **Institutional Holdings**: Goldman Sachs and Morgan Stanley holding Bitcoin ETFs indicates institutional confidence in Bitcoin.

**[Potential Concerns]:**
1. **Market Sell-Off**: The broad market sell-off and Bitcoin's struggle to maintain price levels raise concerns about market stability.
2. **Yen Strengthening**: The strengthening Japanese Yen and unwinding of carry trades could negatively impact Bitcoin's price.
3. **Mt. Gox Distribution**: The distribution of Mt. Gox Bitcoin holdings could introduce selling pressure in the market.

**[Prediction & Analysis]:**
While corporate adoption and miner expansion provide a positive backdrop, the market sell-off and strengthening Yen pose significant concerns. The distribution of Mt. Gox Bitcoin holdings adds to the selling pressure, which could lead to a downward trend. Despite the positive developments, the market's overall risk sentiment and potential selling pressure suggest a downward movement of more than 5% for the upcoming week."
"[Cryptocurrency Introduction]: Bitcoin (BTC) is a cryptocurrency launched in 2010. Users are able to generate BTC through the process of mining. Bitcoin has a current supply of 19,873,353. The last known price of Bitcoin is 104,632.24890669 USD and is up 0.57 over the last 24 hours. It is currently trading on 12206 active market(s) with $40,409,929,770.26 traded over the last 24 hours. More information can be found at https://bitcoin.org/.. It has a market capilization of 2074764509184.

From 2024-08-23 to 2024-08-30, BTC-USD's stock price decreased from 64094.36 to 59119.48. News during this period are listed below:

[Headline]: Bitcoin Bounce Fizzles as Nvidia's Slide Ahead of Earnings Adds to Risk-Off Mood
[Summary]: A pleasant Tuesday summer evening in the U.S. was upended when bitcoin {{BTC}} plunged nearly 6% in a handful of minutes, more than erasing sizable gains seen late last week after a dovish turn by Fed...

[Headline]: Bitcoin Miners Are in M&A Mode: Architect Partners
[Summary]: The bitcoin mining sector is in the middle of a wave of M&A, the report said.

Architect Partners said miners want to secure large data center capacity with access to low cost power and capital.

The ...

[Headline]: First Mover Americas: Bitcoin Drops as Traders Take Profits
[Summary]: This article originally appeared in First Mover, CoinDesk’s daily newsletter, putting the latest moves in crypto markets in context. Subscribe to get it in your inbox every day.

Latest Prices

CoinDe...

[Headline]: Hilbert Capital Will Manage $200M Bitcoin-Denominated Hedge Fund, Xapo Bank to Add Funds
[Summary]: Hilbert Capital, the asset management arm of Swedish investment firm Hilbert Group (HILB), will manage a bitcoin {{BTC}}-denominated hedge fund with an initial capital of $200 million. Crypto bank Xap...

[Headline]: Bitcoin Tops $61K Before Powell's Jackson Hole Speech as Ether ETFs Face Record Outflows 
[Summary]: Bitcoin has been mostly trading between $59,000 and $61,000, with traders eyeing the Jackson Hole meeting for potential market-moving comments.

Most major cryptocurrencies were little changed, while ...



Based on all the information before 2024-08-30, let's first analyze the positive developments and potential concerns for BTC-USD. Come up with 2-4 most important factors respectively and keep them concise. Most factors should be inferred from cryptocurrencies related news. Then let's assume your prediction for next week (2024-08-30 to 2024-09-06) is down by more than 5%. Provide a summary analysis to support your prediction. The prediction result need to be inferred from your analysis at the end, and thus not appearing as a foundational factor of your analysis.","**[Positive Developments]:**
1. **Institutional Buying**: Bitwise's report on continued institutional buying of Bitcoin ETFs indicates sustained institutional interest.
2. **Hedge Fund Management**: Hilbert Capital's management of a Bitcoin-denominated hedge fund signals growing institutional involvement.
3. **Market Expectations**: Traders eyeing the Jackson Hole meeting for potential market-moving comments suggest anticipation of positive news.

**[Potential Concerns]:**
1. **Profit Taking**: The market's reaction to traders taking profits indicates a cautious sentiment.
2. **M&A Activity**: The wave of M&A in the Bitcoin mining sector could introduce uncertainty and volatility.
3. **Economic Data**: Weak U.S. manufacturing data and hints of further BOJ rate rises could negatively impact market sentiment.

**[Prediction & Analysis]:**
Institutional buying and the management of Bitcoin-denominated hedge funds provide a bullish outlook. However, profit-taking and M&A activity introduce uncertainty. The economic data and rate rise expectations could further dampen market sentiment. Given these factors, a downward trend of more than 5% for the upcoming week seems likely, as the market digests these developments and awaits further clarity."
"[Cryptocurrency Introduction]: Bitcoin (BTC) is a cryptocurrency launched in 2010. Users are able to generate BTC through the process of mining. Bitcoin has a current supply of 19,873,353. The last known price of Bitcoin is 104,632.24890669 USD and is up 0.57 over the last 24 hours. It is currently trading on 12206 active market(s) with $40,409,929,770.26 traded over the last 24 hours. More information can be found at https://bitcoin.org/.. It has a market capilization of 2074764509184.

From 2024-08-16 to 2024-08-23, BTC-USD's stock price increased from 58894.11 to 64094.36. News during this period are listed below:

[Headline]: First Mover Americas: Bitcoin Holds Below $60K Before U.S. Jobs Data Revision
[Summary]: This article originally appeared in First Mover, CoinDesk’s daily newsletter, putting the latest moves in crypto markets in context. Subscribe to get it in your inbox every day.

Latest Prices

CoinDe...

[Headline]: Trump Tops Harris on Polymarket; Tron, Cardano in the Green as Bitcoin Sinks
[Summary]: Major altcoins like ETH, Solana's SOL, BNB and XRP, dropped as bitcoin's struggle to move past $60K.

Tron's TRX and Cardano's ADA showed gains, with TRX particularly benefiting from increased network...

[Headline]: U.S. Elections-Linked Bitcoin Options Draw Nearly $350M in Open Interest
[Summary]: Traders have locked in $345 million in bitcoin options expiring four days after the Nov. 4 elections.

Distribution of open interest shows bullish sentiment, according to Wintermute.

Crypto traders s...

[Headline]: Attention Bitcoin Traders, the Japanese Yen Is Strengthening Again
[Summary]: The FX market shows a renewed bias for anti-risk Japanese yen.

A similar yen outperformance early this month, triggered carry unwind and rocked risk assets, including cryptocurrencies.

Some observer...

[Headline]: Bitcoin's Programmability Draws Closer to Reality as Robin Linus Delivers 'BitVM2' 
[Summary]: New ""BitVM2"" paper from Robin Linus and a team of co-authors marks a leap forward from the initial design.

Project would rely on advanced cryptography and a novel design to facilitate a secure ""bridg...

From 2024-08-23 to 2024-08-30, BTC-USD's stock price decreased from 64094.36 to 59119.48. News during this period are listed below:

[Headline]: Bitcoin Price Falls Below $59K Amid Broad Market Rout; Ether Slumps Almost 10%
[Summary]: Cryptocurrencies suffered substantial losses as the U.S. business day came to a close, with bitcoin {{BTC}} tumbling below $59,000 and Ethereum's ether {{ETH}} losing almost 10%.

Bitcoin had topped $...

[Headline]: Bitcoin Slides Below $62K as Consolidation Drags on, but Traders Eye Possible Parabolic Rally
[Summary]: BTC is down 3% in the past 24 hours, with ETH, AVAX, LINK and UNI leading altcoin losses.

Bitcoin's weekly Bollinger Bands compressed to similar levels seen not just last October, but in other episod...

[Headline]: Bitcoin Mining Is So Rough a Miner Adopted Michael Saylor's Successful BTC Strategy
[Summary]: Marathon Digital sold debt to buy bitcoin, after BTC mining profits deteriorated this year.

The miner is following Michael Saylor's footsteps in using borrowed money to add BTC to its balance sheet.
...

[Headline]: Hilbert Capital Will Manage $200M Bitcoin-Denominated Hedge Fund, Xapo Bank to Add Funds
[Summary]: Hilbert Capital, the asset management arm of Swedish investment firm Hilbert Group (HILB), will manage a bitcoin {{BTC}}-denominated hedge fund with an initial capital of $200 million. Crypto bank Xap...

[Headline]: Bitcoin Tops $61K Before Powell's Jackson Hole Speech as Ether ETFs Face Record Outflows 
[Summary]: Bitcoin has been mostly trading between $59,000 and $61,000, with traders eyeing the Jackson Hole meeting for potential market-moving comments.

Most major cryptocurrencies were little changed, while ...

From 2024-08-30 to 2024-09-06, BTC-USD's stock price decreased from 59119.48 to 53948.75. News during this period are listed below:

[Headline]: Bitcoin Mining Profitability Is Stuck at Record Lows, JPMorgan Says
[Summary]: Bitcoin mining profitability is at a record low, the report said.

The aggregate market cap of the U.S.-listed bitcoin miners tracked by the bank fell 15% last month, JPMorgan said.

The bank noted th...

[Headline]: Bitcoin ETFs Bleed $287M, Largest Daily Outflow in Four Months
[Summary]: The 11 U.S.-listed spot ETFs saw $287.8 million worth of outflows on Tuesday, according to Farside Investors.

BTC traded lower as weak U.S. manufacturing data revived growth concerns.

The U.S.-liste...

[Headline]: First Mover Americas: Bitcoin Gain Checked by Hints of Further BOJ Rate Rises
[Summary]: This article originally appeared in First Mover, CoinDesk’s daily newsletter, putting the latest moves in crypto markets in context. Subscribe to get it in your inbox every day.

Latest Prices

CoinDe...

[Headline]: First Mover Americas: Bitcoin Sits Around $58.5K at Start of Historically Bearish September
[Summary]: This article originally appeared in First Mover, CoinDesk’s daily newsletter, putting the latest moves in crypto markets in context. Subscribe to get it in your inbox every day.

Latest Prices

CoinDe...

[Headline]: Bitcoin Recovers to $58.3K at Start of Seasonally Bearish September
[Summary]: Bitcoin rose by 0.5% to around $58,300, while cryptocurrencies like dogecoin and toncoin are seeing losses up to 3% on the Labor Day holiday in the U.S.

Market analysis suggests a bearish trend for S...



Based on all the information before 2024-09-06, let's first analyze the positive developments and potential concerns for BTC-USD. Come up with 2-4 most important factors respectively and keep them concise. Most factors should be inferred from cryptocurrencies related news. Then let's assume your prediction for next week (2024-09-06 to 2024-09-13) is up by more than 5%. Provide a summary analysis to support your prediction. The prediction result need to be inferred from your analysis at the end, and thus not appearing as a foundational factor of your analysis.","**[Positive Developments]:**
1. **Institutional Interest**: The growing open interest in Bitcoin options linked to U.S. elections indicates bullish institutional sentiment.
2. **Programmability Advances**: The development of BitVM2 marks a significant step towards enhancing Bitcoin's programmability.
3. **ETF Holdings**: BlackRock's spot Bitcoin ETFs surpassing Grayscale's funds in assets under management signals growing institutional involvement.

**[Potential Concerns]:**
1. **Yen Strengthening**: The renewed bias for the anti-risk Japanese Yen could negatively impact risk assets, including Bitcoin.
2. **Market Rout**: The substantial losses and broad market rout indicate high volatility and uncertainty.
3. **Miner Profitability**: JPMorgan's report on record low Bitcoin mining profitability raises concerns about the sector's stability.

**[Prediction & Analysis]:**
Institutional interest and advances in programmability provide a positive backdrop for Bitcoin. However, the strengthening Yen and market rout introduce significant concerns. The record low miner profitability adds to the uncertainty, which could lead to a downward trend. Despite the positive developments, the market's overall risk sentiment and potential selling pressure suggest a downward movement of more than 5% for the upcoming week."
"[Cryptocurrency Introduction]: Bitcoin (BTC) is a cryptocurrency launched in 2010. Users are able to generate BTC through the process of mining. Bitcoin has a current supply of 19,873,353. The last known price of Bitcoin is 104,632.24890669 USD and is up 0.57 over the last 24 hours. It is currently trading on 12206 active market(s) with $40,409,929,770.26 traded over the last 24 hours. More information can be found at https://bitcoin.org/.. It has a market capilization of 2074764509184.

From 2024-08-30 to 2024-09-06, BTC-USD's stock price decreased from 59119.48 to 53948.75. News during this period are listed below:

[Headline]: Crypto for Advisors: Bitcoin and Gold, Stores of Value
[Summary]: In today’s issue, Ilan Solot from Marex Solutions examines gold and bitcoin’s role as stores of value assets and how this role changes over time.

Then, DJ Windle from Windle Wealth explains how bitco...

[Headline]: TradFi Companies 'Want to Transact in Bitcoin,' Says Cantor Fitzgerald CEO
[Summary]: Howard Lutnick says banks want to transact in BTC as a new asset class but are being held back the existing requirements of U.S. regulators.

""That's why they don't hold it. But if the regulatory envi...

[Headline]: Bitcoin Dives Under $56K as Asian Equities See Red
[Summary]: BTC briefly fell to $55,500, its lowest since August 8, to reverse nearly all gains in the past month.

The August reading of the Institute for Supply Management’s manufacturing index slumped for a fi...

[Headline]: Bitcoin Could Drop 20% After Fed Rate Cuts in Bearish Case, but Weak September Presents Buying Opportunity: Analysts
[Summary]: A 25 basis point Federal Reserve cut would be positive for markets, but a higher 50 point move would signal growing concerns of a recession and a deeper correction for risk assets, Bitfinex said in a ...

[Headline]: Crypto Tuesday Crumble Sends Bitcoin Below $58K, Ether to 7-Month Low
[Summary]: Bitcoin and ether fell sharply as U.S. stocks posted large losses in early Tuesday trade

It's a big week for U.S. economic data and the first report showed weakness alongside an uptick in inflation p...

From 2024-09-06 to 2024-09-13, BTC-USD's stock price increased from 53948.75 to 60571.30. News during this period are listed below:

[Headline]: Building on Bitcoin in the Age of Web3
[Summary]: On May 23, 2014, a few days after Credit Suisse pled guilty in a $2.6 billion settlement, Edmund Moy, Director of the United States Mint between 2006 to 2011, had an epiphany. Seeing public statements...

[Headline]: Bitcoin Yields as High as 45% on Offer in Pendle's New Pools
[Summary]: DeFi platform Pendle's new pools allows users to earn floating yields up to 45% and fixed yields of 10% on a bitcoin-based token.

The yields are achieved through staking service Lombard's LBTC token ...

[Headline]: Bitcoin Jumps Over $58K Amid Tech Stock Rally, SUI Outperforms
[Summary]: Bitcoin surpassed $58,000 during Asian trading hours, influenced by a rally in U.S. tech stocks and positive movements in Asian equities.

Despite the bitcoin price increase, U.S. spot bitcoin ETFs ex...

[Headline]: First Mover Americas: Bitcoin Rises to $57K as ETFs End Losing Streak
[Summary]: This article originally appeared in First Mover, CoinDesk’s daily newsletter, putting the latest moves in crypto markets in context. Subscribe to get it in your inbox every day.

Latest Prices

CoinDe...

[Headline]: Bitcoin's 200-Day Average About to Lose Bullish Momentum; NFP Eyed
[Summary]: BTC's 200-day SMA is close to shedding its bullish bias for the first time since October.

Short-term averages have already flipped bearish.

The nonfarm payrolls report due later Friday is likely to ...



Based on all the information before 2024-09-13, let's first analyze the positive developments and potential concerns for BTC-USD. Come up with 2-4 most important factors respectively and keep them concise. Most factors should be inferred from cryptocurrencies related news. Then let's assume your prediction for next week (2024-09-13 to 2024-09-20) is up by 4-5%. Provide a summary analysis to support your prediction. The prediction result need to be inferred from your analysis at the end, and thus not appearing as a foundational factor of your analysis.","**[Positive Developments]:
1. **Institutional Interest**: Traditional finance companies are expressing interest in transacting with Bitcoin, indicating growing acceptance in the financial industry.
2. **Market Rebound**: Bitcoin's price increase from $53,948.75 to $60,571.30 indicates a strong market rebound, supported by positive movements in Asian equities and U.S. tech stocks.
3. **High Yield Opportunities**: DeFi platforms like Pendle are offering high yield opportunities for Bitcoin, attracting more investors.

**[Potential Concerns]:
1. **Regulatory Uncertainty**: U.S. regulators' requirements are hindering banks from holding Bitcoin, creating uncertainty in the market.
2. ** Market Volatility**: Bitcoin's price volatility, as seen in the drop below $56K, remains a concern for investors.
3. **Economic Indicators**: Weak economic indicators, such as the ISM manufacturing index slump, may negatively impact Bitcoin's price.

**[Prediction & Analysis]:
Bitcoin's price has shown resilience and positive momentum, with a rebound from the previous week's lows. The growing institutional interest and high yield opportunities in DeFi platforms are expected to drive demand. However, regulatory uncertainty and market volatility may limit gains. Overall, the positive developments are likely to outweigh the concerns, leading to a 4-5% price increase in the upcoming week."
"[Cryptocurrency Introduction]: Bitcoin (BTC) is a cryptocurrency launched in 2010. Users are able to generate BTC through the process of mining. Bitcoin has a current supply of 19,873,353. The last known price of Bitcoin is 104,632.24890669 USD and is up 0.57 over the last 24 hours. It is currently trading on 12206 active market(s) with $40,409,929,770.26 traded over the last 24 hours. More information can be found at https://bitcoin.org/.. It has a market capilization of 2074764509184.

From 2024-08-30 to 2024-09-06, BTC-USD's stock price decreased from 59119.48 to 53948.75. News during this period are listed below:

[Headline]: Bitcoin Flounders Ahead of Friday Jobs Report That Might Push Fed to Slash Rates by 50 Basis Points
[Summary]: Tomorrow's August jobs report is likely to go a long way to determining the size of the upcoming Fed rate cut

Fed easing cycles are normally associated with good things for bitcoin, but not so much t...

[Headline]: Bitcoin Posts Negligible Bounce, but Extreme Fear Suggests Larger Rebound in Store
[Summary]: Bitcoin, ETH, SOL and other cryptocurrencies modestly reversed their losses from earlier in the day.

The Crypto Fear & Greed Index sentiment indicator sank to deep fear levels similar to the lows in ...

[Headline]: Bitcoin Could Drop 20% After Fed Rate Cuts in Bearish Case, but Weak September Presents Buying Opportunity: Analysts
[Summary]: A 25 basis point Federal Reserve cut would be positive for markets, but a higher 50 point move would signal growing concerns of a recession and a deeper correction for risk assets, Bitfinex said in a ...

[Headline]: BitGo CEO Says Wrapped Bitcoin’s Critics Aren’t Being ‘Intellectually Honest’ About Their Concerns
[Summary]: BitGo's CEO Mike Belshe defended a recent partnership with BiT Global involving wrapped bitcoin, that has been criticized by some for its proximity to Tron founder Justin Sun.

""There is no doubt that...

[Headline]: First Mover Americas: Bitcoin Sits Around $58.5K at Start of Historically Bearish September
[Summary]: This article originally appeared in First Mover, CoinDesk’s daily newsletter, putting the latest moves in crypto markets in context. Subscribe to get it in your inbox every day.

Latest Prices

CoinDe...

From 2024-09-06 to 2024-09-13, BTC-USD's stock price increased from 53948.75 to 60571.30. News during this period are listed below:

[Headline]: Building on Bitcoin in the Age of Web3
[Summary]: On May 23, 2014, a few days after Credit Suisse pled guilty in a $2.6 billion settlement, Edmund Moy, Director of the United States Mint between 2006 to 2011, had an epiphany. Seeing public statements...

[Headline]: First Mover Americas: Bitcoin Tops $58K After U.S. Tech Stocks Rise
[Summary]: This article originally appeared in First Mover, CoinDesk’s daily newsletter, putting the latest moves in crypto markets in context. Subscribe to get it in your inbox every day.

Latest Prices

CoinDe...

[Headline]: Bitcoin Eyes $58K With Downtrodden Crypto Markets Exposed to Short Squeezes, Says Analyst
[Summary]: Bitcoin {{BTC}} was rising on Tuesday as the crypto market continued its rebound from last week's fear-inducing plunge.

The largest crypto's price was nearing $58,000 late in the U.S. trading session...

[Headline]: Bitcoin ETFs Are Fine Despite Suffering Their Worst String of Outflows, Says Expert
[Summary]: U.S.-traded spot bitcoin ETFs saw $1.2 billion in outflows between Aug. 27 and Sept. 6.

This marked the longest streak of outflows since the launch of the funds, but it signals nothing but healthy gr...

[Headline]: Bitcoin's 200-Day Average About to Lose Bullish Momentum; NFP Eyed
[Summary]: BTC's 200-day SMA is close to shedding its bullish bias for the first time since October.

Short-term averages have already flipped bearish.

The nonfarm payrolls report due later Friday is likely to ...

From 2024-09-13 to 2024-09-20, BTC-USD's stock price increased from 60571.30 to 63192.98. News during this period are listed below:

[Headline]: DeFi Lender Sky Ratifies Plan to Offboard Wrapped Bitcoin, Due to Sun Concerns
[Summary]: Sky, the decentralized finance lender previously known as MakerDAO, will move forward with a plan to offboard wrapped bitcoin (WBTC) as collateral, following a vote that closed on Thursday and garnere...

[Headline]: Maximizing Bitcoin per Share: A New Corporate Strategy
[Summary]: Cathedra Bitcoin pivots from mining to data centers to increase bitcoin holdings per share, responding to industry pressures created by the bitcoin halving and low mining revenue.

Metaplanet focuses ...

[Headline]: The Fed Will Tell Us Soon If Bitcoin Is at a New Baseline
[Summary]: The anticipation of a Fed rate cut today in crypto and wider investment markets is palpable.

The decision could potentially be a substantial 50bps “statement of intent” cut (currently priced around a...

[Headline]: Another Bitcoin Miner Adopts MicroStrategy's Playbook of Buying BTC in Open Market
[Summary]: Cathedra Bitcoin will pivot away from Bitcoin mining to providing general data center services and buying Bitcoin on the open market instead, the company said.

Cathedra cited unpredictable profit mar...

[Headline]: Bitcoin Slips to $58K as Fed Faces Split Rate Cut Expectations 
[Summary]: The Fed faces split rate cut expectations as markets price in 50% probability for both 25 bps and 50 bps move this Wednesday.

Bitcoin has pulled back from above $60,000 amid rate cut uncertainty.

Th...



Based on all the information before 2024-09-20, let's first analyze the positive developments and potential concerns for BTC-USD. Come up with 2-4 most important factors respectively and keep them concise. Most factors should be inferred from cryptocurrencies related news. Then let's assume your prediction for next week (2024-09-20 to 2024-09-27) is up by 4-5%. Provide a summary analysis to support your prediction. The prediction result need to be inferred from your analysis at the end, and thus not appearing as a foundational factor of your analysis.","**[Positive Developments]:
1. **Technical Indicators**: Bitcoin's extreme fear sentiment indicator suggests a larger rebound is in store, as the market often reverses after reaching extreme fear levels.
2. **Historical Trends**: Historically, September has been a bearish month for Bitcoin, but it has also presented buying opportunities, as analysts have highlighted.

**[Potential Concerns]:
1. **Fed Rate Cuts**: A 50 basis point Federal Reserve cut would signal growing concerns of a recession, leading to a deeper correction for risk assets, including Bitcoin.
2. ** Market Sentiment**: The Crypto Fear & Greed Index is at deep fear levels, indicating high uncertainty and potential sell-offs.

**[Prediction & Analysis]:
Bitcoin's price is expected to experience a 4-5% increase in the upcoming week, as historical trends and technical indicators suggest a rebound from the current fear-driven market. However, the anticipated Fed rate cuts and market sentiment may limit gains and introduce volatility. Overall, the positive developments are likely to drive the price increase, but investors should remain cautious of the potential concerns."
"[Cryptocurrency Introduction]: Bitcoin (BTC) is a cryptocurrency launched in 2010. Users are able to generate BTC through the process of mining. Bitcoin has a current supply of 19,873,353. The last known price of Bitcoin is 104,632.24890669 USD and is up 0.57 over the last 24 hours. It is currently trading on 12206 active market(s) with $40,409,929,770.26 traded over the last 24 hours. More information can be found at https://bitcoin.org/.. It has a market capilization of 2074764509184.

From 2024-08-30 to 2024-09-06, BTC-USD's stock price decreased from 59119.48 to 53948.75. News during this period are listed below:

[Headline]: Bitcoin Retraces Below $57K as 'Sell-on-Rise' Action Continues
[Summary]: BTC's price bounces remain shallow and brief as concerns about the U.S. economy linger.

Crypto weakness may be a red flag for traditional risk assets, one analyst said.

Bitcoin {{BTC}} dropped below...

[Headline]: Bitcoin ETFs Bleed $287M, Largest Daily Outflow in Four Months
[Summary]: The 11 U.S.-listed spot ETFs saw $287.8 million worth of outflows on Tuesday, according to Farside Investors.

BTC traded lower as weak U.S. manufacturing data revived growth concerns.

The U.S.-liste...

[Headline]: Bitcoin Margin Longs on Bitfinex Defy Bearish Seasonality
[Summary]: On crypto exchange Bitfinex, traders are borrowing funds to set up bullish bets, one analyst said.

Perpetual funding rates have flipped positive.

Over-the-counter desks are witnessing demand for hig...

[Headline]: OKX Brings Update to Ease Bitcoin Arbitrage
[Summary]: OKX automates execution of the ""funding rate arbitrage"" strategy.

The new offering allows traders of varied experience levels to maximized returns, OKX said.

OKX, the world's third-largest crypto ex...

[Headline]: Bitcoin Drops Under $59K as BTC Demand Wanes, BlackRock’s IBIT Logs Outflows for the Second Time
[Summary]: Bitcoin experienced a decline, falling below $59,000 with a weekly loss of over 3.5%, amidst signs of reduced demand and net outflows from major ETFs, such as BlackRock's IBIT.

However, data shows an...

From 2024-09-06 to 2024-09-13, BTC-USD's stock price increased from 53948.75 to 60571.30. News during this period are listed below:

[Headline]: DeFi Lending Giant Sky Sets Vote to Offload Wrapped Bitcoin as Justin Sun Concerns Linger
[Summary]: Sky, the decentralized finance lender formerly known as MakerDAO, will vote on fully ditching wrapped bitcoin (wBTC) from its ecosystem, according to a Thursday governance post, potentially a major de...

[Headline]: First Mover Americas: Bitcoin Tops $58K After U.S. Tech Stocks Rise
[Summary]: This article originally appeared in First Mover, CoinDesk’s daily newsletter, putting the latest moves in crypto markets in context. Subscribe to get it in your inbox every day.

Latest Prices

CoinDe...

[Headline]: Bitcoin Could Hit $125K by Year-End if Trump Becomes President, $75K if Harris Triumphs: Standard Chartered
[Summary]: Bitcoin is going to break out to new highs by year-end irrespective of who wins the U.S. election, the report said.

The bank said bitcoin could reach $125,000 if Trump wins and $75,000 if Harris triu...

[Headline]: Bitcoin Jumps Over $58K Amid Tech Stock Rally, SUI Outperforms
[Summary]: Bitcoin surpassed $58,000 during Asian trading hours, influenced by a rally in U.S. tech stocks and positive movements in Asian equities.

Despite the bitcoin price increase, U.S. spot bitcoin ETFs ex...

[Headline]: Bitcoin ETFs Are Fine Despite Suffering Their Worst String of Outflows, Says Expert
[Summary]: U.S.-traded spot bitcoin ETFs saw $1.2 billion in outflows between Aug. 27 and Sept. 6.

This marked the longest streak of outflows since the launch of the funds, but it signals nothing but healthy gr...

From 2024-09-13 to 2024-09-20, BTC-USD's stock price increased from 60571.30 to 63192.98. News during this period are listed below:

[Headline]: DeFi Lender Sky Ratifies Plan to Offboard Wrapped Bitcoin, Due to Sun Concerns
[Summary]: Sky, the decentralized finance lender previously known as MakerDAO, will move forward with a plan to offboard wrapped bitcoin (WBTC) as collateral, following a vote that closed on Thursday and garnere...

[Headline]: The Fed Will Tell Us Soon If Bitcoin Is at a New Baseline
[Summary]: The anticipation of a Fed rate cut today in crypto and wider investment markets is palpable.

The decision could potentially be a substantial 50bps “statement of intent” cut (currently priced around a...

[Headline]: First Mover Americas: Bitcoin Price Drops Below $60K Ahead of Expected Fed Rate Cut
[Summary]: This article originally appeared in First Mover, CoinDesk’s daily newsletter, putting the latest moves in crypto markets in context. Subscribe to get it in your inbox every day.

Latest Prices

CoinDe...

[Headline]: Bitcoin Mining Profitability Remains at All-Time Lows as Prices Fall, Hashrate Rises, JPMorgan Says
[Summary]: The Bitcoin network hashrate is now back to pre-halving levels, the report said.

The bank noted that U.S.-listed miners' share of the network hashrate increased for the fifth straight month to a new ...

[Headline]: Bitcoin Left Out as Stocks, Bonds and Gold Party on Global Monetary Easing
[Summary]: A global coordinated monetary ease campaign is underway

Most asset classes are on the rise as a result, but bitcoin remains under pressure

The crypto may need more than a handful of modest rate cuts...

From 2024-09-20 to 2024-09-27, BTC-USD's stock price increased from 63192.98 to 65790.66. News during this period are listed below:

[Headline]: Crypto for Advisors: The Growth of Bitcoin as Collateral
[Summary]: In today’s issue, Adam Reeds, CEO of Ledn, looks at the evolving landscape of bitcoin financing products in the market as the number of opportunities to use bitcoin as collateral is growing.

In Ask a...

[Headline]: The Protocol: When Trump Bought Red-Meat Bitcoin Burgers, He Called It 'Crypto'
[Summary]: Bitcoiners aren't usually the forgiving type – especially toward perceived apostates who ape into other cryptocurrencies. That's why Republican U.S. presidential nominee Donald Trump's visit last week...

[Headline]: Sky Reconsiders Plan to Offboard Wrapped Bitcoin, After Chat With BitGo CEO
[Summary]: Sky, the decentralized finance lender previously known as MakerDAO, could consider pausing its plan to offboard wrapped bitcoin (WBTC) as collateral, following a fresh recommendation from an influenti...

[Headline]: Bitcoin Pushes Past $64K as Monetary Ease Expectations Grow
[Summary]: China overnight joined in what's now a near global monetary easing campaign by the major economies.

Bitcoin took aim at rising past $65,000 for the first time since early August.

A breakout above th...

[Headline]: 'Satoshi Era' Wallets Move $16M in Bitcoin After 15 Years of Dormancy
[Summary]: Over 250 BTC from the early days of bitcoin, known as the ""Satoshi era,"" were transferred on Friday in five separate transactions, each moving 50 BTC to new wallets, with a total value close to $13 mi...



Based on all the information before 2024-09-27, let's first analyze the positive developments and potential concerns for BTC-USD. Come up with 2-4 most important factors respectively and keep them concise. Most factors should be inferred from cryptocurrencies related news. Then let's assume your prediction for next week (2024-09-27 to 2024-10-04) is down by more than 5%. Provide a summary analysis to support your prediction. The prediction result need to be inferred from your analysis at the end, and thus not appearing as a foundational factor of your analysis.","**[Positive Developments]:
1. **Market Recovery**: Bitcoin's price increase from $53,948.75 to $60,571.30 indicates a strong market recovery, supported by a rally in U.S. tech stocks and positive movements in Asian equities.
2. **DeFi Integration**: The integration of Bitcoin in DeFi platforms, such as Pendle's new pools, offers attractive yield opportunities, driving demand.
3. **ETF Outflows**: Despite outflows, U.S.-traded spot bitcoin ETFs are considered healthy, indicating sustained investor interest.

**[Potential Concerns]:
1. **Wrapped Bitcoin Concerns**: The plan to offboard wrapped bitcoin (WBTC) by DeFi lender Sky raises concerns about the stability and security of Bitcoin-based DeFi ecosystems.
2. **Fed Rate Cut Uncertainty**: The Fed's split rate cut expectations have introduced uncertainty, leading to a pullback in Bitcoin's price.
3. **Mining Profitability**: Bitcoin mining profitability remains at all-time lows, which may impact the network's security and hash rate.

**[Prediction & Analysis]:
Bitcoin's price is expected to increase by 4-5% in the upcoming week, driven by strong market recovery, DeFi integration, and sustained investor interest. However, concerns surrounding wrapped Bitcoin, Fed rate cut uncertainty, and mining profitability may limit gains and introduce volatility. Overall, the positive developments are likely to outweigh the concerns, leading to a price increase."
"[Cryptocurrency Introduction]: Bitcoin (BTC) is a cryptocurrency launched in 2010. Users are able to generate BTC through the process of mining. Bitcoin has a current supply of 19,873,353. The last known price of Bitcoin is 104,632.24890669 USD and is up 0.57 over the last 24 hours. It is currently trading on 12206 active market(s) with $40,409,929,770.26 traded over the last 24 hours. More information can be found at https://bitcoin.org/.. It has a market capilization of 2074764509184.

From 2024-09-27 to 2024-10-04, BTC-USD's stock price decreased from 65790.66 to 62067.48. News during this period are listed below:

[Headline]: Bitcoin Plunge Causes $450M in Bullish Crypto Bets Liquidated
[Summary]: Nearly half a billion in bullish crypto bets were liquidated as the market buckled under geopolitical pressure.

Data from CoinGlass shows that 86% of traders are bullish going into October.

Futures ...

[Headline]: Bitcoin Bulls Eye $75K and Higher as BTC Registers Three-Week Winning Streak
[Summary]: BTC has registered its first three-week winning trend since February.

Dealers have seen massive call buying activity at the $75,000 strike price and beyond and put selling, according to Amberdata.

B...

[Headline]: MicroStrategy 2X Leveraged ETF Sees Massive Inflows In First Week Of Trading As MSTR Outperforms Bitcoin
[Summary]: Seven days after hitting the market, the T-REX 2X Long MSTR Daily Target ETF (MSTU) has become one of the most successful new exchange-traded funds (ETFs) on the market after attracting over $72 milli...

[Headline]: SEC's Gensler Won't Reveal His View on Trump's Bitcoin Reserve, Reiterates Bitcoin Isn't a Security 
[Summary]: SEC Chair Gary Gensler has once again said that bitcoin is not a security and that ""you can actually express that view by buying ETF products now.""

Given its election season, Gensler refused to revea...

[Headline]: Bitcoin Holds Above $64K as China Stimulus Sends Conflux’s CFX, Dog Memes Running High
[Summary]: In Asia's Friday market, dog-themed memecoins like SHIB, BONK, and FLOKI experienced significant gains, with SHIB and FLOKI up by 15% and BONK leading with a 17% increase, fueled by a return of risk a...



Based on all the information before 2024-10-04, let's first analyze the positive developments and potential concerns for BTC-USD. Come up with 2-4 most important factors respectively and keep them concise. Most factors should be inferred from cryptocurrencies related news. Then let's assume your prediction for next week (2024-10-04 to 2024-10-11) is up by 0-1%. Provide a summary analysis to support your prediction. The prediction result need to be inferred from your analysis at the end, and thus not appearing as a foundational factor of your analysis.","**[Positive Developments]:
1. **ETF Inflows**: The MicroStrategy 2X Leveraged ETF has seen massive inflows, indicating strong investor interest and demand for Bitcoin-related products.
2. **SEC Clarification**: SEC Chair Gary Gensler has reiterated that Bitcoin is not a security, providing regulatory clarity and potentially driving institutional investment.

**[Potential Concerns]:
1. **Geopolitical Pressure**: Geopolitical pressure has led to nearly half a billion in bullish crypto bets being liquidated, highlighting the market's vulnerability to external events.
2. **Memecoin Rally**: The rally in dog-themed memecoins may divert investor attention and capital away from Bitcoin, potentially limiting its price appreciation.

**[Prediction & Analysis]:
Bitcoin's price is expected to experience a modest 0-1% increase in the upcoming week, as positive developments such as ETF inflows and regulatory clarification support the market. However, geopolitical pressure and the memecoin rally may limit gains and introduce volatility. Overall, the positive developments are likely to be offset by the potential concerns, leading to a relatively flat price movement."
"[Cryptocurrency Introduction]: Bitcoin (BTC) is a cryptocurrency launched in 2010. Users are able to generate BTC through the process of mining. Bitcoin has a current supply of 19,873,353. The last known price of Bitcoin is 104,632.24890669 USD and is up 0.57 over the last 24 hours. It is currently trading on 12206 active market(s) with $40,409,929,770.26 traded over the last 24 hours. More information can be found at https://bitcoin.org/.. It has a market capilization of 2074764509184.

From 2024-09-27 to 2024-10-04, BTC-USD's stock price decreased from 65790.66 to 62067.48. News during this period are listed below:

[Headline]: Bitcoin Bounce Above $62K Quickly Fades; Ether, XRP, ADA, LINK Lose as Torrid October Continues   
[Summary]: Bitcoin's modest pump above $62,000 quickly faded, while ETH, XRP, ADA, SOL were 5%-7% lower over the past 24 hours.

BTC could tumble to $55,000 if the Middle East conflict escalates further, but the...

[Headline]: Bitcoin Retail Activity Remains Low Despite Recent Rally
[Summary]: In previous crypto bull markets in 2017 and 2021, the Coinbase app was ranked number one in downloads versus the current 438.

The amount of bitcoin owned by short-term holders is approximately 2.5 mi...

[Headline]: MicroStrategy's Next Bitcoin Purchase Is Likely to Take Its Holdings Above Grayscale's GBTC
[Summary]: MicroStrategy mights soon hold more bitcoin than Grayscale.

The company has used capital markets to continually raise money for additional bitcoin buys, while Grayscale has seen a large exit of token...

[Headline]: Bitcoin’s Bearish September May Be Its Best Since 2013 Ahead of Bullish October
[Summary]: Bitcoin is set to record a gain of at least 9% this September, defying its historical trend of negative returns for the month, with only two prior instances of positive growth since 2013.

October tra...

[Headline]: Bitcoin FOMO Is Back: $70K and Then New Record Highs in Sight, Says Analyst
[Summary]: Impressive gains since the U.S. Federal Reserve's mid-September rate cut and subsequent China stimulus plans have pushed bitcoin {{BTC}} out of its downtrend, according to a new research report.

""FOM...

From 2024-10-04 to 2024-10-11, BTC-USD's stock price increased from 62067.48 to 62445.09. News during this period are listed below:

[Headline]: Crypto for Advisors: Bitcoin and the American Dream
[Summary]: It's interesting to witness the evolution of crypto products as they integrate into real world use-cases beyond being a currency or a store of value.

In today's issue, Meredith Yarbrough, managing pa...

[Headline]: For Millennials, Bitcoin Is the New Real Estate
[Summary]: Real estate as an asset class has been a source of increasing affluence as many older individuals in top-tier Asian cities, such as Singapore and Hong Kong, have seen their wealth soar due to rising p...

[Headline]: Bitcoin Protocol Babylon Pulls in $1.5B of Staking Deposits as Cap Lifted
[Summary]: Bitcoin protocol Babylon completed its second staking round on Tuesday, increasing deposits to about 24,000 BTC ($1.5 billion) from about 1,000 BTC previously.

The staking round was ""duration-based,""...

[Headline]: Polymarket Bettors Shuffle Odds of Bitcoin's Creator Reveal Ahead of HBO Documentary
[Summary]: Len Sassaman, once a favorite with Polymarket bettors as a possible contender to be Nakamoto, is out of the lead.

The consensus amongst Polymarket bettors is that it's someone not on the list.

The o...

[Headline]: Bitcoin ETFs Register Net Outflows for Third Straight Day
[Summary]: Bitcoin ETFs bled $54.2 million on Thursday.

Of 525 ETFs launched in 2024, 13 of the top 25 are either bitcoin or ether related.

The U.S.-listed bitcoin {{BTC}} and ether {ETH}} spot exchange-traded...



Based on all the information before 2024-10-11, let's first analyze the positive developments and potential concerns for BTC-USD. Come up with 2-4 most important factors respectively and keep them concise. Most factors should be inferred from cryptocurrencies related news. Then let's assume your prediction for next week (2024-10-11 to 2024-10-18) is up by more than 5%. Provide a summary analysis to support your prediction. The prediction result need to be inferred from your analysis at the end, and thus not appearing as a foundational factor of your analysis.","**[Positive Developments]:
1. **Bitcoin Integration**: The evolving landscape of Bitcoin financing products and the growing number of opportunities to use Bitcoin as collateral indicate increasing integration and adoption.
2. **Bullish Sentiment**: Bitcoin FOMO (fear of missing out) is back, with analysts predicting $70K and new record highs in sight, indicating strong bullish sentiment.

**[Potential Concerns]:
1. **Retail Activity**: Bitcoin retail activity remains low despite the recent rally, raising concerns about the sustainability of the price increase.
2. **ETF Outflows**: Bitcoin ETFs have registered net outflows for the third straight day, indicating potential investor caution and profit-taking.

**[Prediction & Analysis]:
Bitcoin's price is expected to experience a more than 5% increase in the upcoming week, driven by positive developments such as increasing integration, adoption, and strong bullish sentiment. However, potential concerns such as low retail activity and ETF outflows may introduce volatility and limit gains. Overall, the positive developments are likely to outweigh the concerns, leading to a significant price increase."
"[Cryptocurrency Introduction]: Bitcoin (BTC) is a cryptocurrency launched in 2010. Users are able to generate BTC through the process of mining. Bitcoin has a current supply of 19,873,353. The last known price of Bitcoin is 104,632.24890669 USD and is up 0.57 over the last 24 hours. It is currently trading on 12206 active market(s) with $40,409,929,770.26 traded over the last 24 hours. More information can be found at https://bitcoin.org/.. It has a market capilization of 2074764509184.

From 2024-10-11 to 2024-10-18, BTC-USD's stock price increased from 62445.09 to 68418.79. News during this period are listed below:

[Headline]: Bitcoin Demand Surges in Bullish Catalyst That May Drive BTC Price to $70K
[Summary]: Many signs are pointing to BTC hitting $70K in the near future, from technical market data to prediction market betting.

Inflows into the U.S. BTC ETFs continue to be significant with $458.5 million ...

[Headline]: U.S.-Listed Bitcoin Miners Hit Record 29% of Network Hashrate in October: JPMorgan
[Summary]: JPMorgan said the combined hashrate of the publicly listed bitcoin mining stocks it tracks now accounts for a record 28.9% of the network hashrate.

The bank noted that the network hashrate has risen ...

[Headline]: This Chart Indicates Bitcoin May Be Headed for Record Highs Above $73K 
[Summary]: BTC's ""three-line break chart"" suggests a bullish resolution of the seven-month-long corrective trend and scope for a move to record highs.

Candlesticks indicate stiff resistance at around $70,000.

...

[Headline]: Liquidity and Options Pave the Way for Bitcoin ETF Market Expansion
[Summary]: Bitcoin ETFs have recorded a total net inflow of $18.9 billion and currently hold around 869k BTC.

Bitcoin ETFs account for approximately 3% of the total bitcoin trading volume.

A portion of the inf...

[Headline]: Bitcoin Favored Over Ether Even as Trump Widens Lead Over Harris
[Summary]: Risk reversals show traders are more inclined to mitigate potential downside risks for ether than bitcoin.

Derivative traders on decentralized exchanges see limited upside in ETH.

The bearish sentim...



Based on all the information before 2024-10-18, let's first analyze the positive developments and potential concerns for BTC-USD. Come up with 2-4 most important factors respectively and keep them concise. Most factors should be inferred from cryptocurrencies related news. Then let's assume your prediction for next week (2024-10-18 to 2024-10-25) is down by 2-3%. Provide a summary analysis to support your prediction. The prediction result need to be inferred from your analysis at the end, and thus not appearing as a foundational factor of your analysis.","[Positive Developments]:
1. **Increased Institutional Demand**: Significant inflows into U.S. BTC ETFs, totaling $458.5 million, indicate strong institutional demand.
2. **Hashrate Growth**: U.S.-listed Bitcoin miners achieved a record 28.9% of the network hashrate, suggesting enhanced network security and miner confidence.
3. **Bullish Technical Indicators**: The ""three-line break chart"" suggests a bullish trend, with candlesticks indicating resistance around $70,000.
4. **ETF Market Expansion**: Liquidity and options in Bitcoin ETFs are expanding, which could attract more institutional investors.

[Potential Concerns]:
1. **Derivative Market Sentiment**: Risk reversals show traders are more inclined to mitigate potential downside risks for ether than bitcoin, indicating some caution in the market.
2. **Market Volatility**: The broader financial markets, including the upcoming U.S. elections, could introduce volatility that affects Bitcoin's price.
3. **Regulatory Uncertainty**: Ongoing regulatory developments and potential changes in the political landscape could impact market sentiment.

[Prediction & Analysis]:
Bitcoin's price increased from $62,445.09 to $68,418.79 over the past week, driven by strong institutional demand and positive technical indicators. However, the upcoming week may see a slight correction due to market volatility and regulatory uncertainties. The derivative market sentiment indicates some caution, which could lead to profit-taking and a temporary pullback. Therefore, we predict a 2-3% decrease in Bitcoin's price for the upcoming week."
"[Cryptocurrency Introduction]: Bitcoin (BTC) is a cryptocurrency launched in 2010. Users are able to generate BTC through the process of mining. Bitcoin has a current supply of 19,873,353. The last known price of Bitcoin is 104,632.24890669 USD and is up 0.57 over the last 24 hours. It is currently trading on 12206 active market(s) with $40,409,929,770.26 traded over the last 24 hours. More information can be found at https://bitcoin.org/.. It has a market capilization of 2074764509184.

From 2024-10-18 to 2024-10-25, BTC-USD's stock price decreased from 68418.79 to 66642.41. News during this period are listed below:

[Headline]: Bitcoin Project BOB Maps Out How the Original Blockchain Could Take Over DeFi 
[Summary]: ""If Bitcoin breaks, then so does our industry as a whole, so we might as well use Bitcoin security for cross-chain DeFi,"" BOB co-founder Alexei Zamyatin, told CoinDesk.

The team behind the project BO...

[Headline]: Solana Hits Record vs. Ether, Outperforms Bitcoin as AI Memecoin Frenzy and Surging Revenues Fuel Rally
[Summary]: Solana's SOL has outperformed ether (ETH) and bitcoin (BTC) as blockchain activity is booming on the network.

The latest memecoin trend of artificial intelligence agents promoting and investing in to...

[Headline]: Justin Sun Might Be Good for Wrapped Bitcoin, Says New Custodian's Director
[Summary]: Robert Liu, a member of the board of Hong Kong-based BiT Global, spoke to CoinDesk in an interview.

Liu defended Tron founder Justin Sun's role as an advisor to the project, arguing that the blockcha...

[Headline]: Bitcoin, Majors Dip on Leverage Flush; CAT Token Runs Up 60% on Binance Futures Listing
[Summary]: Bitcoin briefly approached $70,000 over the weekend but failed to maintain the momentum, dropping by 2.2% to just above $67,000.

This decline was mirrored by other major cryptocurrencies like ETH, TO...

[Headline]: NYSE, Cboe Win SEC Approval for Bitcoin ETF Options
[Summary]: The U.S. Securities and Exchange Commission (SEC) approved stock exchange rule changes that permit the listing of options tied to spot bitcoin ETFs, broadening the investment ecosystem around products...



Based on all the information before 2024-10-25, let's first analyze the positive developments and potential concerns for BTC-USD. Come up with 2-4 most important factors respectively and keep them concise. Most factors should be inferred from cryptocurrencies related news. Then let's assume your prediction for next week (2024-10-25 to 2024-11-01) is up by 4-5%. Provide a summary analysis to support your prediction. The prediction result need to be inferred from your analysis at the end, and thus not appearing as a foundational factor of your analysis.","[Positive Developments]:
1. **DeFi Integration**: The BOB project's integration with DeFi platforms could increase Bitcoin's utility and demand.
2. **Institutional Adoption**: JPMorgan's report on the increasing hashrate of publicly listed Bitcoin mining stocks suggests growing institutional adoption.
3. **Regulatory Approval**: The SEC's approval of Bitcoin ETF options broadens the investment ecosystem, potentially attracting more investors.

[Potential Concerns]:
1. **Market Correction**: Bitcoin briefly approached $70,000 but failed to maintain momentum, indicating potential resistance at this level.
2. **Competitor Performance**: Solana's outperformance of Bitcoin and Ethereum due to high blockchain activity could divert investor attention.
3. **Leverage Flush**: The recent leverage flush in the market could lead to further sell-offs and price declines.

[Prediction & Analysis]:
Despite positive developments in DeFi integration and institutional adoption, Bitcoin's price decreased from $68,418.79 to $66,642.41 due to a market correction and competitor performance. The leverage flush indicates potential further sell-offs. However, the SEC's approval of Bitcoin ETF options could attract new investors, leading to a 4-5% increase in Bitcoin's price for the upcoming week."
"[Cryptocurrency Introduction]: Bitcoin (BTC) is a cryptocurrency launched in 2010. Users are able to generate BTC through the process of mining. Bitcoin has a current supply of 19,873,353. The last known price of Bitcoin is 104,632.24890669 USD and is up 0.57 over the last 24 hours. It is currently trading on 12206 active market(s) with $40,409,929,770.26 traded over the last 24 hours. More information can be found at https://bitcoin.org/.. It has a market capilization of 2074764509184.

From 2024-10-25 to 2024-11-01, BTC-USD's stock price increased from 66642.41 to 69482.47. News during this period are listed below:

[Headline]: First Mover Americas: Bitcoin Returns to $72.5K in Muted Market Activity
[Summary]: This article originally appeared in First Mover, CoinDesk’s daily newsletter, putting the latest moves in crypto markets in context. Subscribe to get it in your inbox every day.

Latest Prices

CoinDe...

[Headline]: First Mover Americas: Bitcoin Little Changed After Teasing All-Time High
[Summary]: This article originally appeared in First Mover, CoinDesk’s daily newsletter, putting the latest moves in crypto markets in context. Subscribe to get it in your inbox every day.

Latest Prices

CoinDe...

[Headline]: Bitcoin Tops $73.5K, Climbing Just Shy of New Record High
[Summary]: Bitcoin on Tuesday pushed as high as $73,500, only about $300 below its all-time high set more than seven months ago.

The world's largest crypto is now up nearly 75% year-to-date and has more than do...

[Headline]: Bitcoin Miner HIVE Poised to Double Its Hashrate by Next Year, Cantor Says Initiating Stock at 'Overweight'
[Summary]: HIVE Digital is expected to double its hashrate in the coming year, the report said.

Cantor assumed coverage of the stock with an overweight rating and $9 price target.

The broker said the market wa...

[Headline]: Bitcoin Tops $70K for First Time in More Than Four Months
[Summary]: Bitcoin rose above $70,000 for the first time since June in the early evening U.S. hours on Monday.

It remains about 5% below its record high around $73,700 from early March of this year.

Rate cutti...



Based on all the information before 2024-11-01, let's first analyze the positive developments and potential concerns for BTC-USD. Come up with 2-4 most important factors respectively and keep them concise. Most factors should be inferred from cryptocurrencies related news. Then let's assume your prediction for next week (2024-11-01 to 2024-11-08) is up by more than 5%. Provide a summary analysis to support your prediction. The prediction result need to be inferred from your analysis at the end, and thus not appearing as a foundational factor of your analysis.","[Positive Developments]:
1. **Price Momentum**: Bitcoin's price pushed as high as $73,500, nearly reaching its all-time high, indicating strong bullish momentum.
2. **Hashrate Growth**: HIVE Digital's expected doubling of its hashrate suggests continued miner confidence and network security.
3. **ETF Inflows**: Significant inflows into Bitcoin ETFs indicate strong institutional demand.

[Potential Concerns]:
1. **Resistance Levels**: Bitcoin's price encountered resistance at $70,000, which could limit further gains.
2. **Market Uncertainty**: The upcoming U.S. elections and potential regulatory changes could introduce market volatility.
3. **Profit-Taking**: The recent price increase could lead to profit-taking, causing a temporary pullback.

[Prediction & Analysis]:
Bitcoin's price increased from $66,642.41 to $69,482.47, driven by strong price momentum and hashrate growth. However, resistance levels and market uncertainty could limit further gains. The recent price increase could also lead to profit-taking. Therefore, we predict a more than 5% increase in Bitcoin's price for the upcoming week, as the bullish momentum is expected to continue despite potential short-term volatility."
"[Cryptocurrency Introduction]: Bitcoin (BTC) is a cryptocurrency launched in 2010. Users are able to generate BTC through the process of mining. Bitcoin has a current supply of 19,873,353. The last known price of Bitcoin is 104,632.24890669 USD and is up 0.57 over the last 24 hours. It is currently trading on 12206 active market(s) with $40,409,929,770.26 traded over the last 24 hours. More information can be found at https://bitcoin.org/.. It has a market capilization of 2074764509184.

From 2024-11-01 to 2024-11-08, BTC-USD's stock price increased from 69482.47 to 76545.48. News during this period are listed below:

[Headline]: Coinbase Brings Bitcoin to Solana, Spurring High Hopes for DeFi Surge
[Summary]: Coinbase introduced cbBTC, which brings bitcoin to the Solana blockchain.

Bitcoin helps power trading, lending and borrowing on centralized crypto exchanges, but this crucial functionality requires e...

[Headline]: Bitcoin Developers Working With StarkWare, Blockstream Claim Breakthrough on New Features
[Summary]: A group of top Bitcoin developers collaborating across multiple teams is claiming a breakthrough on the oldest and largest blockchain, outlining a way of adding a type of programming known as ""covenan...

[Headline]: Ether, Touted as Internet Bond, May Top $3K on Fed Rate Cut, Outperform Bitcoin: Omkar Godbole
[Summary]: The Fed rate cut will narrow the ether-Fed yield differential in favor of ETH.

Ether could outperform bitcoin following an interest-rate reduction.

The Ethereum blockchain's native token, ether {{ET...

[Headline]: Bitcoin Pulls Under $68K as Crypto Markets Falter Ahead of Election
[Summary]: ""Markets hate uncertainty,"" goes an old Wall Street saw.

Just about 96 hours ago, the price of bitcoin {{BTC}} was within a few dollars of breaking through its all-time high above $73,700, perhaps he...

[Headline]: Bitcoin's Drop on Thursday Spurred Panic Sales Among Short-Term Holders: Van Straten
[Summary]: On Thursday, short-term holders sent over $2 billion worth of bitcoin to exchanges at a loss, the most since the yen carry trade unwind on Aug. 5.

In the past three days, short-term holders sent more...



Based on all the information before 2024-11-08, let's first analyze the positive developments and potential concerns for BTC-USD. Come up with 2-4 most important factors respectively and keep them concise. Most factors should be inferred from cryptocurrencies related news. Then let's assume your prediction for next week (2024-11-08 to 2024-11-15) is up by more than 5%. Provide a summary analysis to support your prediction. The prediction result need to be inferred from your analysis at the end, and thus not appearing as a foundational factor of your analysis.","[Positive Developments]:
1. **DeFi Surge**: Coinbase's introduction of cbBTC to the Solana blockchain could increase Bitcoin's utility and demand in the DeFi space.
2. **Developer Breakthrough**: Bitcoin developers' collaboration with StarkWare and Blockstream on new features could enhance the network's functionality.
3. **Institutional Adoption**: The SEC's approval of Bitcoin ETF options could attract more institutional investors.

[Potential Concerns]:
1. **Election Uncertainty**: The upcoming U.S. elections could introduce market volatility, affecting Bitcoin's price.
2. **Panic Sales**: Recent panic sales among short-term holders could lead to further sell-offs and price declines.
3. **Competitor Performance**: Ether's potential outperformance of Bitcoin following a Fed rate cut could divert investor attention.

[Prediction & Analysis]:
Bitcoin's price increased from $69,482.47 to $76,545.48, driven by positive developments in DeFi integration and institutional adoption. However, election uncertainty and recent panic sales could introduce short-term volatility. Despite these concerns, the bullish momentum is expected to continue, leading to a more than 5% increase in Bitcoin's price for the upcoming week."
"[Cryptocurrency Introduction]: Bitcoin (BTC) is a cryptocurrency launched in 2010. Users are able to generate BTC through the process of mining. Bitcoin has a current supply of 19,873,353. The last known price of Bitcoin is 104,632.24890669 USD and is up 0.57 over the last 24 hours. It is currently trading on 12206 active market(s) with $40,409,929,770.26 traded over the last 24 hours. More information can be found at https://bitcoin.org/.. It has a market capilization of 2074764509184.

From 2024-10-25 to 2024-11-01, BTC-USD's stock price increased from 66642.41 to 69482.47. News during this period are listed below:

[Headline]: Leading Bitcoin Layer 2 Picks Optimism's Red-Hot Superchain to Link to Ethereum
[Summary]: BOB, a Bitcoin layer-2 project looking to expand development on the world's oldest blockchain, has integrated with the Superchain ecosystem built on Optimism’s OP Stack.

OP Stack is a toolkit that al...

[Headline]: Bitcoin Profit-Taking Continues as BTC Price Nears High. Is Bhutan Next to Sell?
[Summary]: The government of Bhutan deposited almost 1,000 bitcoin into a deposit address on crypto exchange Binance on Tuesday.

The largest cryptocurrency surpassed $73,000 on Tuesday, approaching its record h...

[Headline]: MicroStrategy’s Current Premium Relative to Its Bitcoin Stack Is Unlikely to Last: Steno Research
[Summary]: MicroStrategy's almost 300% premium to its bitcoin holdings is unsustainable, the report said.

The positive effects of the company's recent stock split are wearing off and the launch of options on sp...

[Headline]: From Smuggling Gold Out of Africa to Bridging Bitcoin and Cardano
[Summary]: From ages 9 to 11, Edan Yago smuggled gold, hidden in his clothes by his mother, out of South Africa.

The apartheid government had instituted capital controls to stabilize the rand amid international...

[Headline]: Bitcoin Liquidity Could Flow to Cardano Ecosystem With New BTC Bridge
[Summary]: Bitcoin rollup protocol BitcoinOS said its Grail bridge was going live for the Cardano network on Thursday, opening the floodgates for capital from Bitcoin flowing into the Cardano ecosystem.

EMURGO,...

From 2024-11-01 to 2024-11-08, BTC-USD's stock price increased from 69482.47 to 76545.48. News during this period are listed below:

[Headline]: Bitcoin Rises Nearly 10% Against Mexican Peso as 'Trump Trade' Soars; Gold Stays Flat
[Summary]: BTC/MXN soars on Trump win possibility.

Trump has said he would impose tariffs on Mexico of up to 100%.

Gold trades flat as DXY and yields rise.

The ""Trump trade,"" which comprises of bullish bets i...

[Headline]: MicroStrategy's Ambitious $42B Bitcoin Acquisition Plan Is Not Without Risks, CoinShares Says
[Summary]: MicroStrategy's $42 billion bitcoin acquisition strategy has some risks, the report said.

CoinShares said financing conditions need to remain favorable and there needs to be investor demand for the c...

[Headline]: Dogecoin Rallies 10%, Bitcoin ETFs Bleed $541M Ahead of U.S. Elections
[Summary]: DOGE's increase is largely attributed to a renewed endorsement from Elon Musk linked to his proposal for a ""Department of Government Efficiency"" (D.O.G.E.).

U.S.-listed spot bitcoin ETFs experienced ...

[Headline]: Bitcoin Volatility Jumps to 3-Month High Ahead of U.S. Election
[Summary]: Deribit's bitcoin volatility index jumps to its highest since late July.

Implied volatility in EUR/USD and U.S. Treasury notes surges to at least one-year highs.

Markets price a significant risk pre...

[Headline]: MicroStrategy Remains One of the Best Ways to Gain Exposure to Bitcoin Given Its Intelligent Leverage Strategy: Canaccord
[Summary]: MicroStrategy is one of the best ways for equity investors to gain bitcoin exposure, the report said.

Canaccord raised its price target for the company to $300 from $173, while maintaining its buy ra...

From 2024-11-08 to 2024-11-15, BTC-USD's stock price increased from 76545.48 to 91066.01. News during this period are listed below:

[Headline]: U.S. ETF Inflows Hit $4.7B Over 6 Days as Bitcoin Becomes 7th-Largest Asset in the World
[Summary]: Bitcoin has become the seventh largest asset on the planet, recently surpassing Saudi Aramco

Bitcoin dominance continues to make new highs, recently touching 61.38%

U.S. spot-listed ETFs see over $4...

[Headline]: First Mover Americas: Bitcoin Consolidates After Encountering Resistance at $90K
[Summary]: This article originally appeared in First Mover, CoinDesk’s daily newsletter, putting the latest moves in crypto markets in context. Subscribe to get it in your inbox every day.

Latest Prices

CoinDe...

[Headline]: El Salvador's Bitcoin Stash Rises Above $500M, but Bhutan Story Might Be Even Bigger
[Summary]: The value of El Salvador's bitcoin holdings have risen above $500 million and Bhutan's above $1 billion.

Bhutan's BTC holdings now account for more than one-third of its GDP versus El Salvador's stac...

[Headline]: Nansen Expands to Bitcoin Layer 2, Will Provide Analytics for Bitlayer
[Summary]: Nansen is to provide analytics to Bitcoin layer-2 Bitlayer, marking its first expansion into this ecosystem.

Bitlayer, which raised $11 million in funding led by Franklin Templeton in July, is based ...

[Headline]: Bitcoin Looks Ripe for Price Pullback as $80K Breakout Looks Overstretched: Godbole
[Summary]: BTC's price rally looks overstretched according to the spread between prices and the 200-hour SMA.

The RSI has diverged bearishly suggesting the upward momentum has exhausted for now.

The broader ou...



Based on all the information before 2024-11-15, let's first analyze the positive developments and potential concerns for BTC-USD. Come up with 2-4 most important factors respectively and keep them concise. Most factors should be inferred from cryptocurrencies related news. Then let's assume your prediction for next week (2024-11-15 to 2024-11-22) is up by more than 5%. Provide a summary analysis to support your prediction. The prediction result need to be inferred from your analysis at the end, and thus not appearing as a foundational factor of your analysis.","[Positive Developments]:
1. **Layer 2 Expansion**: BOB's integration with Optimism's Superchain and BitcoinOS's Grail bridge to Cardano could increase Bitcoin's utility and demand.
2. **Institutional Demand**: Significant inflows into U.S. Bitcoin ETFs, totaling $4.7 billion over six days, indicate strong institutional demand.
3. **Global Adoption**: The increase in El Salvador's and Bhutan's Bitcoin holdings suggests growing global adoption.

[Potential Concerns]:
1. **Election Volatility**: The U.S. elections could introduce market volatility, affecting Bitcoin's price.
2. **Profit-Taking**: The recent price increase could lead to profit-taking, causing a temporary pullback.
3. **Regulatory Risks**: MicroStrategy's ambitious Bitcoin acquisition plan highlights potential regulatory risks associated with large-scale Bitcoin investments.

[Prediction & Analysis]:
Bitcoin's price increased from $76,545.48 to $91,066.01, driven by positive developments in Layer 2 expansion and institutional demand. However, election volatility and potential profit-taking could introduce short-term corrections. Despite these concerns, the strong institutional demand and growing global adoption are expected to drive a more than 5% increase in Bitcoin's price for the upcoming week."
"[Cryptocurrency Introduction]: Bitcoin (BTC) is a cryptocurrency launched in 2010. Users are able to generate BTC through the process of mining. Bitcoin has a current supply of 19,873,353. The last known price of Bitcoin is 104,632.24890669 USD and is up 0.57 over the last 24 hours. It is currently trading on 12206 active market(s) with $40,409,929,770.26 traded over the last 24 hours. More information can be found at https://bitcoin.org/.. It has a market capilization of 2074764509184.

From 2024-11-15 to 2024-11-22, BTC-USD's stock price increased from 91066.01 to 98997.66. News during this period are listed below:

[Headline]: Bitcoin Retail Investor Selling Signals Coming Pullback, but There Might be a Catch
[Summary]: ""Shrimps"" have been net sellers of about $7 billion in bitcoin over the past 30 days.

On the other hand, just under 3 million bitcoin are sitting on exchanges, a two-year low.

OTC desk balances, tho...

[Headline]: Crypto for Advisors: 2024 - Bitcoin’s Year?
[Summary]: In today’s issue, Kevin Tam takes us through bitcoin’s progress in 2024, along with a look at the recent SEC 13F Filings.

Then, Federico Brokate from 21Shares answers questions about custody and regu...

[Headline]: The Protocol: ENS on Bitcoin; Worldcoin, Without the Eyeballs
[Summary]: Welcome to The Protocol, CoinDesk's weekly wrap-up of the most important stories in cryptocurrency tech development. I'm Marc Hochstein, CoinDesk's deputy editor-in-chief for features, opinion and sta...

[Headline]: Bitcoin's Correlation to U.S. Equities and Ether Weakens: Van Straten
[Summary]: To the general populace, bitcoin is considered a risk-on asset due to its volatility and perceived correlation with U.S. equities.

In 2024, bitcoin and nasdaq have gone up or down together on the sam...

[Headline]: Bitcoin ETFs Witness Third Highest Outflow Since Launch, the Other Two Times Foreshadowed Price Bottoms
[Summary]: U.S. spot-listed ETFs saw their third biggest outflow since launch, over $400 million.

Each time we see an outflow greater than $400 million, we have seen a local bottom in price, which can be seen o...



Based on all the information before 2024-11-22, let's first analyze the positive developments and potential concerns for BTC-USD. Come up with 2-4 most important factors respectively and keep them concise. Most factors should be inferred from cryptocurrencies related news. Then let's assume your prediction for next week (2024-11-22 to 2024-11-29) is down by 1-2%. Provide a summary analysis to support your prediction. The prediction result need to be inferred from your analysis at the end, and thus not appearing as a foundational factor of your analysis.","### ANALYSIS REQUEST 1

**[Positive Developments]: **
1. **Institutional Interest**: The approval of options for spot Bitcoin ETFs and the continued buying by major Wall Street banks indicate growing institutional interest, which can drive demand and prices higher.
2. **Technical Indicators**: The 260-day fractal pattern analysis suggests that Bitcoin's price could rise significantly, potentially reaching $200,000.
3. **Market Sentiment**: The significant volume in $100 IBIT call options signals bullish sentiment among traders, expecting prices to double.
4. **Regulatory Developments**: The discussion around establishing a strategic Bitcoin reserve without Congressional approval indicates potential regulatory support, which could boost market confidence.

**[Potential Concerns]: **
1. **Retail Selling**: ""Shrimps"" (small retail investors) have been net sellers of about $7 billion in Bitcoin over the past 30 days, which could put downward pressure on the price.
2. **Market Correlation**: Bitcoin's correlation with U.S. equities and Ether has weakened, which could introduce volatility and uncertainty.
3. **ETF Outflows**: The third highest outflow from U.S. spot-listed ETFs (over $400 million) could signal a local price bottom, but it also indicates caution among institutional investors.
4. **Implied Probability**: The implied probability distribution skewed to the left suggests expectations for a price pullback, which could lead to a correction.

**[Prediction & Analysis]: **
The recent price increase from $91,066.01 to $98,997.66 indicates strong bullish momentum. However, the significant retail selling and the weakened correlation with U.S. equities suggest that the market might be due for a correction. The ETF outflows and the implied probability distribution skewed to the left further support this view. Additionally, the historical pattern of outflows foreshadowing price bottoms could mean that the market is approaching a short-term low. Therefore, a downward correction of 1-2% for the upcoming week is likely as the market consolidates before potentially resuming its upward trend."
"[Cryptocurrency Introduction]: Bitcoin (BTC) is a cryptocurrency launched in 2010. Users are able to generate BTC through the process of mining. Bitcoin has a current supply of 19,873,353. The last known price of Bitcoin is 104,632.24890669 USD and is up 0.57 over the last 24 hours. It is currently trading on 12206 active market(s) with $40,409,929,770.26 traded over the last 24 hours. More information can be found at https://bitcoin.org/.. It has a market capilization of 2074764509184.

From 2024-11-15 to 2024-11-22, BTC-USD's stock price increased from 91066.01 to 98997.66. News during this period are listed below:

[Headline]: Futures Open Interest on CME Surpasses 215K Bitcoin for the First Time as BTC Eyes $100K
[Summary]: Bitcoin futures open interest on the CME exchange has hit 218,000 BTC ($21.3 billion).

The cryptocurrency's market cap is closing in on a historic $2 trillion.

CME growth is largely coming from acti...

[Headline]: The Subtle Way AI Data Centers Boost Bitcoin Mining Economics
[Summary]: The rapid proliferation of AI data centers may have a positive impact on the bitcoin mining industry.

AI data centers are just as hungry for cheap energy as miners are, so they reduce the number of n...

[Headline]: First Mover Americas: Bitcoin Hits New Highs as ETF Options Traders Go Degen
[Summary]: This article originally appeared in First Mover, CoinDesk’s daily newsletter, putting the latest moves in crypto markets in context. Subscribe to get it in your inbox every day.

Latest Prices

CoinDe...

[Headline]: Pro Crypto Traders Are Leveraging IBIT Options to Bet on BlackRock’s Bitcoin ETF Doubling to $100: Observers
[Summary]: The $100 IBIT call option saw a significant volume on Day One, signaling expectations that prices could double to $100 in the coming months.

The bullish sentiment is consistent with the noticeable ac...

[Headline]: Is Bitcoin on Shaky Ground? Market Signals Reflect Patterns That Foretold the Recent Slide in Trump Media Shares
[Summary]: The implied probability distribution is skewed to the left, suggesting expectations for price pullback.

Shares in Trump media experienced a similar dynamic before the recent price slide.

As bitcoin'...

From 2024-11-22 to 2024-11-29, BTC-USD's stock price decreased from 98997.66 to 97461.52. News during this period are listed below:

[Headline]: Bitcoin Bull Market Is Far From Over, Galaxy Research Says
[Summary]: The bitcoin (BTC) bull market has further to run, and the world's largest cryptocurrency is expected to punch through the $100,000 level in the near term, Galaxy Research said in a note on Tuesday.

G...

[Headline]: Bitcoin Long-Term Holders Have 163K More BTC to Sell, History Indicates: Van Straten 
[Summary]: Bitcoin (BTC) has dropped 7.6% since it almost — but not quite — touched the psychological wall of $100,000 on Nov. 22.

That's the biggest drop since Donald Trump won the U.S. presidential election, ...

[Headline]: Bitcoin Slides Near $94K, but Short-Term Bullish Target of $100K BTC Unchanged
[Summary]: A bitcoin (BTC)-led crypto market correction continued into its third day as the asset lost a further 3.5% in the past 24 hours, nearing $94,000 a week after it came within touching distance of the la...

[Headline]: Tether in Talks to Support Cantor Fitzgerald’s Planned Bitcoin Lending Program: WSJ
[Summary]: Howard Lutnick, chairman of Wall Street trading firm Cantor Fitzgerald, is in discussions with Tether's Giancarlo Devasini about Cantor’s multi-billion dollar program that will allow clients to borrow...

[Headline]: Bitcoin Nears $100K, With Crypto Market Cap at Record $3.4T
[Summary]: Bitcoin (BTC) is close to reaching $100,000, with prices hovering just over $99,000 after a recent spike.

U.S. spot BTC ETFs have seen over $1 billion in net inflows, with BlackRock’s IBIT leading at...



Based on all the information before 2024-11-29, let's first analyze the positive developments and potential concerns for BTC-USD. Come up with 2-4 most important factors respectively and keep them concise. Most factors should be inferred from cryptocurrencies related news. Then let's assume your prediction for next week (2024-11-29 to 2024-12-06) is up by 2-3%. Provide a summary analysis to support your prediction. The prediction result need to be inferred from your analysis at the end, and thus not appearing as a foundational factor of your analysis.","### ANALYSIS REQUEST 2

**[Positive Developments]: **
1. **Futures Open Interest**: Bitcoin futures open interest on the CME exchange hitting 218,000 BTC ($21.3 billion) indicates strong institutional demand and growing market maturity.
2. **AI Data Centers**: The proliferation of AI data centers could positively impact Bitcoin mining economics by reducing energy costs, making mining more profitable.
3. **ETF Options Trading**: The potential start of options trading on the iShares Bitcoin Trust (IBIT) could attract more institutional investors, increasing liquidity and demand.
4. **Bullish Sentiment**: Galaxy Research's prediction that Bitcoin could punch through the $100,000 level in the near term adds to the bullish sentiment.

**[Potential Concerns]: **
1. **Price Volatility**: The implied probability distribution skewed to the left suggests expectations for a price pullback, which could lead to increased volatility.
2. **ETF Outflows**: The significant outflows from U.S. spot-listed ETFs could indicate caution among institutional investors, potentially leading to a price correction.
3. **Market Correlation**: The weakening correlation with U.S. equities and Ether could introduce uncertainty and volatility.
4. **Regulatory Uncertainty**: The debate over establishing a strategic Bitcoin reserve without Congressional approval adds regulatory uncertainty, which could impact market sentiment.

**[Prediction & Analysis]: **
The price decrease from $98,997.66 to $97,461.52 suggests a short-term correction. However, the strong institutional demand indicated by the futures open interest and the potential start of ETF options trading are positive signs. The bullish sentiment from Galaxy Research and the improving mining economics due to AI data centers also support a potential price increase. Despite the concerns about price volatility and ETF outflows, the overall market sentiment and technical indicators suggest that Bitcoin could see a rebound. Therefore, a price increase of 2-3% for the upcoming week is likely as the market recovers from the recent correction."
"[Cryptocurrency Introduction]: Bitcoin (BTC) is a cryptocurrency launched in 2010. Users are able to generate BTC through the process of mining. Bitcoin has a current supply of 19,873,353. The last known price of Bitcoin is 104,632.24890669 USD and is up 0.57 over the last 24 hours. It is currently trading on 12206 active market(s) with $40,409,929,770.26 traded over the last 24 hours. More information can be found at https://bitcoin.org/.. It has a market capilization of 2074764509184.

From 2024-11-08 to 2024-11-15, BTC-USD's stock price increased from 76545.48 to 91066.01. News during this period are listed below:

[Headline]: What Does a 60/40 Portfolio Look Like if We Replace Bonds With Bitcoin? A Lot Better: Van Straten
[Summary]: The traditional 60/40 portfolio, which ensures growth from equities and bonds that helped manage risk, was the perfect vehicle for the analog economy.

Adding bitcoin to a 60/40 portfolio increases th...

[Headline]: Bitcoin Blasts to $90K as Crypto Rally Shakes Out $900M of Leveraged Bets
[Summary]: Bitcoin briefly hit $90,100 on Coinbase before quickly succumbing to sell pressure.

The wild swing in crypto prices liquidated over $900 million of leveraged derivatives trading positions across all ...

[Headline]: El Salvador's Bitcoin Stash Rises Above $500M, but Bhutan Story Might Be Even Bigger
[Summary]: The value of El Salvador's bitcoin holdings have risen above $500 million and Bhutan's above $1 billion.

Bhutan's BTC holdings now account for more than one-third of its GDP versus El Salvador's stac...

[Headline]: AI Firm Genius Group Adopts Bitcoin as Primary Treasury Asset; Shares Spike 50%
[Summary]: Genius Group committed 90% of its current and future reserves to be held in bitcoin.

The AI company said it plans to acquire an initial $120 million of BTC.

The decision follows a board-level restru...

[Headline]: Bitcoin Price Tops $80K as Futures Premium Soars and $1.6B in Open Options Bet Hints Big Swings
[Summary]: BTC topped $80,000 during the North American hours.

Futures premiums soar, indicating a bias for bullish bets.

The popularity of the $80,000 call on Deribit points to potential dealer hedging around...

From 2024-11-15 to 2024-11-22, BTC-USD's stock price increased from 91066.01 to 98997.66. News during this period are listed below:

[Headline]: First Mover Americas: Bitcoin Hits New Highs as ETF Options Traders Go Degen
[Summary]: This article originally appeared in First Mover, CoinDesk’s daily newsletter, putting the latest moves in crypto markets in context. Subscribe to get it in your inbox every day.

Latest Prices

CoinDe...

[Headline]: Spot Bitcoin ETF Options Could Start Trading as Early as Tomorrow
[Summary]: Options on the iShares Bitcoin Trust (IBIT) could start trading on Nasdaq as soon as tomorrow, the stock exchange's head of ETP listings said.

The U.S. SEC approved options for the spot bitcoin ETFs ...

[Headline]: Can a Strategic Bitcoin Reserve Move Forward Without Congress? Experts Disagree
[Summary]: Then-candidate Donald Trump promised to stop selling seized bitcoin back in July.

Experts tell CoinDesk that the incoming president might need help from Congress to establish a proper strategic reser...

[Headline]: Bitcoin Near a Record High Might Be Just Half the Journey as BCA Research Signals $200K
[Summary]: Despite bitcoin's recent surge, one analysis shows the price might rise as high as $200,000.

A gauge based on 260-day fractal patterns is not even close to the levels seen at previous bull market pea...

[Headline]: Bank Clients Just Dipped Their Toes Into Bitcoin ETFs, but Q4 Could See a FOMO Spike
[Summary]: Goldman Sachs, Morgan Stanley, Bank of America and other Wall Street banks continued buying shares of the spot bitcoin exchange-traded funds on behalf of clients.

While allocations barely changed, mo...

From 2024-11-22 to 2024-11-29, BTC-USD's stock price decreased from 98997.66 to 97461.52. News during this period are listed below:

[Headline]: The Protocol: Bitcoin Bridged Trustlessly to L2; Ethereum's Blob Mob
[Summary]: Welcome to The Protocol, CoinDesk's weekly wrap-up of the most important stories in cryptocurrency tech development. I'm Marc Hochstein, CoinDesk's deputy editor-in-chief for features, opinion and sta...

[Headline]: Bitcoin Bull Market Is Far From Over, Galaxy Research Says
[Summary]: The bitcoin (BTC) bull market has further to run, and the world's largest cryptocurrency is expected to punch through the $100,000 level in the near term, Galaxy Research said in a note on Tuesday.

G...

[Headline]: Short-Term Bitcoin Holders Have Moved Nearly $8B Worth of BTC to Exchanges, Signaling Price Bottom: Van Straten
[Summary]: Bitcoin (BTC) volatility is back and investors have two choices either embrace the volatility or have no part of it.

However, the current bitcoin cycle has been rather muted in terms of realized vola...

[Headline]: This Hedge Fund Now Has a 1,000x Profit on Bitcoin
[Summary]: Pantera Capital Management’s Bitcoin Fund just hit a milestone: a 1,000-fold gain in the value of its crypto holdings since launch.



Started in 2013 as one of the first investment products exposing ...

[Headline]: First Mover Americas: Bitcoin's Correction Takes Price Below $93K
[Summary]: Starting next Monday, First Mover Americas will become Crypto Daybook Americas, your new morning briefing on what happened in the crypto markets overnight and what's expected during the coming day. Pu...

From 2024-11-29 to 2024-12-06, BTC-USD's stock price increased from 97461.52 to 99920.71. News during this period are listed below:

[Headline]: Bitcoin at $100K: The Financial World Reacts
[Summary]: There were many crypto firsts in 2024: the first spot bitcoin ETF, the first spot ether ETF, the first time a pension fund invested in the asset class.

But as the expression goes, they saved the best...

[Headline]: Market Makers May Keep Bitcoin Around $100K as Overheated Market Faces Pullback Risks
[Summary]: Bitcoin (BTC) and the broader crypto market are witnessing strong demand for bullish leveraged plays, a sign the market is overheated. While market makers' hedging is likely to keep BTC supported at a...

[Headline]: Polymarket Bettors Skeptical Over Potential Microsoft Bitcoin Purchase
[Summary]: Michael Saylor's pitch to Microsoft's (MSFT) board on whether the software giant should add bitcoin to its balance sheet is unlikely to get shareholder approval, with Polymarket bettors only giving an...

[Headline]: Silk Road Bitcoin Worth Nearly $2B Moved to Coinbase Prime
[Summary]: Nearly $2 billion worth of forfeited bitcoin (BTC) linked to the Silk Road website were moved to crypto exchange Coinbase Prime on Monday.

A wallet tagged as ""U.S. Government: Silk Road DOJ Confiscat...

[Headline]: Japanese Crypto Exchange DMM Bitcoin to Shut Down After $305M Hack
[Summary]: Japanese crypto exchange DMM Bitcoin will shut down and transfer its accounts and assets to trading platform SBI VC Trade in March next year, it said in a statement on Dec. 2.

The decision was made a...



Based on all the information before 2024-12-06, let's first analyze the positive developments and potential concerns for BTC-USD. Come up with 2-4 most important factors respectively and keep them concise. Most factors should be inferred from cryptocurrencies related news. Then let's assume your prediction for next week (2024-12-06 to 2024-12-13) is up by 1-2%. Provide a summary analysis to support your prediction. The prediction result need to be inferred from your analysis at the end, and thus not appearing as a foundational factor of your analysis.","### ANALYSIS REQUEST 3

**[Positive Developments]: **
1. **Institutional Adoption**: Genius Group's commitment to hold 90% of its reserves in Bitcoin and the increasing allocations by Wall Street banks indicate growing institutional adoption.
2. **ETF Options Trading**: The potential start of options trading on the iShares Bitcoin Trust (IBIT) could attract more institutional investors, increasing liquidity and demand.
3. **Bullish Sentiment**: The significant volume in $100 IBIT call options and the prediction that Bitcoin could reach $200,000 add to the bullish sentiment.
4. **Market Sentiment**: The record inflows into U.S. spot ETFs and the bullish sentiment from Galaxy Research suggest strong market demand.

**[Potential Concerns]: **
1. **Price Volatility**: The current Bitcoin cycle has been muted in terms of realized volatility, but the implied probability distribution skewed to the left suggests expectations for a price pullback.
2. **ETF Outflows**: The significant outflows from U.S. spot-listed ETFs could indicate caution among institutional investors, potentially leading to a price correction.
3. **Market Correlation**: The weakening correlation with U.S. equities and Ether could introduce uncertainty and volatility.
4. **Regulatory Uncertainty**: The debate over establishing a strategic Bitcoin reserve without Congressional approval adds regulatory uncertainty, which could impact market sentiment.

**[Prediction & Analysis]: **
The price increase from $97,461.52 to $99,920.71 indicates a recovery from the recent correction. The strong institutional adoption and the potential start of ETF options trading are positive signs. The bullish sentiment from the significant volume in $100 IBIT call options and the prediction that Bitcoin could reach $200,000 also support a potential price increase. Despite the concerns about price volatility and ETF outflows, the overall market sentiment and technical indicators suggest that Bitcoin could see further gains. Therefore, a price increase of 1-2% for the upcoming week is likely as the market continues to recover."
"[Cryptocurrency Introduction]: Bitcoin (BTC) is a cryptocurrency launched in 2010. Users are able to generate BTC through the process of mining. Bitcoin has a current supply of 19,873,353. The last known price of Bitcoin is 104,632.24890669 USD and is up 0.57 over the last 24 hours. It is currently trading on 12206 active market(s) with $40,409,929,770.26 traded over the last 24 hours. More information can be found at https://bitcoin.org/.. It has a market capilization of 2074764509184.

From 2024-12-06 to 2024-12-13, BTC-USD's stock price increased from 99920.71 to 101459.26. News during this period are listed below:

[Headline]: Bitcoin Grapples with $100K as Rally on Trump's Crypto-Positive Comment Fizzles
[Summary]: Appearing set for a run to a new record high earlier on Thursday, bitcoin (BTC) fell sharply in U.S. afternoon trading as tumbling bond markets took a toll on risk assets.

The positive price action c...

[Headline]: Bitcoin’s $100K Breakout Pause Likely Due to Liquidity Factors and Nvidia's Stalled Rally
[Summary]: For the third week, bitcoin (BTC) remains locked in a price range between $90,000 and $100,000, punctuated only by Dec. 5's short-lived rise into six figures.
This indecisive price action might have l...

[Headline]: Microsoft Shareholders Vote Down Bitcoin Treasury Proposal
[Summary]: Microsoft (MSFT) doesn't appear to be adding its name anytime soon to the list of corporate entities holding bitcoin (BTC) after its shareholders voted against a proposal that would have directed the ...

[Headline]: Crypto Daybook Americas: It's Glass Half Full Despite Record Short Bitcoin ETF Volume
[Summary]: By Omkar Godbole (All times ET unless indicated otherwise)

You know how it feels when you're watching a match, both teams score and you end up with a draw? So, that's the bitcoin market right now.

T...

[Headline]: U.S. Ether ETFs Post Record Inflows, Bitcoin ETFs Add Most in Two Weeks
[Summary]: Net inflows into U.S. spot ether (ETH) exchange-traded funds (ETFs) have picked up in the past five days, with Thursday seeing a record $428.5 million.

The inflow was dominated by BlackRock's ETHA, w...



Based on all the information before 2024-12-13, let's first analyze the positive developments and potential concerns for BTC-USD. Come up with 2-4 most important factors respectively and keep them concise. Most factors should be inferred from cryptocurrencies related news. Then let's assume your prediction for next week (2024-12-13 to 2024-12-20) is down by 3-4%. Provide a summary analysis to support your prediction. The prediction result need to be inferred from your analysis at the end, and thus not appearing as a foundational factor of your analysis.","### ANALYSIS REQUEST 4

**[Positive Developments]: **
1. **Institutional Adoption**: The increasing allocations by Wall Street banks and the potential start of options trading on the iShares Bitcoin Trust (IBIT) indicate growing institutional adoption.
2. **Bullish Sentiment**: The significant volume in $100 IBIT call options and the prediction that Bitcoin could reach $200,000 add to the bullish sentiment.
3. **Market Sentiment**: The record inflows into U.S. spot ETFs and the bullish sentiment from Galaxy Research suggest strong market demand.
4. **Technical Indicators**: The key technical indicator that presaged November's price surge is positioned precisely as it was then, signaling a potential volatility explosion.

**[Potential Concerns]: **
1. **Price Volatility**: The current Bitcoin cycle has been muted in terms of realized volatility, but the implied probability distribution skewed to the left suggests expectations for a price pullback.
2. **ETF Outflows**: The significant outflows from U.S. spot-listed ETFs could indicate caution among institutional investors, potentially leading to a price correction.
3. **Market Correlation**: The weakening correlation with U.S. equities and Ether could introduce uncertainty and volatility.
4. **Regulatory Uncertainty**: The debate over establishing a strategic Bitcoin reserve without Congressional approval adds regulatory uncertainty, which could impact market sentiment.

**[Prediction & Analysis]: **
The price increase from $99,920.71 to $101,459.26 indicates continued bullish momentum. However, the concerns about price volatility, ETF outflows, and regulatory uncertainty suggest that the market might be due for a correction. The weakening correlation with U.S. equities and Ether adds to the uncertainty. Despite the positive developments such as institutional adoption and bullish sentiment, the technical indicators and market sentiment suggest that a downward correction of 3-4% for the upcoming week is likely as the market consolidates before potentially resuming its upward trend."
"[Cryptocurrency Introduction]: Bitcoin (BTC) is a cryptocurrency launched in 2010. Users are able to generate BTC through the process of mining. Bitcoin has a current supply of 19,873,353. The last known price of Bitcoin is 104,632.24890669 USD and is up 0.57 over the last 24 hours. It is currently trading on 12206 active market(s) with $40,409,929,770.26 traded over the last 24 hours. More information can be found at https://bitcoin.org/.. It has a market capilization of 2074764509184.

From 2024-12-06 to 2024-12-13, BTC-USD's stock price increased from 99920.71 to 101459.26. News during this period are listed below:

[Headline]: Activist Investor Starboard Has Built Stake in Bitcoin Miner Riot: WSJ
[Summary]: Activist investor Starboard Value has made a large investment in bitcoin miner Riot Platforms (RIOT) and is pushing for changes in the company's business model, The Wall Street Journal reported, citin...

[Headline]: This Bitcoin Indicator Echoes Early November Vibe That Presaged a 40% Price Explosion
[Summary]: Bitcoin (BTC) traders could be in for another thrilling ride. A key technical indicator that presaged November's price surge is positioned precisely as it was then, signaling a potential volatility ex...

[Headline]: A Single Pudgy Penguins NFT Now Costs More Than a Bitcoin
[Summary]: The Pudgy Penguins NFT collection is keeping Web3 hopes afloat in a sea of dead NFT projects and a generally muted collectibles market.

The non-fungible token set became the world’s second most-value...

[Headline]: Bitcoin Celebrates a “Champagne Moment” — What Lies Ahead?
[Summary]: It has been a whirlwind. Bitcoin surpassing $100,000 may have been the champagne moment, but the digital asset class has had much to cheer about and digest since the Fed’s easing cycle began on Septem...

[Headline]: Microsoft Shareholders Vote Down Bitcoin Treasury Proposal
[Summary]: Microsoft (MSFT) doesn't appear to be adding its name anytime soon to the list of corporate entities holding bitcoin (BTC) after its shareholders voted against a proposal that would have directed the ...

From 2024-12-13 to 2024-12-20, BTC-USD's stock price decreased from 101459.26 to 97755.93. News during this period are listed below:

[Headline]: Could Bitcoin Become DeFi’s Collateral of Choice? Lombard Finance Says So
[Summary]: A war for on-chain market dominance may be brewing. The question: What will be the collateral of choice in the decentralized finance (DeFi) economy?

As of press time, DeFi protocols across all ecosys...

[Headline]: Bitcoin Miner Hut 8 Buys $100M BTC Boosting Total Total Stash to $1B
[Summary]: Another bitcoin miner, Hut 8 (HUT), has decided to pull the trigger on buying bitcoin in the open market, following the likes of MicroStrategy (MSTR) and MARA Holdings (MARA).

The Miami, Florida-base...

[Headline]: Bitcoin Takes a Breather After Doji Candle in a Cautious Pre-Fed De-Risking
[Summary]: Bitcoin (BTC) is taking a breather, experiencing selling pressure after Tuesday's indecisive price action marked by a Doji candle. This seems to be a classic case of traders de-risking in anticipation...

[Headline]: British Columbia Maintains Bitcoin Mining Ban Despite Vancouver's 'BTC-Friendly City' Motion
[Summary]: While Vancouver's City Council has passed a motion to explore becoming a 'bitcoin-friendly city', British Columbia still has a province-wide ban on mining BTC until December 2025.

B.C.'s bitcoin mini...

[Headline]: Bitcoin Mining Economics Continued to Improve in December, JPMorgan Says
[Summary]: Bitcoin (BTC) mining economics continued to improve this month, as the hashprice, a measure of daily profitability, rose 5% from the end of November, JPMorgan (JPM) said in a research report Monday.

...



Based on all the information before 2024-12-20, let's first analyze the positive developments and potential concerns for BTC-USD. Come up with 2-4 most important factors respectively and keep them concise. Most factors should be inferred from cryptocurrencies related news. Then let's assume your prediction for next week (2024-12-20 to 2024-12-27) is down by 3-4%. Provide a summary analysis to support your prediction. The prediction result need to be inferred from your analysis at the end, and thus not appearing as a foundational factor of your analysis.","### ANALYSIS REQUEST 5

**[Positive Developments]: **
1. **Institutional Adoption**: The increasing allocations by Wall Street banks and the potential start of options trading on the iShares Bitcoin Trust (IBIT) indicate growing institutional adoption.
2. **Bullish Sentiment**: The significant volume in $100 IBIT call options and the prediction that Bitcoin could reach $200,000 add to the bullish sentiment.
3. **Market Sentiment**: The record inflows into U.S. spot ETFs and the bullish sentiment from Galaxy Research suggest strong market demand.
4. **Technical Indicators**: The key technical indicator that presaged November's price surge is positioned precisely as it was then, signaling a potential volatility explosion.

**[Potential Concerns]: **
1. **Price Volatility**: The current Bitcoin cycle has been muted in terms of realized volatility, but the implied probability distribution skewed to the left suggests expectations for a price pullback.
2. **ETF Outflows**: The significant outflows from U.S. spot-listed ETFs could indicate caution among institutional investors, potentially leading to a price correction.
3. **Market Correlation**: The weakening correlation with U.S. equities and Ether could introduce uncertainty and volatility.
4. **Regulatory Uncertainty**: The debate over establishing a strategic Bitcoin reserve without Congressional approval adds regulatory uncertainty, which could impact market sentiment.

**[Prediction & Analysis]: **
The price decrease from $101,459.26 to $97,755.93 suggests a short-term correction. The concerns about price volatility, ETF outflows, and regulatory uncertainty indicate that the market might be due for further consolidation. The weakening correlation with U.S. equities and Ether adds to the uncertainty. Despite the positive developments such as institutional adoption and bullish sentiment, the technical indicators and market sentiment suggest that a downward correction of 3-4% for the upcoming week is likely as the market continues to consolidate before potentially resuming its upward trend."
"[Cryptocurrency Introduction]: Bitcoin (BTC) is a cryptocurrency launched in 2010. Users are able to generate BTC through the process of mining. Bitcoin has a current supply of 19,873,353. The last known price of Bitcoin is 104,632.24890669 USD and is up 0.57 over the last 24 hours. It is currently trading on 12206 active market(s) with $40,409,929,770.26 traded over the last 24 hours. More information can be found at https://bitcoin.org/.. It has a market capilization of 2074764509184.

From 2024-12-13 to 2024-12-20, BTC-USD's stock price decreased from 101459.26 to 97755.93. News during this period are listed below:

[Headline]: Hawkish Fed Has Bitcoin Market Feeling Most Fearful in 3 Months
[Summary]: Crypto traders initial worries about a hawkish Fed materialized Wednesday as Chairman Jerome Powell cut interest rates but expressed uncertainty about the speed and extent of future easing. And now th...

[Headline]: How Wall Street’s Relationship With Bitcoin Will Transform in 2025: 5 Predictions
[Summary]: When Michael Saylor announced MicroStrategy's conversion of $250 million in Treasury reserves to bitcoin in August 2020, Wall Street analysts dismissed it as a reckless gamble. ""Superior to cash,"" Say...

[Headline]: Bitcoin Takes a Breather After Doji Candle in a Cautious Pre-Fed De-Risking
[Summary]: Bitcoin (BTC) is taking a breather, experiencing selling pressure after Tuesday's indecisive price action marked by a Doji candle. This seems to be a classic case of traders de-risking in anticipation...

[Headline]: Bitcoin Traders No Longer Chasing Record Price Rally Like Before, Options Data Show
[Summary]: While bitcoin (BTC) continues to reach new lifetime highs, the latest options market trend indicates that traders aren't chasing the uptrend with the same zeal as before.

On Monday, BTC's price rose ...

[Headline]: Ether Volume Overshadows Bitcoin on HyperLiquid as Platform Activity Hits $500B
[Summary]: Bitcoin (BTC) is not the only one setting milestones. HyperLiquid, the leading on-chain perpetuals trading protocol operating on its custom-built layer 1 blockchain, is setting impressive records, too...

From 2024-12-20 to 2024-12-27, BTC-USD's stock price decreased from 97755.93 to 94164.86. News during this period are listed below:

[Headline]: Six Bitcoin Mutual Funds to Debut in Israel Next Week: Report
[Summary]: Six mutual funds tracking the price of bitcoin (BTC) will debut in Israel next week after the Israel Securities Authority (ISA) granted permission for the products, Calcalist reported on Wednesday.

A...

[Headline]: Bitcoin Lull Could Spur Altcoin Rally, With $90K Considered 'Attractive' Buying Area
[Summary]: Traders expect bitcoin (BTC) choppiness to continue with a possible rotation to altcoins, as a major options expiry weighs on market dynamics in the festive week ahead.

“All eyes are on the massive e...

[Headline]: Avalon Labs Raises $10M Series A to Grow Bitcoin-Backed Stablecoin
[Summary]: Avalon Labs, the issuer of the BTC-backed stablecoin USDa, has raised $10 million to grow its Bitcoin decentralized finance (DeFi) ecosystem.

The Series A funding round was led by Framework Ventures ...

[Headline]: Bitcoin Plunges to $93K, Dogecoin Down 27% as Crypto Bloodbath Goes On
[Summary]: A broad crypto market slide worsened at the start of U.S. trading hours as bitcoin (BTC) neared the $93,000 level, leading to a fallback across all major tokens.



Ether, Solana’s SOL, Cardano’s ADA,...

[Headline]: As Bitcoin's Post-Fed Price Dip Extends, This Key Contrary Indicator Offers Fresh Hope: Godbole
[Summary]: Bitcoin's (BTC) post-Fed price drop to $96,000 has activated a crucial contrary indicator that has historically marked the end of price pullbacks.

On Wednesday, the Fed cut the benchmark borrowing co...



Based on all the information before 2024-12-27, let's first analyze the positive developments and potential concerns for BTC-USD. Come up with 2-4 most important factors respectively and keep them concise. Most factors should be inferred from cryptocurrencies related news. Then let's assume your prediction for next week (2024-12-27 to 2025-01-03) is down by 0-1%. Provide a summary analysis to support your prediction. The prediction result need to be inferred from your analysis at the end, and thus not appearing as a foundational factor of your analysis.","**Response 1**

**[Positive Developments]:**
1. **Institutional Adoption**: The approval of six Bitcoin mutual funds in Israel indicates growing institutional interest, which can bring more liquidity and stability to the market.
2. **DeFi Growth**: Avalon Labs raised $10M to grow its Bitcoin-backed stablecoin, signaling the continued expansion of Bitcoin's role in the DeFi ecosystem.
3. ** Market Sentiment**: The activation of a historical contrary indicator suggests that the recent price drop might be nearing its end.

**[Potential Concerns]:**
1. **Fed Policy Uncertainty**: The hawkish stance of the Fed and uncertainty about future rate hikes are causing fear in the market, leading to a risk-off environment.
2. **Market Volatility**: The recent plunge in Bitcoin's price and the broader crypto market sell-off are concerning.
3. **Trader Sentiment**: Options data show that traders are not chasing the uptrend as aggressively as before, which could indicate a lack of confidence in a strong recovery.

**[Prediction & Analysis]:**
Bitcoin has experienced a significant sell-off due to the hawkish Fed policy and broader market volatility. While there are positive developments such as institutional adoption and DeFi growth, the market sentiment remains cautious. The activation of a historical contrary indicator suggests a potential end to the price pullback, but the overall environment is still uncertain. Traders are not aggressively chasing the uptrend, and the recent price plunge has led to a risk-off sentiment. Given these factors, the upcoming week might see Bitcoin's price trading sideways with a potential downward bias of 0-1%. The market is likely to remain volatile as participants digest the recent developments and await further clarity on the Fed's policy."
