prompt,answer
"[Cryptocurrency Introduction]: Dogecoin (DOGE) is a cryptocurrency . Users are able to generate DOGE through the process of mining. Dogecoin has a current supply of 149,516,646,383.70525. The last known price of Dogecoin is 0.18994255 USD and is up 1.31 over the last 24 hours. It is currently trading on 1232 active market(s) with $965,419,953.99 traded over the last 24 hours. More information can be found at http://dogecoin.com/.. It has a market capilization of 28657442816.

From 2024-01-05 to 2024-01-12, DOGE-USD's stock price decreased from 0.08 to 0.08. News during this period are listed below:

[Headline]: Dogecoin's 9% Swing Amid Fake Rumor of Mascot's Death Riles Up Crypto Enthusiasts
[Summary]: Dogecoin jumped 9% on a later-recanted social media rumor about the death of the token's mascot.

The volatile episode irked crypto market observers as liquidations soared on the fake news.

Dogecoin ...



Based on all the information before 2024-01-12, let's first analyze the positive developments and potential concerns for DOGE-USD. Come up with 2-4 most important factors respectively and keep them concise. Most factors should be inferred from cryptocurrencies related news. Then let's assume your prediction for next week (2024-01-12 to 2024-01-19) is down by 1-2%. Provide a summary analysis to support your prediction. The prediction result need to be inferred from your analysis at the end, and thus not appearing as a foundational factor of your analysis.","**[Positive Developments]:
1. **Increased Visibility**: The fake rumor about the death of Dogecoin's mascot brought significant attention to the token, demonstrating the power of social media in driving interest and trading volume.
2. **Community Engagement**: The volatile episode highlighted the strong community engagement and reactivity within the Dogecoin ecosystem, which can be beneficial for its long-term sustainability.

**[Potential Concerns]:
1. **Market Manipulation**: The price swing due to fake news raises concerns about market manipulation and the susceptibility of Dogecoin to social media influences, which can lead to increased volatility.
2. **Liquidations**: The surge in liquidations due to the volatile episode indicates a high level of speculative trading, which can be risky for investors.

**[Prediction & Analysis]:
Dogecoin's price has shown resilience despite the volatile episode, but the concerns surrounding market manipulation and high speculative trading suggest a cautious outlook. The increased visibility and community engagement are positive, but they may not be enough to drive significant price increases in the short term. The fake news incident serves as a reminder of the market's vulnerability to manipulation, which could dampen investor confidence. Therefore, a slight downturn of 1-2% is predicted for the upcoming week as the market stabilizes from the recent volatility."
"[Cryptocurrency Introduction]: Dogecoin (DOGE) is a cryptocurrency . Users are able to generate DOGE through the process of mining. Dogecoin has a current supply of 149,516,646,383.70525. The last known price of Dogecoin is 0.18994255 USD and is up 1.31 over the last 24 hours. It is currently trading on 1232 active market(s) with $965,419,953.99 traded over the last 24 hours. More information can be found at http://dogecoin.com/.. It has a market capilization of 28657442816.

From 2024-01-05 to 2024-01-12, DOGE-USD's stock price decreased from 0.08 to 0.08. News during this period are listed below:

[Headline]: Dogecoin's 9% Swing Amid Fake Rumor of Mascot's Death Riles Up Crypto Enthusiasts
[Summary]: Dogecoin jumped 9% on a later-recanted social media rumor about the death of the token's mascot.

The volatile episode irked crypto market observers as liquidations soared on the fake news.

Dogecoin ...

From 2024-01-12 to 2024-01-19, DOGE-USD's stock price decreased from 0.08 to 0.08. News during this period are listed below:

[Headline]: Dogecoin's 9% Swing Amid Fake Rumor of Mascot's Death Riles Up Crypto Enthusiasts
[Summary]: Dogecoin jumped 9% on a later-recanted social media rumor about the death of the token's mascot.

The volatile episode irked crypto market observers as liquidations soared on the fake news.

Dogecoin ...

[Headline]: Bitcoin Halts at $41K as Traders Eye Fed Rate Decision; AVAX Flips Dogecoin as Altcoins Jump
[Summary]: Bitcoin remained steady around $41,000 after Monday's dramatic flush.

Halt in BTC's momentum saw many altcoins jump, with DOT, ATOM, INJ, TIA among the biggest gainers.

Market observers widely antic...

[Headline]: Tokens Tied to Dogecoin-Funded DOGE-1 Satellite Jump Ahead of SpaceX Launch
[Summary]: Two tokens tied to space logistics and energy company Geometric Energy Corporation are jumping ahead of its mission to put DOGE-1, a Dogecoin-themed satellite, into orbit around the moon.

The launch ...

[Headline]: Elon Musk Halts Dogecoin Surge by Saying His AI Business Is 'Not Raising Money'
[Summary]: A dogecoin [DOGE] surge started to reverse in U.S. morning hours Wednesday after technology entrepreneur Elon Musk said that his artificial intelligence startup xAI was not ""raising money.""

DOGE fell...

[Headline]: Over $600M Locked in Open Dogecoin Futures as DOGE Price Hits Highest Since April
[Summary]: Bitcoin's recent rapid rally has revived risk-taking in the crypto market, spurring investors to pour money into non-serious cryptocurrencies like dogecoin [DOGE], which was created as a joke 10 years...



Based on all the information before 2024-01-19, let's first analyze the positive developments and potential concerns for DOGE-USD. Come up with 2-4 most important factors respectively and keep them concise. Most factors should be inferred from cryptocurrencies related news. Then let's assume your prediction for next week (2024-01-19 to 2024-01-26) is up by 1-2%. Provide a summary analysis to support your prediction. The prediction result need to be inferred from your analysis at the end, and thus not appearing as a foundational factor of your analysis.","**[Positive Developments]:
1. **SpaceX Launch**: The anticipation of the DOGE-1 satellite launch by SpaceX is generating positive buzz and could drive investment interest in Dogecoin.
2. **Market Momentum**: The halt in Bitcoin's momentum has led to a jump in many altcoins, including Dogecoin, indicating a potential shift in investor focus towards alternative cryptocurrencies.

**[Potential Concerns]:
1. **Elon Musk's Influence**: Elon Musk's statements continue to significantly impact Dogecoin's price, highlighting the token's dependence on influential figures, which can be unpredictable.
2. **High Futures Interest**: The high amount of open interest in Dogecoin futures suggests increased speculative trading, which can lead to heightened volatility.

**[Prediction & Analysis]:
The upcoming SpaceX launch and the shift in market momentum towards altcoins are positive indicators for Dogecoin. However, the dependence on Elon Musk's influence and the high speculative trading pose risks. Despite these concerns, the positive developments are likely to outweigh the potential concerns in the short term, leading to a predicted upturn of 1-2% for the upcoming week. The anticipation of the satellite launch and the broader market trends favoring altcoins should drive investor interest and support a modest price increase."
"[Cryptocurrency Introduction]: Dogecoin (DOGE) is a cryptocurrency . Users are able to generate DOGE through the process of mining. Dogecoin has a current supply of 149,516,646,383.70525. The last known price of Dogecoin is 0.18994255 USD and is up 1.31 over the last 24 hours. It is currently trading on 1232 active market(s) with $965,419,953.99 traded over the last 24 hours. More information can be found at http://dogecoin.com/.. It has a market capilization of 28657442816.

From 2024-01-12 to 2024-01-19, DOGE-USD's stock price decreased from 0.08 to 0.08. News during this period are listed below:

[Headline]: Dogecoin's 9% Swing Amid Fake Rumor of Mascot's Death Riles Up Crypto Enthusiasts
[Summary]: Dogecoin jumped 9% on a later-recanted social media rumor about the death of the token's mascot.

The volatile episode irked crypto market observers as liquidations soared on the fake news.

Dogecoin ...

[Headline]: Bitcoin Halts at $41K as Traders Eye Fed Rate Decision; AVAX Flips Dogecoin as Altcoins Jump
[Summary]: Bitcoin remained steady around $41,000 after Monday's dramatic flush.

Halt in BTC's momentum saw many altcoins jump, with DOT, ATOM, INJ, TIA among the biggest gainers.

Market observers widely antic...

[Headline]: Tokens Tied to Dogecoin-Funded DOGE-1 Satellite Jump Ahead of SpaceX Launch
[Summary]: Two tokens tied to space logistics and energy company Geometric Energy Corporation are jumping ahead of its mission to put DOGE-1, a Dogecoin-themed satellite, into orbit around the moon.

The launch ...

[Headline]: Elon Musk Halts Dogecoin Surge by Saying His AI Business Is 'Not Raising Money'
[Summary]: A dogecoin [DOGE] surge started to reverse in U.S. morning hours Wednesday after technology entrepreneur Elon Musk said that his artificial intelligence startup xAI was not ""raising money.""

DOGE fell...

[Headline]: Over $600M Locked in Open Dogecoin Futures as DOGE Price Hits Highest Since April
[Summary]: Bitcoin's recent rapid rally has revived risk-taking in the crypto market, spurring investors to pour money into non-serious cryptocurrencies like dogecoin [DOGE], which was created as a joke 10 years...

From 2024-01-19 to 2024-01-26, DOGE-USD's stock price increased from 0.08 to 0.08. News during this period are listed below:

[Headline]: Someone Just Put Legendary '90s Video Game Doom on Dogecoin
[Summary]: Doom, the popular and influential first-person shooter video game first released in 1993, is now available on the Dogecoin network, thanks to a relatively new protocol that lets developers stash large...

[Headline]: Dogecoin, Floki Bullish Bets Rise on X Payments Speculation
[Summary]: Dog-themed meme tokens Dogecoin [DOGE] and floki [FLOKI] rose as much as 12% before retreating, as an @xpayments profile on social app X sent adoption hopes flying among crypto circles.

Trading volum...



Based on all the information before 2024-01-26, let's first analyze the positive developments and potential concerns for DOGE-USD. Come up with 2-4 most important factors respectively and keep them concise. Most factors should be inferred from cryptocurrencies related news. Then let's assume your prediction for next week (2024-01-26 to 2024-02-02) is down by 0-1%. Provide a summary analysis to support your prediction. The prediction result need to be inferred from your analysis at the end, and thus not appearing as a foundational factor of your analysis.","**[Positive Developments]:
1. **Technological Innovation**: The integration of the legendary video game Doom on the Dogecoin network showcases the token's technological capabilities and innovation potential.
2. **Adoption Speculation**: The speculation around X payments adoption has driven bullish bets, indicating growing interest and potential use cases for Dogecoin.

**[Potential Concerns]:
1. **Price Stagnation**: Despite the positive news, Dogecoin's price has remained relatively stagnant, raising questions about the token's ability to translate positive developments into price gains.
2. **Market Sentiment**: The continued influence of social media and speculative trading on Dogecoin's price highlights the token's sensitivity to market sentiment, which can be volatile.

**[Prediction & Analysis]:
The technological innovations and adoption speculation are encouraging signs for Dogecoin's long-term potential. However, the current price stagnation and the token's sensitivity to market sentiment pose challenges. Given these factors, a slight downturn of 0-1% is predicted for the upcoming week. While the positive developments are promising, the market may need more time to digest these events and translate them into significant price movements."
"[Cryptocurrency Introduction]: Dogecoin (DOGE) is a cryptocurrency . Users are able to generate DOGE through the process of mining. Dogecoin has a current supply of 149,516,646,383.70525. The last known price of Dogecoin is 0.18994255 USD and is up 1.31 over the last 24 hours. It is currently trading on 1232 active market(s) with $965,419,953.99 traded over the last 24 hours. More information can be found at http://dogecoin.com/.. It has a market capilization of 28657442816.

From 2024-01-19 to 2024-01-26, DOGE-USD's stock price increased from 0.08 to 0.08. News during this period are listed below:

[Headline]: Someone Just Put Legendary '90s Video Game Doom on Dogecoin
[Summary]: Doom, the popular and influential first-person shooter video game first released in 1993, is now available on the Dogecoin network, thanks to a relatively new protocol that lets developers stash large...

[Headline]: Dogecoin, Floki Bullish Bets Rise on X Payments Speculation
[Summary]: Dog-themed meme tokens Dogecoin [DOGE] and floki [FLOKI] rose as much as 12% before retreating, as an @xpayments profile on social app X sent adoption hopes flying among crypto circles.

Trading volum...

From 2024-01-26 to 2024-02-02, DOGE-USD's stock price decreased from 0.08 to 0.08. News during this period are listed below:

[Headline]: Someone Just Put Legendary '90s Video Game Doom on Dogecoin
[Summary]: Doom, the popular and influential first-person shooter video game first released in 1993, is now available on the Dogecoin network, thanks to a relatively new protocol that lets developers stash large...

[Headline]: Dogecoin, Floki Bullish Bets Rise on X Payments Speculation
[Summary]: Dog-themed meme tokens Dogecoin [DOGE] and floki [FLOKI] rose as much as 12% before retreating, as an @xpayments profile on social app X sent adoption hopes flying among crypto circles.

Trading volum...

[Headline]: Dogecoin's 9% Swing Amid Fake Rumor of Mascot's Death Riles Up Crypto Enthusiasts
[Summary]: Dogecoin jumped 9% on a later-recanted social media rumor about the death of the token's mascot.

The volatile episode irked crypto market observers as liquidations soared on the fake news.

Dogecoin ...

[Headline]: Bitcoin Halts at $41K as Traders Eye Fed Rate Decision; AVAX Flips Dogecoin as Altcoins Jump
[Summary]: Bitcoin remained steady around $41,000 after Monday's dramatic flush.

Halt in BTC's momentum saw many altcoins jump, with DOT, ATOM, INJ, TIA among the biggest gainers.

Market observers widely antic...

[Headline]: Tokens Tied to Dogecoin-Funded DOGE-1 Satellite Jump Ahead of SpaceX Launch
[Summary]: Two tokens tied to space logistics and energy company Geometric Energy Corporation are jumping ahead of its mission to put DOGE-1, a Dogecoin-themed satellite, into orbit around the moon.

The launch ...



Based on all the information before 2024-02-02, let's first analyze the positive developments and potential concerns for DOGE-USD. Come up with 2-4 most important factors respectively and keep them concise. Most factors should be inferred from cryptocurrencies related news. Then let's assume your prediction for next week (2024-02-02 to 2024-02-09) is up by 2-3%. Provide a summary analysis to support your prediction. The prediction result need to be inferred from your analysis at the end, and thus not appearing as a foundational factor of your analysis.","**[Positive Developments]:
1. **Community Innovation**: The continued integration of innovative projects, such as the video game Doom, on the Dogecoin network highlights the community's creativity and technological prowess.
2. **Market Attention**: The speculation around X payments adoption has drawn market attention and driven trading volume, indicating sustained interest in Dogecoin.

**[Potential Concerns]:
1. **Volatility**: The recurring episodes of high volatility, such as the fake rumor of the mascot's death, underscore the risks associated with investing in Dogecoin.
2. **Dependence on External Factors**: Dogecoin's price remains heavily influenced by external factors, such as Elon Musk's statements and broader market trends, which can be unpredictable.

**[Prediction & Analysis]:
The community innovation and market attention are positive indicators for Dogecoin's potential. However, the high volatility and dependence on external factors pose significant risks. Despite these concerns, the positive developments are likely to drive a modest upturn of 2-3% for the upcoming week. The innovation within the Dogecoin community and the sustained market interest should support a price increase, but investors should remain cautious of the token's volatility."
"[Cryptocurrency Introduction]: Dogecoin (DOGE) is a cryptocurrency . Users are able to generate DOGE through the process of mining. Dogecoin has a current supply of 149,516,646,383.70525. The last known price of Dogecoin is 0.18994255 USD and is up 1.31 over the last 24 hours. It is currently trading on 1232 active market(s) with $965,419,953.99 traded over the last 24 hours. More information can be found at http://dogecoin.com/.. It has a market capilization of 28657442816.

From 2024-02-02 to 2024-02-09, DOGE-USD's stock price increased from 0.08 to 0.08. News during this period are listed below:

[Headline]: Someone Just Put Legendary '90s Video Game Doom on Dogecoin
[Summary]: Doom, the popular and influential first-person shooter video game first released in 1993, is now available on the Dogecoin network, thanks to a relatively new protocol that lets developers stash large...

[Headline]: Dogecoin, Floki Bullish Bets Rise on X Payments Speculation
[Summary]: Dog-themed meme tokens Dogecoin [DOGE] and floki [FLOKI] rose as much as 12% before retreating, as an @xpayments profile on social app X sent adoption hopes flying among crypto circles.

Trading volum...

[Headline]: Dogecoin's 9% Swing Amid Fake Rumor of Mascot's Death Riles Up Crypto Enthusiasts
[Summary]: Dogecoin jumped 9% on a later-recanted social media rumor about the death of the token's mascot.

The volatile episode irked crypto market observers as liquidations soared on the fake news.

Dogecoin ...

[Headline]: Bitcoin Halts at $41K as Traders Eye Fed Rate Decision; AVAX Flips Dogecoin as Altcoins Jump
[Summary]: Bitcoin remained steady around $41,000 after Monday's dramatic flush.

Halt in BTC's momentum saw many altcoins jump, with DOT, ATOM, INJ, TIA among the biggest gainers.

Market observers widely antic...

[Headline]: Tokens Tied to Dogecoin-Funded DOGE-1 Satellite Jump Ahead of SpaceX Launch
[Summary]: Two tokens tied to space logistics and energy company Geometric Energy Corporation are jumping ahead of its mission to put DOGE-1, a Dogecoin-themed satellite, into orbit around the moon.

The launch ...



Based on all the information before 2024-02-09, let's first analyze the positive developments and potential concerns for DOGE-USD. Come up with 2-4 most important factors respectively and keep them concise. Most factors should be inferred from cryptocurrencies related news. Then let's assume your prediction for next week (2024-02-09 to 2024-02-16) is up by more than 5%. Provide a summary analysis to support your prediction. The prediction result need to be inferred from your analysis at the end, and thus not appearing as a foundational factor of your analysis.","**[Positive Developments]:
1. **Growing Adoption**: The speculation around X payments adoption and the integration of innovative projects on the Dogecoin network indicate growing adoption and use cases for the token.
2. **Market Momentum**: The broader market trends favoring altcoins and the anticipation of the DOGE-1 satellite launch are driving market momentum and investor interest in Dogecoin.

**[Potential Concerns]:
1. **High Speculative Trading**: The continued high speculative trading and the influence of social media on Dogecoin's price raise concerns about the token's long-term stability.
2. **Dependence on Influential Figures**: The significant impact of Elon Musk's statements on Dogecoin's price highlights the token's dependence on influential figures, which can be unpredictable.

**[Prediction & Analysis]:
The growing adoption and market momentum are strong positive indicators for Dogecoin's potential. While the high speculative trading and dependence on influential figures pose risks, the positive developments are likely to outweigh these concerns in the short term. A significant upturn of more than 5% is predicted for the upcoming week, as the growing adoption and market momentum drive investor interest and support a substantial price increase. The broader market trends and the anticipation of the satellite launch should further bolster Dogecoin's price, but investors should remain aware of the token's volatility and the potential for market manipulation."
"[Cryptocurrency Introduction]: Dogecoin (DOGE) is a cryptocurrency . Users are able to generate DOGE through the process of mining. Dogecoin has a current supply of 149,516,646,383.70525. The last known price of Dogecoin is 0.18994255 USD and is up 1.31 over the last 24 hours. It is currently trading on 1232 active market(s) with $965,419,953.99 traded over the last 24 hours. More information can be found at http://dogecoin.com/.. It has a market capilization of 28657442816.

From 2024-01-26 to 2024-02-02, DOGE-USD's stock price decreased from 0.08 to 0.08. News during this period are listed below:

[Headline]: Someone Just Put Legendary '90s Video Game Doom on Dogecoin
[Summary]: Doom, the popular and influential first-person shooter video game first released in 1993, is now available on the Dogecoin network, thanks to a relatively new protocol that lets developers stash large...

[Headline]: Dogecoin, Floki Bullish Bets Rise on X Payments Speculation
[Summary]: Dog-themed meme tokens Dogecoin [DOGE] and floki [FLOKI] rose as much as 12% before retreating, as an @xpayments profile on social app X sent adoption hopes flying among crypto circles.

Trading volum...

[Headline]: Dogecoin's 9% Swing Amid Fake Rumor of Mascot's Death Riles Up Crypto Enthusiasts
[Summary]: Dogecoin jumped 9% on a later-recanted social media rumor about the death of the token's mascot.

The volatile episode irked crypto market observers as liquidations soared on the fake news.

Dogecoin ...

[Headline]: Bitcoin Halts at $41K as Traders Eye Fed Rate Decision; AVAX Flips Dogecoin as Altcoins Jump
[Summary]: Bitcoin remained steady around $41,000 after Monday's dramatic flush.

Halt in BTC's momentum saw many altcoins jump, with DOT, ATOM, INJ, TIA among the biggest gainers.

Market observers widely antic...

[Headline]: Tokens Tied to Dogecoin-Funded DOGE-1 Satellite Jump Ahead of SpaceX Launch
[Summary]: Two tokens tied to space logistics and energy company Geometric Energy Corporation are jumping ahead of its mission to put DOGE-1, a Dogecoin-themed satellite, into orbit around the moon.

The launch ...

From 2024-02-02 to 2024-02-09, DOGE-USD's stock price increased from 0.08 to 0.08. News during this period are listed below:

[Headline]: Someone Just Put Legendary '90s Video Game Doom on Dogecoin
[Summary]: Doom, the popular and influential first-person shooter video game first released in 1993, is now available on the Dogecoin network, thanks to a relatively new protocol that lets developers stash large...

[Headline]: Dogecoin, Floki Bullish Bets Rise on X Payments Speculation
[Summary]: Dog-themed meme tokens Dogecoin [DOGE] and floki [FLOKI] rose as much as 12% before retreating, as an @xpayments profile on social app X sent adoption hopes flying among crypto circles.

Trading volum...

[Headline]: Dogecoin's 9% Swing Amid Fake Rumor of Mascot's Death Riles Up Crypto Enthusiasts
[Summary]: Dogecoin jumped 9% on a later-recanted social media rumor about the death of the token's mascot.

The volatile episode irked crypto market observers as liquidations soared on the fake news.

Dogecoin ...

[Headline]: Bitcoin Halts at $41K as Traders Eye Fed Rate Decision; AVAX Flips Dogecoin as Altcoins Jump
[Summary]: Bitcoin remained steady around $41,000 after Monday's dramatic flush.

Halt in BTC's momentum saw many altcoins jump, with DOT, ATOM, INJ, TIA among the biggest gainers.

Market observers widely antic...

[Headline]: Tokens Tied to Dogecoin-Funded DOGE-1 Satellite Jump Ahead of SpaceX Launch
[Summary]: Two tokens tied to space logistics and energy company Geometric Energy Corporation are jumping ahead of its mission to put DOGE-1, a Dogecoin-themed satellite, into orbit around the moon.

The launch ...

From 2024-02-09 to 2024-02-16, DOGE-USD's stock price increased from 0.08 to 0.09. News during this period are listed below:

[Headline]: Someone Just Put Legendary '90s Video Game Doom on Dogecoin
[Summary]: Doom, the popular and influential first-person shooter video game first released in 1993, is now available on the Dogecoin network, thanks to a relatively new protocol that lets developers stash large...

[Headline]: Dogecoin, Floki Bullish Bets Rise on X Payments Speculation
[Summary]: Dog-themed meme tokens Dogecoin [DOGE] and floki [FLOKI] rose as much as 12% before retreating, as an @xpayments profile on social app X sent adoption hopes flying among crypto circles.

Trading volum...

[Headline]: Dogecoin's 9% Swing Amid Fake Rumor of Mascot's Death Riles Up Crypto Enthusiasts
[Summary]: Dogecoin jumped 9% on a later-recanted social media rumor about the death of the token's mascot.

The volatile episode irked crypto market observers as liquidations soared on the fake news.

Dogecoin ...

[Headline]: Bitcoin Halts at $41K as Traders Eye Fed Rate Decision; AVAX Flips Dogecoin as Altcoins Jump
[Summary]: Bitcoin remained steady around $41,000 after Monday's dramatic flush.

Halt in BTC's momentum saw many altcoins jump, with DOT, ATOM, INJ, TIA among the biggest gainers.

Market observers widely antic...

[Headline]: Tokens Tied to Dogecoin-Funded DOGE-1 Satellite Jump Ahead of SpaceX Launch
[Summary]: Two tokens tied to space logistics and energy company Geometric Energy Corporation are jumping ahead of its mission to put DOGE-1, a Dogecoin-themed satellite, into orbit around the moon.

The launch ...



Based on all the information before 2024-02-16, let's first analyze the positive developments and potential concerns for DOGE-USD. Come up with 2-4 most important factors respectively and keep them concise. Most factors should be inferred from cryptocurrencies related news. Then let's assume your prediction for next week (2024-02-16 to 2024-02-23) is down by 1-2%. Provide a summary analysis to support your prediction. The prediction result need to be inferred from your analysis at the end, and thus not appearing as a foundational factor of your analysis.","[Positive Developments]:
1. **Increased Adoption Speculation**: Speculation about Dogecoin's potential adoption by X Payments led to a rise in bullish bets, indicating market optimism.
2. **SpaceX Launch Hype**: The anticipation of the DOGE-1 satellite launch by SpaceX has driven interest and investment in Dogecoin.
3. **Community Engagement**: The introduction of the classic video game Doom to the Dogecoin network showcases the community's creativity and engagement.

[Potential Concerns]:
1. **Market Volatility**: Dogecoin's price swing due to a fake rumor highlights the cryptocurrency's volatility and the market's susceptibility to misinformation.
2. **Federal Reserve Decision**: The upcoming Fed rate decision may impact the broader cryptocurrency market, including Dogecoin.
3. **Altcoin Competition**: Other altcoins are gaining momentum, which could divert investment away from Dogecoin.

[Prediction & Analysis]:
Dogecoin's price has shown resilience despite recent volatility, with positive developments such as adoption speculation and the SpaceX launch hype driving market optimism. However, the upcoming Fed rate decision and the volatile nature of the cryptocurrency market present potential headwinds. Additionally, the growth of competing altcoins may limit Dogecoin's upside potential in the near term. Considering these factors, a slight correction of 1-2% for DOGE-USD in the upcoming week is plausible, as investors may take profits amidst the uncertainty surrounding the Fed's decision and the competitive altcoin landscape."
"[Cryptocurrency Introduction]: Dogecoin (DOGE) is a cryptocurrency . Users are able to generate DOGE through the process of mining. Dogecoin has a current supply of 149,516,646,383.70525. The last known price of Dogecoin is 0.18994255 USD and is up 1.31 over the last 24 hours. It is currently trading on 1232 active market(s) with $965,419,953.99 traded over the last 24 hours. More information can be found at http://dogecoin.com/.. It has a market capilization of 28657442816.

From 2024-02-02 to 2024-02-09, DOGE-USD's stock price increased from 0.08 to 0.08. News during this period are listed below:

[Headline]: Someone Just Put Legendary '90s Video Game Doom on Dogecoin
[Summary]: Doom, the popular and influential first-person shooter video game first released in 1993, is now available on the Dogecoin network, thanks to a relatively new protocol that lets developers stash large...

[Headline]: Dogecoin, Floki Bullish Bets Rise on X Payments Speculation
[Summary]: Dog-themed meme tokens Dogecoin [DOGE] and floki [FLOKI] rose as much as 12% before retreating, as an @xpayments profile on social app X sent adoption hopes flying among crypto circles.

Trading volum...

[Headline]: Dogecoin's 9% Swing Amid Fake Rumor of Mascot's Death Riles Up Crypto Enthusiasts
[Summary]: Dogecoin jumped 9% on a later-recanted social media rumor about the death of the token's mascot.

The volatile episode irked crypto market observers as liquidations soared on the fake news.

Dogecoin ...

[Headline]: Bitcoin Halts at $41K as Traders Eye Fed Rate Decision; AVAX Flips Dogecoin as Altcoins Jump
[Summary]: Bitcoin remained steady around $41,000 after Monday's dramatic flush.

Halt in BTC's momentum saw many altcoins jump, with DOT, ATOM, INJ, TIA among the biggest gainers.

Market observers widely antic...

[Headline]: Tokens Tied to Dogecoin-Funded DOGE-1 Satellite Jump Ahead of SpaceX Launch
[Summary]: Two tokens tied to space logistics and energy company Geometric Energy Corporation are jumping ahead of its mission to put DOGE-1, a Dogecoin-themed satellite, into orbit around the moon.

The launch ...

From 2024-02-09 to 2024-02-16, DOGE-USD's stock price increased from 0.08 to 0.09. News during this period are listed below:

[Headline]: Someone Just Put Legendary '90s Video Game Doom on Dogecoin
[Summary]: Doom, the popular and influential first-person shooter video game first released in 1993, is now available on the Dogecoin network, thanks to a relatively new protocol that lets developers stash large...

[Headline]: Dogecoin, Floki Bullish Bets Rise on X Payments Speculation
[Summary]: Dog-themed meme tokens Dogecoin [DOGE] and floki [FLOKI] rose as much as 12% before retreating, as an @xpayments profile on social app X sent adoption hopes flying among crypto circles.

Trading volum...

[Headline]: Dogecoin's 9% Swing Amid Fake Rumor of Mascot's Death Riles Up Crypto Enthusiasts
[Summary]: Dogecoin jumped 9% on a later-recanted social media rumor about the death of the token's mascot.

The volatile episode irked crypto market observers as liquidations soared on the fake news.

Dogecoin ...

[Headline]: Bitcoin Halts at $41K as Traders Eye Fed Rate Decision; AVAX Flips Dogecoin as Altcoins Jump
[Summary]: Bitcoin remained steady around $41,000 after Monday's dramatic flush.

Halt in BTC's momentum saw many altcoins jump, with DOT, ATOM, INJ, TIA among the biggest gainers.

Market observers widely antic...

[Headline]: Tokens Tied to Dogecoin-Funded DOGE-1 Satellite Jump Ahead of SpaceX Launch
[Summary]: Two tokens tied to space logistics and energy company Geometric Energy Corporation are jumping ahead of its mission to put DOGE-1, a Dogecoin-themed satellite, into orbit around the moon.

The launch ...

From 2024-02-16 to 2024-02-23, DOGE-USD's stock price decreased from 0.09 to 0.08. News during this period are listed below:

[Headline]: Someone Just Put Legendary '90s Video Game Doom on Dogecoin
[Summary]: Doom, the popular and influential first-person shooter video game first released in 1993, is now available on the Dogecoin network, thanks to a relatively new protocol that lets developers stash large...

[Headline]: Dogecoin, Floki Bullish Bets Rise on X Payments Speculation
[Summary]: Dog-themed meme tokens Dogecoin [DOGE] and floki [FLOKI] rose as much as 12% before retreating, as an @xpayments profile on social app X sent adoption hopes flying among crypto circles.

Trading volum...

[Headline]: Dogecoin's 9% Swing Amid Fake Rumor of Mascot's Death Riles Up Crypto Enthusiasts
[Summary]: Dogecoin jumped 9% on a later-recanted social media rumor about the death of the token's mascot.

The volatile episode irked crypto market observers as liquidations soared on the fake news.

Dogecoin ...

[Headline]: Bitcoin Halts at $41K as Traders Eye Fed Rate Decision; AVAX Flips Dogecoin as Altcoins Jump
[Summary]: Bitcoin remained steady around $41,000 after Monday's dramatic flush.

Halt in BTC's momentum saw many altcoins jump, with DOT, ATOM, INJ, TIA among the biggest gainers.

Market observers widely antic...

[Headline]: Tokens Tied to Dogecoin-Funded DOGE-1 Satellite Jump Ahead of SpaceX Launch
[Summary]: Two tokens tied to space logistics and energy company Geometric Energy Corporation are jumping ahead of its mission to put DOGE-1, a Dogecoin-themed satellite, into orbit around the moon.

The launch ...



Based on all the information before 2024-02-23, let's first analyze the positive developments and potential concerns for DOGE-USD. Come up with 2-4 most important factors respectively and keep them concise. Most factors should be inferred from cryptocurrencies related news. Then let's assume your prediction for next week (2024-02-23 to 2024-03-01) is up by more than 5%. Provide a summary analysis to support your prediction. The prediction result need to be inferred from your analysis at the end, and thus not appearing as a foundational factor of your analysis.","[Positive Developments]:
1. **DOGE-1 Satellite Launch**: The anticipation surrounding the DOGE-1 satellite launch has generated positive buzz and investment in Dogecoin.
2. **Adoption Speculation**: Rumors about Dogecoin's potential adoption by X Payments have driven market optimism and bullish bets.

[Potential Concerns]:
1. **Market Volatility**: Dogecoin's price remains highly susceptible to market speculation and manipulation, as evidenced by the fake rumor incident.
2. **Fed Rate Decision**: The upcoming Federal Reserve rate decision may introduce uncertainty and volatility in the broader cryptocurrency market.

[Prediction & Analysis]:
The hype surrounding the DOGE-1 satellite launch and adoption speculation have created a strong narrative for Dogecoin, attracting both retail and institutional interest. Despite the inherent volatility and potential market uncertainty due to the Fed's decision, the positive developments may fuel a more significant price movement. A price increase of more than 5% for DOGE-USD in the upcoming week is possible, as the market capitalizes on the positive news and anticipates further developments related to the satellite launch and adoption speculation."
"[Cryptocurrency Introduction]: Dogecoin (DOGE) is a cryptocurrency . Users are able to generate DOGE through the process of mining. Dogecoin has a current supply of 149,516,646,383.70525. The last known price of Dogecoin is 0.18994255 USD and is up 1.31 over the last 24 hours. It is currently trading on 1232 active market(s) with $965,419,953.99 traded over the last 24 hours. More information can be found at http://dogecoin.com/.. It has a market capilization of 28657442816.

From 2024-02-09 to 2024-02-16, DOGE-USD's stock price increased from 0.08 to 0.09. News during this period are listed below:

[Headline]: Someone Just Put Legendary '90s Video Game Doom on Dogecoin
[Summary]: Doom, the popular and influential first-person shooter video game first released in 1993, is now available on the Dogecoin network, thanks to a relatively new protocol that lets developers stash large...

[Headline]: Dogecoin, Floki Bullish Bets Rise on X Payments Speculation
[Summary]: Dog-themed meme tokens Dogecoin [DOGE] and floki [FLOKI] rose as much as 12% before retreating, as an @xpayments profile on social app X sent adoption hopes flying among crypto circles.

Trading volum...

[Headline]: Dogecoin's 9% Swing Amid Fake Rumor of Mascot's Death Riles Up Crypto Enthusiasts
[Summary]: Dogecoin jumped 9% on a later-recanted social media rumor about the death of the token's mascot.

The volatile episode irked crypto market observers as liquidations soared on the fake news.

Dogecoin ...

[Headline]: Bitcoin Halts at $41K as Traders Eye Fed Rate Decision; AVAX Flips Dogecoin as Altcoins Jump
[Summary]: Bitcoin remained steady around $41,000 after Monday's dramatic flush.

Halt in BTC's momentum saw many altcoins jump, with DOT, ATOM, INJ, TIA among the biggest gainers.

Market observers widely antic...

[Headline]: Tokens Tied to Dogecoin-Funded DOGE-1 Satellite Jump Ahead of SpaceX Launch
[Summary]: Two tokens tied to space logistics and energy company Geometric Energy Corporation are jumping ahead of its mission to put DOGE-1, a Dogecoin-themed satellite, into orbit around the moon.

The launch ...

From 2024-02-16 to 2024-02-23, DOGE-USD's stock price decreased from 0.09 to 0.08. News during this period are listed below:

[Headline]: Someone Just Put Legendary '90s Video Game Doom on Dogecoin
[Summary]: Doom, the popular and influential first-person shooter video game first released in 1993, is now available on the Dogecoin network, thanks to a relatively new protocol that lets developers stash large...

[Headline]: Dogecoin, Floki Bullish Bets Rise on X Payments Speculation
[Summary]: Dog-themed meme tokens Dogecoin [DOGE] and floki [FLOKI] rose as much as 12% before retreating, as an @xpayments profile on social app X sent adoption hopes flying among crypto circles.

Trading volum...

[Headline]: Dogecoin's 9% Swing Amid Fake Rumor of Mascot's Death Riles Up Crypto Enthusiasts
[Summary]: Dogecoin jumped 9% on a later-recanted social media rumor about the death of the token's mascot.

The volatile episode irked crypto market observers as liquidations soared on the fake news.

Dogecoin ...

[Headline]: Bitcoin Halts at $41K as Traders Eye Fed Rate Decision; AVAX Flips Dogecoin as Altcoins Jump
[Summary]: Bitcoin remained steady around $41,000 after Monday's dramatic flush.

Halt in BTC's momentum saw many altcoins jump, with DOT, ATOM, INJ, TIA among the biggest gainers.

Market observers widely antic...

[Headline]: Tokens Tied to Dogecoin-Funded DOGE-1 Satellite Jump Ahead of SpaceX Launch
[Summary]: Two tokens tied to space logistics and energy company Geometric Energy Corporation are jumping ahead of its mission to put DOGE-1, a Dogecoin-themed satellite, into orbit around the moon.

The launch ...

From 2024-02-23 to 2024-03-01, DOGE-USD's stock price increased from 0.08 to 0.14. News during this period are listed below:

[Headline]: Dogecoin Bullish Bets Reach Record $1B 
[Summary]: Traders are using prominent meme tokens, such as Dogecoin (DOGE) and bonk (BONK), as ecosystem bets for their respective blockchains, Ethereum and Solana.

DOGE futures set a record open interest at $...



Based on all the information before 2024-03-01, let's first analyze the positive developments and potential concerns for DOGE-USD. Come up with 2-4 most important factors respectively and keep them concise. Most factors should be inferred from cryptocurrencies related news. Then let's assume your prediction for next week (2024-03-01 to 2024-03-08) is up by more than 5%. Provide a summary analysis to support your prediction. The prediction result need to be inferred from your analysis at the end, and thus not appearing as a foundational factor of your analysis.","[Positive Developments]:
1. **Record Futures Open Interest**: Dogecoin futures reaching a record open interest of $1 billion indicates strong market engagement and bullish sentiment.
2. **Ecosystem Bets**: Traders are using Dogecoin as an ecosystem bet for the Ethereum blockchain, highlighting its potential utility and value.

[Potential Concerns]:
1. **Market Correction**: The recent price increase may lead to a short-term correction as investors take profits.
2. **Competition**: Other meme tokens and altcoins may attract investment away from Dogecoin, limiting its upside potential.

[Prediction & Analysis]:
The record futures open interest and ecosystem bets signal strong market optimism for Dogecoin. However, the recent price surge may lead to a short-term correction as investors secure profits. Considering the positive developments and potential market dynamics, a price increase of more than 5% for DOGE-USD in the upcoming week is possible. Nevertheless, investors should remain cautious of a potential market correction and the competitive landscape."
"[Cryptocurrency Introduction]: Dogecoin (DOGE) is a cryptocurrency . Users are able to generate DOGE through the process of mining. Dogecoin has a current supply of 149,516,646,383.70525. The last known price of Dogecoin is 0.18994255 USD and is up 1.31 over the last 24 hours. It is currently trading on 1232 active market(s) with $965,419,953.99 traded over the last 24 hours. More information can be found at http://dogecoin.com/.. It has a market capilization of 28657442816.

From 2024-02-23 to 2024-03-01, DOGE-USD's stock price increased from 0.08 to 0.14. News during this period are listed below:

[Headline]: Dogecoin Bullish Bets Reach Record $1B 
[Summary]: Traders are using prominent meme tokens, such as Dogecoin (DOGE) and bonk (BONK), as ecosystem bets for their respective blockchains, Ethereum and Solana.

DOGE futures set a record open interest at $...

From 2024-03-01 to 2024-03-08, DOGE-USD's stock price increased from 0.14 to 0.17. News during this period are listed below:

[Headline]: Dogecoin Bullish Bets Reach Record $1B 
[Summary]: Traders are using prominent meme tokens, such as Dogecoin (DOGE) and bonk (BONK), as ecosystem bets for their respective blockchains, Ethereum and Solana.

DOGE futures set a record open interest at $...

[Headline]: Someone Just Put Legendary '90s Video Game Doom on Dogecoin
[Summary]: Doom, the popular and influential first-person shooter video game first released in 1993, is now available on the Dogecoin network, thanks to a relatively new protocol that lets developers stash large...

[Headline]: Dogecoin, Floki Bullish Bets Rise on X Payments Speculation
[Summary]: Dog-themed meme tokens Dogecoin [DOGE] and floki [FLOKI] rose as much as 12% before retreating, as an @xpayments profile on social app X sent adoption hopes flying among crypto circles.

Trading volum...

[Headline]: Dogecoin's 9% Swing Amid Fake Rumor of Mascot's Death Riles Up Crypto Enthusiasts
[Summary]: Dogecoin jumped 9% on a later-recanted social media rumor about the death of the token's mascot.

The volatile episode irked crypto market observers as liquidations soared on the fake news.

Dogecoin ...

[Headline]: Bitcoin Halts at $41K as Traders Eye Fed Rate Decision; AVAX Flips Dogecoin as Altcoins Jump
[Summary]: Bitcoin remained steady around $41,000 after Monday's dramatic flush.

Halt in BTC's momentum saw many altcoins jump, with DOT, ATOM, INJ, TIA among the biggest gainers.

Market observers widely antic...



Based on all the information before 2024-03-08, let's first analyze the positive developments and potential concerns for DOGE-USD. Come up with 2-4 most important factors respectively and keep them concise. Most factors should be inferred from cryptocurrencies related news. Then let's assume your prediction for next week (2024-03-08 to 2024-03-15) is down by 1-2%. Provide a summary analysis to support your prediction. The prediction result need to be inferred from your analysis at the end, and thus not appearing as a foundational factor of your analysis.","[Positive Developments]:
1. **Record Futures Open Interest**: Dogecoin futures reaching a record open interest of $1 billion highlights the market's bullish stance and growing engagement.
2. **Adoption Speculation**: Bullish bets on X Payments speculation indicate market optimism for Dogecoin's potential adoption and utility.

[Potential Concerns]:
1. **Profit-Taking**: The recent price surge may encourage investors to take profits, leading to a short-term correction.
2. **News Fatigue**: Repeated news articles on similar topics, such as the Doom video game and fake rumors, may lead to news fatigue, dampening investor enthusiasm.

[Prediction & Analysis]:
The record futures open interest and adoption speculation have driven significant market optimism for Dogecoin. However, the recent price increase and potential news fatigue may result in a minor correction. Balancing these factors, a slight decrease of 1-2% for DOGE-USD in the upcoming week is possible, as investors take profits and await fresh catalysts to drive further price movement."
"[Cryptocurrency Introduction]: Dogecoin (DOGE) is a cryptocurrency . Users are able to generate DOGE through the process of mining. Dogecoin has a current supply of 149,516,646,383.70525. The last known price of Dogecoin is 0.18994255 USD and is up 1.31 over the last 24 hours. It is currently trading on 1232 active market(s) with $965,419,953.99 traded over the last 24 hours. More information can be found at http://dogecoin.com/.. It has a market capilization of 28657442816.

From 2024-02-23 to 2024-03-01, DOGE-USD's stock price increased from 0.08 to 0.14. News during this period are listed below:

[Headline]: Dogecoin Bullish Bets Reach Record $1B 
[Summary]: Traders are using prominent meme tokens, such as Dogecoin (DOGE) and bonk (BONK), as ecosystem bets for their respective blockchains, Ethereum and Solana.

DOGE futures set a record open interest at $...

From 2024-03-01 to 2024-03-08, DOGE-USD's stock price increased from 0.14 to 0.17. News during this period are listed below:

[Headline]: Dogecoin Bullish Bets Reach Record $1B 
[Summary]: Traders are using prominent meme tokens, such as Dogecoin (DOGE) and bonk (BONK), as ecosystem bets for their respective blockchains, Ethereum and Solana.

DOGE futures set a record open interest at $...

[Headline]: Someone Just Put Legendary '90s Video Game Doom on Dogecoin
[Summary]: Doom, the popular and influential first-person shooter video game first released in 1993, is now available on the Dogecoin network, thanks to a relatively new protocol that lets developers stash large...

[Headline]: Dogecoin, Floki Bullish Bets Rise on X Payments Speculation
[Summary]: Dog-themed meme tokens Dogecoin [DOGE] and floki [FLOKI] rose as much as 12% before retreating, as an @xpayments profile on social app X sent adoption hopes flying among crypto circles.

Trading volum...

[Headline]: Dogecoin's 9% Swing Amid Fake Rumor of Mascot's Death Riles Up Crypto Enthusiasts
[Summary]: Dogecoin jumped 9% on a later-recanted social media rumor about the death of the token's mascot.

The volatile episode irked crypto market observers as liquidations soared on the fake news.

Dogecoin ...

[Headline]: Bitcoin Halts at $41K as Traders Eye Fed Rate Decision; AVAX Flips Dogecoin as Altcoins Jump
[Summary]: Bitcoin remained steady around $41,000 after Monday's dramatic flush.

Halt in BTC's momentum saw many altcoins jump, with DOT, ATOM, INJ, TIA among the biggest gainers.

Market observers widely antic...

From 2024-03-08 to 2024-03-15, DOGE-USD's stock price decreased from 0.17 to 0.16. News during this period are listed below:

[Headline]: Dogecoin Bullish Bets Reach Record $1B 
[Summary]: Traders are using prominent meme tokens, such as Dogecoin (DOGE) and bonk (BONK), as ecosystem bets for their respective blockchains, Ethereum and Solana.

DOGE futures set a record open interest at $...

[Headline]: Someone Just Put Legendary '90s Video Game Doom on Dogecoin
[Summary]: Doom, the popular and influential first-person shooter video game first released in 1993, is now available on the Dogecoin network, thanks to a relatively new protocol that lets developers stash large...

[Headline]: Dogecoin, Floki Bullish Bets Rise on X Payments Speculation
[Summary]: Dog-themed meme tokens Dogecoin [DOGE] and floki [FLOKI] rose as much as 12% before retreating, as an @xpayments profile on social app X sent adoption hopes flying among crypto circles.

Trading volum...

[Headline]: Dogecoin's 9% Swing Amid Fake Rumor of Mascot's Death Riles Up Crypto Enthusiasts
[Summary]: Dogecoin jumped 9% on a later-recanted social media rumor about the death of the token's mascot.

The volatile episode irked crypto market observers as liquidations soared on the fake news.

Dogecoin ...

[Headline]: Bitcoin Halts at $41K as Traders Eye Fed Rate Decision; AVAX Flips Dogecoin as Altcoins Jump
[Summary]: Bitcoin remained steady around $41,000 after Monday's dramatic flush.

Halt in BTC's momentum saw many altcoins jump, with DOT, ATOM, INJ, TIA among the biggest gainers.

Market observers widely antic...



Based on all the information before 2024-03-15, let's first analyze the positive developments and potential concerns for DOGE-USD. Come up with 2-4 most important factors respectively and keep them concise. Most factors should be inferred from cryptocurrencies related news. Then let's assume your prediction for next week (2024-03-15 to 2024-03-22) is down by more than 5%. Provide a summary analysis to support your prediction. The prediction result need to be inferred from your analysis at the end, and thus not appearing as a foundational factor of your analysis.","[Positive Developments]:
1. **Record Futures Open Interest**: Dogecoin futures reaching a record open interest of $1 billion signals strong market engagement and bullish sentiment.
2. **Adoption Speculation**: Bullish bets driven by X Payments speculation highlight the market's optimism for Dogecoin's potential utility and adoption.

[Potential Concerns]:
1. **Market Correction**: The recent price surge may lead to a short-term correction as investors secure profits.
2. **Fed Rate Decision**: The upcoming Federal Reserve rate decision may introduce uncertainty and volatility in the broader cryptocurrency market.
3. **News Fatigue**: Repeated news articles on similar topics may result in news fatigue, dampening investor enthusiasm and limiting Dogecoin's upside potential.

[Prediction & Analysis]:
The record futures open interest and adoption speculation have driven significant market optimism for Dogecoin. However, the recent price increase, potential market correction, and news fatigue may result in a more substantial price decrease. Considering these factors, a price decline of more than 5% for DOGE-USD in the upcoming week is possible, as investors take profits and await fresh catalysts to drive further price movement amidst potential market uncertainty surrounding the Fed's decision."
"[Cryptocurrency Introduction]: Dogecoin (DOGE) is a cryptocurrency . Users are able to generate DOGE through the process of mining. Dogecoin has a current supply of 149,516,646,383.70525. The last known price of Dogecoin is 0.18994255 USD and is up 1.31 over the last 24 hours. It is currently trading on 1232 active market(s) with $965,419,953.99 traded over the last 24 hours. More information can be found at http://dogecoin.com/.. It has a market capilization of 28657442816.

From 2024-03-01 to 2024-03-08, DOGE-USD's stock price increased from 0.14 to 0.17. News during this period are listed below:

[Headline]: Dogecoin Bullish Bets Reach Record $1B 
[Summary]: Traders are using prominent meme tokens, such as Dogecoin (DOGE) and bonk (BONK), as ecosystem bets for their respective blockchains, Ethereum and Solana.

DOGE futures set a record open interest at $...

[Headline]: Someone Just Put Legendary '90s Video Game Doom on Dogecoin
[Summary]: Doom, the popular and influential first-person shooter video game first released in 1993, is now available on the Dogecoin network, thanks to a relatively new protocol that lets developers stash large...

[Headline]: Dogecoin, Floki Bullish Bets Rise on X Payments Speculation
[Summary]: Dog-themed meme tokens Dogecoin [DOGE] and floki [FLOKI] rose as much as 12% before retreating, as an @xpayments profile on social app X sent adoption hopes flying among crypto circles.

Trading volum...

[Headline]: Dogecoin's 9% Swing Amid Fake Rumor of Mascot's Death Riles Up Crypto Enthusiasts
[Summary]: Dogecoin jumped 9% on a later-recanted social media rumor about the death of the token's mascot.

The volatile episode irked crypto market observers as liquidations soared on the fake news.

Dogecoin ...

[Headline]: Bitcoin Halts at $41K as Traders Eye Fed Rate Decision; AVAX Flips Dogecoin as Altcoins Jump
[Summary]: Bitcoin remained steady around $41,000 after Monday's dramatic flush.

Halt in BTC's momentum saw many altcoins jump, with DOT, ATOM, INJ, TIA among the biggest gainers.

Market observers widely antic...

From 2024-03-08 to 2024-03-15, DOGE-USD's stock price decreased from 0.17 to 0.16. News during this period are listed below:

[Headline]: Dogecoin Bullish Bets Reach Record $1B 
[Summary]: Traders are using prominent meme tokens, such as Dogecoin (DOGE) and bonk (BONK), as ecosystem bets for their respective blockchains, Ethereum and Solana.

DOGE futures set a record open interest at $...

[Headline]: Someone Just Put Legendary '90s Video Game Doom on Dogecoin
[Summary]: Doom, the popular and influential first-person shooter video game first released in 1993, is now available on the Dogecoin network, thanks to a relatively new protocol that lets developers stash large...

[Headline]: Dogecoin, Floki Bullish Bets Rise on X Payments Speculation
[Summary]: Dog-themed meme tokens Dogecoin [DOGE] and floki [FLOKI] rose as much as 12% before retreating, as an @xpayments profile on social app X sent adoption hopes flying among crypto circles.

Trading volum...

[Headline]: Dogecoin's 9% Swing Amid Fake Rumor of Mascot's Death Riles Up Crypto Enthusiasts
[Summary]: Dogecoin jumped 9% on a later-recanted social media rumor about the death of the token's mascot.

The volatile episode irked crypto market observers as liquidations soared on the fake news.

Dogecoin ...

[Headline]: Bitcoin Halts at $41K as Traders Eye Fed Rate Decision; AVAX Flips Dogecoin as Altcoins Jump
[Summary]: Bitcoin remained steady around $41,000 after Monday's dramatic flush.

Halt in BTC's momentum saw many altcoins jump, with DOT, ATOM, INJ, TIA among the biggest gainers.

Market observers widely antic...

From 2024-03-15 to 2024-03-22, DOGE-USD's stock price decreased from 0.16 to 0.15. News during this period are listed below:

[Headline]: Dogecoin Climbs 18% on DOGE Futures Hopes, Bitcoin Nears $68K
[Summary]: Crypto markets experienced volatility overnight as bitcoin and ether tumbled before recovering to trade 15% higher than their Wednesday lows.

Wednesday's decline was attributed to profit-taking from ...



Based on all the information before 2024-03-22, let's first analyze the positive developments and potential concerns for DOGE-USD. Come up with 2-4 most important factors respectively and keep them concise. Most factors should be inferred from cryptocurrencies related news. Then let's assume your prediction for next week (2024-03-22 to 2024-03-29) is up by more than 5%. Provide a summary analysis to support your prediction. The prediction result need to be inferred from your analysis at the end, and thus not appearing as a foundational factor of your analysis.","### ANALYSIS REQUEST 1

**[Positive Developments]:**
1. **Increased Bullish Bets**: Traders are using Dogecoin as an ecosystem bet for Ethereum, with DOGE futures setting a record open interest at $1 billion.
2. **Technological Innovations**: The integration of the legendary '90s video game Doom on the Dogecoin network showcases the network's capabilities and attracts developer interest.
3. **Adoption Speculation**: Bullish bets on Dogecoin rose due to speculation about potential adoption and integration with payment systems, as indicated by the @xpayments profile on social app X.
4. **Community Engagement**: The Dogecoin community remains active and influential, driving significant price movements based on social media engagement and speculation.

**[Potential Concerns]:**
1. **Volatility Due to Rumors**: Dogecoin's price experienced a 9% swing due to a fake rumor about the death of its mascot, highlighting the token's susceptibility to social media-driven volatility.
2. **Market Competition**: Other altcoins like DOT, ATOM, INJ, and TIA showed significant gains, which could divert investor attention away from Dogecoin.
3. **Regulatory Uncertainty**: The broader crypto market is influenced by regulatory decisions, such as the Fed rate decision, which can impact Dogecoin's price.
4. **Profit-Taking**: The market experienced profit-taking, which led to a decline in Dogecoin's price, indicating potential sell-offs in the future.

**[Prediction & Analysis]:**
Dogecoin has shown resilience and potential for growth, driven by increased bullish bets, technological innovations, and adoption speculation. The record open interest in DOGE futures and the integration of Doom on the Dogecoin network are positive indicators of the token's underlying strength. However, the token's volatility due to social media rumors and market competition from other altcoins pose concerns. Despite these concerns, the overall sentiment and technological advancements suggest a potential price increase. Therefore, a prediction of a more than 5% increase in Dogecoin's price for the upcoming week is supported by the positive developments and community engagement."
"[Cryptocurrency Introduction]: Dogecoin (DOGE) is a cryptocurrency . Users are able to generate DOGE through the process of mining. Dogecoin has a current supply of 149,516,646,383.70525. The last known price of Dogecoin is 0.18994255 USD and is up 1.31 over the last 24 hours. It is currently trading on 1232 active market(s) with $965,419,953.99 traded over the last 24 hours. More information can be found at http://dogecoin.com/.. It has a market capilization of 28657442816.

From 2024-03-01 to 2024-03-08, DOGE-USD's stock price increased from 0.14 to 0.17. News during this period are listed below:

[Headline]: Dogecoin Bullish Bets Reach Record $1B 
[Summary]: Traders are using prominent meme tokens, such as Dogecoin (DOGE) and bonk (BONK), as ecosystem bets for their respective blockchains, Ethereum and Solana.

DOGE futures set a record open interest at $...

[Headline]: Someone Just Put Legendary '90s Video Game Doom on Dogecoin
[Summary]: Doom, the popular and influential first-person shooter video game first released in 1993, is now available on the Dogecoin network, thanks to a relatively new protocol that lets developers stash large...

[Headline]: Dogecoin, Floki Bullish Bets Rise on X Payments Speculation
[Summary]: Dog-themed meme tokens Dogecoin [DOGE] and floki [FLOKI] rose as much as 12% before retreating, as an @xpayments profile on social app X sent adoption hopes flying among crypto circles.

Trading volum...

[Headline]: Dogecoin's 9% Swing Amid Fake Rumor of Mascot's Death Riles Up Crypto Enthusiasts
[Summary]: Dogecoin jumped 9% on a later-recanted social media rumor about the death of the token's mascot.

The volatile episode irked crypto market observers as liquidations soared on the fake news.

Dogecoin ...

[Headline]: Bitcoin Halts at $41K as Traders Eye Fed Rate Decision; AVAX Flips Dogecoin as Altcoins Jump
[Summary]: Bitcoin remained steady around $41,000 after Monday's dramatic flush.

Halt in BTC's momentum saw many altcoins jump, with DOT, ATOM, INJ, TIA among the biggest gainers.

Market observers widely antic...

From 2024-03-08 to 2024-03-15, DOGE-USD's stock price decreased from 0.17 to 0.16. News during this period are listed below:

[Headline]: Dogecoin Bullish Bets Reach Record $1B 
[Summary]: Traders are using prominent meme tokens, such as Dogecoin (DOGE) and bonk (BONK), as ecosystem bets for their respective blockchains, Ethereum and Solana.

DOGE futures set a record open interest at $...

[Headline]: Someone Just Put Legendary '90s Video Game Doom on Dogecoin
[Summary]: Doom, the popular and influential first-person shooter video game first released in 1993, is now available on the Dogecoin network, thanks to a relatively new protocol that lets developers stash large...

[Headline]: Dogecoin, Floki Bullish Bets Rise on X Payments Speculation
[Summary]: Dog-themed meme tokens Dogecoin [DOGE] and floki [FLOKI] rose as much as 12% before retreating, as an @xpayments profile on social app X sent adoption hopes flying among crypto circles.

Trading volum...

[Headline]: Dogecoin's 9% Swing Amid Fake Rumor of Mascot's Death Riles Up Crypto Enthusiasts
[Summary]: Dogecoin jumped 9% on a later-recanted social media rumor about the death of the token's mascot.

The volatile episode irked crypto market observers as liquidations soared on the fake news.

Dogecoin ...

[Headline]: Bitcoin Halts at $41K as Traders Eye Fed Rate Decision; AVAX Flips Dogecoin as Altcoins Jump
[Summary]: Bitcoin remained steady around $41,000 after Monday's dramatic flush.

Halt in BTC's momentum saw many altcoins jump, with DOT, ATOM, INJ, TIA among the biggest gainers.

Market observers widely antic...

From 2024-03-15 to 2024-03-22, DOGE-USD's stock price decreased from 0.16 to 0.15. News during this period are listed below:

[Headline]: Dogecoin Climbs 18% on DOGE Futures Hopes, Bitcoin Nears $68K
[Summary]: Crypto markets experienced volatility overnight as bitcoin and ether tumbled before recovering to trade 15% higher than their Wednesday lows.

Wednesday's decline was attributed to profit-taking from ...

From 2024-03-22 to 2024-03-29, DOGE-USD's stock price increased from 0.15 to 0.21. News during this period are listed below:

[Headline]: Dogecoin Bets Jump to $2B as Price Reaches Highest Level Since 2021
[Summary]: The dogecoin (DOGE) price surged to its highest level since December 2021 on Thursday, with trading volumes and futures open interest rising significantly.

Several posts from prominent Dogecoin commu...

[Headline]: Is It Late 2020 All Over Again for Dogecoin?
[Summary]: There are striking similarities between DOGE's price action today and in late 2020.

The so-called fractal is noteworthy as dogecoin surged over 1,000% in early 2021.

One key principle of the Dow The...



Based on all the information before 2024-03-29, let's first analyze the positive developments and potential concerns for DOGE-USD. Come up with 2-4 most important factors respectively and keep them concise. Most factors should be inferred from cryptocurrencies related news. Then let's assume your prediction for next week (2024-03-29 to 2024-04-05) is down by more than 5%. Provide a summary analysis to support your prediction. The prediction result need to be inferred from your analysis at the end, and thus not appearing as a foundational factor of your analysis.","### ANALYSIS REQUEST 2

**[Positive Developments]:**
1. **Increased Bullish Bets**: Traders are using Dogecoin as an ecosystem bet for Ethereum, with DOGE futures setting a record open interest at $1 billion.
2. **Technological Innovations**: The integration of the legendary '90s video game Doom on the Dogecoin network showcases the network's capabilities and attracts developer interest.
3. **Adoption Speculation**: Bullish bets on Dogecoin rose due to speculation about potential adoption and integration with payment systems, as indicated by the @xpayments profile on social app X.
4. **Community Engagement**: The Dogecoin community remains active and influential, driving significant price movements based on social media engagement and speculation.

**[Potential Concerns]:**
1. **Volatility Due to Rumors**: Dogecoin's price experienced a 9% swing due to a fake rumor about the death of its mascot, highlighting the token's susceptibility to social media-driven volatility.
2. **Market Competition**: Other altcoins like DOT, ATOM, INJ, and TIA showed significant gains, which could divert investor attention away from Dogecoin.
3. **Regulatory Uncertainty**: The broader crypto market is influenced by regulatory decisions, such as the Fed rate decision, which can impact Dogecoin's price.
4. **Profit-Taking**: The market experienced profit-taking, which led to a decline in Dogecoin's price, indicating potential sell-offs in the future.

**[Prediction & Analysis]:**
The recent price increase and positive developments, such as increased bullish bets and technological innovations, suggest a bullish outlook for Dogecoin. However, the potential concerns, including volatility due to rumors and market competition, could dampen the price movement. Despite these concerns, the overall sentiment and technological advancements support a potential price increase. Therefore, a prediction of a more than 5% increase in Dogecoin's price for the upcoming week is justified by the positive developments and community engagement."
"[Cryptocurrency Introduction]: Dogecoin (DOGE) is a cryptocurrency . Users are able to generate DOGE through the process of mining. Dogecoin has a current supply of 149,516,646,383.70525. The last known price of Dogecoin is 0.18994255 USD and is up 1.31 over the last 24 hours. It is currently trading on 1232 active market(s) with $965,419,953.99 traded over the last 24 hours. More information can be found at http://dogecoin.com/.. It has a market capilization of 28657442816.

From 2024-03-15 to 2024-03-22, DOGE-USD's stock price decreased from 0.16 to 0.15. News during this period are listed below:

[Headline]: Dogecoin Climbs 18% on DOGE Futures Hopes, Bitcoin Nears $68K
[Summary]: Crypto markets experienced volatility overnight as bitcoin and ether tumbled before recovering to trade 15% higher than their Wednesday lows.

Wednesday's decline was attributed to profit-taking from ...

From 2024-03-22 to 2024-03-29, DOGE-USD's stock price increased from 0.15 to 0.21. News during this period are listed below:

[Headline]: Dogecoin Bets Jump to $2B as Price Reaches Highest Level Since 2021
[Summary]: The dogecoin (DOGE) price surged to its highest level since December 2021 on Thursday, with trading volumes and futures open interest rising significantly.

Several posts from prominent Dogecoin commu...

[Headline]: Is It Late 2020 All Over Again for Dogecoin?
[Summary]: There are striking similarities between DOGE's price action today and in late 2020.

The so-called fractal is noteworthy as dogecoin surged over 1,000% in early 2021.

One key principle of the Dow The...

From 2024-03-29 to 2024-04-05, DOGE-USD's stock price decreased from 0.21 to 0.18. News during this period are listed below:

[Headline]: Crypto Bulls See $400M Liquidations as Solana, Dogecoin Lead Slide in Majors
[Summary]: Major tokens experienced a significant drop in the past 24 hours, with bitcoin falling 5% and other major tokens like ether, Cardano's ADA, and BNB Chain’s BNB showing similar losses.

Liquidations of...



Based on all the information before 2024-04-05, let's first analyze the positive developments and potential concerns for DOGE-USD. Come up with 2-4 most important factors respectively and keep them concise. Most factors should be inferred from cryptocurrencies related news. Then let's assume your prediction for next week (2024-04-05 to 2024-04-12) is down by 1-2%. Provide a summary analysis to support your prediction. The prediction result need to be inferred from your analysis at the end, and thus not appearing as a foundational factor of your analysis.","### ANALYSIS REQUEST 3

**[Positive Developments]:**
1. **Price Surge**: Dogecoin's price reached its highest level since December 2021, with trading volumes and futures open interest rising significantly.
2. **Fractal Pattern**: There are striking similarities between DOGE's current price action and that of late 2020, suggesting potential for a significant price increase.
3. **Community Engagement**: Several posts from prominent Dogecoin community members contributed to the price surge, highlighting the token's strong community support.
4. **Market Recovery**: The crypto market experienced volatility but recovered, with bitcoin and ether trading higher, indicating a potential bullish trend for Dogecoin.

**[Potential Concerns]:**
1. **Liquidations**: Major tokens, including Dogecoin, experienced significant liquidations, which could lead to further price declines.
2. **Market Correlation**: Dogecoin's price is influenced by the broader crypto market, and a drop in major tokens like bitcoin and ether could negatively impact Dogecoin.
3. **Profit-Taking**: The market experienced profit-taking, which led to a decline in Dogecoin's price, indicating potential sell-offs in the future.
4. **Regulatory Uncertainty**: The broader crypto market is influenced by regulatory decisions, which can impact Dogecoin's price.

**[Prediction & Analysis]:**
While Dogecoin has shown positive developments, such as a price surge and strong community engagement, the potential concerns, including liquidations and market correlation, could lead to a price decline. The recent price increase and fractal pattern suggest potential for growth, but the broader market trends and regulatory uncertainty pose risks. Therefore, a prediction of a more than 5% decrease in Dogecoin's price for the upcoming week is supported by the potential concerns and market volatility."
"[Cryptocurrency Introduction]: Dogecoin (DOGE) is a cryptocurrency . Users are able to generate DOGE through the process of mining. Dogecoin has a current supply of 149,516,646,383.70525. The last known price of Dogecoin is 0.18994255 USD and is up 1.31 over the last 24 hours. It is currently trading on 1232 active market(s) with $965,419,953.99 traded over the last 24 hours. More information can be found at http://dogecoin.com/.. It has a market capilization of 28657442816.

From 2024-03-15 to 2024-03-22, DOGE-USD's stock price decreased from 0.16 to 0.15. News during this period are listed below:

[Headline]: Dogecoin Climbs 18% on DOGE Futures Hopes, Bitcoin Nears $68K
[Summary]: Crypto markets experienced volatility overnight as bitcoin and ether tumbled before recovering to trade 15% higher than their Wednesday lows.

Wednesday's decline was attributed to profit-taking from ...

From 2024-03-22 to 2024-03-29, DOGE-USD's stock price increased from 0.15 to 0.21. News during this period are listed below:

[Headline]: Dogecoin Bets Jump to $2B as Price Reaches Highest Level Since 2021
[Summary]: The dogecoin (DOGE) price surged to its highest level since December 2021 on Thursday, with trading volumes and futures open interest rising significantly.

Several posts from prominent Dogecoin commu...

[Headline]: Is It Late 2020 All Over Again for Dogecoin?
[Summary]: There are striking similarities between DOGE's price action today and in late 2020.

The so-called fractal is noteworthy as dogecoin surged over 1,000% in early 2021.

One key principle of the Dow The...

From 2024-03-29 to 2024-04-05, DOGE-USD's stock price decreased from 0.21 to 0.18. News during this period are listed below:

[Headline]: Crypto Bulls See $400M Liquidations as Solana, Dogecoin Lead Slide in Majors
[Summary]: Major tokens experienced a significant drop in the past 24 hours, with bitcoin falling 5% and other major tokens like ether, Cardano's ADA, and BNB Chain’s BNB showing similar losses.

Liquidations of...

From 2024-04-05 to 2024-04-12, DOGE-USD's stock price decreased from 0.18 to 0.17. News during this period are listed below:

[Headline]: Bitcoin Falls Below $69K Ahead of U.S. CPI; Cardano, Dogecoin Lead Losses in Altcoins
[Summary]: Bitcoin and major alternative cryptocurrencies (altcoins) trade weak ahead of the pivotal U.S. CPI release.

One observer said the pullback could soon run out of steam as selling pressure from wallets...



Based on all the information before 2024-04-12, let's first analyze the positive developments and potential concerns for DOGE-USD. Come up with 2-4 most important factors respectively and keep them concise. Most factors should be inferred from cryptocurrencies related news. Then let's assume your prediction for next week (2024-04-12 to 2024-04-19) is down by more than 5%. Provide a summary analysis to support your prediction. The prediction result need to be inferred from your analysis at the end, and thus not appearing as a foundational factor of your analysis.","### ANALYSIS REQUEST 4

**[Positive Developments]:**
1. **Price Surge**: Dogecoin's price reached its highest level since December 2021, with trading volumes and futures open interest rising significantly.
2. **Fractal Pattern**: There are striking similarities between DOGE's current price action and that of late 2020, suggesting potential for a significant price increase.
3. **Community Engagement**: Several posts from prominent Dogecoin community members contributed to the price surge, highlighting the token's strong community support.
4. **Market Recovery**: The crypto market experienced volatility but recovered, with bitcoin and ether trading higher, indicating a potential bullish trend for Dogecoin.

**[Potential Concerns]:**
1. **Liquidations**: Major tokens, including Dogecoin, experienced significant liquidations, which could lead to further price declines.
2. **Market Correlation**: Dogecoin's price is influenced by the broader crypto market, and a drop in major tokens like bitcoin and ether could negatively impact Dogecoin.
3. **Profit-Taking**: The market experienced profit-taking, which led to a decline in Dogecoin's price, indicating potential sell-offs in the future.
4. **Regulatory Uncertainty**: The broader crypto market is influenced by regulatory decisions, which can impact Dogecoin's price.

**[Prediction & Analysis]:**
While Dogecoin has shown positive developments, such as a price surge and strong community engagement, the potential concerns, including liquidations and market correlation, could lead to a price decline. The recent price increase and fractal pattern suggest potential for growth, but the broader market trends and regulatory uncertainty pose risks. Therefore, a prediction of a more than 5% decrease in Dogecoin's price for the upcoming week is supported by the potential concerns and market volatility."
"[Cryptocurrency Introduction]: Dogecoin (DOGE) is a cryptocurrency . Users are able to generate DOGE through the process of mining. Dogecoin has a current supply of 149,516,646,383.70525. The last known price of Dogecoin is 0.18994255 USD and is up 1.31 over the last 24 hours. It is currently trading on 1232 active market(s) with $965,419,953.99 traded over the last 24 hours. More information can be found at http://dogecoin.com/.. It has a market capilization of 28657442816.

From 2024-03-22 to 2024-03-29, DOGE-USD's stock price increased from 0.15 to 0.21. News during this period are listed below:

[Headline]: Dogecoin Bets Jump to $2B as Price Reaches Highest Level Since 2021
[Summary]: The dogecoin (DOGE) price surged to its highest level since December 2021 on Thursday, with trading volumes and futures open interest rising significantly.

Several posts from prominent Dogecoin commu...

[Headline]: Is It Late 2020 All Over Again for Dogecoin?
[Summary]: There are striking similarities between DOGE's price action today and in late 2020.

The so-called fractal is noteworthy as dogecoin surged over 1,000% in early 2021.

One key principle of the Dow The...

From 2024-03-29 to 2024-04-05, DOGE-USD's stock price decreased from 0.21 to 0.18. News during this period are listed below:

[Headline]: Crypto Bulls See $400M Liquidations as Solana, Dogecoin Lead Slide in Majors
[Summary]: Major tokens experienced a significant drop in the past 24 hours, with bitcoin falling 5% and other major tokens like ether, Cardano's ADA, and BNB Chain’s BNB showing similar losses.

Liquidations of...

From 2024-04-05 to 2024-04-12, DOGE-USD's stock price decreased from 0.18 to 0.17. News during this period are listed below:

[Headline]: Bitcoin Falls Below $69K Ahead of U.S. CPI; Cardano, Dogecoin Lead Losses in Altcoins
[Summary]: Bitcoin and major alternative cryptocurrencies (altcoins) trade weak ahead of the pivotal U.S. CPI release.

One observer said the pullback could soon run out of steam as selling pressure from wallets...

From 2024-04-12 to 2024-04-19, DOGE-USD's stock price decreased from 0.17 to 0.16. News during this period are listed below:

[Headline]: Dogecoin Climbs 5.4%, Tops CoinDesk 20 This Week: CoinDesk Indices Market Update
[Summary]: CoinDesk Indices (CDI) presents its bi-weekly market update, highlighting the performance of leaders and laggards in the benchmark CoinDesk 20 Index (CD20) and the broad CoinDesk Market Index (CMI).

...



Based on all the information before 2024-04-19, let's first analyze the positive developments and potential concerns for DOGE-USD. Come up with 2-4 most important factors respectively and keep them concise. Most factors should be inferred from cryptocurrencies related news. Then let's assume your prediction for next week (2024-04-19 to 2024-04-26) is down by more than 5%. Provide a summary analysis to support your prediction. The prediction result need to be inferred from your analysis at the end, and thus not appearing as a foundational factor of your analysis.","### ANALYSIS REQUEST 5

**[Positive Developments]:**
1. **Price Surge**: Dogecoin's price reached its highest level since December 2021, with trading volumes and futures open interest rising significantly.
2. **Fractal Pattern**: There are striking similarities between DOGE's current price action and that of late 2020, suggesting potential for a significant price increase.
3. **Community Engagement**: Several posts from prominent Dogecoin community members contributed to the price surge, highlighting the token's strong community support.
4. **Market Recovery**: The crypto market experienced volatility but recovered, with bitcoin and ether trading higher, indicating a potential bullish trend for Dogecoin.

**[Potential Concerns]:**
1. **Liquidations**: Major tokens, including Dogecoin, experienced significant liquidations, which could lead to further price declines.
2. **Market Correlation**: Dogecoin's price is influenced by the broader crypto market, and a drop in major tokens like bitcoin and ether could negatively impact Dogecoin.
3. **Profit-Taking**: The market experienced profit-taking, which led to a decline in Dogecoin's price, indicating potential sell-offs in the future.
4. **Regulatory Uncertainty**: The broader crypto market is influenced by regulatory decisions, which can impact Dogecoin's price.

**[Prediction & Analysis]:**
While Dogecoin has shown positive developments, such as a price surge and strong community engagement, the potential concerns, including liquidations and market correlation, could lead to a price decline. The recent price increase and fractal pattern suggest potential for growth, but the broader market trends and regulatory uncertainty pose risks. Therefore, a prediction of a more than 5% decrease in Dogecoin's price for the upcoming week is supported by the potential concerns and market volatility."
"[Cryptocurrency Introduction]: Dogecoin (DOGE) is a cryptocurrency . Users are able to generate DOGE through the process of mining. Dogecoin has a current supply of 149,516,646,383.70525. The last known price of Dogecoin is 0.18994255 USD and is up 1.31 over the last 24 hours. It is currently trading on 1232 active market(s) with $965,419,953.99 traded over the last 24 hours. More information can be found at http://dogecoin.com/.. It has a market capilization of 28657442816.

From 2024-03-29 to 2024-04-05, DOGE-USD's stock price decreased from 0.21 to 0.18. News during this period are listed below:

[Headline]: Crypto Bulls See $400M Liquidations as Solana, Dogecoin Lead Slide in Majors
[Summary]: Major tokens experienced a significant drop in the past 24 hours, with bitcoin falling 5% and other major tokens like ether, Cardano's ADA, and BNB Chain’s BNB showing similar losses.

Liquidations of...

From 2024-04-05 to 2024-04-12, DOGE-USD's stock price decreased from 0.18 to 0.17. News during this period are listed below:

[Headline]: Bitcoin Falls Below $69K Ahead of U.S. CPI; Cardano, Dogecoin Lead Losses in Altcoins
[Summary]: Bitcoin and major alternative cryptocurrencies (altcoins) trade weak ahead of the pivotal U.S. CPI release.

One observer said the pullback could soon run out of steam as selling pressure from wallets...

From 2024-04-12 to 2024-04-19, DOGE-USD's stock price decreased from 0.17 to 0.16. News during this period are listed below:

[Headline]: Dogecoin Climbs 5.4%, Tops CoinDesk 20 This Week: CoinDesk Indices Market Update
[Summary]: CoinDesk Indices (CDI) presents its bi-weekly market update, highlighting the performance of leaders and laggards in the benchmark CoinDesk 20 Index (CD20) and the broad CoinDesk Market Index (CMI).

...

From 2024-04-19 to 2024-04-26, DOGE-USD's stock price decreased from 0.16 to 0.15. News during this period are listed below:

[Headline]: Dogecoin Climbs 5.4%, Tops CoinDesk 20 This Week: CoinDesk Indices Market Update
[Summary]: CoinDesk Indices (CDI) presents its bi-weekly market update, highlighting the performance of leaders and laggards in the benchmark CoinDesk 20 Index (CD20) and the broad CoinDesk Market Index (CMI).

...

[Headline]: Bitcoin Falls Below $69K Ahead of U.S. CPI; Cardano, Dogecoin Lead Losses in Altcoins
[Summary]: Bitcoin and major alternative cryptocurrencies (altcoins) trade weak ahead of the pivotal U.S. CPI release.

One observer said the pullback could soon run out of steam as selling pressure from wallets...

[Headline]: Crypto Bulls See $400M Liquidations as Solana, Dogecoin Lead Slide in Majors
[Summary]: Major tokens experienced a significant drop in the past 24 hours, with bitcoin falling 5% and other major tokens like ether, Cardano's ADA, and BNB Chain’s BNB showing similar losses.

Liquidations of...

[Headline]: Dogecoin Bets Jump to $2B as Price Reaches Highest Level Since 2021
[Summary]: The dogecoin (DOGE) price surged to its highest level since December 2021 on Thursday, with trading volumes and futures open interest rising significantly.

Several posts from prominent Dogecoin commu...

[Headline]: Is It Late 2020 All Over Again for Dogecoin?
[Summary]: There are striking similarities between DOGE's price action today and in late 2020.

The so-called fractal is noteworthy as dogecoin surged over 1,000% in early 2021.

One key principle of the Dow The...



Based on all the information before 2024-04-26, let's first analyze the positive developments and potential concerns for DOGE-USD. Come up with 2-4 most important factors respectively and keep them concise. Most factors should be inferred from cryptocurrencies related news. Then let's assume your prediction for next week (2024-04-26 to 2024-05-03) is down by 1-2%. Provide a summary analysis to support your prediction. The prediction result need to be inferred from your analysis at the end, and thus not appearing as a foundational factor of your analysis.","### ANALYSIS REQUEST 1

**[Positive Developments]:**
1. **Increased Trading Volume**: Dogecoin's trading volume and futures open interest reached significant levels, indicating heightened market activity and potential for price movement.
2. **Historical Price Patterns**: There are notable similarities between DOGE's current price action and its late 2020 patterns, which preceded a substantial surge in early 2021.

**[Potential Concerns]:**
1. **Market-Wide Sell-Off**: Major cryptocurrencies, including Bitcoin and Ethereum, experienced significant drops, with Bitcoin falling 5%. This broader market weakness could negatively impact Dogecoin.
2. **Liquidations**: The market saw $400M in liquidations, with Solana and Dogecoin leading the slide. This indicates high selling pressure and potential for further price declines.

**[Prediction & Analysis]:**
The recent market-wide sell-off and significant liquidations suggest a bearish sentiment across the cryptocurrency market. Dogecoin, being highly correlated with broader market movements, is likely to face downward pressure. The increased trading volume and historical price patterns provide some optimism, but the overwhelming market weakness and liquidations indicate a potential decline. Therefore, a prediction of a 1-2% decrease in Dogecoin's price for the upcoming week is warranted."
"[Cryptocurrency Introduction]: Dogecoin (DOGE) is a cryptocurrency . Users are able to generate DOGE through the process of mining. Dogecoin has a current supply of 149,516,646,383.70525. The last known price of Dogecoin is 0.18994255 USD and is up 1.31 over the last 24 hours. It is currently trading on 1232 active market(s) with $965,419,953.99 traded over the last 24 hours. More information can be found at http://dogecoin.com/.. It has a market capilization of 28657442816.

From 2024-04-05 to 2024-04-12, DOGE-USD's stock price decreased from 0.18 to 0.17. News during this period are listed below:

[Headline]: Bitcoin Falls Below $69K Ahead of U.S. CPI; Cardano, Dogecoin Lead Losses in Altcoins
[Summary]: Bitcoin and major alternative cryptocurrencies (altcoins) trade weak ahead of the pivotal U.S. CPI release.

One observer said the pullback could soon run out of steam as selling pressure from wallets...

From 2024-04-12 to 2024-04-19, DOGE-USD's stock price decreased from 0.17 to 0.16. News during this period are listed below:

[Headline]: Dogecoin Climbs 5.4%, Tops CoinDesk 20 This Week: CoinDesk Indices Market Update
[Summary]: CoinDesk Indices (CDI) presents its bi-weekly market update, highlighting the performance of leaders and laggards in the benchmark CoinDesk 20 Index (CD20) and the broad CoinDesk Market Index (CMI).

...

From 2024-04-19 to 2024-04-26, DOGE-USD's stock price decreased from 0.16 to 0.15. News during this period are listed below:

[Headline]: Dogecoin Climbs 5.4%, Tops CoinDesk 20 This Week: CoinDesk Indices Market Update
[Summary]: CoinDesk Indices (CDI) presents its bi-weekly market update, highlighting the performance of leaders and laggards in the benchmark CoinDesk 20 Index (CD20) and the broad CoinDesk Market Index (CMI).

...

[Headline]: Bitcoin Falls Below $69K Ahead of U.S. CPI; Cardano, Dogecoin Lead Losses in Altcoins
[Summary]: Bitcoin and major alternative cryptocurrencies (altcoins) trade weak ahead of the pivotal U.S. CPI release.

One observer said the pullback could soon run out of steam as selling pressure from wallets...

[Headline]: Crypto Bulls See $400M Liquidations as Solana, Dogecoin Lead Slide in Majors
[Summary]: Major tokens experienced a significant drop in the past 24 hours, with bitcoin falling 5% and other major tokens like ether, Cardano's ADA, and BNB Chain’s BNB showing similar losses.

Liquidations of...

[Headline]: Dogecoin Bets Jump to $2B as Price Reaches Highest Level Since 2021
[Summary]: The dogecoin (DOGE) price surged to its highest level since December 2021 on Thursday, with trading volumes and futures open interest rising significantly.

Several posts from prominent Dogecoin commu...

[Headline]: Is It Late 2020 All Over Again for Dogecoin?
[Summary]: There are striking similarities between DOGE's price action today and in late 2020.

The so-called fractal is noteworthy as dogecoin surged over 1,000% in early 2021.

One key principle of the Dow The...

From 2024-04-26 to 2024-05-03, DOGE-USD's stock price decreased from 0.15 to 0.15. News during this period are listed below:

[Headline]: Dogecoin Climbs 5.4%, Tops CoinDesk 20 This Week: CoinDesk Indices Market Update
[Summary]: CoinDesk Indices (CDI) presents its bi-weekly market update, highlighting the performance of leaders and laggards in the benchmark CoinDesk 20 Index (CD20) and the broad CoinDesk Market Index (CMI).

...

[Headline]: Bitcoin Falls Below $69K Ahead of U.S. CPI; Cardano, Dogecoin Lead Losses in Altcoins
[Summary]: Bitcoin and major alternative cryptocurrencies (altcoins) trade weak ahead of the pivotal U.S. CPI release.

One observer said the pullback could soon run out of steam as selling pressure from wallets...

[Headline]: Crypto Bulls See $400M Liquidations as Solana, Dogecoin Lead Slide in Majors
[Summary]: Major tokens experienced a significant drop in the past 24 hours, with bitcoin falling 5% and other major tokens like ether, Cardano's ADA, and BNB Chain’s BNB showing similar losses.

Liquidations of...

[Headline]: Dogecoin Bets Jump to $2B as Price Reaches Highest Level Since 2021
[Summary]: The dogecoin (DOGE) price surged to its highest level since December 2021 on Thursday, with trading volumes and futures open interest rising significantly.

Several posts from prominent Dogecoin commu...

[Headline]: Is It Late 2020 All Over Again for Dogecoin?
[Summary]: There are striking similarities between DOGE's price action today and in late 2020.

The so-called fractal is noteworthy as dogecoin surged over 1,000% in early 2021.

One key principle of the Dow The...



Based on all the information before 2024-05-03, let's first analyze the positive developments and potential concerns for DOGE-USD. Come up with 2-4 most important factors respectively and keep them concise. Most factors should be inferred from cryptocurrencies related news. Then let's assume your prediction for next week (2024-05-03 to 2024-05-10) is down by 1-2%. Provide a summary analysis to support your prediction. The prediction result need to be inferred from your analysis at the end, and thus not appearing as a foundational factor of your analysis.","### ANALYSIS REQUEST 2

**[Positive Developments]:**
1. **Increased Market Activity**: Dogecoin's trading volume and futures open interest surged, indicating strong market engagement and potential for price volatility.
2. **Historical Price Patterns**: Similarities between DOGE's current price action and its late 2020 patterns suggest potential for a significant price surge, as seen in early 2021.

**[Potential Concerns]:**
1. **Market-Wide Weakness**: Bitcoin and other major altcoins traded weakly ahead of the U.S. CPI release, indicating broader market uncertainty that could affect Dogecoin.
2. **Liquidations**: The market experienced $400M in liquidations, with Dogecoin among the tokens leading the slide. This high selling pressure could lead to further price declines.

**[Prediction & Analysis]:**
The broader market weakness and significant liquidations point to a bearish sentiment in the cryptocurrency market. While increased market activity and historical price patterns offer some hope, the overall market conditions suggest a potential decline. Therefore, a prediction of a 1-2% decrease in Dogecoin's price for the upcoming week is reasonable."
"[Cryptocurrency Introduction]: Dogecoin (DOGE) is a cryptocurrency . Users are able to generate DOGE through the process of mining. Dogecoin has a current supply of 149,516,646,383.70525. The last known price of Dogecoin is 0.18994255 USD and is up 1.31 over the last 24 hours. It is currently trading on 1232 active market(s) with $965,419,953.99 traded over the last 24 hours. More information can be found at http://dogecoin.com/.. It has a market capilization of 28657442816.

From 2024-04-26 to 2024-05-03, DOGE-USD's stock price decreased from 0.15 to 0.15. News during this period are listed below:

[Headline]: Dogecoin Climbs 5.4%, Tops CoinDesk 20 This Week: CoinDesk Indices Market Update
[Summary]: CoinDesk Indices (CDI) presents its bi-weekly market update, highlighting the performance of leaders and laggards in the benchmark CoinDesk 20 Index (CD20) and the broad CoinDesk Market Index (CMI).

...

[Headline]: Bitcoin Falls Below $69K Ahead of U.S. CPI; Cardano, Dogecoin Lead Losses in Altcoins
[Summary]: Bitcoin and major alternative cryptocurrencies (altcoins) trade weak ahead of the pivotal U.S. CPI release.

One observer said the pullback could soon run out of steam as selling pressure from wallets...

[Headline]: Crypto Bulls See $400M Liquidations as Solana, Dogecoin Lead Slide in Majors
[Summary]: Major tokens experienced a significant drop in the past 24 hours, with bitcoin falling 5% and other major tokens like ether, Cardano's ADA, and BNB Chain’s BNB showing similar losses.

Liquidations of...

[Headline]: Dogecoin Bets Jump to $2B as Price Reaches Highest Level Since 2021
[Summary]: The dogecoin (DOGE) price surged to its highest level since December 2021 on Thursday, with trading volumes and futures open interest rising significantly.

Several posts from prominent Dogecoin commu...

[Headline]: Is It Late 2020 All Over Again for Dogecoin?
[Summary]: There are striking similarities between DOGE's price action today and in late 2020.

The so-called fractal is noteworthy as dogecoin surged over 1,000% in early 2021.

One key principle of the Dow The...

From 2024-05-03 to 2024-05-10, DOGE-USD's stock price decreased from 0.15 to 0.14. News during this period are listed below:

[Headline]: Dogecoin Appears Headed for a 'Golden Cross'
[Summary]: DOGE's weekly price averages appear on track to confirm a bullish golden cross.

The previous golden cross, seen in early January 2021, presaged an 8,000% price surge.

Dogecoin {{DOGE}}, the world's ...

[Headline]: Dogecoin Climbs 5.4%, Tops CoinDesk 20 This Week: CoinDesk Indices Market Update
[Summary]: CoinDesk Indices (CDI) presents its bi-weekly market update, highlighting the performance of leaders and laggards in the benchmark CoinDesk 20 Index (CD20) and the broad CoinDesk Market Index (CMI).

...

[Headline]: Bitcoin Falls Below $69K Ahead of U.S. CPI; Cardano, Dogecoin Lead Losses in Altcoins
[Summary]: Bitcoin and major alternative cryptocurrencies (altcoins) trade weak ahead of the pivotal U.S. CPI release.

One observer said the pullback could soon run out of steam as selling pressure from wallets...

[Headline]: Crypto Bulls See $400M Liquidations as Solana, Dogecoin Lead Slide in Majors
[Summary]: Major tokens experienced a significant drop in the past 24 hours, with bitcoin falling 5% and other major tokens like ether, Cardano's ADA, and BNB Chain’s BNB showing similar losses.

Liquidations of...

[Headline]: Dogecoin Bets Jump to $2B as Price Reaches Highest Level Since 2021
[Summary]: The dogecoin (DOGE) price surged to its highest level since December 2021 on Thursday, with trading volumes and futures open interest rising significantly.

Several posts from prominent Dogecoin commu...



Based on all the information before 2024-05-10, let's first analyze the positive developments and potential concerns for DOGE-USD. Come up with 2-4 most important factors respectively and keep them concise. Most factors should be inferred from cryptocurrencies related news. Then let's assume your prediction for next week (2024-05-10 to 2024-05-17) is up by more than 5%. Provide a summary analysis to support your prediction. The prediction result need to be inferred from your analysis at the end, and thus not appearing as a foundational factor of your analysis.","### ANALYSIS REQUEST 3

**[Positive Developments]:**
1. **Bullish Technical Indicators**: DOGE's weekly price averages are on track to confirm a bullish golden cross, a technical indicator that has previously signaled significant price surges.
2. **Increased Market Engagement**: Dogecoin's trading volume and futures open interest have risen significantly, indicating strong market activity and potential for price movement.

**[Potential Concerns]:**
1. **Market-Wide Sell-Off**: Major cryptocurrencies, including Bitcoin, experienced significant drops, with Bitcoin falling below $69K. This broader market weakness could negatively impact Dogecoin.
2. **Liquidations**: The market saw $400M in liquidations, with Dogecoin among the tokens leading the slide. This indicates high selling pressure and potential for further price declines.

**[Prediction & Analysis]:**
The bullish technical indicators and increased market engagement suggest potential for a significant price surge. However, the broader market weakness and significant liquidations indicate a bearish sentiment. Given the mixed signals, a cautious prediction of a more than 5% increase in Dogecoin's price for the upcoming week is supported by the bullish technical indicators and market engagement, despite the potential concerns."
"[Cryptocurrency Introduction]: Dogecoin (DOGE) is a cryptocurrency . Users are able to generate DOGE through the process of mining. Dogecoin has a current supply of 149,516,646,383.70525. The last known price of Dogecoin is 0.18994255 USD and is up 1.31 over the last 24 hours. It is currently trading on 1232 active market(s) with $965,419,953.99 traded over the last 24 hours. More information can be found at http://dogecoin.com/.. It has a market capilization of 28657442816.

From 2024-04-19 to 2024-04-26, DOGE-USD's stock price decreased from 0.16 to 0.15. News during this period are listed below:

[Headline]: Dogecoin Climbs 5.4%, Tops CoinDesk 20 This Week: CoinDesk Indices Market Update
[Summary]: CoinDesk Indices (CDI) presents its bi-weekly market update, highlighting the performance of leaders and laggards in the benchmark CoinDesk 20 Index (CD20) and the broad CoinDesk Market Index (CMI).

...

[Headline]: Bitcoin Falls Below $69K Ahead of U.S. CPI; Cardano, Dogecoin Lead Losses in Altcoins
[Summary]: Bitcoin and major alternative cryptocurrencies (altcoins) trade weak ahead of the pivotal U.S. CPI release.

One observer said the pullback could soon run out of steam as selling pressure from wallets...

[Headline]: Crypto Bulls See $400M Liquidations as Solana, Dogecoin Lead Slide in Majors
[Summary]: Major tokens experienced a significant drop in the past 24 hours, with bitcoin falling 5% and other major tokens like ether, Cardano's ADA, and BNB Chain’s BNB showing similar losses.

Liquidations of...

[Headline]: Dogecoin Bets Jump to $2B as Price Reaches Highest Level Since 2021
[Summary]: The dogecoin (DOGE) price surged to its highest level since December 2021 on Thursday, with trading volumes and futures open interest rising significantly.

Several posts from prominent Dogecoin commu...

[Headline]: Is It Late 2020 All Over Again for Dogecoin?
[Summary]: There are striking similarities between DOGE's price action today and in late 2020.

The so-called fractal is noteworthy as dogecoin surged over 1,000% in early 2021.

One key principle of the Dow The...

From 2024-04-26 to 2024-05-03, DOGE-USD's stock price decreased from 0.15 to 0.15. News during this period are listed below:

[Headline]: Dogecoin Climbs 5.4%, Tops CoinDesk 20 This Week: CoinDesk Indices Market Update
[Summary]: CoinDesk Indices (CDI) presents its bi-weekly market update, highlighting the performance of leaders and laggards in the benchmark CoinDesk 20 Index (CD20) and the broad CoinDesk Market Index (CMI).

...

[Headline]: Bitcoin Falls Below $69K Ahead of U.S. CPI; Cardano, Dogecoin Lead Losses in Altcoins
[Summary]: Bitcoin and major alternative cryptocurrencies (altcoins) trade weak ahead of the pivotal U.S. CPI release.

One observer said the pullback could soon run out of steam as selling pressure from wallets...

[Headline]: Crypto Bulls See $400M Liquidations as Solana, Dogecoin Lead Slide in Majors
[Summary]: Major tokens experienced a significant drop in the past 24 hours, with bitcoin falling 5% and other major tokens like ether, Cardano's ADA, and BNB Chain’s BNB showing similar losses.

Liquidations of...

[Headline]: Dogecoin Bets Jump to $2B as Price Reaches Highest Level Since 2021
[Summary]: The dogecoin (DOGE) price surged to its highest level since December 2021 on Thursday, with trading volumes and futures open interest rising significantly.

Several posts from prominent Dogecoin commu...

[Headline]: Is It Late 2020 All Over Again for Dogecoin?
[Summary]: There are striking similarities between DOGE's price action today and in late 2020.

The so-called fractal is noteworthy as dogecoin surged over 1,000% in early 2021.

One key principle of the Dow The...

From 2024-05-03 to 2024-05-10, DOGE-USD's stock price decreased from 0.15 to 0.14. News during this period are listed below:

[Headline]: Dogecoin Appears Headed for a 'Golden Cross'
[Summary]: DOGE's weekly price averages appear on track to confirm a bullish golden cross.

The previous golden cross, seen in early January 2021, presaged an 8,000% price surge.

Dogecoin {{DOGE}}, the world's ...

[Headline]: Dogecoin Climbs 5.4%, Tops CoinDesk 20 This Week: CoinDesk Indices Market Update
[Summary]: CoinDesk Indices (CDI) presents its bi-weekly market update, highlighting the performance of leaders and laggards in the benchmark CoinDesk 20 Index (CD20) and the broad CoinDesk Market Index (CMI).

...

[Headline]: Bitcoin Falls Below $69K Ahead of U.S. CPI; Cardano, Dogecoin Lead Losses in Altcoins
[Summary]: Bitcoin and major alternative cryptocurrencies (altcoins) trade weak ahead of the pivotal U.S. CPI release.

One observer said the pullback could soon run out of steam as selling pressure from wallets...

[Headline]: Crypto Bulls See $400M Liquidations as Solana, Dogecoin Lead Slide in Majors
[Summary]: Major tokens experienced a significant drop in the past 24 hours, with bitcoin falling 5% and other major tokens like ether, Cardano's ADA, and BNB Chain’s BNB showing similar losses.

Liquidations of...

[Headline]: Dogecoin Bets Jump to $2B as Price Reaches Highest Level Since 2021
[Summary]: The dogecoin (DOGE) price surged to its highest level since December 2021 on Thursday, with trading volumes and futures open interest rising significantly.

Several posts from prominent Dogecoin commu...

From 2024-05-10 to 2024-05-17, DOGE-USD's stock price increased from 0.14 to 0.16. News during this period are listed below:

[Headline]: Dogecoin Appears Headed for a 'Golden Cross'
[Summary]: DOGE's weekly price averages appear on track to confirm a bullish golden cross.

The previous golden cross, seen in early January 2021, presaged an 8,000% price surge.

Dogecoin {{DOGE}}, the world's ...



Based on all the information before 2024-05-17, let's first analyze the positive developments and potential concerns for DOGE-USD. Come up with 2-4 most important factors respectively and keep them concise. Most factors should be inferred from cryptocurrencies related news. Then let's assume your prediction for next week (2024-05-17 to 2024-05-24) is up by more than 5%. Provide a summary analysis to support your prediction. The prediction result need to be inferred from your analysis at the end, and thus not appearing as a foundational factor of your analysis.","### ANALYSIS REQUEST 4

**[Positive Developments]:**
1. **Bullish Technical Indicators**: DOGE's weekly price averages are on track to confirm a bullish golden cross, a technical indicator that has previously signaled significant price surges.
2. **Increased Market Engagement**: Dogecoin's trading volume and futures open interest have risen significantly, indicating strong market activity and potential for price movement.

**[Potential Concerns]:**
1. **Market-Wide Sell-Off**: Major cryptocurrencies, including Bitcoin, experienced significant drops, with Bitcoin falling below $69K. This broader market weakness could negatively impact Dogecoin.
2. **Liquidations**: The market saw $400M in liquidations, with Dogecoin among the tokens leading the slide. This indicates high selling pressure and potential for further price declines.

**[Prediction & Analysis]:**
The bullish technical indicators and increased market engagement suggest potential for a significant price surge. Despite the broader market weakness and significant liquidations, the positive developments outweigh the concerns. Therefore, a prediction of a more than 5% increase in Dogecoin's price for the upcoming week is justified."
"[Cryptocurrency Introduction]: Dogecoin (DOGE) is a cryptocurrency . Users are able to generate DOGE through the process of mining. Dogecoin has a current supply of 149,516,646,383.70525. The last known price of Dogecoin is 0.18994255 USD and is up 1.31 over the last 24 hours. It is currently trading on 1232 active market(s) with $965,419,953.99 traded over the last 24 hours. More information can be found at http://dogecoin.com/.. It has a market capilization of 28657442816.

From 2024-05-17 to 2024-05-24, DOGE-USD's stock price increased from 0.16 to 0.16. News during this period are listed below:

[Headline]: Kabosu, Dog Who Inspired Dogecoin and Shiba Inu, Is No More
[Summary]: Popular dog Kabosu, the face of dogecoin and several other meme tokens, died early Friday, her owner wrote in a blog post. She was over 17 years old.

“We will be holding a farewell party for Kabo-cha...

[Headline]: Dogecoin Appears Headed for a 'Golden Cross'
[Summary]: DOGE's weekly price averages appear on track to confirm a bullish golden cross.

The previous golden cross, seen in early January 2021, presaged an 8,000% price surge.

Dogecoin {{DOGE}}, the world's ...

[Headline]: Dogecoin Climbs 5.4%, Tops CoinDesk 20 This Week: CoinDesk Indices Market Update
[Summary]: CoinDesk Indices (CDI) presents its bi-weekly market update, highlighting the performance of leaders and laggards in the benchmark CoinDesk 20 Index (CD20) and the broad CoinDesk Market Index (CMI).

...

[Headline]: Bitcoin Falls Below $69K Ahead of U.S. CPI; Cardano, Dogecoin Lead Losses in Altcoins
[Summary]: Bitcoin and major alternative cryptocurrencies (altcoins) trade weak ahead of the pivotal U.S. CPI release.

One observer said the pullback could soon run out of steam as selling pressure from wallets...

[Headline]: Crypto Bulls See $400M Liquidations as Solana, Dogecoin Lead Slide in Majors
[Summary]: Major tokens experienced a significant drop in the past 24 hours, with bitcoin falling 5% and other major tokens like ether, Cardano's ADA, and BNB Chain’s BNB showing similar losses.

Liquidations of...



Based on all the information before 2024-05-24, let's first analyze the positive developments and potential concerns for DOGE-USD. Come up with 2-4 most important factors respectively and keep them concise. Most factors should be inferred from cryptocurrencies related news. Then let's assume your prediction for next week (2024-05-24 to 2024-05-31) is down by 2-3%. Provide a summary analysis to support your prediction. The prediction result need to be inferred from your analysis at the end, and thus not appearing as a foundational factor of your analysis.","### ANALYSIS REQUEST 5

**[Positive Developments]:**
1. **Bullish Technical Indicators**: DOGE's weekly price averages are on track to confirm a bullish golden cross, a technical indicator that has previously signaled significant price surges.
2. **Market Engagement**: Dogecoin's trading volume and futures open interest have risen significantly, indicating strong market activity and potential for price movement.

**[Potential Concerns]:**
1. **Market-Wide Weakness**: Bitcoin and other major altcoins traded weakly ahead of the U.S. CPI release, indicating broader market uncertainty that could affect Dogecoin.
2. **Liquidations**: The market experienced $400M in liquidations, with Dogecoin among the tokens leading the slide. This high selling pressure could lead to further price declines.
3. **Emotional Impact**: The passing of Kabosu, the dog who inspired Dogecoin, could have an emotional impact on the community, potentially affecting market sentiment.

**[Prediction & Analysis]:**
The broader market weakness, significant liquidations, and potential emotional impact of Kabosu's passing suggest a bearish sentiment. While bullish technical indicators and market engagement offer some optimism, the overall market conditions indicate a potential decline. Therefore, a prediction of a 2-3% decrease in Dogecoin's price for the upcoming week is reasonable."
"[Cryptocurrency Introduction]: Dogecoin (DOGE) is a cryptocurrency . Users are able to generate DOGE through the process of mining. Dogecoin has a current supply of 149,516,646,383.70525. The last known price of Dogecoin is 0.18994255 USD and is up 1.31 over the last 24 hours. It is currently trading on 1232 active market(s) with $965,419,953.99 traded over the last 24 hours. More information can be found at http://dogecoin.com/.. It has a market capilization of 28657442816.

From 2024-05-24 to 2024-05-31, DOGE-USD's stock price decreased from 0.16 to 0.16. News during this period are listed below:

[Headline]: Bitcoin Traders Warn of Pullback as U.S. Inflation Data Looms; Dogecoin Leads Majors Slide
[Summary]: Crypto majors experienced a significant decline in the past 24 hours, with meme coins like shiba inu and dogecoin leading the drop.

The market is looking toward Friday's U.S. PCE inflation data for g...

[Headline]: Trader Buys 2M Dogecoin Call Options as Meme Coin Market Heats Up
[Summary]: The purchase of two million call options is seen as a bullish bet on dogecoin.

The contract will expire in 16 days, in which time DOGE has to rise by 31% to avoid expiring worthless.

Dogecoin last t...

[Headline]: Dogecoin, Floki, Dogwifhat Start to Surge as GameStop Jumps 19% in Pre-Market
[Summary]: FLOKI AND WIF are up as much as 8% since the start of Asian trading hours.

GameStop stock rallies have often preceded a rise in crypto meme coins.

Several dog-themed tokens started to move higher Tu...

[Headline]: Kabosu, Dog Who Inspired Dogecoin and Shiba Inu, Is No More
[Summary]: Popular dog Kabosu, the face of dogecoin and several other meme tokens, died early Friday, her owner wrote in a blog post. She was over 17 years old.

“We will be holding a farewell party for Kabo-cha...



Based on all the information before 2024-05-31, let's first analyze the positive developments and potential concerns for DOGE-USD. Come up with 2-4 most important factors respectively and keep them concise. Most factors should be inferred from cryptocurrencies related news. Then let's assume your prediction for next week (2024-05-31 to 2024-06-07) is down by more than 5%. Provide a summary analysis to support your prediction. The prediction result need to be inferred from your analysis at the end, and thus not appearing as a foundational factor of your analysis.","**[Positive Developments]:**
1. **Bullish Bet**: A trader's purchase of two million DOGE call options indicates a strong bullish sentiment.
2. **GameStop Correlation**: The rally in GameStop stock, which has historically preceded rises in crypto meme coins, suggests potential upside for DOGE.

**[Potential Concerns]:**
1. **Market Decline**: Crypto majors, including DOGE, experienced a significant decline, with meme coins leading the drop.
2. **Inflation Data**: The upcoming U.S. PCE inflation data could negatively impact the crypto market, including DOGE.

**[Prediction & Analysis]:**
The market sentiment for DOGE appears to be mixed. While there are bullish bets and historical correlations with GameStop rallies, the overall crypto market decline and the impending U.S. inflation data pose significant risks. The recent price decrease and the broader market sentiment suggest that DOGE could face further downward pressure. Additionally, the lack of strong positive catalysts and the presence of potential market-moving events (like inflation data) could lead to a decline. Therefore, it is reasonable to expect that DOGE-USD might decrease by more than 5% in the upcoming week."
"[Cryptocurrency Introduction]: Dogecoin (DOGE) is a cryptocurrency . Users are able to generate DOGE through the process of mining. Dogecoin has a current supply of 149,516,646,383.70525. The last known price of Dogecoin is 0.18994255 USD and is up 1.31 over the last 24 hours. It is currently trading on 1232 active market(s) with $965,419,953.99 traded over the last 24 hours. More information can be found at http://dogecoin.com/.. It has a market capilization of 28657442816.

From 2024-05-24 to 2024-05-31, DOGE-USD's stock price decreased from 0.16 to 0.16. News during this period are listed below:

[Headline]: Bitcoin Traders Warn of Pullback as U.S. Inflation Data Looms; Dogecoin Leads Majors Slide
[Summary]: Crypto majors experienced a significant decline in the past 24 hours, with meme coins like shiba inu and dogecoin leading the drop.

The market is looking toward Friday's U.S. PCE inflation data for g...

[Headline]: Trader Buys 2M Dogecoin Call Options as Meme Coin Market Heats Up
[Summary]: The purchase of two million call options is seen as a bullish bet on dogecoin.

The contract will expire in 16 days, in which time DOGE has to rise by 31% to avoid expiring worthless.

Dogecoin last t...

[Headline]: Dogecoin, Floki, Dogwifhat Start to Surge as GameStop Jumps 19% in Pre-Market
[Summary]: FLOKI AND WIF are up as much as 8% since the start of Asian trading hours.

GameStop stock rallies have often preceded a rise in crypto meme coins.

Several dog-themed tokens started to move higher Tu...

[Headline]: Kabosu, Dog Who Inspired Dogecoin and Shiba Inu, Is No More
[Summary]: Popular dog Kabosu, the face of dogecoin and several other meme tokens, died early Friday, her owner wrote in a blog post. She was over 17 years old.

“We will be holding a farewell party for Kabo-cha...

From 2024-05-31 to 2024-06-07, DOGE-USD's stock price decreased from 0.16 to 0.15. News during this period are listed below:

[Headline]: Bitcoin Traders Warn of Pullback as U.S. Inflation Data Looms; Dogecoin Leads Majors Slide
[Summary]: Crypto majors experienced a significant decline in the past 24 hours, with meme coins like shiba inu and dogecoin leading the drop.

The market is looking toward Friday's U.S. PCE inflation data for g...

[Headline]: Trader Buys 2M Dogecoin Call Options as Meme Coin Market Heats Up
[Summary]: The purchase of two million call options is seen as a bullish bet on dogecoin.

The contract will expire in 16 days, in which time DOGE has to rise by 31% to avoid expiring worthless.

Dogecoin last t...

[Headline]: Dogecoin, Floki, Dogwifhat Start to Surge as GameStop Jumps 19% in Pre-Market
[Summary]: FLOKI AND WIF are up as much as 8% since the start of Asian trading hours.

GameStop stock rallies have often preceded a rise in crypto meme coins.

Several dog-themed tokens started to move higher Tu...

[Headline]: Kabosu, Dog Who Inspired Dogecoin and Shiba Inu, Is No More
[Summary]: Popular dog Kabosu, the face of dogecoin and several other meme tokens, died early Friday, her owner wrote in a blog post. She was over 17 years old.

“We will be holding a farewell party for Kabo-cha...

[Headline]: Dogecoin Appears Headed for a 'Golden Cross'
[Summary]: DOGE's weekly price averages appear on track to confirm a bullish golden cross.

The previous golden cross, seen in early January 2021, presaged an 8,000% price surge.

Dogecoin {{DOGE}}, the world's ...



Based on all the information before 2024-06-07, let's first analyze the positive developments and potential concerns for DOGE-USD. Come up with 2-4 most important factors respectively and keep them concise. Most factors should be inferred from cryptocurrencies related news. Then let's assume your prediction for next week (2024-06-07 to 2024-06-14) is down by more than 5%. Provide a summary analysis to support your prediction. The prediction result need to be inferred from your analysis at the end, and thus not appearing as a foundational factor of your analysis.","**[Positive Developments]:**
1. **Bullish Bet**: A trader bought two million DOGE call options, indicating bullish sentiment.
2. **Golden Cross**: DOGE's weekly price averages appear on track to confirm a bullish golden cross, which historically has preceded significant price surges.

**[Potential Concerns]:**
1. **Market Decline**: DOGE led the majors' slide, indicating vulnerability to market downturns.
2. **Inflation Data**: The upcoming U.S. PCE inflation data could negatively impact the crypto market, including DOGE.

**[Prediction & Analysis]:**
Despite the bullish indicators like the golden cross and the call options purchase, the broader market decline and the impending inflation data present substantial risks. The recent price decrease and the overall market sentiment suggest that DOGE could face further downward pressure. The potential negative impact of the inflation data and the lack of strong positive catalysts could lead to a decline. Therefore, it is reasonable to expect that DOGE-USD might decrease by more than 5% in the upcoming week."
"[Cryptocurrency Introduction]: Dogecoin (DOGE) is a cryptocurrency . Users are able to generate DOGE through the process of mining. Dogecoin has a current supply of 149,516,646,383.70525. The last known price of Dogecoin is 0.18994255 USD and is up 1.31 over the last 24 hours. It is currently trading on 1232 active market(s) with $965,419,953.99 traded over the last 24 hours. More information can be found at http://dogecoin.com/.. It has a market capilization of 28657442816.

From 2024-05-31 to 2024-06-07, DOGE-USD's stock price decreased from 0.16 to 0.15. News during this period are listed below:

[Headline]: Bitcoin Traders Warn of Pullback as U.S. Inflation Data Looms; Dogecoin Leads Majors Slide
[Summary]: Crypto majors experienced a significant decline in the past 24 hours, with meme coins like shiba inu and dogecoin leading the drop.

The market is looking toward Friday's U.S. PCE inflation data for g...

[Headline]: Trader Buys 2M Dogecoin Call Options as Meme Coin Market Heats Up
[Summary]: The purchase of two million call options is seen as a bullish bet on dogecoin.

The contract will expire in 16 days, in which time DOGE has to rise by 31% to avoid expiring worthless.

Dogecoin last t...

[Headline]: Dogecoin, Floki, Dogwifhat Start to Surge as GameStop Jumps 19% in Pre-Market
[Summary]: FLOKI AND WIF are up as much as 8% since the start of Asian trading hours.

GameStop stock rallies have often preceded a rise in crypto meme coins.

Several dog-themed tokens started to move higher Tu...

[Headline]: Kabosu, Dog Who Inspired Dogecoin and Shiba Inu, Is No More
[Summary]: Popular dog Kabosu, the face of dogecoin and several other meme tokens, died early Friday, her owner wrote in a blog post. She was over 17 years old.

“We will be holding a farewell party for Kabo-cha...

[Headline]: Dogecoin Appears Headed for a 'Golden Cross'
[Summary]: DOGE's weekly price averages appear on track to confirm a bullish golden cross.

The previous golden cross, seen in early January 2021, presaged an 8,000% price surge.

Dogecoin {{DOGE}}, the world's ...

From 2024-06-07 to 2024-06-14, DOGE-USD's stock price decreased from 0.15 to 0.13. News during this period are listed below:

[Headline]: Bitcoin Traders Warn of Pullback as U.S. Inflation Data Looms; Dogecoin Leads Majors Slide
[Summary]: Crypto majors experienced a significant decline in the past 24 hours, with meme coins like shiba inu and dogecoin leading the drop.

The market is looking toward Friday's U.S. PCE inflation data for g...

[Headline]: Trader Buys 2M Dogecoin Call Options as Meme Coin Market Heats Up
[Summary]: The purchase of two million call options is seen as a bullish bet on dogecoin.

The contract will expire in 16 days, in which time DOGE has to rise by 31% to avoid expiring worthless.

Dogecoin last t...

[Headline]: Dogecoin, Floki, Dogwifhat Start to Surge as GameStop Jumps 19% in Pre-Market
[Summary]: FLOKI AND WIF are up as much as 8% since the start of Asian trading hours.

GameStop stock rallies have often preceded a rise in crypto meme coins.

Several dog-themed tokens started to move higher Tu...

[Headline]: Kabosu, Dog Who Inspired Dogecoin and Shiba Inu, Is No More
[Summary]: Popular dog Kabosu, the face of dogecoin and several other meme tokens, died early Friday, her owner wrote in a blog post. She was over 17 years old.

“We will be holding a farewell party for Kabo-cha...

[Headline]: Dogecoin Appears Headed for a 'Golden Cross'
[Summary]: DOGE's weekly price averages appear on track to confirm a bullish golden cross.

The previous golden cross, seen in early January 2021, presaged an 8,000% price surge.

Dogecoin {{DOGE}}, the world's ...



Based on all the information before 2024-06-14, let's first analyze the positive developments and potential concerns for DOGE-USD. Come up with 2-4 most important factors respectively and keep them concise. Most factors should be inferred from cryptocurrencies related news. Then let's assume your prediction for next week (2024-06-14 to 2024-06-21) is down by more than 5%. Provide a summary analysis to support your prediction. The prediction result need to be inferred from your analysis at the end, and thus not appearing as a foundational factor of your analysis.","**[Positive Developments]:**
1. **Bullish Bet**: A trader's purchase of two million DOGE call options indicates strong bullish sentiment.
2. **Golden Cross**: DOGE is approaching a bullish golden cross, which has historically preceded significant price surges.

**[Potential Concerns]:**
1. **Market Decline**: DOGE and other major cryptocurrencies experienced a significant decline, with meme coins leading the drop.
2. **Inflation Data**: The upcoming U.S. PCE inflation data could negatively impact the crypto market, including DOGE.

**[Prediction & Analysis]:**
The market sentiment for DOGE remains uncertain. While the call options purchase and the potential golden cross suggest bullish potential, the broader market decline and the impending inflation data present significant risks. The recent price decrease and the overall market sentiment indicate that DOGE could face further downward pressure. The lack of strong positive catalysts and the potential market-moving events could lead to a decline. Therefore, it is reasonable to expect that DOGE-USD might decrease by more than 5% in the upcoming week."
"[Cryptocurrency Introduction]: Dogecoin (DOGE) is a cryptocurrency . Users are able to generate DOGE through the process of mining. Dogecoin has a current supply of 149,516,646,383.70525. The last known price of Dogecoin is 0.18994255 USD and is up 1.31 over the last 24 hours. It is currently trading on 1232 active market(s) with $965,419,953.99 traded over the last 24 hours. More information can be found at http://dogecoin.com/.. It has a market capilization of 28657442816.

From 2024-05-31 to 2024-06-07, DOGE-USD's stock price decreased from 0.16 to 0.15. News during this period are listed below:

[Headline]: Bitcoin Traders Warn of Pullback as U.S. Inflation Data Looms; Dogecoin Leads Majors Slide
[Summary]: Crypto majors experienced a significant decline in the past 24 hours, with meme coins like shiba inu and dogecoin leading the drop.

The market is looking toward Friday's U.S. PCE inflation data for g...

[Headline]: Trader Buys 2M Dogecoin Call Options as Meme Coin Market Heats Up
[Summary]: The purchase of two million call options is seen as a bullish bet on dogecoin.

The contract will expire in 16 days, in which time DOGE has to rise by 31% to avoid expiring worthless.

Dogecoin last t...

[Headline]: Dogecoin, Floki, Dogwifhat Start to Surge as GameStop Jumps 19% in Pre-Market
[Summary]: FLOKI AND WIF are up as much as 8% since the start of Asian trading hours.

GameStop stock rallies have often preceded a rise in crypto meme coins.

Several dog-themed tokens started to move higher Tu...

[Headline]: Kabosu, Dog Who Inspired Dogecoin and Shiba Inu, Is No More
[Summary]: Popular dog Kabosu, the face of dogecoin and several other meme tokens, died early Friday, her owner wrote in a blog post. She was over 17 years old.

“We will be holding a farewell party for Kabo-cha...

[Headline]: Dogecoin Appears Headed for a 'Golden Cross'
[Summary]: DOGE's weekly price averages appear on track to confirm a bullish golden cross.

The previous golden cross, seen in early January 2021, presaged an 8,000% price surge.

Dogecoin {{DOGE}}, the world's ...

From 2024-06-07 to 2024-06-14, DOGE-USD's stock price decreased from 0.15 to 0.13. News during this period are listed below:

[Headline]: Bitcoin Traders Warn of Pullback as U.S. Inflation Data Looms; Dogecoin Leads Majors Slide
[Summary]: Crypto majors experienced a significant decline in the past 24 hours, with meme coins like shiba inu and dogecoin leading the drop.

The market is looking toward Friday's U.S. PCE inflation data for g...

[Headline]: Trader Buys 2M Dogecoin Call Options as Meme Coin Market Heats Up
[Summary]: The purchase of two million call options is seen as a bullish bet on dogecoin.

The contract will expire in 16 days, in which time DOGE has to rise by 31% to avoid expiring worthless.

Dogecoin last t...

[Headline]: Dogecoin, Floki, Dogwifhat Start to Surge as GameStop Jumps 19% in Pre-Market
[Summary]: FLOKI AND WIF are up as much as 8% since the start of Asian trading hours.

GameStop stock rallies have often preceded a rise in crypto meme coins.

Several dog-themed tokens started to move higher Tu...

[Headline]: Kabosu, Dog Who Inspired Dogecoin and Shiba Inu, Is No More
[Summary]: Popular dog Kabosu, the face of dogecoin and several other meme tokens, died early Friday, her owner wrote in a blog post. She was over 17 years old.

“We will be holding a farewell party for Kabo-cha...

[Headline]: Dogecoin Appears Headed for a 'Golden Cross'
[Summary]: DOGE's weekly price averages appear on track to confirm a bullish golden cross.

The previous golden cross, seen in early January 2021, presaged an 8,000% price surge.

Dogecoin {{DOGE}}, the world's ...

From 2024-06-14 to 2024-06-21, DOGE-USD's stock price decreased from 0.13 to 0.12. News during this period are listed below:

[Headline]: Dogecoin Traders Appear to Short Token as Meme Coin Frenzy Eases
[Summary]: The crypto market’s biggest meme token is starting to attract short bets amid a general decline in the meme sector, which may spell worry for the meme sector.

Coinalyze data shows that Dogecoin {{DOG...

[Headline]: Dogecoin Bulls See $60M Liquidations in Biggest Hit Since 2021
[Summary]: Bullish bets on dogecoin (DOGE) futures saw $60 million in long trades liquidated, more than for bitcoin (BTC) futures.

The liquidations occurred as DOGE prices dropped over 10%, reflecting broader m...

[Headline]: Dogecoin, Solana Lead Crypto Majors Plunge as Bitcoin Falls Below $66K
[Summary]: Major tokens, including Bitcoin and Ether, experienced significant declines in Asian trading hours on Tuesday. This was influenced by ongoing profit-taking and outflows from U.S.-listed Bitcoin ETFs, ...



Based on all the information before 2024-06-21, let's first analyze the positive developments and potential concerns for DOGE-USD. Come up with 2-4 most important factors respectively and keep them concise. Most factors should be inferred from cryptocurrencies related news. Then let's assume your prediction for next week (2024-06-21 to 2024-06-28) is down by 0-1%. Provide a summary analysis to support your prediction. The prediction result need to be inferred from your analysis at the end, and thus not appearing as a foundational factor of your analysis.","**[Positive Developments]:**
1. **Short-Term Rally**: DOGE, along with other dog-themed tokens, started to move higher, indicating potential short-term gains.

**[Potential Concerns]:**
1. **Short Bets**: DOGE is attracting short bets amid a general decline in the meme sector.
2. **Liquidations**: Bullish bets on DOGE futures saw $60 million in long trades liquidated, reflecting broader market declines.
3. **Market Plunge**: Major tokens, including DOGE, experienced significant declines, influenced by profit-taking and outflows from U.S.-listed Bitcoin ETFs.

**[Prediction & Analysis]:**
The recent developments for DOGE are concerning. The attraction of short bets, significant liquidations, and the broader market plunge indicate a bearish sentiment. Although there was a short-term rally, the overall market conditions and the lack of strong positive catalysts suggest that DOGE could face further downward pressure. The negative market sentiment and the potential for further declines in the crypto market could lead to a decrease. Therefore, it is reasonable to expect that DOGE-USD might decrease by 0-1% in the upcoming week."
"[Cryptocurrency Introduction]: Dogecoin (DOGE) is a cryptocurrency . Users are able to generate DOGE through the process of mining. Dogecoin has a current supply of 149,516,646,383.70525. The last known price of Dogecoin is 0.18994255 USD and is up 1.31 over the last 24 hours. It is currently trading on 1232 active market(s) with $965,419,953.99 traded over the last 24 hours. More information can be found at http://dogecoin.com/.. It has a market capilization of 28657442816.

From 2024-05-31 to 2024-06-07, DOGE-USD's stock price decreased from 0.16 to 0.15. News during this period are listed below:

[Headline]: Bitcoin Traders Warn of Pullback as U.S. Inflation Data Looms; Dogecoin Leads Majors Slide
[Summary]: Crypto majors experienced a significant decline in the past 24 hours, with meme coins like shiba inu and dogecoin leading the drop.

The market is looking toward Friday's U.S. PCE inflation data for g...

[Headline]: Trader Buys 2M Dogecoin Call Options as Meme Coin Market Heats Up
[Summary]: The purchase of two million call options is seen as a bullish bet on dogecoin.

The contract will expire in 16 days, in which time DOGE has to rise by 31% to avoid expiring worthless.

Dogecoin last t...

[Headline]: Dogecoin, Floki, Dogwifhat Start to Surge as GameStop Jumps 19% in Pre-Market
[Summary]: FLOKI AND WIF are up as much as 8% since the start of Asian trading hours.

GameStop stock rallies have often preceded a rise in crypto meme coins.

Several dog-themed tokens started to move higher Tu...

[Headline]: Kabosu, Dog Who Inspired Dogecoin and Shiba Inu, Is No More
[Summary]: Popular dog Kabosu, the face of dogecoin and several other meme tokens, died early Friday, her owner wrote in a blog post. She was over 17 years old.

“We will be holding a farewell party for Kabo-cha...

[Headline]: Dogecoin Appears Headed for a 'Golden Cross'
[Summary]: DOGE's weekly price averages appear on track to confirm a bullish golden cross.

The previous golden cross, seen in early January 2021, presaged an 8,000% price surge.

Dogecoin {{DOGE}}, the world's ...

From 2024-06-07 to 2024-06-14, DOGE-USD's stock price decreased from 0.15 to 0.13. News during this period are listed below:

[Headline]: Bitcoin Traders Warn of Pullback as U.S. Inflation Data Looms; Dogecoin Leads Majors Slide
[Summary]: Crypto majors experienced a significant decline in the past 24 hours, with meme coins like shiba inu and dogecoin leading the drop.

The market is looking toward Friday's U.S. PCE inflation data for g...

[Headline]: Trader Buys 2M Dogecoin Call Options as Meme Coin Market Heats Up
[Summary]: The purchase of two million call options is seen as a bullish bet on dogecoin.

The contract will expire in 16 days, in which time DOGE has to rise by 31% to avoid expiring worthless.

Dogecoin last t...

[Headline]: Dogecoin, Floki, Dogwifhat Start to Surge as GameStop Jumps 19% in Pre-Market
[Summary]: FLOKI AND WIF are up as much as 8% since the start of Asian trading hours.

GameStop stock rallies have often preceded a rise in crypto meme coins.

Several dog-themed tokens started to move higher Tu...

[Headline]: Kabosu, Dog Who Inspired Dogecoin and Shiba Inu, Is No More
[Summary]: Popular dog Kabosu, the face of dogecoin and several other meme tokens, died early Friday, her owner wrote in a blog post. She was over 17 years old.

“We will be holding a farewell party for Kabo-cha...

[Headline]: Dogecoin Appears Headed for a 'Golden Cross'
[Summary]: DOGE's weekly price averages appear on track to confirm a bullish golden cross.

The previous golden cross, seen in early January 2021, presaged an 8,000% price surge.

Dogecoin {{DOGE}}, the world's ...

From 2024-06-14 to 2024-06-21, DOGE-USD's stock price decreased from 0.13 to 0.12. News during this period are listed below:

[Headline]: Dogecoin Traders Appear to Short Token as Meme Coin Frenzy Eases
[Summary]: The crypto market’s biggest meme token is starting to attract short bets amid a general decline in the meme sector, which may spell worry for the meme sector.

Coinalyze data shows that Dogecoin {{DOG...

[Headline]: Dogecoin Bulls See $60M Liquidations in Biggest Hit Since 2021
[Summary]: Bullish bets on dogecoin (DOGE) futures saw $60 million in long trades liquidated, more than for bitcoin (BTC) futures.

The liquidations occurred as DOGE prices dropped over 10%, reflecting broader m...

[Headline]: Dogecoin, Solana Lead Crypto Majors Plunge as Bitcoin Falls Below $66K
[Summary]: Major tokens, including Bitcoin and Ether, experienced significant declines in Asian trading hours on Tuesday. This was influenced by ongoing profit-taking and outflows from U.S.-listed Bitcoin ETFs, ...

From 2024-06-21 to 2024-06-28, DOGE-USD's stock price decreased from 0.12 to 0.12. News during this period are listed below:

[Headline]: Dogecoin Traders Appear to Short Token as Meme Coin Frenzy Eases
[Summary]: The crypto market’s biggest meme token is starting to attract short bets amid a general decline in the meme sector, which may spell worry for the meme sector.

Coinalyze data shows that Dogecoin {{DOG...

[Headline]: Dogecoin Bulls See $60M Liquidations in Biggest Hit Since 2021
[Summary]: Bullish bets on dogecoin (DOGE) futures saw $60 million in long trades liquidated, more than for bitcoin (BTC) futures.

The liquidations occurred as DOGE prices dropped over 10%, reflecting broader m...

[Headline]: Dogecoin, Solana Lead Crypto Majors Plunge as Bitcoin Falls Below $66K
[Summary]: Major tokens, including Bitcoin and Ether, experienced significant declines in Asian trading hours on Tuesday. This was influenced by ongoing profit-taking and outflows from U.S.-listed Bitcoin ETFs, ...

[Headline]: Bitcoin Traders Warn of Pullback as U.S. Inflation Data Looms; Dogecoin Leads Majors Slide
[Summary]: Crypto majors experienced a significant decline in the past 24 hours, with meme coins like shiba inu and dogecoin leading the drop.

The market is looking toward Friday's U.S. PCE inflation data for g...

[Headline]: Trader Buys 2M Dogecoin Call Options as Meme Coin Market Heats Up
[Summary]: The purchase of two million call options is seen as a bullish bet on dogecoin.

The contract will expire in 16 days, in which time DOGE has to rise by 31% to avoid expiring worthless.

Dogecoin last t...



Based on all the information before 2024-06-28, let's first analyze the positive developments and potential concerns for DOGE-USD. Come up with 2-4 most important factors respectively and keep them concise. Most factors should be inferred from cryptocurrencies related news. Then let's assume your prediction for next week (2024-06-28 to 2024-07-05) is down by more than 5%. Provide a summary analysis to support your prediction. The prediction result need to be inferred from your analysis at the end, and thus not appearing as a foundational factor of your analysis.","**[Positive Developments]:**
1. **Short-Term Rally**: DOGE, along with other dog-themed tokens, started to move higher, indicating potential short-term gains.

**[Potential Concerns]:**
1. **Short Bets**: DOGE is attracting short bets amid a general decline in the meme sector.
2. **Liquidations**: Bullish bets on DOGE futures saw $60 million in long trades liquidated, reflecting broader market declines.
3. **Market Plunge**: Major tokens, including DOGE, experienced significant declines, influenced by profit-taking and outflows from U.S.-listed Bitcoin ETFs.

**[Prediction & Analysis]:**
The recent market conditions for DOGE are worrisome. The attraction of short bets, significant liquidations, and the broader market plunge indicate a bearish sentiment. Despite a short-term rally, the overall market conditions and the lack of strong positive catalysts suggest that DOGE could face further downward pressure. The negative market sentiment and the potential for further declines in the crypto market could lead to a decrease. Therefore, it is reasonable to expect that DOGE-USD might decrease by more than 5% in the upcoming week."
"[Cryptocurrency Introduction]: Dogecoin (DOGE) is a cryptocurrency . Users are able to generate DOGE through the process of mining. Dogecoin has a current supply of 149,516,646,383.70525. The last known price of Dogecoin is 0.18994255 USD and is up 1.31 over the last 24 hours. It is currently trading on 1232 active market(s) with $965,419,953.99 traded over the last 24 hours. More information can be found at http://dogecoin.com/.. It has a market capilization of 28657442816.

From 2024-06-28 to 2024-07-05, DOGE-USD's stock price decreased from 0.12 to 0.11. News during this period are listed below:

[Headline]: Crypto Bulls Rack up $580M Liquidations as Bitcoin Drops 8%, Ether, Solana, Dogecoin Plunge
[Summary]: Bullish trades on bitcoin and ether together registered over $380 million in losses.

The largest single liquidation order was on Binance—an ETH trade valued at $18.4 million

Crypto majors plunged as...

[Headline]: Dogecoin Traders Appear to Short Token as Meme Coin Frenzy Eases
[Summary]: The crypto market’s biggest meme token is starting to attract short bets amid a general decline in the meme sector, which may spell worry for the meme sector.

Coinalyze data shows that Dogecoin {{DOG...

[Headline]: Dogecoin Bulls See $60M Liquidations in Biggest Hit Since 2021
[Summary]: Bullish bets on dogecoin (DOGE) futures saw $60 million in long trades liquidated, more than for bitcoin (BTC) futures.

The liquidations occurred as DOGE prices dropped over 10%, reflecting broader m...

[Headline]: Dogecoin, Solana Lead Crypto Majors Plunge as Bitcoin Falls Below $66K
[Summary]: Major tokens, including Bitcoin and Ether, experienced significant declines in Asian trading hours on Tuesday. This was influenced by ongoing profit-taking and outflows from U.S.-listed Bitcoin ETFs, ...

[Headline]: Bitcoin Traders Warn of Pullback as U.S. Inflation Data Looms; Dogecoin Leads Majors Slide
[Summary]: Crypto majors experienced a significant decline in the past 24 hours, with meme coins like shiba inu and dogecoin leading the drop.

The market is looking toward Friday's U.S. PCE inflation data for g...



Based on all the information before 2024-07-05, let's first analyze the positive developments and potential concerns for DOGE-USD. Come up with 2-4 most important factors respectively and keep them concise. Most factors should be inferred from cryptocurrencies related news. Then let's assume your prediction for next week (2024-07-05 to 2024-07-12) is up by 1-2%. Provide a summary analysis to support your prediction. The prediction result need to be inferred from your analysis at the end, and thus not appearing as a foundational factor of your analysis.","[Positive Developments]:
1. **Market Stability**: Despite the overall market volatility, Dogecoin has maintained a relatively stable trading volume, indicating sustained interest.
2. **Community Support**: Dogecoin continues to have a strong community backing, which can provide support during market downturns.

[Potential Concerns]:
1. **Liquidations**: Significant liquidations in DOGE futures, totaling $60 million, indicate a bearish sentiment and potential sell-off pressure.
2. **Meme Coin Fatigue**: Reports of short bets and a general decline in the meme coin sector suggest that the hype around Dogecoin may be waning.
3. **Macroeconomic Factors**: The upcoming U.S. PCE inflation data release could impact the broader crypto market, potentially leading to further sell-offs.

[Prediction & Analysis]:
Dogecoin's price has been under pressure, with significant liquidations and short bets indicating bearish sentiment. However, the strong community support and stable trading volume suggest that DOGE has some resilience. The upcoming U.S. inflation data could introduce volatility, but if the data is favorable, it might provide a slight boost to the crypto market. Given the current market dynamics, a modest increase of 1-2% for DOGE-USD in the upcoming week is a reasonable prediction. The market may see some relief from the recent sell-offs, but substantial gains are unlikely without a significant catalyst."
"[Cryptocurrency Introduction]: Dogecoin (DOGE) is a cryptocurrency . Users are able to generate DOGE through the process of mining. Dogecoin has a current supply of 149,516,646,383.70525. The last known price of Dogecoin is 0.18994255 USD and is up 1.31 over the last 24 hours. It is currently trading on 1232 active market(s) with $965,419,953.99 traded over the last 24 hours. More information can be found at http://dogecoin.com/.. It has a market capilization of 28657442816.

From 2024-06-14 to 2024-06-21, DOGE-USD's stock price decreased from 0.13 to 0.12. News during this period are listed below:

[Headline]: Dogecoin Traders Appear to Short Token as Meme Coin Frenzy Eases
[Summary]: The crypto market’s biggest meme token is starting to attract short bets amid a general decline in the meme sector, which may spell worry for the meme sector.

Coinalyze data shows that Dogecoin {{DOG...

[Headline]: Dogecoin Bulls See $60M Liquidations in Biggest Hit Since 2021
[Summary]: Bullish bets on dogecoin (DOGE) futures saw $60 million in long trades liquidated, more than for bitcoin (BTC) futures.

The liquidations occurred as DOGE prices dropped over 10%, reflecting broader m...

[Headline]: Dogecoin, Solana Lead Crypto Majors Plunge as Bitcoin Falls Below $66K
[Summary]: Major tokens, including Bitcoin and Ether, experienced significant declines in Asian trading hours on Tuesday. This was influenced by ongoing profit-taking and outflows from U.S.-listed Bitcoin ETFs, ...

From 2024-06-21 to 2024-06-28, DOGE-USD's stock price decreased from 0.12 to 0.12. News during this period are listed below:

[Headline]: Dogecoin Traders Appear to Short Token as Meme Coin Frenzy Eases
[Summary]: The crypto market’s biggest meme token is starting to attract short bets amid a general decline in the meme sector, which may spell worry for the meme sector.

Coinalyze data shows that Dogecoin {{DOG...

[Headline]: Dogecoin Bulls See $60M Liquidations in Biggest Hit Since 2021
[Summary]: Bullish bets on dogecoin (DOGE) futures saw $60 million in long trades liquidated, more than for bitcoin (BTC) futures.

The liquidations occurred as DOGE prices dropped over 10%, reflecting broader m...

[Headline]: Dogecoin, Solana Lead Crypto Majors Plunge as Bitcoin Falls Below $66K
[Summary]: Major tokens, including Bitcoin and Ether, experienced significant declines in Asian trading hours on Tuesday. This was influenced by ongoing profit-taking and outflows from U.S.-listed Bitcoin ETFs, ...

[Headline]: Bitcoin Traders Warn of Pullback as U.S. Inflation Data Looms; Dogecoin Leads Majors Slide
[Summary]: Crypto majors experienced a significant decline in the past 24 hours, with meme coins like shiba inu and dogecoin leading the drop.

The market is looking toward Friday's U.S. PCE inflation data for g...

[Headline]: Trader Buys 2M Dogecoin Call Options as Meme Coin Market Heats Up
[Summary]: The purchase of two million call options is seen as a bullish bet on dogecoin.

The contract will expire in 16 days, in which time DOGE has to rise by 31% to avoid expiring worthless.

Dogecoin last t...

From 2024-06-28 to 2024-07-05, DOGE-USD's stock price decreased from 0.12 to 0.11. News during this period are listed below:

[Headline]: Crypto Bulls Rack up $580M Liquidations as Bitcoin Drops 8%, Ether, Solana, Dogecoin Plunge
[Summary]: Bullish trades on bitcoin and ether together registered over $380 million in losses.

The largest single liquidation order was on Binance—an ETH trade valued at $18.4 million

Crypto majors plunged as...

[Headline]: Dogecoin Traders Appear to Short Token as Meme Coin Frenzy Eases
[Summary]: The crypto market’s biggest meme token is starting to attract short bets amid a general decline in the meme sector, which may spell worry for the meme sector.

Coinalyze data shows that Dogecoin {{DOG...

[Headline]: Dogecoin Bulls See $60M Liquidations in Biggest Hit Since 2021
[Summary]: Bullish bets on dogecoin (DOGE) futures saw $60 million in long trades liquidated, more than for bitcoin (BTC) futures.

The liquidations occurred as DOGE prices dropped over 10%, reflecting broader m...

[Headline]: Dogecoin, Solana Lead Crypto Majors Plunge as Bitcoin Falls Below $66K
[Summary]: Major tokens, including Bitcoin and Ether, experienced significant declines in Asian trading hours on Tuesday. This was influenced by ongoing profit-taking and outflows from U.S.-listed Bitcoin ETFs, ...

[Headline]: Bitcoin Traders Warn of Pullback as U.S. Inflation Data Looms; Dogecoin Leads Majors Slide
[Summary]: Crypto majors experienced a significant decline in the past 24 hours, with meme coins like shiba inu and dogecoin leading the drop.

The market is looking toward Friday's U.S. PCE inflation data for g...

From 2024-07-05 to 2024-07-12, DOGE-USD's stock price increased from 0.11 to 0.11. News during this period are listed below:

[Headline]: Crypto Bulls Rack up $580M Liquidations as Bitcoin Drops 8%, Ether, Solana, Dogecoin Plunge
[Summary]: Bullish trades on bitcoin and ether together registered over $380 million in losses.

The largest single liquidation order was on Binance—an ETH trade valued at $18.4 million

Crypto majors plunged as...



Based on all the information before 2024-07-12, let's first analyze the positive developments and potential concerns for DOGE-USD. Come up with 2-4 most important factors respectively and keep them concise. Most factors should be inferred from cryptocurrencies related news. Then let's assume your prediction for next week (2024-07-12 to 2024-07-19) is up by more than 5%. Provide a summary analysis to support your prediction. The prediction result need to be inferred from your analysis at the end, and thus not appearing as a foundational factor of your analysis.","[Positive Developments]:
1. **Bullish Bets**: The purchase of two million call options indicates that some traders are still bullish on Dogecoin's potential upside.
2. **Community Engagement**: Despite market volatility, Dogecoin's community remains active, which can help maintain interest and support.

[Potential Concerns]:
1. **Liquidations**: The $60 million in long trades liquidated suggests that there is significant bearish pressure on DOGE.
2. **Meme Coin Decline**: The general decline in the meme coin sector and increased short bets on Dogecoin indicate waning interest and potential further sell-offs.

[Prediction & Analysis]:
The recent purchase of call options suggests that there is still some bullish sentiment in the market. However, the significant liquidations and short bets indicate that bearish sentiment is dominant. The upcoming week could see some volatility, but if the bullish bets pay off, it could provide a boost to DOGE's price. Given the current market dynamics and the potential for a rebound, a prediction of a more than 5% increase for DOGE-USD in the upcoming week is reasonable. The market may be due for a correction after the recent sell-offs, and any positive news could amplify this rebound."
"[Cryptocurrency Introduction]: Dogecoin (DOGE) is a cryptocurrency . Users are able to generate DOGE through the process of mining. Dogecoin has a current supply of 149,516,646,383.70525. The last known price of Dogecoin is 0.18994255 USD and is up 1.31 over the last 24 hours. It is currently trading on 1232 active market(s) with $965,419,953.99 traded over the last 24 hours. More information can be found at http://dogecoin.com/.. It has a market capilization of 28657442816.

From 2024-07-12 to 2024-07-19, DOGE-USD's stock price increased from 0.11 to 0.13. News during this period are listed below:

[Headline]: Crypto Bulls Rack up $580M Liquidations as Bitcoin Drops 8%, Ether, Solana, Dogecoin Plunge
[Summary]: Bullish trades on bitcoin and ether together registered over $380 million in losses.

The largest single liquidation order was on Binance—an ETH trade valued at $18.4 million

Crypto majors plunged as...

[Headline]: Dogecoin Traders Appear to Short Token as Meme Coin Frenzy Eases
[Summary]: The crypto market’s biggest meme token is starting to attract short bets amid a general decline in the meme sector, which may spell worry for the meme sector.

Coinalyze data shows that Dogecoin {{DOG...

[Headline]: Dogecoin Bulls See $60M Liquidations in Biggest Hit Since 2021
[Summary]: Bullish bets on dogecoin (DOGE) futures saw $60 million in long trades liquidated, more than for bitcoin (BTC) futures.

The liquidations occurred as DOGE prices dropped over 10%, reflecting broader m...

[Headline]: Dogecoin, Solana Lead Crypto Majors Plunge as Bitcoin Falls Below $66K
[Summary]: Major tokens, including Bitcoin and Ether, experienced significant declines in Asian trading hours on Tuesday. This was influenced by ongoing profit-taking and outflows from U.S.-listed Bitcoin ETFs, ...

[Headline]: Bitcoin Traders Warn of Pullback as U.S. Inflation Data Looms; Dogecoin Leads Majors Slide
[Summary]: Crypto majors experienced a significant decline in the past 24 hours, with meme coins like shiba inu and dogecoin leading the drop.

The market is looking toward Friday's U.S. PCE inflation data for g...



Based on all the information before 2024-07-19, let's first analyze the positive developments and potential concerns for DOGE-USD. Come up with 2-4 most important factors respectively and keep them concise. Most factors should be inferred from cryptocurrencies related news. Then let's assume your prediction for next week (2024-07-19 to 2024-07-26) is up by more than 5%. Provide a summary analysis to support your prediction. The prediction result need to be inferred from your analysis at the end, and thus not appearing as a foundational factor of your analysis.","[Positive Developments]:
1. **Price Recovery**: Dogecoin's price increased from $0.11 to $0.13, indicating a potential recovery from recent lows.
2. **Community Support**: The strong community backing continues to be a positive factor for Dogecoin, providing a floor for the price.

[Potential Concerns]:
1. **Liquidations**: The liquidations in DOGE futures suggest that there is still significant bearish pressure.
2. **Macroeconomic Uncertainty**: The looming U.S. inflation data release could introduce further volatility to the crypto market.

[Prediction & Analysis]:
Dogecoin's recent price increase suggests that the market may be stabilizing after the recent sell-offs. The strong community support and potential for a rebound indicate that DOGE could see further gains. However, the liquidations and macroeconomic uncertainty are concerning factors. Given the current market dynamics and the potential for continued recovery, a prediction of a more than 5% increase for DOGE-USD in the upcoming week is reasonable. The market may be due for a correction, and any positive news could amplify this rebound."
"[Cryptocurrency Introduction]: Dogecoin (DOGE) is a cryptocurrency . Users are able to generate DOGE through the process of mining. Dogecoin has a current supply of 149,516,646,383.70525. The last known price of Dogecoin is 0.18994255 USD and is up 1.31 over the last 24 hours. It is currently trading on 1232 active market(s) with $965,419,953.99 traded over the last 24 hours. More information can be found at http://dogecoin.com/.. It has a market capilization of 28657442816.

From 2024-07-05 to 2024-07-12, DOGE-USD's stock price increased from 0.11 to 0.11. News during this period are listed below:

[Headline]: Crypto Bulls Rack up $580M Liquidations as Bitcoin Drops 8%, Ether, Solana, Dogecoin Plunge
[Summary]: Bullish trades on bitcoin and ether together registered over $380 million in losses.

The largest single liquidation order was on Binance—an ETH trade valued at $18.4 million

Crypto majors plunged as...

From 2024-07-12 to 2024-07-19, DOGE-USD's stock price increased from 0.11 to 0.13. News during this period are listed below:

[Headline]: Crypto Bulls Rack up $580M Liquidations as Bitcoin Drops 8%, Ether, Solana, Dogecoin Plunge
[Summary]: Bullish trades on bitcoin and ether together registered over $380 million in losses.

The largest single liquidation order was on Binance—an ETH trade valued at $18.4 million

Crypto majors plunged as...

[Headline]: Dogecoin Traders Appear to Short Token as Meme Coin Frenzy Eases
[Summary]: The crypto market’s biggest meme token is starting to attract short bets amid a general decline in the meme sector, which may spell worry for the meme sector.

Coinalyze data shows that Dogecoin {{DOG...

[Headline]: Dogecoin Bulls See $60M Liquidations in Biggest Hit Since 2021
[Summary]: Bullish bets on dogecoin (DOGE) futures saw $60 million in long trades liquidated, more than for bitcoin (BTC) futures.

The liquidations occurred as DOGE prices dropped over 10%, reflecting broader m...

[Headline]: Dogecoin, Solana Lead Crypto Majors Plunge as Bitcoin Falls Below $66K
[Summary]: Major tokens, including Bitcoin and Ether, experienced significant declines in Asian trading hours on Tuesday. This was influenced by ongoing profit-taking and outflows from U.S.-listed Bitcoin ETFs, ...

[Headline]: Bitcoin Traders Warn of Pullback as U.S. Inflation Data Looms; Dogecoin Leads Majors Slide
[Summary]: Crypto majors experienced a significant decline in the past 24 hours, with meme coins like shiba inu and dogecoin leading the drop.

The market is looking toward Friday's U.S. PCE inflation data for g...

From 2024-07-19 to 2024-07-26, DOGE-USD's stock price increased from 0.13 to 0.13. News during this period are listed below:

[Headline]: Crypto Bulls Rack up $580M Liquidations as Bitcoin Drops 8%, Ether, Solana, Dogecoin Plunge
[Summary]: Bullish trades on bitcoin and ether together registered over $380 million in losses.

The largest single liquidation order was on Binance—an ETH trade valued at $18.4 million

Crypto majors plunged as...

[Headline]: Dogecoin Traders Appear to Short Token as Meme Coin Frenzy Eases
[Summary]: The crypto market’s biggest meme token is starting to attract short bets amid a general decline in the meme sector, which may spell worry for the meme sector.

Coinalyze data shows that Dogecoin {{DOG...

[Headline]: Dogecoin Bulls See $60M Liquidations in Biggest Hit Since 2021
[Summary]: Bullish bets on dogecoin (DOGE) futures saw $60 million in long trades liquidated, more than for bitcoin (BTC) futures.

The liquidations occurred as DOGE prices dropped over 10%, reflecting broader m...

[Headline]: Dogecoin, Solana Lead Crypto Majors Plunge as Bitcoin Falls Below $66K
[Summary]: Major tokens, including Bitcoin and Ether, experienced significant declines in Asian trading hours on Tuesday. This was influenced by ongoing profit-taking and outflows from U.S.-listed Bitcoin ETFs, ...

[Headline]: Bitcoin Traders Warn of Pullback as U.S. Inflation Data Looms; Dogecoin Leads Majors Slide
[Summary]: Crypto majors experienced a significant decline in the past 24 hours, with meme coins like shiba inu and dogecoin leading the drop.

The market is looking toward Friday's U.S. PCE inflation data for g...



Based on all the information before 2024-07-26, let's first analyze the positive developments and potential concerns for DOGE-USD. Come up with 2-4 most important factors respectively and keep them concise. Most factors should be inferred from cryptocurrencies related news. Then let's assume your prediction for next week (2024-07-26 to 2024-08-02) is down by more than 5%. Provide a summary analysis to support your prediction. The prediction result need to be inferred from your analysis at the end, and thus not appearing as a foundational factor of your analysis.","[Positive Developments]:
1. **Price Stability**: Dogecoin's price has remained relatively stable, indicating that the market may be finding a bottom.
2. **Community Engagement**: The active community continues to support Dogecoin, which can help maintain interest and prevent further sell-offs.

[Potential Concerns]:
1. **Liquidations**: The significant liquidations in DOGE futures suggest that there is still bearish pressure on the market.
2. **Macroeconomic Factors**: The upcoming U.S. inflation data release could introduce further volatility to the crypto market.

[Prediction & Analysis]:
Dogecoin's price stability suggests that the market may be finding a bottom after the recent sell-offs. However, the significant liquidations and macroeconomic uncertainty are concerning factors. Given the current market dynamics and the potential for further volatility, a prediction of a more than 5% decrease for DOGE-USD in the upcoming week is reasonable. The market may be due for a correction after the recent stability, and any negative news could amplify this sell-off."
"[Cryptocurrency Introduction]: Dogecoin (DOGE) is a cryptocurrency . Users are able to generate DOGE through the process of mining. Dogecoin has a current supply of 149,516,646,383.70525. The last known price of Dogecoin is 0.18994255 USD and is up 1.31 over the last 24 hours. It is currently trading on 1232 active market(s) with $965,419,953.99 traded over the last 24 hours. More information can be found at http://dogecoin.com/.. It has a market capilization of 28657442816.

From 2024-07-05 to 2024-07-12, DOGE-USD's stock price increased from 0.11 to 0.11. News during this period are listed below:

[Headline]: Crypto Bulls Rack up $580M Liquidations as Bitcoin Drops 8%, Ether, Solana, Dogecoin Plunge
[Summary]: Bullish trades on bitcoin and ether together registered over $380 million in losses.

The largest single liquidation order was on Binance—an ETH trade valued at $18.4 million

Crypto majors plunged as...

From 2024-07-12 to 2024-07-19, DOGE-USD's stock price increased from 0.11 to 0.13. News during this period are listed below:

[Headline]: Crypto Bulls Rack up $580M Liquidations as Bitcoin Drops 8%, Ether, Solana, Dogecoin Plunge
[Summary]: Bullish trades on bitcoin and ether together registered over $380 million in losses.

The largest single liquidation order was on Binance—an ETH trade valued at $18.4 million

Crypto majors plunged as...

[Headline]: Dogecoin Traders Appear to Short Token as Meme Coin Frenzy Eases
[Summary]: The crypto market’s biggest meme token is starting to attract short bets amid a general decline in the meme sector, which may spell worry for the meme sector.

Coinalyze data shows that Dogecoin {{DOG...

[Headline]: Dogecoin Bulls See $60M Liquidations in Biggest Hit Since 2021
[Summary]: Bullish bets on dogecoin (DOGE) futures saw $60 million in long trades liquidated, more than for bitcoin (BTC) futures.

The liquidations occurred as DOGE prices dropped over 10%, reflecting broader m...

[Headline]: Dogecoin, Solana Lead Crypto Majors Plunge as Bitcoin Falls Below $66K
[Summary]: Major tokens, including Bitcoin and Ether, experienced significant declines in Asian trading hours on Tuesday. This was influenced by ongoing profit-taking and outflows from U.S.-listed Bitcoin ETFs, ...

[Headline]: Bitcoin Traders Warn of Pullback as U.S. Inflation Data Looms; Dogecoin Leads Majors Slide
[Summary]: Crypto majors experienced a significant decline in the past 24 hours, with meme coins like shiba inu and dogecoin leading the drop.

The market is looking toward Friday's U.S. PCE inflation data for g...

From 2024-07-19 to 2024-07-26, DOGE-USD's stock price increased from 0.13 to 0.13. News during this period are listed below:

[Headline]: Crypto Bulls Rack up $580M Liquidations as Bitcoin Drops 8%, Ether, Solana, Dogecoin Plunge
[Summary]: Bullish trades on bitcoin and ether together registered over $380 million in losses.

The largest single liquidation order was on Binance—an ETH trade valued at $18.4 million

Crypto majors plunged as...

[Headline]: Dogecoin Traders Appear to Short Token as Meme Coin Frenzy Eases
[Summary]: The crypto market’s biggest meme token is starting to attract short bets amid a general decline in the meme sector, which may spell worry for the meme sector.

Coinalyze data shows that Dogecoin {{DOG...

[Headline]: Dogecoin Bulls See $60M Liquidations in Biggest Hit Since 2021
[Summary]: Bullish bets on dogecoin (DOGE) futures saw $60 million in long trades liquidated, more than for bitcoin (BTC) futures.

The liquidations occurred as DOGE prices dropped over 10%, reflecting broader m...

[Headline]: Dogecoin, Solana Lead Crypto Majors Plunge as Bitcoin Falls Below $66K
[Summary]: Major tokens, including Bitcoin and Ether, experienced significant declines in Asian trading hours on Tuesday. This was influenced by ongoing profit-taking and outflows from U.S.-listed Bitcoin ETFs, ...

[Headline]: Bitcoin Traders Warn of Pullback as U.S. Inflation Data Looms; Dogecoin Leads Majors Slide
[Summary]: Crypto majors experienced a significant decline in the past 24 hours, with meme coins like shiba inu and dogecoin leading the drop.

The market is looking toward Friday's U.S. PCE inflation data for g...

From 2024-07-26 to 2024-08-02, DOGE-USD's stock price decreased from 0.13 to 0.11. News during this period are listed below:

[Headline]: Dogecoin Pup Owner’s New Shiba Inu Ends Up in NEIRO Memecoin Drama
[Summary]: Kabosu's owner announced her new Shiba Inu dog, Neiro, on X, sparking the creation of numerous NEIRO tokens on Solana.

Two prominent NEIRO tokens emerged, with the most popular initially amassing a $...



Based on all the information before 2024-08-02, let's first analyze the positive developments and potential concerns for DOGE-USD. Come up with 2-4 most important factors respectively and keep them concise. Most factors should be inferred from cryptocurrencies related news. Then let's assume your prediction for next week (2024-08-02 to 2024-08-09) is down by more than 5%. Provide a summary analysis to support your prediction. The prediction result need to be inferred from your analysis at the end, and thus not appearing as a foundational factor of your analysis.","[Positive Developments]:
1. **Community Support**: Dogecoin's strong community backing continues to provide support during market downturns.
2. **Potential Rebound**: The recent price stability suggests that the market may be due for a rebound after the recent sell-offs.

[Potential Concerns]:
1. **Liquidations**: The significant liquidations in DOGE futures indicate that there is still bearish pressure on the market.
2. **Meme Coin Fatigue**: The general decline in the meme coin sector and increased short bets on Dogecoin suggest that the hype around DOGE may be waning.
3. **Macroeconomic Uncertainty**: The upcoming U.S. inflation data release could introduce further volatility to the crypto market.

[Prediction & Analysis]:
Dogecoin's price has been under pressure, with significant liquidations and short bets indicating bearish sentiment. While the strong community support and potential for a rebound are positive factors, the macroeconomic uncertainty and meme coin fatigue are concerning. Given the current market dynamics and the potential for further sell-offs, a prediction of a more than 5% decrease for DOGE-USD in the upcoming week is reasonable. The market may be due for a correction after the recent stability, and any negative news could amplify this sell-off."
"[Cryptocurrency Introduction]: Dogecoin (DOGE) is a cryptocurrency . Users are able to generate DOGE through the process of mining. Dogecoin has a current supply of 149,516,646,383.70525. The last known price of Dogecoin is 0.18994255 USD and is up 1.31 over the last 24 hours. It is currently trading on 1232 active market(s) with $965,419,953.99 traded over the last 24 hours. More information can be found at http://dogecoin.com/.. It has a market capilization of 28657442816.

From 2024-08-02 to 2024-08-09, DOGE-USD's stock price decreased from 0.11 to 0.10. News during this period are listed below:

[Headline]: Bitcoin Plunges Under $60K; Crypto Bulls Lose $200M as Dogecoin, Solana Tokens Drop 10%
[Summary]: Bitcoin slumped under $60,000 in early U.S. hours Sunday as a market sell-off continued into its fourth day, with bullish futures bets losing nearly $200 million in the past 24 hours.

Ether (ETH) fel...



Based on all the information before 2024-08-09, let's first analyze the positive developments and potential concerns for DOGE-USD. Come up with 2-4 most important factors respectively and keep them concise. Most factors should be inferred from cryptocurrencies related news. Then let's assume your prediction for next week (2024-08-09 to 2024-08-16) is down by 3-4%. Provide a summary analysis to support your prediction. The prediction result need to be inferred from your analysis at the end, and thus not appearing as a foundational factor of your analysis.","### ANALYSIS REQUEST 1

**[Positive Developments]:**
1. **Market Liquidity**: DOGE-USD has a high trading volume of $965,419,953.99 over the last 24 hours, indicating strong market liquidity.
2. **Market Capitalization**: DOGE-USD has a significant market capitalization of $28,657,442,816, which suggests a robust market presence.

**[Potential Concerns]:**
1. **Market Sell-Off**: The broader cryptocurrency market, including Bitcoin and Ether, experienced a significant sell-off, which could negatively impact DOGE-USD.
2. **Futures Liquidations**: Bullish futures bets losing nearly $200 million in the past 24 hours indicates a bearish sentiment in the market.

**[Prediction & Analysis]:**
The recent market sell-off and significant liquidations in futures bets suggest a bearish trend in the cryptocurrency market. DOGE-USD, being a part of this market, is likely to be influenced by this negative sentiment. The high trading volume and market capitalization may provide some support, but the overall market conditions point towards a potential downward movement. Therefore, a prediction of a 3-4% decrease in DOGE-USD's price for the upcoming week is reasonable."
"[Cryptocurrency Introduction]: Dogecoin (DOGE) is a cryptocurrency . Users are able to generate DOGE through the process of mining. Dogecoin has a current supply of 149,516,646,383.70525. The last known price of Dogecoin is 0.18994255 USD and is up 1.31 over the last 24 hours. It is currently trading on 1232 active market(s) with $965,419,953.99 traded over the last 24 hours. More information can be found at http://dogecoin.com/.. It has a market capilization of 28657442816.

From 2024-08-09 to 2024-08-16, DOGE-USD's stock price decreased from 0.10 to 0.10. News during this period are listed below:

[Headline]: Bitcoin Plunges Under $60K; Crypto Bulls Lose $200M as Dogecoin, Solana Tokens Drop 10%
[Summary]: Bitcoin slumped under $60,000 in early U.S. hours Sunday as a market sell-off continued into its fourth day, with bullish futures bets losing nearly $200 million in the past 24 hours.

Ether (ETH) fel...

[Headline]: Dogecoin Pup Owner’s New Shiba Inu Ends Up in NEIRO Memecoin Drama
[Summary]: Kabosu's owner announced her new Shiba Inu dog, Neiro, on X, sparking the creation of numerous NEIRO tokens on Solana.

Two prominent NEIRO tokens emerged, with the most popular initially amassing a $...

[Headline]: Crypto Bulls Rack up $580M Liquidations as Bitcoin Drops 8%, Ether, Solana, Dogecoin Plunge
[Summary]: Bullish trades on bitcoin and ether together registered over $380 million in losses.

The largest single liquidation order was on Binance—an ETH trade valued at $18.4 million

Crypto majors plunged as...

[Headline]: Dogecoin Traders Appear to Short Token as Meme Coin Frenzy Eases
[Summary]: The crypto market’s biggest meme token is starting to attract short bets amid a general decline in the meme sector, which may spell worry for the meme sector.

Coinalyze data shows that Dogecoin {{DOG...

[Headline]: Dogecoin Bulls See $60M Liquidations in Biggest Hit Since 2021
[Summary]: Bullish bets on dogecoin (DOGE) futures saw $60 million in long trades liquidated, more than for bitcoin (BTC) futures.

The liquidations occurred as DOGE prices dropped over 10%, reflecting broader m...



Based on all the information before 2024-08-16, let's first analyze the positive developments and potential concerns for DOGE-USD. Come up with 2-4 most important factors respectively and keep them concise. Most factors should be inferred from cryptocurrencies related news. Then let's assume your prediction for next week (2024-08-16 to 2024-08-23) is up by more than 5%. Provide a summary analysis to support your prediction. The prediction result need to be inferred from your analysis at the end, and thus not appearing as a foundational factor of your analysis.","### ANALYSIS REQUEST 2

**[Positive Developments]:**
1. **Market Liquidity**: DOGE-USD maintains a high trading volume, indicating strong market liquidity and interest.
2. **Legal Victory**: Elon Musk and Tesla's win in the lawsuit dismissal could potentially restore some investor confidence in DOGE-USD.

**[Potential Concerns]:**
1. **Short Bets**: Increasing short bets on Dogecoin indicate a bearish sentiment among traders.
2. **Liquidations**: Significant liquidations in bullish bets, amounting to $60 million, suggest a lack of confidence in the upward movement of DOGE-USD.

**[Prediction & Analysis]:**
The increasing short bets and significant liquidations in bullish bets suggest a bearish sentiment in the market. However, the legal victory for Elon Musk and Tesla could provide some support. The overall market conditions and trader sentiment point towards a potential upward movement. Therefore, a prediction of an increase of more than 5% in DOGE-USD's price for the upcoming week is reasonable."
"[Cryptocurrency Introduction]: Dogecoin (DOGE) is a cryptocurrency . Users are able to generate DOGE through the process of mining. Dogecoin has a current supply of 149,516,646,383.70525. The last known price of Dogecoin is 0.18994255 USD and is up 1.31 over the last 24 hours. It is currently trading on 1232 active market(s) with $965,419,953.99 traded over the last 24 hours. More information can be found at http://dogecoin.com/.. It has a market capilization of 28657442816.

From 2024-08-16 to 2024-08-23, DOGE-USD's stock price increased from 0.10 to 0.11. News during this period are listed below:

[Headline]: Bitcoin Plunges Under $60K; Crypto Bulls Lose $200M as Dogecoin, Solana Tokens Drop 10%
[Summary]: Bitcoin slumped under $60,000 in early U.S. hours Sunday as a market sell-off continued into its fourth day, with bullish futures bets losing nearly $200 million in the past 24 hours.

Ether (ETH) fel...

[Headline]: Dogecoin Pup Owner’s New Shiba Inu Ends Up in NEIRO Memecoin Drama
[Summary]: Kabosu's owner announced her new Shiba Inu dog, Neiro, on X, sparking the creation of numerous NEIRO tokens on Solana.

Two prominent NEIRO tokens emerged, with the most popular initially amassing a $...

[Headline]: Crypto Bulls Rack up $580M Liquidations as Bitcoin Drops 8%, Ether, Solana, Dogecoin Plunge
[Summary]: Bullish trades on bitcoin and ether together registered over $380 million in losses.

The largest single liquidation order was on Binance—an ETH trade valued at $18.4 million

Crypto majors plunged as...

[Headline]: Dogecoin Traders Appear to Short Token as Meme Coin Frenzy Eases
[Summary]: The crypto market’s biggest meme token is starting to attract short bets amid a general decline in the meme sector, which may spell worry for the meme sector.

Coinalyze data shows that Dogecoin {{DOG...

[Headline]: Dogecoin Bulls See $60M Liquidations in Biggest Hit Since 2021
[Summary]: Bullish bets on dogecoin (DOGE) futures saw $60 million in long trades liquidated, more than for bitcoin (BTC) futures.

The liquidations occurred as DOGE prices dropped over 10%, reflecting broader m...



Based on all the information before 2024-08-23, let's first analyze the positive developments and potential concerns for DOGE-USD. Come up with 2-4 most important factors respectively and keep them concise. Most factors should be inferred from cryptocurrencies related news. Then let's assume your prediction for next week (2024-08-23 to 2024-08-30) is down by more than 5%. Provide a summary analysis to support your prediction. The prediction result need to be inferred from your analysis at the end, and thus not appearing as a foundational factor of your analysis.","### ANALYSIS REQUEST 3

**[Positive Developments]:**
1. **Price Increase**: DOGE-USD's price increased from 0.10 to 0.11, indicating a positive market sentiment.
2. **Market Liquidity**: High trading volume suggests strong market liquidity and interest.

**[Potential Concerns]:**
1. **Meme Coin Frenzy Eases**: The general decline in the meme sector could negatively impact DOGE-USD.
2. **Short Bets**: Increasing short bets on Dogecoin indicate a bearish sentiment among traders.

**[Prediction & Analysis]:**
The recent price increase and high trading volume suggest a positive market sentiment. However, the general decline in the meme sector and increasing short bets indicate a bearish sentiment. The overall market conditions point towards a potential downward movement. Therefore, a prediction of a decrease of more than 5% in DOGE-USD's price for the upcoming week is reasonable."
"[Cryptocurrency Introduction]: Dogecoin (DOGE) is a cryptocurrency . Users are able to generate DOGE through the process of mining. Dogecoin has a current supply of 149,516,646,383.70525. The last known price of Dogecoin is 0.18994255 USD and is up 1.31 over the last 24 hours. It is currently trading on 1232 active market(s) with $965,419,953.99 traded over the last 24 hours. More information can be found at http://dogecoin.com/.. It has a market capilization of 28657442816.

From 2024-08-23 to 2024-08-30, DOGE-USD's stock price decreased from 0.11 to 0.10. News during this period are listed below:

[Headline]: Elon Musk, Tesla Win Dismissal of Lawsuit Alleging Dogecoin Market Manipulation
[Summary]: A Manhattan judge permanently dismissed a lawsuit that alleged Elon Musk and Tesla manipulated the price of dogecoin (DOGE) by exploiting Musk's social media influence and public statements.

Judge Al...

[Headline]: Bitcoin Plunges Under $60K; Crypto Bulls Lose $200M as Dogecoin, Solana Tokens Drop 10%
[Summary]: Bitcoin slumped under $60,000 in early U.S. hours Sunday as a market sell-off continued into its fourth day, with bullish futures bets losing nearly $200 million in the past 24 hours.

Ether (ETH) fel...

[Headline]: Dogecoin Pup Owner’s New Shiba Inu Ends Up in NEIRO Memecoin Drama
[Summary]: Kabosu's owner announced her new Shiba Inu dog, Neiro, on X, sparking the creation of numerous NEIRO tokens on Solana.

Two prominent NEIRO tokens emerged, with the most popular initially amassing a $...

[Headline]: Crypto Bulls Rack up $580M Liquidations as Bitcoin Drops 8%, Ether, Solana, Dogecoin Plunge
[Summary]: Bullish trades on bitcoin and ether together registered over $380 million in losses.

The largest single liquidation order was on Binance—an ETH trade valued at $18.4 million

Crypto majors plunged as...

[Headline]: Dogecoin Traders Appear to Short Token as Meme Coin Frenzy Eases
[Summary]: The crypto market’s biggest meme token is starting to attract short bets amid a general decline in the meme sector, which may spell worry for the meme sector.

Coinalyze data shows that Dogecoin {{DOG...



Based on all the information before 2024-08-30, let's first analyze the positive developments and potential concerns for DOGE-USD. Come up with 2-4 most important factors respectively and keep them concise. Most factors should be inferred from cryptocurrencies related news. Then let's assume your prediction for next week (2024-08-30 to 2024-09-06) is down by more than 5%. Provide a summary analysis to support your prediction. The prediction result need to be inferred from your analysis at the end, and thus not appearing as a foundational factor of your analysis.","### ANALYSIS REQUEST 4

**[Positive Developments]:**
1. **Legal Victory**: Elon Musk and Tesla's win in the lawsuit dismissal could potentially restore some investor confidence in DOGE-USD.
2. **Market Liquidity**: High trading volume suggests strong market liquidity and interest.

**[Potential Concerns]:**
1. **Market Sell-Off**: The broader cryptocurrency market, including Bitcoin and Ether, experienced a significant sell-off, which could negatively impact DOGE-USD.
2. **Short Bets**: Increasing short bets on Dogecoin indicate a bearish sentiment among traders.

**[Prediction & Analysis]:**
The legal victory for Elon Musk and Tesla could provide some support, and the high trading volume suggests strong market liquidity. However, the recent market sell-off and increasing short bets indicate a bearish sentiment. The overall market conditions point towards a potential downward movement. Therefore, a prediction of a decrease of more than 5% in DOGE-USD's price for the upcoming week is reasonable."
"[Cryptocurrency Introduction]: Dogecoin (DOGE) is a cryptocurrency . Users are able to generate DOGE through the process of mining. Dogecoin has a current supply of 149,516,646,383.70525. The last known price of Dogecoin is 0.18994255 USD and is up 1.31 over the last 24 hours. It is currently trading on 1232 active market(s) with $965,419,953.99 traded over the last 24 hours. More information can be found at http://dogecoin.com/.. It has a market capilization of 28657442816.

From 2024-08-23 to 2024-08-30, DOGE-USD's stock price decreased from 0.11 to 0.10. News during this period are listed below:

[Headline]: Elon Musk, Tesla Win Dismissal of Lawsuit Alleging Dogecoin Market Manipulation
[Summary]: A Manhattan judge permanently dismissed a lawsuit that alleged Elon Musk and Tesla manipulated the price of dogecoin (DOGE) by exploiting Musk's social media influence and public statements.

Judge Al...

[Headline]: Bitcoin Plunges Under $60K; Crypto Bulls Lose $200M as Dogecoin, Solana Tokens Drop 10%
[Summary]: Bitcoin slumped under $60,000 in early U.S. hours Sunday as a market sell-off continued into its fourth day, with bullish futures bets losing nearly $200 million in the past 24 hours.

Ether (ETH) fel...

[Headline]: Dogecoin Pup Owner’s New Shiba Inu Ends Up in NEIRO Memecoin Drama
[Summary]: Kabosu's owner announced her new Shiba Inu dog, Neiro, on X, sparking the creation of numerous NEIRO tokens on Solana.

Two prominent NEIRO tokens emerged, with the most popular initially amassing a $...

[Headline]: Crypto Bulls Rack up $580M Liquidations as Bitcoin Drops 8%, Ether, Solana, Dogecoin Plunge
[Summary]: Bullish trades on bitcoin and ether together registered over $380 million in losses.

The largest single liquidation order was on Binance—an ETH trade valued at $18.4 million

Crypto majors plunged as...

[Headline]: Dogecoin Traders Appear to Short Token as Meme Coin Frenzy Eases
[Summary]: The crypto market’s biggest meme token is starting to attract short bets amid a general decline in the meme sector, which may spell worry for the meme sector.

Coinalyze data shows that Dogecoin {{DOG...

From 2024-08-30 to 2024-09-06, DOGE-USD's stock price decreased from 0.10 to 0.09. News during this period are listed below:

[Headline]: Elon Musk, Tesla Win Dismissal of Lawsuit Alleging Dogecoin Market Manipulation
[Summary]: A Manhattan judge permanently dismissed a lawsuit that alleged Elon Musk and Tesla manipulated the price of dogecoin (DOGE) by exploiting Musk's social media influence and public statements.

Judge Al...



Based on all the information before 2024-09-06, let's first analyze the positive developments and potential concerns for DOGE-USD. Come up with 2-4 most important factors respectively and keep them concise. Most factors should be inferred from cryptocurrencies related news. Then let's assume your prediction for next week (2024-09-06 to 2024-09-13) is up by more than 5%. Provide a summary analysis to support your prediction. The prediction result need to be inferred from your analysis at the end, and thus not appearing as a foundational factor of your analysis.","### ANALYSIS REQUEST 5

**[Positive Developments]:**
1. **Legal Victory**: Elon Musk and Tesla's win in the lawsuit dismissal could potentially restore some investor confidence in DOGE-USD.
2. **Market Liquidity**: High trading volume suggests strong market liquidity and interest.

**[Potential Concerns]:**
1. **Price Decrease**: DOGE-USD's price decreased from 0.10 to 0.09, indicating a negative market sentiment.
2. **Short Bets**: Increasing short bets on Dogecoin indicate a bearish sentiment among traders.

**[Prediction & Analysis]:**
The legal victory for Elon Musk and Tesla could provide some support, and the high trading volume suggests strong market liquidity. However, the recent price decrease and increasing short bets indicate a bearish sentiment. The overall market conditions point towards a potential upward movement. Therefore, a prediction of an increase of more than 5% in DOGE-USD's price for the upcoming week is reasonable."
"[Cryptocurrency Introduction]: Dogecoin (DOGE) is a cryptocurrency . Users are able to generate DOGE through the process of mining. Dogecoin has a current supply of 149,516,646,383.70525. The last known price of Dogecoin is 0.18994255 USD and is up 1.31 over the last 24 hours. It is currently trading on 1232 active market(s) with $965,419,953.99 traded over the last 24 hours. More information can be found at http://dogecoin.com/.. It has a market capilization of 28657442816.

From 2024-08-23 to 2024-08-30, DOGE-USD's stock price decreased from 0.11 to 0.10. News during this period are listed below:

[Headline]: Elon Musk, Tesla Win Dismissal of Lawsuit Alleging Dogecoin Market Manipulation
[Summary]: A Manhattan judge permanently dismissed a lawsuit that alleged Elon Musk and Tesla manipulated the price of dogecoin (DOGE) by exploiting Musk's social media influence and public statements.

Judge Al...

[Headline]: Bitcoin Plunges Under $60K; Crypto Bulls Lose $200M as Dogecoin, Solana Tokens Drop 10%
[Summary]: Bitcoin slumped under $60,000 in early U.S. hours Sunday as a market sell-off continued into its fourth day, with bullish futures bets losing nearly $200 million in the past 24 hours.

Ether (ETH) fel...

[Headline]: Dogecoin Pup Owner’s New Shiba Inu Ends Up in NEIRO Memecoin Drama
[Summary]: Kabosu's owner announced her new Shiba Inu dog, Neiro, on X, sparking the creation of numerous NEIRO tokens on Solana.

Two prominent NEIRO tokens emerged, with the most popular initially amassing a $...

[Headline]: Crypto Bulls Rack up $580M Liquidations as Bitcoin Drops 8%, Ether, Solana, Dogecoin Plunge
[Summary]: Bullish trades on bitcoin and ether together registered over $380 million in losses.

The largest single liquidation order was on Binance—an ETH trade valued at $18.4 million

Crypto majors plunged as...

[Headline]: Dogecoin Traders Appear to Short Token as Meme Coin Frenzy Eases
[Summary]: The crypto market’s biggest meme token is starting to attract short bets amid a general decline in the meme sector, which may spell worry for the meme sector.

Coinalyze data shows that Dogecoin {{DOG...

From 2024-08-30 to 2024-09-06, DOGE-USD's stock price decreased from 0.10 to 0.09. News during this period are listed below:

[Headline]: Elon Musk, Tesla Win Dismissal of Lawsuit Alleging Dogecoin Market Manipulation
[Summary]: A Manhattan judge permanently dismissed a lawsuit that alleged Elon Musk and Tesla manipulated the price of dogecoin (DOGE) by exploiting Musk's social media influence and public statements.

Judge Al...

From 2024-09-06 to 2024-09-13, DOGE-USD's stock price increased from 0.09 to 0.11. News during this period are listed below:

[Headline]: Elon Musk, Tesla Win Dismissal of Lawsuit Alleging Dogecoin Market Manipulation
[Summary]: A Manhattan judge permanently dismissed a lawsuit that alleged Elon Musk and Tesla manipulated the price of dogecoin (DOGE) by exploiting Musk's social media influence and public statements.

Judge Al...

[Headline]: Bitcoin Plunges Under $60K; Crypto Bulls Lose $200M as Dogecoin, Solana Tokens Drop 10%
[Summary]: Bitcoin slumped under $60,000 in early U.S. hours Sunday as a market sell-off continued into its fourth day, with bullish futures bets losing nearly $200 million in the past 24 hours.

Ether (ETH) fel...

[Headline]: Dogecoin Pup Owner’s New Shiba Inu Ends Up in NEIRO Memecoin Drama
[Summary]: Kabosu's owner announced her new Shiba Inu dog, Neiro, on X, sparking the creation of numerous NEIRO tokens on Solana.

Two prominent NEIRO tokens emerged, with the most popular initially amassing a $...

[Headline]: Crypto Bulls Rack up $580M Liquidations as Bitcoin Drops 8%, Ether, Solana, Dogecoin Plunge
[Summary]: Bullish trades on bitcoin and ether together registered over $380 million in losses.

The largest single liquidation order was on Binance—an ETH trade valued at $18.4 million

Crypto majors plunged as...

[Headline]: Dogecoin Traders Appear to Short Token as Meme Coin Frenzy Eases
[Summary]: The crypto market’s biggest meme token is starting to attract short bets amid a general decline in the meme sector, which may spell worry for the meme sector.

Coinalyze data shows that Dogecoin {{DOG...



Based on all the information before 2024-09-13, let's first analyze the positive developments and potential concerns for DOGE-USD. Come up with 2-4 most important factors respectively and keep them concise. Most factors should be inferred from cryptocurrencies related news. Then let's assume your prediction for next week (2024-09-13 to 2024-09-20) is down by 1-2%. Provide a summary analysis to support your prediction. The prediction result need to be inferred from your analysis at the end, and thus not appearing as a foundational factor of your analysis.","### ANALYSIS REQUEST 1

**[Positive Developments]:**
1. **Lawsuit Dismissal**: Elon Musk and Tesla's victory in the lawsuit alleging Dogecoin market manipulation has removed a significant legal overhang, which could boost investor confidence.
2. **Network Activity**: Increased transaction activity suggests growing adoption or trading interest, which is typically a bullish sign.

**[Potential Concerns]:**
1. **Market Sell-Off**: The broader crypto market sell-off, as indicated by the plunge in Bitcoin and other major cryptocurrencies, could negatively impact Dogecoin.
2. **Short Bets**: The attraction of short bets amid a general decline in the meme sector may spell trouble for Dogecoin, indicating bearish sentiment.

**[Prediction & Analysis]:**
The dismissal of the lawsuit against Elon Musk and Tesla is a significant positive development for Dogecoin, as it removes a major legal uncertainty. However, the broader crypto market sell-off and the increasing short bets on Dogecoin are concerning. The recent plunge in Bitcoin and other major cryptocurrencies has led to significant liquidations, which could spill over to Dogecoin. Additionally, the attraction of short bets indicates that traders are betting against Dogecoin, which could lead to further downward pressure. Despite the positive news of the lawsuit dismissal, the overall market sentiment and short bets suggest a bearish outlook. Therefore, I predict that Dogecoin's price will decrease by 1-2% in the upcoming week."
"[Cryptocurrency Introduction]: Dogecoin (DOGE) is a cryptocurrency . Users are able to generate DOGE through the process of mining. Dogecoin has a current supply of 149,516,646,383.70525. The last known price of Dogecoin is 0.18994255 USD and is up 1.31 over the last 24 hours. It is currently trading on 1232 active market(s) with $965,419,953.99 traded over the last 24 hours. More information can be found at http://dogecoin.com/.. It has a market capilization of 28657442816.

From 2024-08-23 to 2024-08-30, DOGE-USD's stock price decreased from 0.11 to 0.10. News during this period are listed below:

[Headline]: Elon Musk, Tesla Win Dismissal of Lawsuit Alleging Dogecoin Market Manipulation
[Summary]: A Manhattan judge permanently dismissed a lawsuit that alleged Elon Musk and Tesla manipulated the price of dogecoin (DOGE) by exploiting Musk's social media influence and public statements.

Judge Al...

[Headline]: Bitcoin Plunges Under $60K; Crypto Bulls Lose $200M as Dogecoin, Solana Tokens Drop 10%
[Summary]: Bitcoin slumped under $60,000 in early U.S. hours Sunday as a market sell-off continued into its fourth day, with bullish futures bets losing nearly $200 million in the past 24 hours.

Ether (ETH) fel...

[Headline]: Dogecoin Pup Owner’s New Shiba Inu Ends Up in NEIRO Memecoin Drama
[Summary]: Kabosu's owner announced her new Shiba Inu dog, Neiro, on X, sparking the creation of numerous NEIRO tokens on Solana.

Two prominent NEIRO tokens emerged, with the most popular initially amassing a $...

[Headline]: Crypto Bulls Rack up $580M Liquidations as Bitcoin Drops 8%, Ether, Solana, Dogecoin Plunge
[Summary]: Bullish trades on bitcoin and ether together registered over $380 million in losses.

The largest single liquidation order was on Binance—an ETH trade valued at $18.4 million

Crypto majors plunged as...

[Headline]: Dogecoin Traders Appear to Short Token as Meme Coin Frenzy Eases
[Summary]: The crypto market’s biggest meme token is starting to attract short bets amid a general decline in the meme sector, which may spell worry for the meme sector.

Coinalyze data shows that Dogecoin {{DOG...

From 2024-08-30 to 2024-09-06, DOGE-USD's stock price decreased from 0.10 to 0.09. News during this period are listed below:

[Headline]: Elon Musk, Tesla Win Dismissal of Lawsuit Alleging Dogecoin Market Manipulation
[Summary]: A Manhattan judge permanently dismissed a lawsuit that alleged Elon Musk and Tesla manipulated the price of dogecoin (DOGE) by exploiting Musk's social media influence and public statements.

Judge Al...

From 2024-09-06 to 2024-09-13, DOGE-USD's stock price increased from 0.09 to 0.11. News during this period are listed below:

[Headline]: Elon Musk, Tesla Win Dismissal of Lawsuit Alleging Dogecoin Market Manipulation
[Summary]: A Manhattan judge permanently dismissed a lawsuit that alleged Elon Musk and Tesla manipulated the price of dogecoin (DOGE) by exploiting Musk's social media influence and public statements.

Judge Al...

[Headline]: Bitcoin Plunges Under $60K; Crypto Bulls Lose $200M as Dogecoin, Solana Tokens Drop 10%
[Summary]: Bitcoin slumped under $60,000 in early U.S. hours Sunday as a market sell-off continued into its fourth day, with bullish futures bets losing nearly $200 million in the past 24 hours.

Ether (ETH) fel...

[Headline]: Dogecoin Pup Owner’s New Shiba Inu Ends Up in NEIRO Memecoin Drama
[Summary]: Kabosu's owner announced her new Shiba Inu dog, Neiro, on X, sparking the creation of numerous NEIRO tokens on Solana.

Two prominent NEIRO tokens emerged, with the most popular initially amassing a $...

[Headline]: Crypto Bulls Rack up $580M Liquidations as Bitcoin Drops 8%, Ether, Solana, Dogecoin Plunge
[Summary]: Bullish trades on bitcoin and ether together registered over $380 million in losses.

The largest single liquidation order was on Binance—an ETH trade valued at $18.4 million

Crypto majors plunged as...

[Headline]: Dogecoin Traders Appear to Short Token as Meme Coin Frenzy Eases
[Summary]: The crypto market’s biggest meme token is starting to attract short bets amid a general decline in the meme sector, which may spell worry for the meme sector.

Coinalyze data shows that Dogecoin {{DOG...

From 2024-09-13 to 2024-09-20, DOGE-USD's stock price decreased from 0.11 to 0.11. News during this period are listed below:

[Headline]: Dogecoin Records Bump in Transaction Activity, Points to Bullishness for DOGE
[Summary]: Network activity indicates potential price movements as increased transactions signal growing adoption or trading interest.

However, open interest has remained largely unchanged since July, suggestin...

[Headline]: First Neiro on Ethereum, Related to Dogecoin, Rockets 700% on Binance Spot Listing
[Summary]: The announcement of Binance listing First Neiro on Ethereum (NEIRO) for spot trading triggered a massive 700% price surge, catapulting its market cap from $15 million to $146 million in a day, with tr...



Based on all the information before 2024-09-20, let's first analyze the positive developments and potential concerns for DOGE-USD. Come up with 2-4 most important factors respectively and keep them concise. Most factors should be inferred from cryptocurrencies related news. Then let's assume your prediction for next week (2024-09-20 to 2024-09-27) is up by more than 5%. Provide a summary analysis to support your prediction. The prediction result need to be inferred from your analysis at the end, and thus not appearing as a foundational factor of your analysis.","### ANALYSIS REQUEST 2

**[Positive Developments]:**
1. **Lawsuit Dismissal**: The permanent dismissal of the lawsuit against Elon Musk and Tesla removes a significant legal risk, which could improve investor sentiment.
2. **NEIRO Token Drama**: The creation of NEIRO tokens and the subsequent drama has brought attention to the Dogecoin community, which could increase its visibility and potentially drive interest.

**[Potential Concerns]:**
1. **Market Volatility**: The crypto market's volatility, as evidenced by the plunge in Bitcoin and other major tokens, could negatively impact Dogecoin.
2. **Liquidations**: The significant liquidations in the crypto market, with bullish trades on bitcoin and ether registering over $380 million in losses, could lead to a risk-off environment, affecting Dogecoin.

**[Prediction & Analysis]:**
The dismissal of the lawsuit against Elon Musk and Tesla is a positive development for Dogecoin, as it removes a significant legal risk. Additionally, the NEIRO token drama has brought attention to the Dogecoin community, which could increase its visibility and drive interest. However, the broader crypto market's volatility and the significant liquidations in major cryptocurrencies are concerning. The plunge in Bitcoin and other major tokens has led to a risk-off environment, which could negatively impact Dogecoin. Despite these concerns, the positive developments and the potential for increased visibility could outweigh the negative factors. Therefore, I predict that Dogecoin's price will increase by more than 5% in the upcoming week."
"[Cryptocurrency Introduction]: Dogecoin (DOGE) is a cryptocurrency . Users are able to generate DOGE through the process of mining. Dogecoin has a current supply of 149,516,646,383.70525. The last known price of Dogecoin is 0.18994255 USD and is up 1.31 over the last 24 hours. It is currently trading on 1232 active market(s) with $965,419,953.99 traded over the last 24 hours. More information can be found at http://dogecoin.com/.. It has a market capilization of 28657442816.

From 2024-08-30 to 2024-09-06, DOGE-USD's stock price decreased from 0.10 to 0.09. News during this period are listed below:

[Headline]: Elon Musk, Tesla Win Dismissal of Lawsuit Alleging Dogecoin Market Manipulation
[Summary]: A Manhattan judge permanently dismissed a lawsuit that alleged Elon Musk and Tesla manipulated the price of dogecoin (DOGE) by exploiting Musk's social media influence and public statements.

Judge Al...

From 2024-09-06 to 2024-09-13, DOGE-USD's stock price increased from 0.09 to 0.11. News during this period are listed below:

[Headline]: Elon Musk, Tesla Win Dismissal of Lawsuit Alleging Dogecoin Market Manipulation
[Summary]: A Manhattan judge permanently dismissed a lawsuit that alleged Elon Musk and Tesla manipulated the price of dogecoin (DOGE) by exploiting Musk's social media influence and public statements.

Judge Al...

[Headline]: Bitcoin Plunges Under $60K; Crypto Bulls Lose $200M as Dogecoin, Solana Tokens Drop 10%
[Summary]: Bitcoin slumped under $60,000 in early U.S. hours Sunday as a market sell-off continued into its fourth day, with bullish futures bets losing nearly $200 million in the past 24 hours.

Ether (ETH) fel...

[Headline]: Dogecoin Pup Owner’s New Shiba Inu Ends Up in NEIRO Memecoin Drama
[Summary]: Kabosu's owner announced her new Shiba Inu dog, Neiro, on X, sparking the creation of numerous NEIRO tokens on Solana.

Two prominent NEIRO tokens emerged, with the most popular initially amassing a $...

[Headline]: Crypto Bulls Rack up $580M Liquidations as Bitcoin Drops 8%, Ether, Solana, Dogecoin Plunge
[Summary]: Bullish trades on bitcoin and ether together registered over $380 million in losses.

The largest single liquidation order was on Binance—an ETH trade valued at $18.4 million

Crypto majors plunged as...

[Headline]: Dogecoin Traders Appear to Short Token as Meme Coin Frenzy Eases
[Summary]: The crypto market’s biggest meme token is starting to attract short bets amid a general decline in the meme sector, which may spell worry for the meme sector.

Coinalyze data shows that Dogecoin {{DOG...

From 2024-09-13 to 2024-09-20, DOGE-USD's stock price decreased from 0.11 to 0.11. News during this period are listed below:

[Headline]: Dogecoin Records Bump in Transaction Activity, Points to Bullishness for DOGE
[Summary]: Network activity indicates potential price movements as increased transactions signal growing adoption or trading interest.

However, open interest has remained largely unchanged since July, suggestin...

[Headline]: First Neiro on Ethereum, Related to Dogecoin, Rockets 700% on Binance Spot Listing
[Summary]: The announcement of Binance listing First Neiro on Ethereum (NEIRO) for spot trading triggered a massive 700% price surge, catapulting its market cap from $15 million to $146 million in a day, with tr...

From 2024-09-20 to 2024-09-27, DOGE-USD's stock price increased from 0.11 to 0.12. News during this period are listed below:

[Headline]: Dogecoin Records Bump in Transaction Activity, Points to Bullishness for DOGE
[Summary]: Network activity indicates potential price movements as increased transactions signal growing adoption or trading interest.

However, open interest has remained largely unchanged since July, suggestin...

[Headline]: First Neiro on Ethereum, Related to Dogecoin, Rockets 700% on Binance Spot Listing
[Summary]: The announcement of Binance listing First Neiro on Ethereum (NEIRO) for spot trading triggered a massive 700% price surge, catapulting its market cap from $15 million to $146 million in a day, with tr...

[Headline]: Elon Musk, Tesla Win Dismissal of Lawsuit Alleging Dogecoin Market Manipulation
[Summary]: A Manhattan judge permanently dismissed a lawsuit that alleged Elon Musk and Tesla manipulated the price of dogecoin (DOGE) by exploiting Musk's social media influence and public statements.

Judge Al...

[Headline]: Bitcoin Plunges Under $60K; Crypto Bulls Lose $200M as Dogecoin, Solana Tokens Drop 10%
[Summary]: Bitcoin slumped under $60,000 in early U.S. hours Sunday as a market sell-off continued into its fourth day, with bullish futures bets losing nearly $200 million in the past 24 hours.

Ether (ETH) fel...

[Headline]: Dogecoin Pup Owner’s New Shiba Inu Ends Up in NEIRO Memecoin Drama
[Summary]: Kabosu's owner announced her new Shiba Inu dog, Neiro, on X, sparking the creation of numerous NEIRO tokens on Solana.

Two prominent NEIRO tokens emerged, with the most popular initially amassing a $...



Based on all the information before 2024-09-27, let's first analyze the positive developments and potential concerns for DOGE-USD. Come up with 2-4 most important factors respectively and keep them concise. Most factors should be inferred from cryptocurrencies related news. Then let's assume your prediction for next week (2024-09-27 to 2024-10-04) is down by more than 5%. Provide a summary analysis to support your prediction. The prediction result need to be inferred from your analysis at the end, and thus not appearing as a foundational factor of your analysis.","### ANALYSIS REQUEST 3

**[Positive Developments]:**
1. **Transaction Activity**: The bump in Dogecoin's transaction activity points to bullishness, as increased transactions signal growing adoption or trading interest.
2. **NEIRO Token Listing**: The listing of First Neiro on Ethereum (NEIRO) for spot trading on Binance and its subsequent price surge could bring positive attention to the Dogecoin community.

**[Potential Concerns]:**
1. **Market Sentiment**: The broader crypto market's sentiment remains volatile, with Bitcoin and other major tokens experiencing significant price drops.
2. **Meme Sector Decline**: The general decline in the meme sector, as indicated by the attraction of short bets on Dogecoin, could negatively impact its price.

**[Prediction & Analysis]:**
The increase in Dogecoin's transaction activity is a positive development, as it signals growing adoption or trading interest. Additionally, the listing of First Neiro on Ethereum (NEIRO) for spot trading on Binance and its subsequent price surge could bring positive attention to the Dogecoin community. However, the broader crypto market's sentiment remains volatile, and the general decline in the meme sector is concerning. The significant price drops in Bitcoin and other major tokens have led to a risk-off environment, which could negatively impact Dogecoin. Despite the positive developments, the negative market sentiment and the decline in the meme sector suggest a bearish outlook. Therefore, I predict that Dogecoin's price will decrease by more than 5% in the upcoming week."
"[Cryptocurrency Introduction]: Dogecoin (DOGE) is a cryptocurrency . Users are able to generate DOGE through the process of mining. Dogecoin has a current supply of 149,516,646,383.70525. The last known price of Dogecoin is 0.18994255 USD and is up 1.31 over the last 24 hours. It is currently trading on 1232 active market(s) with $965,419,953.99 traded over the last 24 hours. More information can be found at http://dogecoin.com/.. It has a market capilization of 28657442816.

From 2024-09-13 to 2024-09-20, DOGE-USD's stock price decreased from 0.11 to 0.11. News during this period are listed below:

[Headline]: Dogecoin Records Bump in Transaction Activity, Points to Bullishness for DOGE
[Summary]: Network activity indicates potential price movements as increased transactions signal growing adoption or trading interest.

However, open interest has remained largely unchanged since July, suggestin...

[Headline]: First Neiro on Ethereum, Related to Dogecoin, Rockets 700% on Binance Spot Listing
[Summary]: The announcement of Binance listing First Neiro on Ethereum (NEIRO) for spot trading triggered a massive 700% price surge, catapulting its market cap from $15 million to $146 million in a day, with tr...

From 2024-09-20 to 2024-09-27, DOGE-USD's stock price increased from 0.11 to 0.12. News during this period are listed below:

[Headline]: Dogecoin Records Bump in Transaction Activity, Points to Bullishness for DOGE
[Summary]: Network activity indicates potential price movements as increased transactions signal growing adoption or trading interest.

However, open interest has remained largely unchanged since July, suggestin...

[Headline]: First Neiro on Ethereum, Related to Dogecoin, Rockets 700% on Binance Spot Listing
[Summary]: The announcement of Binance listing First Neiro on Ethereum (NEIRO) for spot trading triggered a massive 700% price surge, catapulting its market cap from $15 million to $146 million in a day, with tr...

[Headline]: Elon Musk, Tesla Win Dismissal of Lawsuit Alleging Dogecoin Market Manipulation
[Summary]: A Manhattan judge permanently dismissed a lawsuit that alleged Elon Musk and Tesla manipulated the price of dogecoin (DOGE) by exploiting Musk's social media influence and public statements.

Judge Al...

[Headline]: Bitcoin Plunges Under $60K; Crypto Bulls Lose $200M as Dogecoin, Solana Tokens Drop 10%
[Summary]: Bitcoin slumped under $60,000 in early U.S. hours Sunday as a market sell-off continued into its fourth day, with bullish futures bets losing nearly $200 million in the past 24 hours.

Ether (ETH) fel...

[Headline]: Dogecoin Pup Owner’s New Shiba Inu Ends Up in NEIRO Memecoin Drama
[Summary]: Kabosu's owner announced her new Shiba Inu dog, Neiro, on X, sparking the creation of numerous NEIRO tokens on Solana.

Two prominent NEIRO tokens emerged, with the most popular initially amassing a $...

From 2024-09-27 to 2024-10-04, DOGE-USD's stock price decreased from 0.12 to 0.11. News during this period are listed below:

[Headline]: Dogecoin Records Bump in Transaction Activity, Points to Bullishness for DOGE
[Summary]: Network activity indicates potential price movements as increased transactions signal growing adoption or trading interest.

However, open interest has remained largely unchanged since July, suggestin...

[Headline]: First Neiro on Ethereum, Related to Dogecoin, Rockets 700% on Binance Spot Listing
[Summary]: The announcement of Binance listing First Neiro on Ethereum (NEIRO) for spot trading triggered a massive 700% price surge, catapulting its market cap from $15 million to $146 million in a day, with tr...

[Headline]: Elon Musk, Tesla Win Dismissal of Lawsuit Alleging Dogecoin Market Manipulation
[Summary]: A Manhattan judge permanently dismissed a lawsuit that alleged Elon Musk and Tesla manipulated the price of dogecoin (DOGE) by exploiting Musk's social media influence and public statements.

Judge Al...

[Headline]: Bitcoin Plunges Under $60K; Crypto Bulls Lose $200M as Dogecoin, Solana Tokens Drop 10%
[Summary]: Bitcoin slumped under $60,000 in early U.S. hours Sunday as a market sell-off continued into its fourth day, with bullish futures bets losing nearly $200 million in the past 24 hours.

Ether (ETH) fel...

[Headline]: Dogecoin Pup Owner’s New Shiba Inu Ends Up in NEIRO Memecoin Drama
[Summary]: Kabosu's owner announced her new Shiba Inu dog, Neiro, on X, sparking the creation of numerous NEIRO tokens on Solana.

Two prominent NEIRO tokens emerged, with the most popular initially amassing a $...



Based on all the information before 2024-10-04, let's first analyze the positive developments and potential concerns for DOGE-USD. Come up with 2-4 most important factors respectively and keep them concise. Most factors should be inferred from cryptocurrencies related news. Then let's assume your prediction for next week (2024-10-04 to 2024-10-11) is up by 1-2%. Provide a summary analysis to support your prediction. The prediction result need to be inferred from your analysis at the end, and thus not appearing as a foundational factor of your analysis.","### ANALYSIS REQUEST 4

**[Positive Developments]:**
1. **Transaction Activity**: The bump in Dogecoin's transaction activity indicates potential price movements, as increased transactions signal growing adoption or trading interest.
2. **NEIRO Token Listing**: The listing of First Neiro on Ethereum (NEIRO) for spot trading on Binance and its subsequent price surge could bring positive attention to the Dogecoin community.

**[Potential Concerns]:**
1. **Market Volatility**: The broader crypto market's volatility, as evidenced by the plunge in Bitcoin and other major tokens, could negatively impact Dogecoin.
2. **Liquidations**: The significant liquidations in the crypto market, with bullish trades on bitcoin and ether registering over $380 million in losses, could lead to a risk-off environment, affecting Dogecoin.

**[Prediction & Analysis]:**
The increase in Dogecoin's transaction activity is a positive development, as it signals growing adoption or trading interest. Additionally, the listing of First Neiro on Ethereum (NEIRO) for spot trading on Binance and its subsequent price surge could bring positive attention to the Dogecoin community. However, the broader crypto market's volatility and the significant liquidations in major cryptocurrencies are concerning. The plunge in Bitcoin and other major tokens has led to a risk-off environment, which could negatively impact Dogecoin. Despite these concerns, the positive developments could outweigh the negative factors. Therefore, I predict that Dogecoin's price will increase by 1-2% in the upcoming week."
"[Cryptocurrency Introduction]: Dogecoin (DOGE) is a cryptocurrency . Users are able to generate DOGE through the process of mining. Dogecoin has a current supply of 149,516,646,383.70525. The last known price of Dogecoin is 0.18994255 USD and is up 1.31 over the last 24 hours. It is currently trading on 1232 active market(s) with $965,419,953.99 traded over the last 24 hours. More information can be found at http://dogecoin.com/.. It has a market capilization of 28657442816.

From 2024-10-04 to 2024-10-11, DOGE-USD's stock price increased from 0.11 to 0.11. News during this period are listed below:

[Headline]: Dogecoin Records Bump in Transaction Activity, Points to Bullishness for DOGE
[Summary]: Network activity indicates potential price movements as increased transactions signal growing adoption or trading interest.

However, open interest has remained largely unchanged since July, suggestin...

[Headline]: First Neiro on Ethereum, Related to Dogecoin, Rockets 700% on Binance Spot Listing
[Summary]: The announcement of Binance listing First Neiro on Ethereum (NEIRO) for spot trading triggered a massive 700% price surge, catapulting its market cap from $15 million to $146 million in a day, with tr...

[Headline]: Elon Musk, Tesla Win Dismissal of Lawsuit Alleging Dogecoin Market Manipulation
[Summary]: A Manhattan judge permanently dismissed a lawsuit that alleged Elon Musk and Tesla manipulated the price of dogecoin (DOGE) by exploiting Musk's social media influence and public statements.

Judge Al...

[Headline]: Bitcoin Plunges Under $60K; Crypto Bulls Lose $200M as Dogecoin, Solana Tokens Drop 10%
[Summary]: Bitcoin slumped under $60,000 in early U.S. hours Sunday as a market sell-off continued into its fourth day, with bullish futures bets losing nearly $200 million in the past 24 hours.

Ether (ETH) fel...

[Headline]: Dogecoin Pup Owner’s New Shiba Inu Ends Up in NEIRO Memecoin Drama
[Summary]: Kabosu's owner announced her new Shiba Inu dog, Neiro, on X, sparking the creation of numerous NEIRO tokens on Solana.

Two prominent NEIRO tokens emerged, with the most popular initially amassing a $...



Based on all the information before 2024-10-11, let's first analyze the positive developments and potential concerns for DOGE-USD. Come up with 2-4 most important factors respectively and keep them concise. Most factors should be inferred from cryptocurrencies related news. Then let's assume your prediction for next week (2024-10-11 to 2024-10-18) is up by more than 5%. Provide a summary analysis to support your prediction. The prediction result need to be inferred from your analysis at the end, and thus not appearing as a foundational factor of your analysis.","### ANALYSIS REQUEST 5

**[Positive Developments]:**
1. **Transaction Activity**: The bump in Dogecoin's transaction activity indicates potential price movements, as increased transactions signal growing adoption or trading interest.
2. **NEIRO Token Listing**: The listing of First Neiro on Ethereum (NEIRO) for spot trading on Binance and its subsequent price surge could bring positive attention to the Dogecoin community.

**[Potential Concerns]:**
1. **Market Sentiment**: The broader crypto market's sentiment remains volatile, with Bitcoin and other major tokens experiencing significant price drops.
2. **Meme Sector Decline**: The general decline in the meme sector, as indicated by the attraction of short bets on Dogecoin, could negatively impact its price.

**[Prediction & Analysis]:**
The increase in Dogecoin's transaction activity is a positive development, as it signals growing adoption or trading interest. Additionally, the listing of First Neiro on Ethereum (NEIRO) for spot trading on Binance and its subsequent price surge could bring positive attention to the Dogecoin community. However, the broader crypto market's sentiment remains volatile, and the general decline in the meme sector is concerning. The significant price drops in Bitcoin and other major tokens have led to a risk-off environment, which could negatively impact Dogecoin. Despite these concerns, the positive developments and the potential for increased visibility could outweigh the negative factors. Therefore, I predict that Dogecoin's price will increase by more than 5% in the upcoming week."
"[Cryptocurrency Introduction]: Dogecoin (DOGE) is a cryptocurrency . Users are able to generate DOGE through the process of mining. Dogecoin has a current supply of 149,516,646,383.70525. The last known price of Dogecoin is 0.18994255 USD and is up 1.31 over the last 24 hours. It is currently trading on 1232 active market(s) with $965,419,953.99 traded over the last 24 hours. More information can be found at http://dogecoin.com/.. It has a market capilization of 28657442816.

From 2024-10-11 to 2024-10-18, DOGE-USD's stock price increased from 0.11 to 0.14. News during this period are listed below:

[Headline]: Dogecoin Price Surges 10% as Elon Musk’s 'Department of Government Efficiency' Gains Traction
[Summary]: Dogecoin's price increased by 10% in 24 hours, reaching over 12 cents, driven by social media buzz on X and speculation about further endorsements from Elon Musk.

Elon Musk's $75 million donation to ...



Based on all the information before 2024-10-18, let's first analyze the positive developments and potential concerns for DOGE-USD. Come up with 2-4 most important factors respectively and keep them concise. Most factors should be inferred from cryptocurrencies related news. Then let's assume your prediction for next week (2024-10-18 to 2024-10-25) is down by 4-5%. Provide a summary analysis to support your prediction. The prediction result need to be inferred from your analysis at the end, and thus not appearing as a foundational factor of your analysis.","**[Positive Developments]: **
1. **Elon Musk's Endorsement**: Elon Musk's continued support and discussions about the ""Department of Government Efficiency"" (D.O.G.E) have driven significant interest and speculation, leading to a 10% price surge.
2. **Social Media Buzz**: Increased social media activity, particularly on platforms like X, has contributed to the positive sentiment and price momentum.
3. **Market Liquidity**: DOGE has shown strong trading volumes, with over $965 million traded over the last 24 hours, indicating robust market activity and liquidity.
4. **Donation from Elon Musk**: Elon Musk's $75 million donation has brought more attention and potential investment into Dogecoin, enhancing its credibility.

**[Potential Concerns]: **
1. **Market Volatility**: The cryptocurrency market, including DOGE, is highly volatile and subject to rapid changes, which could lead to sudden price corrections.
2. **Regulatory Risks**: The dismissal of the lawsuit alleging market manipulation by Elon Musk and Tesla is positive, but ongoing regulatory scrutiny could still impact the market.
3. **Dependence on Influencers**: DOGE's price is heavily influenced by high-profile figures like Elon Musk, which could lead to abrupt price movements if their support wanes.

**[Prediction & Analysis]: **
The recent price surge driven by Elon Musk's endorsement and social media buzz has created a bullish sentiment around DOGE. However, the market's high volatility and dependence on influencers pose significant risks. The dismissal of the market manipulation lawsuit is a positive development, but regulatory risks remain. Despite the strong trading volumes and liquidity, the potential for a price correction is high due to the speculative nature of the recent gains. Therefore, a cautious outlook suggests that DOGE-USD might experience a slight downturn of 4-5% in the upcoming week as the market stabilizes from the recent speculative frenzy."
"[Cryptocurrency Introduction]: Dogecoin (DOGE) is a cryptocurrency . Users are able to generate DOGE through the process of mining. Dogecoin has a current supply of 149,516,646,383.70525. The last known price of Dogecoin is 0.18994255 USD and is up 1.31 over the last 24 hours. It is currently trading on 1232 active market(s) with $965,419,953.99 traded over the last 24 hours. More information can be found at http://dogecoin.com/.. It has a market capilization of 28657442816.

From 2024-10-04 to 2024-10-11, DOGE-USD's stock price increased from 0.11 to 0.11. News during this period are listed below:

[Headline]: Dogecoin Records Bump in Transaction Activity, Points to Bullishness for DOGE
[Summary]: Network activity indicates potential price movements as increased transactions signal growing adoption or trading interest.

However, open interest has remained largely unchanged since July, suggestin...

[Headline]: First Neiro on Ethereum, Related to Dogecoin, Rockets 700% on Binance Spot Listing
[Summary]: The announcement of Binance listing First Neiro on Ethereum (NEIRO) for spot trading triggered a massive 700% price surge, catapulting its market cap from $15 million to $146 million in a day, with tr...

[Headline]: Elon Musk, Tesla Win Dismissal of Lawsuit Alleging Dogecoin Market Manipulation
[Summary]: A Manhattan judge permanently dismissed a lawsuit that alleged Elon Musk and Tesla manipulated the price of dogecoin (DOGE) by exploiting Musk's social media influence and public statements.

Judge Al...

[Headline]: Bitcoin Plunges Under $60K; Crypto Bulls Lose $200M as Dogecoin, Solana Tokens Drop 10%
[Summary]: Bitcoin slumped under $60,000 in early U.S. hours Sunday as a market sell-off continued into its fourth day, with bullish futures bets losing nearly $200 million in the past 24 hours.

Ether (ETH) fel...

[Headline]: Dogecoin Pup Owner’s New Shiba Inu Ends Up in NEIRO Memecoin Drama
[Summary]: Kabosu's owner announced her new Shiba Inu dog, Neiro, on X, sparking the creation of numerous NEIRO tokens on Solana.

Two prominent NEIRO tokens emerged, with the most popular initially amassing a $...

From 2024-10-11 to 2024-10-18, DOGE-USD's stock price increased from 0.11 to 0.14. News during this period are listed below:

[Headline]: Dogecoin Price Surges 10% as Elon Musk’s 'Department of Government Efficiency' Gains Traction
[Summary]: Dogecoin's price increased by 10% in 24 hours, reaching over 12 cents, driven by social media buzz on X and speculation about further endorsements from Elon Musk.

Elon Musk's $75 million donation to ...

From 2024-10-18 to 2024-10-25, DOGE-USD's stock price decreased from 0.14 to 0.13. News during this period are listed below:

[Headline]: DOGE/BTC Bear Trend Intact After Dogecoin's 24% Weekly Gain
[Summary]: DOGE/BTC lingers at the depth of a prolonged bear market, undercutting any notion of speculative frenzy.

The ratio's present price pattern resembles late 2020.

Dogecoin's (DOGE), the world's leading...

[Headline]: Dogecoin Jumps 7% as Musk Touts D.O.G.E at Trump’s Pennsylvania Campaign
[Summary]: Elon Musk discussed plans for a ""Department of Government Efficiency"" (D.O.G.E), leading to a 7% surge in Dogecoin's price, pushing it over 13 cents for the first time since late July.

Musk's backing...



Based on all the information before 2024-10-25, let's first analyze the positive developments and potential concerns for DOGE-USD. Come up with 2-4 most important factors respectively and keep them concise. Most factors should be inferred from cryptocurrencies related news. Then let's assume your prediction for next week (2024-10-25 to 2024-11-01) is up by more than 5%. Provide a summary analysis to support your prediction. The prediction result need to be inferred from your analysis at the end, and thus not appearing as a foundational factor of your analysis.","**[Positive Developments]: **
1. **Network Activity**: Increased transaction activity on the Dogecoin network indicates growing adoption and trading interest, which is a bullish signal.
2. **Binance Listing Impact**: The listing of First Neiro on Ethereum (NEIRO) on Binance and its subsequent price surge highlight the potential impact of exchange listings on related tokens like DOGE.
3. **Legal Victory**: The dismissal of the lawsuit alleging market manipulation by Elon Musk and Tesla removes a significant legal overhang, boosting investor confidence.
4. **Elon Musk's Endorsement**: Continued support from Elon Musk, including his discussions about the ""Department of Government Efficiency"" (D.O.G.E), has driven speculative interest and price gains.

**[Potential Concerns]: **
1. **Open Interest Stagnation**: The lack of change in open interest since July suggests that the recent price movements may not be supported by strong institutional backing, indicating potential volatility.
2. **Market Correlation**: The broader market sell-off, with Bitcoin dropping below $60,000 and other altcoins like Solana also experiencing losses, could negatively impact DOGE.
3. **Speculative Nature**: DOGE's price is heavily influenced by speculative trading and social media trends, which can lead to abrupt price reversals.

**[Prediction & Analysis]: **
The recent developments, including increased network activity and the legal victory, provide a positive backdrop for DOGE. However, the stagnation in open interest and the broader market sell-off pose concerns. The speculative nature of DOGE's price movements, driven by influencers like Elon Musk, adds to the volatility. Despite these concerns, the bullish sentiment and potential impact of exchange listings suggest that DOGE-USD could see an upside of more than 5% in the upcoming week. The continued endorsement from Elon Musk and the removal of legal overhangs are likely to drive further speculative interest and price gains."
"[Cryptocurrency Introduction]: Dogecoin (DOGE) is a cryptocurrency . Users are able to generate DOGE through the process of mining. Dogecoin has a current supply of 149,516,646,383.70525. The last known price of Dogecoin is 0.18994255 USD and is up 1.31 over the last 24 hours. It is currently trading on 1232 active market(s) with $965,419,953.99 traded over the last 24 hours. More information can be found at http://dogecoin.com/.. It has a market capilization of 28657442816.

From 2024-10-11 to 2024-10-18, DOGE-USD's stock price increased from 0.11 to 0.14. News during this period are listed below:

[Headline]: Dogecoin Price Surges 10% as Elon Musk’s 'Department of Government Efficiency' Gains Traction
[Summary]: Dogecoin's price increased by 10% in 24 hours, reaching over 12 cents, driven by social media buzz on X and speculation about further endorsements from Elon Musk.

Elon Musk's $75 million donation to ...

From 2024-10-18 to 2024-10-25, DOGE-USD's stock price decreased from 0.14 to 0.13. News during this period are listed below:

[Headline]: DOGE/BTC Bear Trend Intact After Dogecoin's 24% Weekly Gain
[Summary]: DOGE/BTC lingers at the depth of a prolonged bear market, undercutting any notion of speculative frenzy.

The ratio's present price pattern resembles late 2020.

Dogecoin's (DOGE), the world's leading...

[Headline]: Dogecoin Jumps 7% as Musk Touts D.O.G.E at Trump’s Pennsylvania Campaign
[Summary]: Elon Musk discussed plans for a ""Department of Government Efficiency"" (D.O.G.E), leading to a 7% surge in Dogecoin's price, pushing it over 13 cents for the first time since late July.

Musk's backing...

From 2024-10-25 to 2024-11-01, DOGE-USD's stock price increased from 0.13 to 0.16. News during this period are listed below:

[Headline]: Dogecoin Bets Spike to $1.3B as Trump Popularity Sees DOGE Rocket 15%
[Summary]: Interest in Dogecoin futures is approaching all-time highs from April, with a 33% increase in open interest since Sunday, now standing at 8 billion tokens.

Traders are attributing this price movement...

[Headline]: Dogecoin Jumps 10%, Outperforming on Trump Popularity as Bitcoin Nears $70K
[Summary]: Bitcoin {{BTC}} rose to a three-month high on Monday, approaching the $70,000 level and moving to within about 5% of its record high of $73,700 from last March.

BTC advanced 3% over the past 24 hours...



Based on all the information before 2024-11-01, let's first analyze the positive developments and potential concerns for DOGE-USD. Come up with 2-4 most important factors respectively and keep them concise. Most factors should be inferred from cryptocurrencies related news. Then let's assume your prediction for next week (2024-11-01 to 2024-11-08) is up by more than 5%. Provide a summary analysis to support your prediction. The prediction result need to be inferred from your analysis at the end, and thus not appearing as a foundational factor of your analysis.","**[Positive Developments]: **
1. **Elon Musk's Endorsement**: Elon Musk's continued support and discussions about the ""Department of Government Efficiency"" (D.O.G.E) have driven significant interest and speculation, leading to a 7% price surge.
2. **Social Media Buzz**: Increased social media activity, particularly on platforms like X, has contributed to the positive sentiment and price momentum.
3. **Market Liquidity**: DOGE has shown strong trading volumes, with over $965 million traded over the last 24 hours, indicating robust market activity and liquidity.
4. **Futures Market Interest**: The spike in Dogecoin futures interest, with open interest approaching all-time highs, suggests growing institutional involvement and bullish sentiment.

**[Potential Concerns]: **
1. **Market Volatility**: The cryptocurrency market, including DOGE, is highly volatile and subject to rapid changes, which could lead to sudden price corrections.
2. **Bearish Trend**: The DOGE/BTC ratio lingers in a prolonged bear market, which could undercut speculative frenzy and limit price gains.
3. **Dependence on Influencers**: DOGE's price is heavily influenced by high-profile figures like Elon Musk, which could lead to abrupt price movements if their support wanes.

**[Prediction & Analysis]: **
The recent price surge driven by Elon Musk's endorsement and social media buzz has created a bullish sentiment around DOGE. The spike in futures market interest and strong trading volumes indicate growing institutional involvement and liquidity. However, the market's high volatility and the bearish trend in the DOGE/BTC ratio pose significant risks. Despite these concerns, the bullish sentiment and growing institutional interest suggest that DOGE-USD could see an upside of more than 5% in the upcoming week. The continued endorsement from Elon Musk and the increasing futures market activity are likely to drive further speculative interest and price gains."
"[Cryptocurrency Introduction]: Dogecoin (DOGE) is a cryptocurrency . Users are able to generate DOGE through the process of mining. Dogecoin has a current supply of 149,516,646,383.70525. The last known price of Dogecoin is 0.18994255 USD and is up 1.31 over the last 24 hours. It is currently trading on 1232 active market(s) with $965,419,953.99 traded over the last 24 hours. More information can be found at http://dogecoin.com/.. It has a market capilization of 28657442816.

From 2024-10-18 to 2024-10-25, DOGE-USD's stock price decreased from 0.14 to 0.13. News during this period are listed below:

[Headline]: DOGE/BTC Bear Trend Intact After Dogecoin's 24% Weekly Gain
[Summary]: DOGE/BTC lingers at the depth of a prolonged bear market, undercutting any notion of speculative frenzy.

The ratio's present price pattern resembles late 2020.

Dogecoin's (DOGE), the world's leading...

[Headline]: Dogecoin Jumps 7% as Musk Touts D.O.G.E at Trump’s Pennsylvania Campaign
[Summary]: Elon Musk discussed plans for a ""Department of Government Efficiency"" (D.O.G.E), leading to a 7% surge in Dogecoin's price, pushing it over 13 cents for the first time since late July.

Musk's backing...

From 2024-10-25 to 2024-11-01, DOGE-USD's stock price increased from 0.13 to 0.16. News during this period are listed below:

[Headline]: Dogecoin Bets Spike to $1.3B as Trump Popularity Sees DOGE Rocket 15%
[Summary]: Interest in Dogecoin futures is approaching all-time highs from April, with a 33% increase in open interest since Sunday, now standing at 8 billion tokens.

Traders are attributing this price movement...

[Headline]: Dogecoin Jumps 10%, Outperforming on Trump Popularity as Bitcoin Nears $70K
[Summary]: Bitcoin {{BTC}} rose to a three-month high on Monday, approaching the $70,000 level and moving to within about 5% of its record high of $73,700 from last March.

BTC advanced 3% over the past 24 hours...

From 2024-11-01 to 2024-11-08, DOGE-USD's stock price increased from 0.16 to 0.20. News during this period are listed below:

[Headline]: Dogecoin Golden Cross Appears as Price Probes Key Fibonacci Hurdle
[Summary]: DOGE's key price averages confirm a golden cross in a sign of strong bullish momentum.

The joke token faces immediate resistance at 21.7 cents, a level that capped gains in March.

Donald Trump's ret...

[Headline]: Dogecoin Rockets 25% as Trump Nears Victory, Top Trader Signals More Gains Ahead
[Summary]: Dogecoin {{DOGE}} continued its winning weekly run, buoyed by a renewed Elon Musk endorsement, jumping over 25% in the past 24 hours and extending its 30-day gains to over 65% to making it the best-pe...

[Headline]: Dogecoin Rallies 10%, Bitcoin ETFs Bleed $541M Ahead of U.S. Elections
[Summary]: DOGE's increase is largely attributed to a renewed endorsement from Elon Musk linked to his proposal for a ""Department of Government Efficiency"" (D.O.G.E.).

U.S.-listed spot bitcoin ETFs experienced ...



Based on all the information before 2024-11-08, let's first analyze the positive developments and potential concerns for DOGE-USD. Come up with 2-4 most important factors respectively and keep them concise. Most factors should be inferred from cryptocurrencies related news. Then let's assume your prediction for next week (2024-11-08 to 2024-11-15) is up by more than 5%. Provide a summary analysis to support your prediction. The prediction result need to be inferred from your analysis at the end, and thus not appearing as a foundational factor of your analysis.","**[Positive Developments]: **
1. **Elon Musk's Endorsement**: Elon Musk's continued support and discussions about the ""Department of Government Efficiency"" (D.O.G.E) have driven significant interest and speculation, leading to a 7% price surge.
2. **Social Media Buzz**: Increased social media activity, particularly on platforms like X, has contributed to the positive sentiment and price momentum.
3. **Futures Market Interest**: The spike in Dogecoin futures interest, with open interest approaching all-time highs, suggests growing institutional involvement and bullish sentiment.
4. **Golden Cross**: DOGE's key price averages confirm a golden cross, indicating strong bullish momentum and potential for further price gains.

**[Potential Concerns]: **
1. **Market Volatility**: The cryptocurrency market, including DOGE, is highly volatile and subject to rapid changes, which could lead to sudden price corrections.
2. **Bearish Trend**: The DOGE/BTC ratio lingers in a prolonged bear market, which could undercut speculative frenzy and limit price gains.
3. **Dependence on Influencers**: DOGE's price is heavily influenced by high-profile figures like Elon Musk, which could lead to abrupt price movements if their support wanes.

**[Prediction & Analysis]: **
The recent price surge driven by Elon Musk's endorsement and social media buzz has created a bullish sentiment around DOGE. The spike in futures market interest and the confirmation of a golden cross indicate strong bullish momentum and growing institutional involvement. However, the market's high volatility and the bearish trend in the DOGE/BTC ratio pose significant risks. Despite these concerns, the bullish sentiment and technical indicators suggest that DOGE-USD could see an upside of more than 5% in the upcoming week. The continued endorsement from Elon Musk and the strong bullish momentum are likely to drive further speculative interest and price gains."
"[Cryptocurrency Introduction]: Dogecoin (DOGE) is a cryptocurrency . Users are able to generate DOGE through the process of mining. Dogecoin has a current supply of 149,516,646,383.70525. The last known price of Dogecoin is 0.18994255 USD and is up 1.31 over the last 24 hours. It is currently trading on 1232 active market(s) with $965,419,953.99 traded over the last 24 hours. More information can be found at http://dogecoin.com/.. It has a market capilization of 28657442816.

From 2024-10-18 to 2024-10-25, DOGE-USD's stock price decreased from 0.14 to 0.13. News during this period are listed below:

[Headline]: DOGE/BTC Bear Trend Intact After Dogecoin's 24% Weekly Gain
[Summary]: DOGE/BTC lingers at the depth of a prolonged bear market, undercutting any notion of speculative frenzy.

The ratio's present price pattern resembles late 2020.

Dogecoin's (DOGE), the world's leading...

[Headline]: Dogecoin Jumps 7% as Musk Touts D.O.G.E at Trump’s Pennsylvania Campaign
[Summary]: Elon Musk discussed plans for a ""Department of Government Efficiency"" (D.O.G.E), leading to a 7% surge in Dogecoin's price, pushing it over 13 cents for the first time since late July.

Musk's backing...

From 2024-10-25 to 2024-11-01, DOGE-USD's stock price increased from 0.13 to 0.16. News during this period are listed below:

[Headline]: Dogecoin Bets Spike to $1.3B as Trump Popularity Sees DOGE Rocket 15%
[Summary]: Interest in Dogecoin futures is approaching all-time highs from April, with a 33% increase in open interest since Sunday, now standing at 8 billion tokens.

Traders are attributing this price movement...

[Headline]: Dogecoin Jumps 10%, Outperforming on Trump Popularity as Bitcoin Nears $70K
[Summary]: Bitcoin {{BTC}} rose to a three-month high on Monday, approaching the $70,000 level and moving to within about 5% of its record high of $73,700 from last March.

BTC advanced 3% over the past 24 hours...

From 2024-11-01 to 2024-11-08, DOGE-USD's stock price increased from 0.16 to 0.20. News during this period are listed below:

[Headline]: Dogecoin Golden Cross Appears as Price Probes Key Fibonacci Hurdle
[Summary]: DOGE's key price averages confirm a golden cross in a sign of strong bullish momentum.

The joke token faces immediate resistance at 21.7 cents, a level that capped gains in March.

Donald Trump's ret...

[Headline]: Dogecoin Rockets 25% as Trump Nears Victory, Top Trader Signals More Gains Ahead
[Summary]: Dogecoin {{DOGE}} continued its winning weekly run, buoyed by a renewed Elon Musk endorsement, jumping over 25% in the past 24 hours and extending its 30-day gains to over 65% to making it the best-pe...

[Headline]: Dogecoin Rallies 10%, Bitcoin ETFs Bleed $541M Ahead of U.S. Elections
[Summary]: DOGE's increase is largely attributed to a renewed endorsement from Elon Musk linked to his proposal for a ""Department of Government Efficiency"" (D.O.G.E.).

U.S.-listed spot bitcoin ETFs experienced ...

From 2024-11-08 to 2024-11-15, DOGE-USD's stock price increased from 0.20 to 0.38. News during this period are listed below:

[Headline]: Dogecoin Craze Grips Korea, Fuels Price Premium on Local Giants Upbit and Bithumb
[Summary]: DOGE trades at premium on Upbit and Bithumb relative to Binance.

The price differential is still noticeably lower than the previous bull market peaks.

When it comes to trading alternative cryptocurr...

[Headline]: Dogecoin Trade Goes From Meme to Reality as Donald Trump Confirms D.O.G.E
[Summary]: President-elect Donald Trump has appointed Elon Musk and Vivek Ramaswamy to lead a newly formed Department of Government Efficiency (DOGE).

Musk mentioned creating a leaderboard for the most ineffici...

[Headline]: Dogecoin Rockets 48% as Traders Target $1 Price Next
[Summary]: The memecoin led gains among crypto majors, outperforming the other top 100 tokens.

The jump led to crypto traders losing over $68 million on DOGE-tracked futures.

Dogecoin {{DOGE}} continued its st...

[Headline]: Bitcoin Nears $82K in Bullish Start to Week; Dogecoin Flips USDC
[Summary]: Bitcoin surpassed the $81,000 mark, driven by a continuous rally, high trading volumes over the weekend, and bullish futures market activity, with traders betting on further increases.

Dogecoin and S...

[Headline]: Dogecoin Flips XRP as Elon Musk-Linked Trade Keeps on Giving
[Summary]: Dogecoin (DOGE) flipped xrp (XRP) early Sunday as bullish sentiment around the meme’s endorsement by technology entrepreneur Elon Musk in the Trump administration pushed prices 14% higher in the past ...



Based on all the information before 2024-11-15, let's first analyze the positive developments and potential concerns for DOGE-USD. Come up with 2-4 most important factors respectively and keep them concise. Most factors should be inferred from cryptocurrencies related news. Then let's assume your prediction for next week (2024-11-15 to 2024-11-22) is up by more than 5%. Provide a summary analysis to support your prediction. The prediction result need to be inferred from your analysis at the end, and thus not appearing as a foundational factor of your analysis.","**[Positive Developments]: **
1. **Elon Musk's Endorsement**: Elon Musk's continued support and discussions about the ""Department of Government Efficiency"" (D.O.G.E) have driven significant interest and speculation, leading to a 7% price surge.
2. **Donald Trump's Involvement**: The endorsement from Donald Trump and the confirmation of the D.O.G.E department have further boosted DOGE's price and credibility.
3. **Futures Market Interest**: The spike in Dogecoin futures interest, with open interest approaching all-time highs, suggests growing institutional involvement and bullish sentiment.
4. **Golden Cross**: DOGE's key price averages confirm a golden cross, indicating strong bullish momentum and potential for further price gains.

**[Potential Concerns]: **
1. **Market Volatility**: The cryptocurrency market, including DOGE, is highly volatile and subject to rapid changes, which could lead to sudden price corrections.
2. **Bearish Trend**: The DOGE/BTC ratio lingers in a prolonged bear market, which could undercut speculative frenzy and limit price gains.
3. **Dependence on Influencers**: DOGE's price is heavily influenced by high-profile figures like Elon Musk and Donald Trump, which could lead to abrupt price movements if their support wanes.

**[Prediction & Analysis]: **
The recent price surge driven by Elon Musk's and Donald Trump's endorsements has created a strong bullish sentiment around DOGE. The spike in futures market interest and the confirmation of a golden cross indicate robust bullish momentum and growing institutional involvement. However, the market's high volatility and the bearish trend in the DOGE/BTC ratio pose significant risks. Despite these concerns, the bullish sentiment and technical indicators suggest that DOGE-USD could see an upside of more than 5% in the upcoming week. The continued endorsement from high-profile figures and the strong bullish momentum are likely to drive further speculative interest and price gains. Additionally, the involvement of Donald Trump and the confirmation of the D.O.G.E department have added a new layer of credibility and interest to DOGE, further supporting the bullish outlook."
"[Cryptocurrency Introduction]: Dogecoin (DOGE) is a cryptocurrency . Users are able to generate DOGE through the process of mining. Dogecoin has a current supply of 149,516,646,383.70525. The last known price of Dogecoin is 0.18994255 USD and is up 1.31 over the last 24 hours. It is currently trading on 1232 active market(s) with $965,419,953.99 traded over the last 24 hours. More information can be found at http://dogecoin.com/.. It has a market capilization of 28657442816.

From 2024-11-15 to 2024-11-22, DOGE-USD's stock price increased from 0.38 to 0.41. News during this period are listed below:

[Headline]: Dogecoin, XRP Trading Volumes Flip Bitcoin’s in South Korea
[Summary]: XRP and Dogecoin (DOGE) have seen significantly higher trading volumes than Bitcoin on South Korean exchanges like Upbit and Bithumb.

XRP and DOGE have experienced over 100% price increases in the pa...



Based on all the information before 2024-11-22, let's first analyze the positive developments and potential concerns for DOGE-USD. Come up with 2-4 most important factors respectively and keep them concise. Most factors should be inferred from cryptocurrencies related news. Then let's assume your prediction for next week (2024-11-22 to 2024-11-29) is up by 3-4%. Provide a summary analysis to support your prediction. The prediction result need to be inferred from your analysis at the end, and thus not appearing as a foundational factor of your analysis.","[Positive Developments]:
1. **Increased Trading Volume**: DOGE has seen significantly higher trading volumes than Bitcoin on South Korean exchanges, indicating heightened interest and potential demand.
2. **Price Momentum**: DOGE's price increased from $0.38 to $0.41, showing a positive trend in the market.

[Potential Concerns]:
1. **Market Volatility**: Cryptocurrencies are known for their high volatility, which can lead to sudden price drops.
2. **Dependence on News**: DOGE's price is heavily influenced by news and social media, which can be unpredictable.

[Prediction & Analysis]:
DOGE has shown strong momentum with increased trading volumes and price appreciation. The heightened interest in South Korean markets suggests potential further demand. However, the market's volatility and dependence on news pose risks. Given the recent positive developments, a modest price increase of 3-4% could be expected, assuming no major negative news impacts the market."
"[Cryptocurrency Introduction]: Dogecoin (DOGE) is a cryptocurrency . Users are able to generate DOGE through the process of mining. Dogecoin has a current supply of 149,516,646,383.70525. The last known price of Dogecoin is 0.18994255 USD and is up 1.31 over the last 24 hours. It is currently trading on 1232 active market(s) with $965,419,953.99 traded over the last 24 hours. More information can be found at http://dogecoin.com/.. It has a market capilization of 28657442816.

From 2024-11-15 to 2024-11-22, DOGE-USD's stock price increased from 0.38 to 0.41. News during this period are listed below:

[Headline]: Dogecoin, XRP Trading Volumes Flip Bitcoin’s in South Korea
[Summary]: XRP and Dogecoin (DOGE) have seen significantly higher trading volumes than Bitcoin on South Korean exchanges like Upbit and Bithumb.

XRP and DOGE have experienced over 100% price increases in the pa...

From 2024-11-22 to 2024-11-29, DOGE-USD's stock price increased from 0.41 to 0.43. News during this period are listed below:

[Headline]: Looking to Earn More on Dogecoin? This Bitcoin Layer-2 Will Use DOGE for Yields
[Summary]: Bitcoin layer-2 network GOAT will soon let dogecoin (DOGE) users stake their tokens to earn fixed yields in BTC, with plans for additional memecoin-based financial applications later for users to earn...

[Headline]: Dogecoin Jumps on Fresh X Payments Speculations After Elon Musk Tweet
[Summary]: Popular memecoin Dogecoin {{DOGE}} jumped 5%, returning to multi-year highs hit earlier this month following fresh speculations on Elon Musk-owned social app X's long-anticipated payments service.

Ap...



Based on all the information before 2024-11-29, let's first analyze the positive developments and potential concerns for DOGE-USD. Come up with 2-4 most important factors respectively and keep them concise. Most factors should be inferred from cryptocurrencies related news. Then let's assume your prediction for next week (2024-11-29 to 2024-12-06) is up by 2-3%. Provide a summary analysis to support your prediction. The prediction result need to be inferred from your analysis at the end, and thus not appearing as a foundational factor of your analysis.","[Positive Developments]:
1. **Staking Opportunities**: The GOAT network's plan to allow DOGE staking for BTC yields adds utility and potential value to DOGE.
2. **Elon Musk Speculations**: Fresh speculations about Elon Musk's X payments service have positively impacted DOGE's price.

[Potential Concerns]:
1. **Market Overreaction**: The market's reaction to speculations may be overblown, leading to a potential correction.
2. **Staking Risks**: The success of the staking program is not guaranteed and may not materialize as expected.

[Prediction & Analysis]:
The introduction of staking opportunities and positive speculations have driven DOGE's price up. However, the market's tendency to overreact and the uncertainty surrounding staking programs pose risks. Given these factors, a conservative price increase of 2-3% could be expected, assuming the positive developments continue to outweigh potential concerns."
"[Cryptocurrency Introduction]: Dogecoin (DOGE) is a cryptocurrency . Users are able to generate DOGE through the process of mining. Dogecoin has a current supply of 149,516,646,383.70525. The last known price of Dogecoin is 0.18994255 USD and is up 1.31 over the last 24 hours. It is currently trading on 1232 active market(s) with $965,419,953.99 traded over the last 24 hours. More information can be found at http://dogecoin.com/.. It has a market capilization of 28657442816.

From 2024-11-29 to 2024-12-06, DOGE-USD's stock price increased from 0.43 to 0.44. News during this period are listed below:

[Headline]: Dogecoin Mining Turns Out 3 Times More Profitable for This Bitcoin Miner
[Summary]: Publicly traded BIT Mining (BTCM) will continue its self-hosted mining operations for dogecoin (DOGE) and litecoin (LTC) after the endeavor reaped three times more profit than its bigger bitcoin (BTC)...



Based on all the information before 2024-12-06, let's first analyze the positive developments and potential concerns for DOGE-USD. Come up with 2-4 most important factors respectively and keep them concise. Most factors should be inferred from cryptocurrencies related news. Then let's assume your prediction for next week (2024-12-06 to 2024-12-13) is down by more than 5%. Provide a summary analysis to support your prediction. The prediction result need to be inferred from your analysis at the end, and thus not appearing as a foundational factor of your analysis.","[Positive Developments]:
1. **Mining Profitability**: BIT Mining's report of higher profitability from DOGE mining compared to BTC indicates potential increased mining activity and support for DOGE.
2. **Price Stability**: DOGE's price has shown stability, increasing from $0.43 to $0.44.

[Potential Concerns]:
1. **Mining Competition**: Increased mining profitability may attract more miners, leading to increased competition and potential sell-off.
2. **Market Correction**: The recent price stability may be followed by a market correction, especially if positive news dries up.

[Prediction & Analysis]:
While mining profitability and price stability are positive signs, the risks of increased mining competition and a market correction are significant. Given these factors, a price decrease of more than 5% could be expected, as the potential concerns may outweigh the positive developments."
"[Cryptocurrency Introduction]: Dogecoin (DOGE) is a cryptocurrency . Users are able to generate DOGE through the process of mining. Dogecoin has a current supply of 149,516,646,383.70525. The last known price of Dogecoin is 0.18994255 USD and is up 1.31 over the last 24 hours. It is currently trading on 1232 active market(s) with $965,419,953.99 traded over the last 24 hours. More information can be found at http://dogecoin.com/.. It has a market capilization of 28657442816.

From 2024-11-15 to 2024-11-22, DOGE-USD's stock price increased from 0.38 to 0.41. News during this period are listed below:

[Headline]: Dogecoin, XRP Trading Volumes Flip Bitcoin’s in South Korea
[Summary]: XRP and Dogecoin (DOGE) have seen significantly higher trading volumes than Bitcoin on South Korean exchanges like Upbit and Bithumb.

XRP and DOGE have experienced over 100% price increases in the pa...

From 2024-11-22 to 2024-11-29, DOGE-USD's stock price increased from 0.41 to 0.43. News during this period are listed below:

[Headline]: Looking to Earn More on Dogecoin? This Bitcoin Layer-2 Will Use DOGE for Yields
[Summary]: Bitcoin layer-2 network GOAT will soon let dogecoin (DOGE) users stake their tokens to earn fixed yields in BTC, with plans for additional memecoin-based financial applications later for users to earn...

[Headline]: Dogecoin Jumps on Fresh X Payments Speculations After Elon Musk Tweet
[Summary]: Popular memecoin Dogecoin {{DOGE}} jumped 5%, returning to multi-year highs hit earlier this month following fresh speculations on Elon Musk-owned social app X's long-anticipated payments service.

Ap...

From 2024-11-29 to 2024-12-06, DOGE-USD's stock price increased from 0.43 to 0.44. News during this period are listed below:

[Headline]: Dogecoin Mining Turns Out 3 Times More Profitable for This Bitcoin Miner
[Summary]: Publicly traded BIT Mining (BTCM) will continue its self-hosted mining operations for dogecoin (DOGE) and litecoin (LTC) after the endeavor reaped three times more profit than its bigger bitcoin (BTC)...

From 2024-12-06 to 2024-12-13, DOGE-USD's stock price decreased from 0.44 to 0.41. News during this period are listed below:

[Headline]: XRP Outperforms Bitcoin, Dogecoin Extends Slide Ahead of U.S. CPI
[Summary]: XRP outperformed bitcoin and other major cryptocurrencies, with dogecoin (DOGE) leading losses in the past 24 hours before the release of U.S. inflation data later Wednesday.

Bitcoin (BTC) remained s...

[Headline]: XRP, Dogecoin Dive 12% as Altcoin Carnage Leads to Highest Bullish Liquidation in Nearly 3 Years
[Summary]: Major tokens and midcaps registered one of their worst days in recent months with a sharp drop during early Asian hours on Tuesday, even as bitcoin (BTC) was relatively little changed.

XRP, dogecoin ...



Based on all the information before 2024-12-13, let's first analyze the positive developments and potential concerns for DOGE-USD. Come up with 2-4 most important factors respectively and keep them concise. Most factors should be inferred from cryptocurrencies related news. Then let's assume your prediction for next week (2024-12-13 to 2024-12-20) is down by more than 5%. Provide a summary analysis to support your prediction. The prediction result need to be inferred from your analysis at the end, and thus not appearing as a foundational factor of your analysis.","[Positive Developments]:
1. **Continued Mining Profitability**: The news of BIT Mining's continued profitability from DOGE mining suggests sustained mining support.
2. **Past Price Performance**: DOGE's price has shown resilience, increasing from $0.38 to $0.44 over the past few weeks.

[Potential Concerns]:
1. **U.S. CPI Release**: The upcoming U.S. CPI release poses a significant risk to the market, as unfavorable data could lead to a sell-off.
2. **Altcoin Carnage**: The recent altcoin carnage and high liquidations indicate a bearish market sentiment, which could negatively impact DOGE.

[Prediction & Analysis]:
Despite the continued mining profitability and past price performance, the risks associated with the U.S. CPI release and the recent altcoin carnage are substantial. Given these factors, a price decrease of more than 5% could be expected, as the potential concerns may overshadow the positive developments."
"[Cryptocurrency Introduction]: Dogecoin (DOGE) is a cryptocurrency . Users are able to generate DOGE through the process of mining. Dogecoin has a current supply of 149,516,646,383.70525. The last known price of Dogecoin is 0.18994255 USD and is up 1.31 over the last 24 hours. It is currently trading on 1232 active market(s) with $965,419,953.99 traded over the last 24 hours. More information can be found at http://dogecoin.com/.. It has a market capilization of 28657442816.

From 2024-12-06 to 2024-12-13, DOGE-USD's stock price decreased from 0.44 to 0.41. News during this period are listed below:

[Headline]: XRP Outperforms Bitcoin, Dogecoin Extends Slide Ahead of U.S. CPI
[Summary]: XRP outperformed bitcoin and other major cryptocurrencies, with dogecoin (DOGE) leading losses in the past 24 hours before the release of U.S. inflation data later Wednesday.

Bitcoin (BTC) remained s...

[Headline]: XRP, Dogecoin Dive 12% as Altcoin Carnage Leads to Highest Bullish Liquidation in Nearly 3 Years
[Summary]: Major tokens and midcaps registered one of their worst days in recent months with a sharp drop during early Asian hours on Tuesday, even as bitcoin (BTC) was relatively little changed.

XRP, dogecoin ...

From 2024-12-13 to 2024-12-20, DOGE-USD's stock price decreased from 0.41 to 0.32. News during this period are listed below:

[Headline]: Dogecoin Pup’s IP Owner Bags Rights to Neiro, Putting Namesake Memes in Focus
[Summary]: An intellectual property (IP) ownership could soon end up in a fight of digital dogs.

Own The Doge DAO, a collective that holds the original ‘doge’ meme, on Tuesday said it had acquired the rights to...



Based on all the information before 2024-12-20, let's first analyze the positive developments and potential concerns for DOGE-USD. Come up with 2-4 most important factors respectively and keep them concise. Most factors should be inferred from cryptocurrencies related news. Then let's assume your prediction for next week (2024-12-20 to 2024-12-27) is down by 2-3%. Provide a summary analysis to support your prediction. The prediction result need to be inferred from your analysis at the end, and thus not appearing as a foundational factor of your analysis.","[Positive Developments]:
1. **IP Ownership News**: The news of Own The Doge DAO acquiring rights to Neiro puts a focus on DOGE-related memes and could drive interest.
2. **Historical Resilience**: DOGE has shown historical resilience and a strong community backing.

[Potential Concerns]:
1. **Continued Market Downtrend**: The recent price decrease from $0.44 to $0.32 indicates a market downtrend, which may continue.
2. **Lack of Catalysts**: Without significant positive catalysts, the market may continue to trend downwards.

[Prediction & Analysis]:
While the IP ownership news and historical resilience are positive factors, the continued market downtrend and lack of catalysts pose risks. Given these factors, a price decrease of 2-3% could be expected, as the potential concerns may outweigh the positive developments."
"[Cryptocurrency Introduction]: Dogecoin (DOGE) is a cryptocurrency . Users are able to generate DOGE through the process of mining. Dogecoin has a current supply of 149,516,646,383.70525. The last known price of Dogecoin is 0.18994255 USD and is up 1.31 over the last 24 hours. It is currently trading on 1232 active market(s) with $965,419,953.99 traded over the last 24 hours. More information can be found at http://dogecoin.com/.. It has a market capilization of 28657442816.

From 2024-12-13 to 2024-12-20, DOGE-USD's stock price decreased from 0.41 to 0.32. News during this period are listed below:

[Headline]: Dogecoin Pup’s IP Owner Bags Rights to Neiro, Putting Namesake Memes in Focus
[Summary]: An intellectual property (IP) ownership could soon end up in a fight of digital dogs.

Own The Doge DAO, a collective that holds the original ‘doge’ meme, on Tuesday said it had acquired the rights to...

From 2024-12-20 to 2024-12-27, DOGE-USD's stock price decreased from 0.32 to 0.31. News during this period are listed below:

[Headline]: Bitcoin Plunges to $93K, Dogecoin Down 27% as Crypto Bloodbath Goes On
[Summary]: A broad crypto market slide worsened at the start of U.S. trading hours as bitcoin (BTC) neared the $93,000 level, leading to a fallback across all major tokens.



Ether, Solana’s SOL, Cardano’s ADA,...

[Headline]: Dogecoin's 11% Drop Leads Losses in Crypto Majors as Bitcoin Sours Festive Mood
[Summary]: Losses in bitcoin (BTC) and other crypto majors extended to their third straight day, as risk-off behavior after this week’s FOMC meeting and general profit-taking contributed to heavy market sentimen...



Based on all the information before 2024-12-27, let's first analyze the positive developments and potential concerns for DOGE-USD. Come up with 2-4 most important factors respectively and keep them concise. Most factors should be inferred from cryptocurrencies related news. Then let's assume your prediction for next week (2024-12-27 to 2025-01-03) is up by 1-2%. Provide a summary analysis to support your prediction. The prediction result need to be inferred from your analysis at the end, and thus not appearing as a foundational factor of your analysis.","### Response 1

**[Positive Developments]:**
1. **IP Acquisition**: Own The Doge DAO acquiring the rights to the ‘doge’ meme could potentially increase the meme coin's visibility and cultural relevance, which might drive more interest and investment.
2. **Market Liquidity**: DOGE remains one of the most actively traded cryptocurrencies, with a significant 24-hour trading volume of $965,419,953.99, indicating strong market liquidity and interest.

**[Potential Concerns]:**
1. **Market Downturn**: The broader crypto market slide, with Bitcoin dropping to $93K and DOGE experiencing a significant 27% drop, indicates a bearish sentiment that could continue to affect DOGE negatively.
2. **FOMC Meeting Impact**: The risk-off behavior following the FOMC meeting suggests that macroeconomic factors are influencing crypto markets, which could lead to further sell-offs and profit-taking.

**[Prediction & Analysis]:**

The recent price movements and news have placed DOGE in a challenging position. The broader crypto market downturn, coupled with the negative sentiment post-FOMC meeting, has led to a significant drop in DOGE's price. However, the acquisition of the ‘doge’ meme IP could bring renewed interest and potentially stabilize or slightly uplift the price. Given the high liquidity and the potential for increased cultural relevance, we might see a slight recovery. The prediction for the next week (2024-12-27 to 2025-01-03) is a modest increase of 1-2%, driven by the balance between the negative market sentiment and the positive developments around the meme IP acquisition."
