,End Date,Start Date,End Price,Start Price,Weekly Returns,Bin Label,News,Basics
0,2024-01-12,2024-01-05,0.08004599809646606,0.08277300000190735,-0.032945548734230314,D4,"[{""date"": ""20240109140825"", ""headline"": ""Dogecoin's 9% Swing Amid Fake Rumor of Mascot's Death Riles Up Crypto Enthusiasts"", ""summary"": ""Dogecoin jumped 9% on a later-recanted social media rumor about the death of the token's mascot.\n\nThe volatile episode irked crypto market observers as liquidations soared on the fake news.\n\nDogecoin ..."", ""url"": ""https://coindesk.com/markets/2024/01/09/dogecoins-9-swing-amid-fake-rumor-of-mascots-death-riles-up-crypto-enthusiasts"", ""source"": ""CoinDesk"", ""sentiment"": ""NEGATIVE"", ""keywords"": ""Dogecoin|DOGE|Markets"", ""id"": 42409079, ""guid"": ""GJVPKSa3D710Liw1gcCwRV""}]",{}
1,2024-01-19,2024-01-12,0.07853599637746811,0.08004599809646606,-0.018864175035686388,D2,"[{""date"": ""20240109140825"", ""headline"": ""Dogecoin's 9% Swing Amid Fake Rumor of Mascot's Death Riles Up Crypto Enthusiasts"", ""summary"": ""Dogecoin jumped 9% on a later-recanted social media rumor about the death of the token's mascot.\n\nThe volatile episode irked crypto market observers as liquidations soared on the fake news.\n\nDogecoin ..."", ""url"": ""https://coindesk.com/markets/2024/01/09/dogecoins-9-swing-amid-fake-rumor-of-mascots-death-riles-up-crypto-enthusiasts"", ""source"": ""CoinDesk"", ""sentiment"": ""NEGATIVE"", ""keywords"": ""Dogecoin|DOGE|Markets"", ""id"": 42409079, ""guid"": ""GJVPKSa3D710Liw1gcCwRV""}, {""date"": ""20231212164354"", ""headline"": ""Bitcoin Halts at $41K as Traders Eye Fed Rate Decision; AVAX Flips Dogecoin as Altcoins Jump"", ""summary"": ""Bitcoin remained steady around $41,000 after Monday's dramatic flush.\n\nHalt in BTC's momentum saw many altcoins jump, with DOT, ATOM, INJ, TIA among the biggest gainers.\n\nMarket observers widely antic..."", ""url"": ""https://coindesk.com/markets/2023/12/12/bitcoin-halts-at-41k-as-traders-eye-fed-rate-decision-avax-flips-dogecoin-as-altcoins-jump"", ""source"": ""CoinDesk"", ""sentiment"": ""POSITIVE"", ""keywords"": ""Market Wrap|Bitcoin|Inflation|FOMC|Jerome Powell|Bitfinex"", ""id"": 42391748, ""guid"": ""CpI5Y2Su0uMQDo69bfvzyb""}, {""date"": ""20231207033050"", ""headline"": ""Tokens Tied to Dogecoin-Funded DOGE-1 Satellite Jump Ahead of SpaceX Launch"", ""summary"": ""Two tokens tied to space logistics and energy company Geometric Energy Corporation are jumping ahead of its mission to put DOGE-1, a Dogecoin-themed satellite, into orbit around the moon.\n\nThe launch ..."", ""url"": ""https://coindesk.com/markets/2023/12/07/tokens-tied-to-dogecoin-funded-doge-1-satellite-jump-ahead-of-spacex-launch"", ""source"": ""CoinDesk"", ""sentiment"": ""POSITIVE"", ""keywords"": ""Dogecoin|SpaceX"", ""id"": 42391854, ""guid"": ""CpI5Y2Su0uMQDo69bfwdvv""}, {""date"": ""20231206100531"", ""headline"": ""Elon Musk Halts Dogecoin Surge by Saying His AI Business Is 'Not Raising Money'"", ""summary"": ""A dogecoin [DOGE] surge started to reverse in U.S. morning hours Wednesday after technology entrepreneur Elon Musk said that his artificial intelligence startup xAI was not \""raising money.\""\n\nDOGE fell..."", ""url"": ""https://coindesk.com/markets/2023/12/06/elon-musk-halts-dogecoin-surge-by-saying-his-ai-business-is-not-raising-money"", ""source"": ""CoinDesk"", ""sentiment"": ""NEGATIVE"", ""keywords"": ""Elon Musk|Dogecoin|DOGE"", ""id"": 42391853, ""guid"": ""CpI5Y2Su0uMQDo69bfwdqn""}, {""date"": ""20231206054435"", ""headline"": ""Over $600M Locked in Open Dogecoin Futures as DOGE Price Hits Highest Since April"", ""summary"": ""Bitcoin's recent rapid rally has revived risk-taking in the crypto market, spurring investors to pour money into non-serious cryptocurrencies like dogecoin [DOGE], which was created as a joke 10 years..."", ""url"": ""https://coindesk.com/markets/2023/12/06/over-600m-locked-in-open-dogecoin-futures-as-doge-price-hits-highest-since-april"", ""source"": ""CoinDesk"", ""sentiment"": ""POSITIVE"", ""keywords"": ""DOGE|Dogecoin|Markets"", ""id"": 42409281, ""guid"": ""GJVPKSa3D710Liw1gcFbiC""}]",{}
2,2024-01-26,2024-01-19,0.07990100234746933,0.07853599637746811,0.01738064114499271,U2,"[{""date"": ""20240124052502"", ""headline"": ""Someone Just Put Legendary '90s Video Game Doom on Dogecoin"", ""summary"": ""Doom, the popular and influential first-person shooter video game first released in 1993, is now available on the Dogecoin network, thanks to a relatively new protocol that lets developers stash large..."", ""url"": ""https://coindesk.com/markets/2024/01/24/someone-just-put-90s-darling-game-doom-on-dogecoin"", ""source"": ""CoinDesk"", ""sentiment"": ""POSITIVE"", ""keywords"": ""Dogecoin|Ordinals"", ""id"": 42408963, ""guid"": ""GJVPKSa3D710Liw1gcBSsK""}, {""date"": ""20240122014133"", ""headline"": ""Dogecoin, Floki Bullish Bets Rise on X Payments Speculation"", ""summary"": ""Dog-themed meme tokens Dogecoin [DOGE] and floki [FLOKI] rose as much as 12% before retreating, as an @xpayments profile on social app X sent adoption hopes flying among crypto circles.\n\nTrading volum..."", ""url"": ""https://coindesk.com/markets/2024/01/22/dogecoin-floki-bullish-bets-rise-on-x-payments-speculation"", ""source"": ""CoinDesk"", ""sentiment"": ""POSITIVE"", ""keywords"": ""Dogecoin|Trading|Floki|X"", ""id"": 42391615, ""guid"": ""CpI5Y2Su0uMQDo69bfs2MV""}]",{}
3,2024-02-02,2024-01-26,0.07923299819231033,0.07990100234746933,-0.008360397686302042,D1,"[{""date"": ""20240124052502"", ""headline"": ""Someone Just Put Legendary '90s Video Game Doom on Dogecoin"", ""summary"": ""Doom, the popular and influential first-person shooter video game first released in 1993, is now available on the Dogecoin network, thanks to a relatively new protocol that lets developers stash large..."", ""url"": ""https://coindesk.com/markets/2024/01/24/someone-just-put-90s-darling-game-doom-on-dogecoin"", ""source"": ""CoinDesk"", ""sentiment"": ""POSITIVE"", ""keywords"": ""Dogecoin|Ordinals"", ""id"": 42408963, ""guid"": ""GJVPKSa3D710Liw1gcBSsK""}, {""date"": ""20240122014133"", ""headline"": ""Dogecoin, Floki Bullish Bets Rise on X Payments Speculation"", ""summary"": ""Dog-themed meme tokens Dogecoin [DOGE] and floki [FLOKI] rose as much as 12% before retreating, as an @xpayments profile on social app X sent adoption hopes flying among crypto circles.\n\nTrading volum..."", ""url"": ""https://coindesk.com/markets/2024/01/22/dogecoin-floki-bullish-bets-rise-on-x-payments-speculation"", ""source"": ""CoinDesk"", ""sentiment"": ""POSITIVE"", ""keywords"": ""Dogecoin|Trading|Floki|X"", ""id"": 42391615, ""guid"": ""CpI5Y2Su0uMQDo69bfs2MV""}, {""date"": ""20240109140825"", ""headline"": ""Dogecoin's 9% Swing Amid Fake Rumor of Mascot's Death Riles Up Crypto Enthusiasts"", ""summary"": ""Dogecoin jumped 9% on a later-recanted social media rumor about the death of the token's mascot.\n\nThe volatile episode irked crypto market observers as liquidations soared on the fake news.\n\nDogecoin ..."", ""url"": ""https://coindesk.com/markets/2024/01/09/dogecoins-9-swing-amid-fake-rumor-of-mascots-death-riles-up-crypto-enthusiasts"", ""source"": ""CoinDesk"", ""sentiment"": ""NEGATIVE"", ""keywords"": ""Dogecoin|DOGE|Markets"", ""id"": 42409079, ""guid"": ""GJVPKSa3D710Liw1gcCwRV""}, {""date"": ""20231212164354"", ""headline"": ""Bitcoin Halts at $41K as Traders Eye Fed Rate Decision; AVAX Flips Dogecoin as Altcoins Jump"", ""summary"": ""Bitcoin remained steady around $41,000 after Monday's dramatic flush.\n\nHalt in BTC's momentum saw many altcoins jump, with DOT, ATOM, INJ, TIA among the biggest gainers.\n\nMarket observers widely antic..."", ""url"": ""https://coindesk.com/markets/2023/12/12/bitcoin-halts-at-41k-as-traders-eye-fed-rate-decision-avax-flips-dogecoin-as-altcoins-jump"", ""source"": ""CoinDesk"", ""sentiment"": ""POSITIVE"", ""keywords"": ""Market Wrap|Bitcoin|Inflation|FOMC|Jerome Powell|Bitfinex"", ""id"": 42391748, ""guid"": ""CpI5Y2Su0uMQDo69bfvzyb""}, {""date"": ""20231207033050"", ""headline"": ""Tokens Tied to Dogecoin-Funded DOGE-1 Satellite Jump Ahead of SpaceX Launch"", ""summary"": ""Two tokens tied to space logistics and energy company Geometric Energy Corporation are jumping ahead of its mission to put DOGE-1, a Dogecoin-themed satellite, into orbit around the moon.\n\nThe launch ..."", ""url"": ""https://coindesk.com/markets/2023/12/07/tokens-tied-to-dogecoin-funded-doge-1-satellite-jump-ahead-of-spacex-launch"", ""source"": ""CoinDesk"", ""sentiment"": ""POSITIVE"", ""keywords"": ""Dogecoin|SpaceX"", ""id"": 42391854, ""guid"": ""CpI5Y2Su0uMQDo69bfwdvv""}]",{}
4,2024-02-09,2024-02-02,0.08157899975776672,0.07923299819231033,0.029608895523078577,U3,"[{""date"": ""20240124052502"", ""headline"": ""Someone Just Put Legendary '90s Video Game Doom on Dogecoin"", ""summary"": ""Doom, the popular and influential first-person shooter video game first released in 1993, is now available on the Dogecoin network, thanks to a relatively new protocol that lets developers stash large..."", ""url"": ""https://coindesk.com/markets/2024/01/24/someone-just-put-90s-darling-game-doom-on-dogecoin"", ""source"": ""CoinDesk"", ""sentiment"": ""POSITIVE"", ""keywords"": ""Dogecoin|Ordinals"", ""id"": 42408963, ""guid"": ""GJVPKSa3D710Liw1gcBSsK""}, {""date"": ""20240122014133"", ""headline"": ""Dogecoin, Floki Bullish Bets Rise on X Payments Speculation"", ""summary"": ""Dog-themed meme tokens Dogecoin [DOGE] and floki [FLOKI] rose as much as 12% before retreating, as an @xpayments profile on social app X sent adoption hopes flying among crypto circles.\n\nTrading volum..."", ""url"": ""https://coindesk.com/markets/2024/01/22/dogecoin-floki-bullish-bets-rise-on-x-payments-speculation"", ""source"": ""CoinDesk"", ""sentiment"": ""POSITIVE"", ""keywords"": ""Dogecoin|Trading|Floki|X"", ""id"": 42391615, ""guid"": ""CpI5Y2Su0uMQDo69bfs2MV""}, {""date"": ""20240109140825"", ""headline"": ""Dogecoin's 9% Swing Amid Fake Rumor of Mascot's Death Riles Up Crypto Enthusiasts"", ""summary"": ""Dogecoin jumped 9% on a later-recanted social media rumor about the death of the token's mascot.\n\nThe volatile episode irked crypto market observers as liquidations soared on the fake news.\n\nDogecoin ..."", ""url"": ""https://coindesk.com/markets/2024/01/09/dogecoins-9-swing-amid-fake-rumor-of-mascots-death-riles-up-crypto-enthusiasts"", ""source"": ""CoinDesk"", ""sentiment"": ""NEGATIVE"", ""keywords"": ""Dogecoin|DOGE|Markets"", ""id"": 42409079, ""guid"": ""GJVPKSa3D710Liw1gcCwRV""}, {""date"": ""20231212164354"", ""headline"": ""Bitcoin Halts at $41K as Traders Eye Fed Rate Decision; AVAX Flips Dogecoin as Altcoins Jump"", ""summary"": ""Bitcoin remained steady around $41,000 after Monday's dramatic flush.\n\nHalt in BTC's momentum saw many altcoins jump, with DOT, ATOM, INJ, TIA among the biggest gainers.\n\nMarket observers widely antic..."", ""url"": ""https://coindesk.com/markets/2023/12/12/bitcoin-halts-at-41k-as-traders-eye-fed-rate-decision-avax-flips-dogecoin-as-altcoins-jump"", ""source"": ""CoinDesk"", ""sentiment"": ""POSITIVE"", ""keywords"": ""Market Wrap|Bitcoin|Inflation|FOMC|Jerome Powell|Bitfinex"", ""id"": 42391748, ""guid"": ""CpI5Y2Su0uMQDo69bfvzyb""}, {""date"": ""20231207033050"", ""headline"": ""Tokens Tied to Dogecoin-Funded DOGE-1 Satellite Jump Ahead of SpaceX Launch"", ""summary"": ""Two tokens tied to space logistics and energy company Geometric Energy Corporation are jumping ahead of its mission to put DOGE-1, a Dogecoin-themed satellite, into orbit around the moon.\n\nThe launch ..."", ""url"": ""https://coindesk.com/markets/2023/12/07/tokens-tied-to-dogecoin-funded-doge-1-satellite-jump-ahead-of-spacex-launch"", ""source"": ""CoinDesk"", ""sentiment"": ""POSITIVE"", ""keywords"": ""Dogecoin|SpaceX"", ""id"": 42391854, ""guid"": ""CpI5Y2Su0uMQDo69bfwdvv""}]",{}
5,2024-02-16,2024-02-09,0.08601299673318863,0.08157899975776672,0.05435218608450476,U5+,"[{""date"": ""20240124052502"", ""headline"": ""Someone Just Put Legendary '90s Video Game Doom on Dogecoin"", ""summary"": ""Doom, the popular and influential first-person shooter video game first released in 1993, is now available on the Dogecoin network, thanks to a relatively new protocol that lets developers stash large..."", ""url"": ""https://coindesk.com/markets/2024/01/24/someone-just-put-90s-darling-game-doom-on-dogecoin"", ""source"": ""CoinDesk"", ""sentiment"": ""POSITIVE"", ""keywords"": ""Dogecoin|Ordinals"", ""id"": 42408963, ""guid"": ""GJVPKSa3D710Liw1gcBSsK""}, {""date"": ""20240122014133"", ""headline"": ""Dogecoin, Floki Bullish Bets Rise on X Payments Speculation"", ""summary"": ""Dog-themed meme tokens Dogecoin [DOGE] and floki [FLOKI] rose as much as 12% before retreating, as an @xpayments profile on social app X sent adoption hopes flying among crypto circles.\n\nTrading volum..."", ""url"": ""https://coindesk.com/markets/2024/01/22/dogecoin-floki-bullish-bets-rise-on-x-payments-speculation"", ""source"": ""CoinDesk"", ""sentiment"": ""POSITIVE"", ""keywords"": ""Dogecoin|Trading|Floki|X"", ""id"": 42391615, ""guid"": ""CpI5Y2Su0uMQDo69bfs2MV""}, {""date"": ""20240109140825"", ""headline"": ""Dogecoin's 9% Swing Amid Fake Rumor of Mascot's Death Riles Up Crypto Enthusiasts"", ""summary"": ""Dogecoin jumped 9% on a later-recanted social media rumor about the death of the token's mascot.\n\nThe volatile episode irked crypto market observers as liquidations soared on the fake news.\n\nDogecoin ..."", ""url"": ""https://coindesk.com/markets/2024/01/09/dogecoins-9-swing-amid-fake-rumor-of-mascots-death-riles-up-crypto-enthusiasts"", ""source"": ""CoinDesk"", ""sentiment"": ""NEGATIVE"", ""keywords"": ""Dogecoin|DOGE|Markets"", ""id"": 42409079, ""guid"": ""GJVPKSa3D710Liw1gcCwRV""}, {""date"": ""20231212164354"", ""headline"": ""Bitcoin Halts at $41K as Traders Eye Fed Rate Decision; AVAX Flips Dogecoin as Altcoins Jump"", ""summary"": ""Bitcoin remained steady around $41,000 after Monday's dramatic flush.\n\nHalt in BTC's momentum saw many altcoins jump, with DOT, ATOM, INJ, TIA among the biggest gainers.\n\nMarket observers widely antic..."", ""url"": ""https://coindesk.com/markets/2023/12/12/bitcoin-halts-at-41k-as-traders-eye-fed-rate-decision-avax-flips-dogecoin-as-altcoins-jump"", ""source"": ""CoinDesk"", ""sentiment"": ""POSITIVE"", ""keywords"": ""Market Wrap|Bitcoin|Inflation|FOMC|Jerome Powell|Bitfinex"", ""id"": 42391748, ""guid"": ""CpI5Y2Su0uMQDo69bfvzyb""}, {""date"": ""20231207033050"", ""headline"": ""Tokens Tied to Dogecoin-Funded DOGE-1 Satellite Jump Ahead of SpaceX Launch"", ""summary"": ""Two tokens tied to space logistics and energy company Geometric Energy Corporation are jumping ahead of its mission to put DOGE-1, a Dogecoin-themed satellite, into orbit around the moon.\n\nThe launch ..."", ""url"": ""https://coindesk.com/markets/2023/12/07/tokens-tied-to-dogecoin-funded-doge-1-satellite-jump-ahead-of-spacex-launch"", ""source"": ""CoinDesk"", ""sentiment"": ""POSITIVE"", ""keywords"": ""Dogecoin|SpaceX"", ""id"": 42391854, ""guid"": ""CpI5Y2Su0uMQDo69bfwdvv""}]",{}
6,2024-02-23,2024-02-16,0.08443400263786316,0.08601299673318863,-0.018357622165211758,D2,"[{""date"": ""20240124052502"", ""headline"": ""Someone Just Put Legendary '90s Video Game Doom on Dogecoin"", ""summary"": ""Doom, the popular and influential first-person shooter video game first released in 1993, is now available on the Dogecoin network, thanks to a relatively new protocol that lets developers stash large..."", ""url"": ""https://coindesk.com/markets/2024/01/24/someone-just-put-90s-darling-game-doom-on-dogecoin"", ""source"": ""CoinDesk"", ""sentiment"": ""POSITIVE"", ""keywords"": ""Dogecoin|Ordinals"", ""id"": 42408963, ""guid"": ""GJVPKSa3D710Liw1gcBSsK""}, {""date"": ""20240122014133"", ""headline"": ""Dogecoin, Floki Bullish Bets Rise on X Payments Speculation"", ""summary"": ""Dog-themed meme tokens Dogecoin [DOGE] and floki [FLOKI] rose as much as 12% before retreating, as an @xpayments profile on social app X sent adoption hopes flying among crypto circles.\n\nTrading volum..."", ""url"": ""https://coindesk.com/markets/2024/01/22/dogecoin-floki-bullish-bets-rise-on-x-payments-speculation"", ""source"": ""CoinDesk"", ""sentiment"": ""POSITIVE"", ""keywords"": ""Dogecoin|Trading|Floki|X"", ""id"": 42391615, ""guid"": ""CpI5Y2Su0uMQDo69bfs2MV""}, {""date"": ""20240109140825"", ""headline"": ""Dogecoin's 9% Swing Amid Fake Rumor of Mascot's Death Riles Up Crypto Enthusiasts"", ""summary"": ""Dogecoin jumped 9% on a later-recanted social media rumor about the death of the token's mascot.\n\nThe volatile episode irked crypto market observers as liquidations soared on the fake news.\n\nDogecoin ..."", ""url"": ""https://coindesk.com/markets/2024/01/09/dogecoins-9-swing-amid-fake-rumor-of-mascots-death-riles-up-crypto-enthusiasts"", ""source"": ""CoinDesk"", ""sentiment"": ""NEGATIVE"", ""keywords"": ""Dogecoin|DOGE|Markets"", ""id"": 42409079, ""guid"": ""GJVPKSa3D710Liw1gcCwRV""}, {""date"": ""20231212164354"", ""headline"": ""Bitcoin Halts at $41K as Traders Eye Fed Rate Decision; AVAX Flips Dogecoin as Altcoins Jump"", ""summary"": ""Bitcoin remained steady around $41,000 after Monday's dramatic flush.\n\nHalt in BTC's momentum saw many altcoins jump, with DOT, ATOM, INJ, TIA among the biggest gainers.\n\nMarket observers widely antic..."", ""url"": ""https://coindesk.com/markets/2023/12/12/bitcoin-halts-at-41k-as-traders-eye-fed-rate-decision-avax-flips-dogecoin-as-altcoins-jump"", ""source"": ""CoinDesk"", ""sentiment"": ""POSITIVE"", ""keywords"": ""Market Wrap|Bitcoin|Inflation|FOMC|Jerome Powell|Bitfinex"", ""id"": 42391748, ""guid"": ""CpI5Y2Su0uMQDo69bfvzyb""}, {""date"": ""20231207033050"", ""headline"": ""Tokens Tied to Dogecoin-Funded DOGE-1 Satellite Jump Ahead of SpaceX Launch"", ""summary"": ""Two tokens tied to space logistics and energy company Geometric Energy Corporation are jumping ahead of its mission to put DOGE-1, a Dogecoin-themed satellite, into orbit around the moon.\n\nThe launch ..."", ""url"": ""https://coindesk.com/markets/2023/12/07/tokens-tied-to-dogecoin-funded-doge-1-satellite-jump-ahead-of-spacex-launch"", ""source"": ""CoinDesk"", ""sentiment"": ""POSITIVE"", ""keywords"": ""Dogecoin|SpaceX"", ""id"": 42391854, ""guid"": ""CpI5Y2Su0uMQDo69bfwdvv""}]",{}
7,2024-03-01,2024-02-23,0.13955700397491455,0.08443400263786316,0.6528531114825097,U5+,"[{""date"": ""20240229033346"", ""headline"": ""Dogecoin Bullish Bets Reach Record $1B "", ""summary"": ""Traders are using prominent meme tokens, such as Dogecoin (DOGE) and bonk (BONK), as ecosystem bets for their respective blockchains, Ethereum and Solana.\n\nDOGE futures set a record open interest at $..."", ""url"": ""https://coindesk.com/markets/2024/02/29/dogecoin-bullish-bets-reach-record-1b"", ""source"": ""CoinDesk"", ""sentiment"": ""POSITIVE"", ""keywords"": ""DOGE|Trading|Markets"", ""id"": 42418656, ""guid"": ""ha93388BwWkPe8xtcTyn2j""}]",{}
8,2024-03-08,2024-03-01,0.16534699499607086,0.13955700397491455,0.18479897308337226,U5+,"[{""date"": ""20240229033346"", ""headline"": ""Dogecoin Bullish Bets Reach Record $1B "", ""summary"": ""Traders are using prominent meme tokens, such as Dogecoin (DOGE) and bonk (BONK), as ecosystem bets for their respective blockchains, Ethereum and Solana.\n\nDOGE futures set a record open interest at $..."", ""url"": ""https://coindesk.com/markets/2024/02/29/dogecoin-bullish-bets-reach-record-1b"", ""source"": ""CoinDesk"", ""sentiment"": ""POSITIVE"", ""keywords"": ""DOGE|Trading|Markets"", ""id"": 42418656, ""guid"": ""ha93388BwWkPe8xtcTyn2j""}, {""date"": ""20240124052502"", ""headline"": ""Someone Just Put Legendary '90s Video Game Doom on Dogecoin"", ""summary"": ""Doom, the popular and influential first-person shooter video game first released in 1993, is now available on the Dogecoin network, thanks to a relatively new protocol that lets developers stash large..."", ""url"": ""https://coindesk.com/markets/2024/01/24/someone-just-put-90s-darling-game-doom-on-dogecoin"", ""source"": ""CoinDesk"", ""sentiment"": ""POSITIVE"", ""keywords"": ""Dogecoin|Ordinals"", ""id"": 42408963, ""guid"": ""GJVPKSa3D710Liw1gcBSsK""}, {""date"": ""20240122014133"", ""headline"": ""Dogecoin, Floki Bullish Bets Rise on X Payments Speculation"", ""summary"": ""Dog-themed meme tokens Dogecoin [DOGE] and floki [FLOKI] rose as much as 12% before retreating, as an @xpayments profile on social app X sent adoption hopes flying among crypto circles.\n\nTrading volum..."", ""url"": ""https://coindesk.com/markets/2024/01/22/dogecoin-floki-bullish-bets-rise-on-x-payments-speculation"", ""source"": ""CoinDesk"", ""sentiment"": ""POSITIVE"", ""keywords"": ""Dogecoin|Trading|Floki|X"", ""id"": 42391615, ""guid"": ""CpI5Y2Su0uMQDo69bfs2MV""}, {""date"": ""20240109140825"", ""headline"": ""Dogecoin's 9% Swing Amid Fake Rumor of Mascot's Death Riles Up Crypto Enthusiasts"", ""summary"": ""Dogecoin jumped 9% on a later-recanted social media rumor about the death of the token's mascot.\n\nThe volatile episode irked crypto market observers as liquidations soared on the fake news.\n\nDogecoin ..."", ""url"": ""https://coindesk.com/markets/2024/01/09/dogecoins-9-swing-amid-fake-rumor-of-mascots-death-riles-up-crypto-enthusiasts"", ""source"": ""CoinDesk"", ""sentiment"": ""NEGATIVE"", ""keywords"": ""Dogecoin|DOGE|Markets"", ""id"": 42409079, ""guid"": ""GJVPKSa3D710Liw1gcCwRV""}, {""date"": ""20231212164354"", ""headline"": ""Bitcoin Halts at $41K as Traders Eye Fed Rate Decision; AVAX Flips Dogecoin as Altcoins Jump"", ""summary"": ""Bitcoin remained steady around $41,000 after Monday's dramatic flush.\n\nHalt in BTC's momentum saw many altcoins jump, with DOT, ATOM, INJ, TIA among the biggest gainers.\n\nMarket observers widely antic..."", ""url"": ""https://coindesk.com/markets/2023/12/12/bitcoin-halts-at-41k-as-traders-eye-fed-rate-decision-avax-flips-dogecoin-as-altcoins-jump"", ""source"": ""CoinDesk"", ""sentiment"": ""POSITIVE"", ""keywords"": ""Market Wrap|Bitcoin|Inflation|FOMC|Jerome Powell|Bitfinex"", ""id"": 42391748, ""guid"": ""CpI5Y2Su0uMQDo69bfvzyb""}]",{}
9,2024-03-15,2024-03-08,0.1632310003042221,0.16534699499607086,-0.012797297537212801,D2,"[{""date"": ""20240229033346"", ""headline"": ""Dogecoin Bullish Bets Reach Record $1B "", ""summary"": ""Traders are using prominent meme tokens, such as Dogecoin (DOGE) and bonk (BONK), as ecosystem bets for their respective blockchains, Ethereum and Solana.\n\nDOGE futures set a record open interest at $..."", ""url"": ""https://coindesk.com/markets/2024/02/29/dogecoin-bullish-bets-reach-record-1b"", ""source"": ""CoinDesk"", ""sentiment"": ""POSITIVE"", ""keywords"": ""DOGE|Trading|Markets"", ""id"": 42418656, ""guid"": ""ha93388BwWkPe8xtcTyn2j""}, {""date"": ""20240124052502"", ""headline"": ""Someone Just Put Legendary '90s Video Game Doom on Dogecoin"", ""summary"": ""Doom, the popular and influential first-person shooter video game first released in 1993, is now available on the Dogecoin network, thanks to a relatively new protocol that lets developers stash large..."", ""url"": ""https://coindesk.com/markets/2024/01/24/someone-just-put-90s-darling-game-doom-on-dogecoin"", ""source"": ""CoinDesk"", ""sentiment"": ""POSITIVE"", ""keywords"": ""Dogecoin|Ordinals"", ""id"": 42408963, ""guid"": ""GJVPKSa3D710Liw1gcBSsK""}, {""date"": ""20240122014133"", ""headline"": ""Dogecoin, Floki Bullish Bets Rise on X Payments Speculation"", ""summary"": ""Dog-themed meme tokens Dogecoin [DOGE] and floki [FLOKI] rose as much as 12% before retreating, as an @xpayments profile on social app X sent adoption hopes flying among crypto circles.\n\nTrading volum..."", ""url"": ""https://coindesk.com/markets/2024/01/22/dogecoin-floki-bullish-bets-rise-on-x-payments-speculation"", ""source"": ""CoinDesk"", ""sentiment"": ""POSITIVE"", ""keywords"": ""Dogecoin|Trading|Floki|X"", ""id"": 42391615, ""guid"": ""CpI5Y2Su0uMQDo69bfs2MV""}, {""date"": ""20240109140825"", ""headline"": ""Dogecoin's 9% Swing Amid Fake Rumor of Mascot's Death Riles Up Crypto Enthusiasts"", ""summary"": ""Dogecoin jumped 9% on a later-recanted social media rumor about the death of the token's mascot.\n\nThe volatile episode irked crypto market observers as liquidations soared on the fake news.\n\nDogecoin ..."", ""url"": ""https://coindesk.com/markets/2024/01/09/dogecoins-9-swing-amid-fake-rumor-of-mascots-death-riles-up-crypto-enthusiasts"", ""source"": ""CoinDesk"", ""sentiment"": ""NEGATIVE"", ""keywords"": ""Dogecoin|DOGE|Markets"", ""id"": 42409079, ""guid"": ""GJVPKSa3D710Liw1gcCwRV""}, {""date"": ""20231212164354"", ""headline"": ""Bitcoin Halts at $41K as Traders Eye Fed Rate Decision; AVAX Flips Dogecoin as Altcoins Jump"", ""summary"": ""Bitcoin remained steady around $41,000 after Monday's dramatic flush.\n\nHalt in BTC's momentum saw many altcoins jump, with DOT, ATOM, INJ, TIA among the biggest gainers.\n\nMarket observers widely antic..."", ""url"": ""https://coindesk.com/markets/2023/12/12/bitcoin-halts-at-41k-as-traders-eye-fed-rate-decision-avax-flips-dogecoin-as-altcoins-jump"", ""source"": ""CoinDesk"", ""sentiment"": ""POSITIVE"", ""keywords"": ""Market Wrap|Bitcoin|Inflation|FOMC|Jerome Powell|Bitfinex"", ""id"": 42391748, ""guid"": ""CpI5Y2Su0uMQDo69bfvzyb""}]",{}
10,2024-03-22,2024-03-15,0.15270300209522247,0.1632310003042221,-0.064497541455839,D5+,"[{""date"": ""20240321060427"", ""headline"": ""Dogecoin Climbs 18% on DOGE Futures Hopes, Bitcoin Nears $68K"", ""summary"": ""Crypto markets experienced volatility overnight as bitcoin and ether tumbled before recovering to trade 15% higher than their Wednesday lows.\n\nWednesday's decline was attributed to profit-taking from ..."", ""url"": ""https://coindesk.com/markets/2024/03/21/dogecoin-climbs-18-on-doge-futures-hopes-bitcoin-nears-68k"", ""source"": ""CoinDesk"", ""sentiment"": ""POSITIVE"", ""keywords"": ""Trading|Investing|Markets"", ""id"": 42391135, ""guid"": ""CpI5Y2Su0uMQDo69berGup""}]",{}
11,2024-03-29,2024-03-22,0.21349099278450012,0.15270300209522247,0.3980798665069564,U5+,"[{""date"": ""20240328095232"", ""headline"": ""Dogecoin Bets Jump to $2B as Price Reaches Highest Level Since 2021"", ""summary"": ""The dogecoin (DOGE) price surged to its highest level since December 2021 on Thursday, with trading volumes and futures open interest rising significantly.\n\nSeveral posts from prominent Dogecoin commu..."", ""url"": ""https://coindesk.com/markets/2024/03/28/dogecoin-bets-jump-to-2b-as-price-reaches-highest-level-since-2021"", ""source"": ""CoinDesk"", ""sentiment"": ""POSITIVE"", ""keywords"": ""Dogecoin|Trading|DOGE"", ""id"": 42391063, ""guid"": ""CpI5Y2Su0uMQDo69be9gez""}, {""date"": ""20240325083255"", ""headline"": ""Is It Late 2020 All Over Again for Dogecoin?"", ""summary"": ""There are striking similarities between DOGE's price action today and in late 2020.\n\nThe so-called fractal is noteworthy as dogecoin surged over 1,000% in early 2021.\n\nOne key principle of the Dow The..."", ""url"": ""https://coindesk.com/markets/2024/03/25/is-it-late-2020-all-over-again-for-dogecoin"", ""source"": ""CoinDesk"", ""sentiment"": ""POSITIVE"", ""keywords"": ""DOGE|Markets"", ""id"": 42408608, ""guid"": ""GJVPKSa3D710Liw1gaqQzr""}]",{}
12,2024-04-05,2024-03-29,0.17751799523830414,0.21349099278450012,-0.16849890047823926,D5+,"[{""date"": ""20240402032729"", ""headline"": ""Crypto Bulls See $400M Liquidations as Solana, Dogecoin Lead Slide in Majors"", ""summary"": ""Major tokens experienced a significant drop in the past 24 hours, with bitcoin falling 5% and other major tokens like ether, Cardano's ADA, and BNB Chain\u2019s BNB showing similar losses.\n\nLiquidations of..."", ""url"": ""https://coindesk.com/markets/2024/04/02/crypto-bulls-see-400m-liquidations-as-solana-dogecoin-lead-slide-in-majors"", ""source"": ""CoinDesk"", ""sentiment"": ""NEGATIVE"", ""keywords"": ""Bitcoin|Trading|Markets"", ""id"": 42418528, ""guid"": ""ha93388BwWkPe8xtcThXYb""}]",{}
13,2024-04-12,2024-04-05,0.17459699511528015,0.17751799523830414,-0.0164546705200381,D2,"[{""date"": ""20240410063840"", ""headline"": ""Bitcoin Falls Below $69K Ahead of U.S. CPI; Cardano, Dogecoin Lead Losses in Altcoins"", ""summary"": ""Bitcoin and major alternative cryptocurrencies (altcoins) trade weak ahead of the pivotal U.S. CPI release.\n\nOne observer said the pullback could soon run out of steam as selling pressure from wallets..."", ""url"": ""https://coindesk.com/markets/2024/04/10/bitcoin-falls-below-69k-ahead-of-us-cpi-cardano-dogecoin-lead-majors-losses"", ""source"": ""CoinDesk"", ""sentiment"": ""NEUTRAL"", ""keywords"": ""Trading|Markets|Invest"", ""id"": 42418423, ""guid"": ""ha93388BwWkPe8xtcThC0r""}]",{}
14,2024-04-19,2024-04-12,0.15626800060272217,0.17459699511528015,-0.10497886576144111,D5+,"[{""date"": ""20240412140505"", ""headline"": ""Dogecoin Climbs 5.4%, Tops CoinDesk 20 This Week: CoinDesk Indices Market Update"", ""summary"": ""CoinDesk Indices (CDI) presents its bi-weekly market update, highlighting the performance of leaders and laggards in the benchmark CoinDesk 20 Index (CD20) and the broad CoinDesk Market Index (CMI).\n\n..."", ""url"": ""https://coindesk.com/markets/2024/04/12/dogecoin-climbs-54-tops-coindesk-20-this-week-coindesk-indices-market-update"", ""source"": ""CoinDesk"", ""sentiment"": ""POSITIVE"", ""keywords"": ""CoinDesk 20"", ""id"": 42408493, ""guid"": ""GJVPKSa3D710Liw1gaJHVI""}]",{}
15,2024-04-26,2024-04-19,0.14783699810504913,0.15626800060272217,-0.053952200483495326,D5+,"[{""date"": ""20240412140505"", ""headline"": ""Dogecoin Climbs 5.4%, Tops CoinDesk 20 This Week: CoinDesk Indices Market Update"", ""summary"": ""CoinDesk Indices (CDI) presents its bi-weekly market update, highlighting the performance of leaders and laggards in the benchmark CoinDesk 20 Index (CD20) and the broad CoinDesk Market Index (CMI).\n\n..."", ""url"": ""https://coindesk.com/markets/2024/04/12/dogecoin-climbs-54-tops-coindesk-20-this-week-coindesk-indices-market-update"", ""source"": ""CoinDesk"", ""sentiment"": ""POSITIVE"", ""keywords"": ""CoinDesk 20"", ""id"": 42408493, ""guid"": ""GJVPKSa3D710Liw1gaJHVI""}, {""date"": ""20240410063840"", ""headline"": ""Bitcoin Falls Below $69K Ahead of U.S. CPI; Cardano, Dogecoin Lead Losses in Altcoins"", ""summary"": ""Bitcoin and major alternative cryptocurrencies (altcoins) trade weak ahead of the pivotal U.S. CPI release.\n\nOne observer said the pullback could soon run out of steam as selling pressure from wallets..."", ""url"": ""https://coindesk.com/markets/2024/04/10/bitcoin-falls-below-69k-ahead-of-us-cpi-cardano-dogecoin-lead-majors-losses"", ""source"": ""CoinDesk"", ""sentiment"": ""NEUTRAL"", ""keywords"": ""Trading|Markets|Invest"", ""id"": 42418423, ""guid"": ""ha93388BwWkPe8xtcThC0r""}, {""date"": ""20240402032729"", ""headline"": ""Crypto Bulls See $400M Liquidations as Solana, Dogecoin Lead Slide in Majors"", ""summary"": ""Major tokens experienced a significant drop in the past 24 hours, with bitcoin falling 5% and other major tokens like ether, Cardano's ADA, and BNB Chain\u2019s BNB showing similar losses.\n\nLiquidations of..."", ""url"": ""https://coindesk.com/markets/2024/04/02/crypto-bulls-see-400m-liquidations-as-solana-dogecoin-lead-slide-in-majors"", ""source"": ""CoinDesk"", ""sentiment"": ""NEGATIVE"", ""keywords"": ""Bitcoin|Trading|Markets"", ""id"": 42418528, ""guid"": ""ha93388BwWkPe8xtcThXYb""}, {""date"": ""20240328095232"", ""headline"": ""Dogecoin Bets Jump to $2B as Price Reaches Highest Level Since 2021"", ""summary"": ""The dogecoin (DOGE) price surged to its highest level since December 2021 on Thursday, with trading volumes and futures open interest rising significantly.\n\nSeveral posts from prominent Dogecoin commu..."", ""url"": ""https://coindesk.com/markets/2024/03/28/dogecoin-bets-jump-to-2b-as-price-reaches-highest-level-since-2021"", ""source"": ""CoinDesk"", ""sentiment"": ""POSITIVE"", ""keywords"": ""Dogecoin|Trading|DOGE"", ""id"": 42391063, ""guid"": ""CpI5Y2Su0uMQDo69be9gez""}, {""date"": ""20240325083255"", ""headline"": ""Is It Late 2020 All Over Again for Dogecoin?"", ""summary"": ""There are striking similarities between DOGE's price action today and in late 2020.\n\nThe so-called fractal is noteworthy as dogecoin surged over 1,000% in early 2021.\n\nOne key principle of the Dow The..."", ""url"": ""https://coindesk.com/markets/2024/03/25/is-it-late-2020-all-over-again-for-dogecoin"", ""source"": ""CoinDesk"", ""sentiment"": ""POSITIVE"", ""keywords"": ""DOGE|Markets"", ""id"": 42408608, ""guid"": ""GJVPKSa3D710Liw1gaqQzr""}]",{}
16,2024-05-03,2024-04-26,0.1461459994316101,0.14783699810504913,-0.011438264406839796,D2,"[{""date"": ""20240412140505"", ""headline"": ""Dogecoin Climbs 5.4%, Tops CoinDesk 20 This Week: CoinDesk Indices Market Update"", ""summary"": ""CoinDesk Indices (CDI) presents its bi-weekly market update, highlighting the performance of leaders and laggards in the benchmark CoinDesk 20 Index (CD20) and the broad CoinDesk Market Index (CMI).\n\n..."", ""url"": ""https://coindesk.com/markets/2024/04/12/dogecoin-climbs-54-tops-coindesk-20-this-week-coindesk-indices-market-update"", ""source"": ""CoinDesk"", ""sentiment"": ""POSITIVE"", ""keywords"": ""CoinDesk 20"", ""id"": 42408493, ""guid"": ""GJVPKSa3D710Liw1gaJHVI""}, {""date"": ""20240410063840"", ""headline"": ""Bitcoin Falls Below $69K Ahead of U.S. CPI; Cardano, Dogecoin Lead Losses in Altcoins"", ""summary"": ""Bitcoin and major alternative cryptocurrencies (altcoins) trade weak ahead of the pivotal U.S. CPI release.\n\nOne observer said the pullback could soon run out of steam as selling pressure from wallets..."", ""url"": ""https://coindesk.com/markets/2024/04/10/bitcoin-falls-below-69k-ahead-of-us-cpi-cardano-dogecoin-lead-majors-losses"", ""source"": ""CoinDesk"", ""sentiment"": ""NEUTRAL"", ""keywords"": ""Trading|Markets|Invest"", ""id"": 42418423, ""guid"": ""ha93388BwWkPe8xtcThC0r""}, {""date"": ""20240402032729"", ""headline"": ""Crypto Bulls See $400M Liquidations as Solana, Dogecoin Lead Slide in Majors"", ""summary"": ""Major tokens experienced a significant drop in the past 24 hours, with bitcoin falling 5% and other major tokens like ether, Cardano's ADA, and BNB Chain\u2019s BNB showing similar losses.\n\nLiquidations of..."", ""url"": ""https://coindesk.com/markets/2024/04/02/crypto-bulls-see-400m-liquidations-as-solana-dogecoin-lead-slide-in-majors"", ""source"": ""CoinDesk"", ""sentiment"": ""NEGATIVE"", ""keywords"": ""Bitcoin|Trading|Markets"", ""id"": 42418528, ""guid"": ""ha93388BwWkPe8xtcThXYb""}, {""date"": ""20240328095232"", ""headline"": ""Dogecoin Bets Jump to $2B as Price Reaches Highest Level Since 2021"", ""summary"": ""The dogecoin (DOGE) price surged to its highest level since December 2021 on Thursday, with trading volumes and futures open interest rising significantly.\n\nSeveral posts from prominent Dogecoin commu..."", ""url"": ""https://coindesk.com/markets/2024/03/28/dogecoin-bets-jump-to-2b-as-price-reaches-highest-level-since-2021"", ""source"": ""CoinDesk"", ""sentiment"": ""POSITIVE"", ""keywords"": ""Dogecoin|Trading|DOGE"", ""id"": 42391063, ""guid"": ""CpI5Y2Su0uMQDo69be9gez""}, {""date"": ""20240325083255"", ""headline"": ""Is It Late 2020 All Over Again for Dogecoin?"", ""summary"": ""There are striking similarities between DOGE's price action today and in late 2020.\n\nThe so-called fractal is noteworthy as dogecoin surged over 1,000% in early 2021.\n\nOne key principle of the Dow The..."", ""url"": ""https://coindesk.com/markets/2024/03/25/is-it-late-2020-all-over-again-for-dogecoin"", ""source"": ""CoinDesk"", ""sentiment"": ""POSITIVE"", ""keywords"": ""DOGE|Markets"", ""id"": 42408608, ""guid"": ""GJVPKSa3D710Liw1gaqQzr""}]",{}
17,2024-05-10,2024-05-03,0.14403100311756134,0.1461459994316101,-0.01447180437558602,D2,"[{""date"": ""20240510043118"", ""headline"": ""Dogecoin Appears Headed for a 'Golden Cross'"", ""summary"": ""DOGE's weekly price averages appear on track to confirm a bullish golden cross.\n\nThe previous golden cross, seen in early January 2021, presaged an 8,000% price surge.\n\nDogecoin {{DOGE}}, the world's ..."", ""url"": ""https://coindesk.com/markets/2024/05/10/dogecoin-appears-headed-for-a-golden-cross"", ""source"": ""CoinDesk"", ""sentiment"": ""POSITIVE"", ""keywords"": ""Dogecoin|Technical Analysis|Markets|Golden cross"", ""id"": 42408292, ""guid"": ""GJVPKSa3D710Liw1gaC150""}, {""date"": ""20240412140505"", ""headline"": ""Dogecoin Climbs 5.4%, Tops CoinDesk 20 This Week: CoinDesk Indices Market Update"", ""summary"": ""CoinDesk Indices (CDI) presents its bi-weekly market update, highlighting the performance of leaders and laggards in the benchmark CoinDesk 20 Index (CD20) and the broad CoinDesk Market Index (CMI).\n\n..."", ""url"": ""https://coindesk.com/markets/2024/04/12/dogecoin-climbs-54-tops-coindesk-20-this-week-coindesk-indices-market-update"", ""source"": ""CoinDesk"", ""sentiment"": ""POSITIVE"", ""keywords"": ""CoinDesk 20"", ""id"": 42408493, ""guid"": ""GJVPKSa3D710Liw1gaJHVI""}, {""date"": ""20240410063840"", ""headline"": ""Bitcoin Falls Below $69K Ahead of U.S. CPI; Cardano, Dogecoin Lead Losses in Altcoins"", ""summary"": ""Bitcoin and major alternative cryptocurrencies (altcoins) trade weak ahead of the pivotal U.S. CPI release.\n\nOne observer said the pullback could soon run out of steam as selling pressure from wallets..."", ""url"": ""https://coindesk.com/markets/2024/04/10/bitcoin-falls-below-69k-ahead-of-us-cpi-cardano-dogecoin-lead-majors-losses"", ""source"": ""CoinDesk"", ""sentiment"": ""NEUTRAL"", ""keywords"": ""Trading|Markets|Invest"", ""id"": 42418423, ""guid"": ""ha93388BwWkPe8xtcThC0r""}, {""date"": ""20240402032729"", ""headline"": ""Crypto Bulls See $400M Liquidations as Solana, Dogecoin Lead Slide in Majors"", ""summary"": ""Major tokens experienced a significant drop in the past 24 hours, with bitcoin falling 5% and other major tokens like ether, Cardano's ADA, and BNB Chain\u2019s BNB showing similar losses.\n\nLiquidations of..."", ""url"": ""https://coindesk.com/markets/2024/04/02/crypto-bulls-see-400m-liquidations-as-solana-dogecoin-lead-slide-in-majors"", ""source"": ""CoinDesk"", ""sentiment"": ""NEGATIVE"", ""keywords"": ""Bitcoin|Trading|Markets"", ""id"": 42418528, ""guid"": ""ha93388BwWkPe8xtcThXYb""}, {""date"": ""20240328095232"", ""headline"": ""Dogecoin Bets Jump to $2B as Price Reaches Highest Level Since 2021"", ""summary"": ""The dogecoin (DOGE) price surged to its highest level since December 2021 on Thursday, with trading volumes and futures open interest rising significantly.\n\nSeveral posts from prominent Dogecoin commu..."", ""url"": ""https://coindesk.com/markets/2024/03/28/dogecoin-bets-jump-to-2b-as-price-reaches-highest-level-since-2021"", ""source"": ""CoinDesk"", ""sentiment"": ""POSITIVE"", ""keywords"": ""Dogecoin|Trading|DOGE"", ""id"": 42391063, ""guid"": ""CpI5Y2Su0uMQDo69be9gez""}]",{}
18,2024-05-17,2024-05-10,0.15556299686431885,0.14403100311756134,0.08006605173293721,U5+,"[{""date"": ""20240510043118"", ""headline"": ""Dogecoin Appears Headed for a 'Golden Cross'"", ""summary"": ""DOGE's weekly price averages appear on track to confirm a bullish golden cross.\n\nThe previous golden cross, seen in early January 2021, presaged an 8,000% price surge.\n\nDogecoin {{DOGE}}, the world's ..."", ""url"": ""https://coindesk.com/markets/2024/05/10/dogecoin-appears-headed-for-a-golden-cross"", ""source"": ""CoinDesk"", ""sentiment"": ""POSITIVE"", ""keywords"": ""Dogecoin|Technical Analysis|Markets|Golden cross"", ""id"": 42408292, ""guid"": ""GJVPKSa3D710Liw1gaC150""}]",{}
19,2024-05-24,2024-05-17,0.16380299627780914,0.15556299686431885,0.05296889092897314,U5+,"[{""date"": ""20240524020912"", ""headline"": ""Kabosu, Dog Who Inspired Dogecoin and Shiba Inu, Is No More"", ""summary"": ""Popular dog Kabosu, the face of dogecoin and several other meme tokens, died early Friday, her owner wrote in a blog post. She was over 17 years old.\n\n\u201cWe will be holding a farewell party for Kabo-cha..."", ""url"": ""https://coindesk.com/business/2024/05/24/kabosu-dog-who-inspired-dogecoin-and-shiba-inu-is-no-more"", ""source"": ""CoinDesk"", ""sentiment"": ""NEGATIVE"", ""keywords"": ""DOGE"", ""id"": 42418073, ""guid"": ""ha93388BwWkPe8xtcTcZPZ""}, {""date"": ""20240510043118"", ""headline"": ""Dogecoin Appears Headed for a 'Golden Cross'"", ""summary"": ""DOGE's weekly price averages appear on track to confirm a bullish golden cross.\n\nThe previous golden cross, seen in early January 2021, presaged an 8,000% price surge.\n\nDogecoin {{DOGE}}, the world's ..."", ""url"": ""https://coindesk.com/markets/2024/05/10/dogecoin-appears-headed-for-a-golden-cross"", ""source"": ""CoinDesk"", ""sentiment"": ""POSITIVE"", ""keywords"": ""Dogecoin|Technical Analysis|Markets|Golden cross"", ""id"": 42408292, ""guid"": ""GJVPKSa3D710Liw1gaC150""}, {""date"": ""20240412140505"", ""headline"": ""Dogecoin Climbs 5.4%, Tops CoinDesk 20 This Week: CoinDesk Indices Market Update"", ""summary"": ""CoinDesk Indices (CDI) presents its bi-weekly market update, highlighting the performance of leaders and laggards in the benchmark CoinDesk 20 Index (CD20) and the broad CoinDesk Market Index (CMI).\n\n..."", ""url"": ""https://coindesk.com/markets/2024/04/12/dogecoin-climbs-54-tops-coindesk-20-this-week-coindesk-indices-market-update"", ""source"": ""CoinDesk"", ""sentiment"": ""POSITIVE"", ""keywords"": ""CoinDesk 20"", ""id"": 42408493, ""guid"": ""GJVPKSa3D710Liw1gaJHVI""}, {""date"": ""20240410063840"", ""headline"": ""Bitcoin Falls Below $69K Ahead of U.S. CPI; Cardano, Dogecoin Lead Losses in Altcoins"", ""summary"": ""Bitcoin and major alternative cryptocurrencies (altcoins) trade weak ahead of the pivotal U.S. CPI release.\n\nOne observer said the pullback could soon run out of steam as selling pressure from wallets..."", ""url"": ""https://coindesk.com/markets/2024/04/10/bitcoin-falls-below-69k-ahead-of-us-cpi-cardano-dogecoin-lead-majors-losses"", ""source"": ""CoinDesk"", ""sentiment"": ""NEUTRAL"", ""keywords"": ""Trading|Markets|Invest"", ""id"": 42418423, ""guid"": ""ha93388BwWkPe8xtcThC0r""}, {""date"": ""20240402032729"", ""headline"": ""Crypto Bulls See $400M Liquidations as Solana, Dogecoin Lead Slide in Majors"", ""summary"": ""Major tokens experienced a significant drop in the past 24 hours, with bitcoin falling 5% and other major tokens like ether, Cardano's ADA, and BNB Chain\u2019s BNB showing similar losses.\n\nLiquidations of..."", ""url"": ""https://coindesk.com/markets/2024/04/02/crypto-bulls-see-400m-liquidations-as-solana-dogecoin-lead-slide-in-majors"", ""source"": ""CoinDesk"", ""sentiment"": ""NEGATIVE"", ""keywords"": ""Bitcoin|Trading|Markets"", ""id"": 42418528, ""guid"": ""ha93388BwWkPe8xtcThXYb""}]",{}
20,2024-05-31,2024-05-24,0.15913599729537964,0.16380299627780914,-0.02849153610422544,D3,"[{""date"": ""20240530065817"", ""headline"": ""Bitcoin Traders Warn of Pullback as U.S. Inflation Data Looms; Dogecoin Leads Majors Slide"", ""summary"": ""Crypto majors experienced a significant decline in the past 24 hours, with meme coins like shiba inu and dogecoin leading the drop.\n\nThe market is looking toward Friday's U.S. PCE inflation data for g..."", ""url"": ""https://coindesk.com/markets/2024/05/30/bitcoin-traders-warn-of-pullback-as-us-inflation-data-looms-dogecoin-leads-majors-slide"", ""source"": ""CoinDesk"", ""sentiment"": ""NEGATIVE"", ""keywords"": ""Trading|Investing|Markets"", ""id"": 42408127, ""guid"": ""GJVPKSa3D710Liw1ga9v7B""}, {""date"": ""20240529111327"", ""headline"": ""Trader Buys 2M Dogecoin Call Options as Meme Coin Market Heats Up"", ""summary"": ""The purchase of two million call options is seen as a bullish bet on dogecoin.\n\nThe contract will expire in 16 days, in which time DOGE has to rise by 31% to avoid expiring worthless.\n\nDogecoin last t..."", ""url"": ""https://coindesk.com/markets/2024/05/29/trader-buys-2m-worth-of-dogecoin-call-options-as-meme-coin-market-heats-up"", ""source"": ""CoinDesk"", ""sentiment"": ""POSITIVE"", ""keywords"": ""Dogecoin|Options|Derivatives"", ""id"": 42408152, ""guid"": ""GJVPKSa3D710Liw1gaA6JX""}, {""date"": ""20240528062916"", ""headline"": ""Dogecoin, Floki, Dogwifhat Start to Surge as GameStop Jumps 19% in Pre-Market"", ""summary"": ""FLOKI AND WIF are up as much as 8% since the start of Asian trading hours.\n\nGameStop stock rallies have often preceded a rise in crypto meme coins.\n\nSeveral dog-themed tokens started to move higher Tu..."", ""url"": ""https://coindesk.com/markets/2024/05/28/dogecoin-floki-dogwifhat-start-to-surge-as-gamestop-jumps-19-in-pre-market"", ""source"": ""CoinDesk"", ""sentiment"": ""POSITIVE"", ""keywords"": ""Trading|Markets"", ""id"": 42390798, ""guid"": ""CpI5Y2Su0uMQDo69bdLsUD""}, {""date"": ""20240524020912"", ""headline"": ""Kabosu, Dog Who Inspired Dogecoin and Shiba Inu, Is No More"", ""summary"": ""Popular dog Kabosu, the face of dogecoin and several other meme tokens, died early Friday, her owner wrote in a blog post. She was over 17 years old.\n\n\u201cWe will be holding a farewell party for Kabo-cha..."", ""url"": ""https://coindesk.com/business/2024/05/24/kabosu-dog-who-inspired-dogecoin-and-shiba-inu-is-no-more"", ""source"": ""CoinDesk"", ""sentiment"": ""NEGATIVE"", ""keywords"": ""DOGE"", ""id"": 42418073, ""guid"": ""ha93388BwWkPe8xtcTcZPZ""}]",{}
21,2024-06-07,2024-05-31,0.14830300211906433,0.15913599729537964,-0.06807381962867702,D5+,"[{""date"": ""20240530065817"", ""headline"": ""Bitcoin Traders Warn of Pullback as U.S. Inflation Data Looms; Dogecoin Leads Majors Slide"", ""summary"": ""Crypto majors experienced a significant decline in the past 24 hours, with meme coins like shiba inu and dogecoin leading the drop.\n\nThe market is looking toward Friday's U.S. PCE inflation data for g..."", ""url"": ""https://coindesk.com/markets/2024/05/30/bitcoin-traders-warn-of-pullback-as-us-inflation-data-looms-dogecoin-leads-majors-slide"", ""source"": ""CoinDesk"", ""sentiment"": ""NEGATIVE"", ""keywords"": ""Trading|Investing|Markets"", ""id"": 42408127, ""guid"": ""GJVPKSa3D710Liw1ga9v7B""}, {""date"": ""20240529111327"", ""headline"": ""Trader Buys 2M Dogecoin Call Options as Meme Coin Market Heats Up"", ""summary"": ""The purchase of two million call options is seen as a bullish bet on dogecoin.\n\nThe contract will expire in 16 days, in which time DOGE has to rise by 31% to avoid expiring worthless.\n\nDogecoin last t..."", ""url"": ""https://coindesk.com/markets/2024/05/29/trader-buys-2m-worth-of-dogecoin-call-options-as-meme-coin-market-heats-up"", ""source"": ""CoinDesk"", ""sentiment"": ""POSITIVE"", ""keywords"": ""Dogecoin|Options|Derivatives"", ""id"": 42408152, ""guid"": ""GJVPKSa3D710Liw1gaA6JX""}, {""date"": ""20240528062916"", ""headline"": ""Dogecoin, Floki, Dogwifhat Start to Surge as GameStop Jumps 19% in Pre-Market"", ""summary"": ""FLOKI AND WIF are up as much as 8% since the start of Asian trading hours.\n\nGameStop stock rallies have often preceded a rise in crypto meme coins.\n\nSeveral dog-themed tokens started to move higher Tu..."", ""url"": ""https://coindesk.com/markets/2024/05/28/dogecoin-floki-dogwifhat-start-to-surge-as-gamestop-jumps-19-in-pre-market"", ""source"": ""CoinDesk"", ""sentiment"": ""POSITIVE"", ""keywords"": ""Trading|Markets"", ""id"": 42390798, ""guid"": ""CpI5Y2Su0uMQDo69bdLsUD""}, {""date"": ""20240524020912"", ""headline"": ""Kabosu, Dog Who Inspired Dogecoin and Shiba Inu, Is No More"", ""summary"": ""Popular dog Kabosu, the face of dogecoin and several other meme tokens, died early Friday, her owner wrote in a blog post. She was over 17 years old.\n\n\u201cWe will be holding a farewell party for Kabo-cha..."", ""url"": ""https://coindesk.com/business/2024/05/24/kabosu-dog-who-inspired-dogecoin-and-shiba-inu-is-no-more"", ""source"": ""CoinDesk"", ""sentiment"": ""NEGATIVE"", ""keywords"": ""DOGE"", ""id"": 42418073, ""guid"": ""ha93388BwWkPe8xtcTcZPZ""}, {""date"": ""20240510043118"", ""headline"": ""Dogecoin Appears Headed for a 'Golden Cross'"", ""summary"": ""DOGE's weekly price averages appear on track to confirm a bullish golden cross.\n\nThe previous golden cross, seen in early January 2021, presaged an 8,000% price surge.\n\nDogecoin {{DOGE}}, the world's ..."", ""url"": ""https://coindesk.com/markets/2024/05/10/dogecoin-appears-headed-for-a-golden-cross"", ""source"": ""CoinDesk"", ""sentiment"": ""POSITIVE"", ""keywords"": ""Dogecoin|Technical Analysis|Markets|Golden cross"", ""id"": 42408292, ""guid"": ""GJVPKSa3D710Liw1gaC150""}]",{}
22,2024-06-14,2024-06-07,0.13496999442577362,0.14830300211906433,-0.08990382866684231,D5+,"[{""date"": ""20240530065817"", ""headline"": ""Bitcoin Traders Warn of Pullback as U.S. Inflation Data Looms; Dogecoin Leads Majors Slide"", ""summary"": ""Crypto majors experienced a significant decline in the past 24 hours, with meme coins like shiba inu and dogecoin leading the drop.\n\nThe market is looking toward Friday's U.S. PCE inflation data for g..."", ""url"": ""https://coindesk.com/markets/2024/05/30/bitcoin-traders-warn-of-pullback-as-us-inflation-data-looms-dogecoin-leads-majors-slide"", ""source"": ""CoinDesk"", ""sentiment"": ""NEGATIVE"", ""keywords"": ""Trading|Investing|Markets"", ""id"": 42408127, ""guid"": ""GJVPKSa3D710Liw1ga9v7B""}, {""date"": ""20240529111327"", ""headline"": ""Trader Buys 2M Dogecoin Call Options as Meme Coin Market Heats Up"", ""summary"": ""The purchase of two million call options is seen as a bullish bet on dogecoin.\n\nThe contract will expire in 16 days, in which time DOGE has to rise by 31% to avoid expiring worthless.\n\nDogecoin last t..."", ""url"": ""https://coindesk.com/markets/2024/05/29/trader-buys-2m-worth-of-dogecoin-call-options-as-meme-coin-market-heats-up"", ""source"": ""CoinDesk"", ""sentiment"": ""POSITIVE"", ""keywords"": ""Dogecoin|Options|Derivatives"", ""id"": 42408152, ""guid"": ""GJVPKSa3D710Liw1gaA6JX""}, {""date"": ""20240528062916"", ""headline"": ""Dogecoin, Floki, Dogwifhat Start to Surge as GameStop Jumps 19% in Pre-Market"", ""summary"": ""FLOKI AND WIF are up as much as 8% since the start of Asian trading hours.\n\nGameStop stock rallies have often preceded a rise in crypto meme coins.\n\nSeveral dog-themed tokens started to move higher Tu..."", ""url"": ""https://coindesk.com/markets/2024/05/28/dogecoin-floki-dogwifhat-start-to-surge-as-gamestop-jumps-19-in-pre-market"", ""source"": ""CoinDesk"", ""sentiment"": ""POSITIVE"", ""keywords"": ""Trading|Markets"", ""id"": 42390798, ""guid"": ""CpI5Y2Su0uMQDo69bdLsUD""}, {""date"": ""20240524020912"", ""headline"": ""Kabosu, Dog Who Inspired Dogecoin and Shiba Inu, Is No More"", ""summary"": ""Popular dog Kabosu, the face of dogecoin and several other meme tokens, died early Friday, her owner wrote in a blog post. She was over 17 years old.\n\n\u201cWe will be holding a farewell party for Kabo-cha..."", ""url"": ""https://coindesk.com/business/2024/05/24/kabosu-dog-who-inspired-dogecoin-and-shiba-inu-is-no-more"", ""source"": ""CoinDesk"", ""sentiment"": ""NEGATIVE"", ""keywords"": ""DOGE"", ""id"": 42418073, ""guid"": ""ha93388BwWkPe8xtcTcZPZ""}, {""date"": ""20240510043118"", ""headline"": ""Dogecoin Appears Headed for a 'Golden Cross'"", ""summary"": ""DOGE's weekly price averages appear on track to confirm a bullish golden cross.\n\nThe previous golden cross, seen in early January 2021, presaged an 8,000% price surge.\n\nDogecoin {{DOGE}}, the world's ..."", ""url"": ""https://coindesk.com/markets/2024/05/10/dogecoin-appears-headed-for-a-golden-cross"", ""source"": ""CoinDesk"", ""sentiment"": ""POSITIVE"", ""keywords"": ""Dogecoin|Technical Analysis|Markets|Golden cross"", ""id"": 42408292, ""guid"": ""GJVPKSa3D710Liw1gaC150""}]",{}
23,2024-06-21,2024-06-14,0.1240290030837059,0.13496999442577362,-0.08106239752484162,D5+,"[{""date"": ""20240620061017"", ""headline"": ""Dogecoin Traders Appear to Short Token as Meme Coin Frenzy Eases"", ""summary"": ""The crypto market\u2019s biggest meme token is starting to attract short bets amid a general decline in the meme sector, which may spell worry for the meme sector.\n\nCoinalyze data shows that Dogecoin {{DOG..."", ""url"": ""https://coindesk.com/markets/2024/06/20/dogecoin-traders-appear-to-short-token-as-meme-coin-frenzy-eases"", ""source"": ""CoinDesk"", ""sentiment"": ""NEGATIVE"", ""keywords"": ""DOGE|Trading|Markets"", ""id"": 42408022, ""guid"": ""GJVPKSa3D710Liw1ga8lE5""}, {""date"": ""20240618055129"", ""headline"": ""Dogecoin Bulls See $60M Liquidations in Biggest Hit Since 2021"", ""summary"": ""Bullish bets on dogecoin (DOGE) futures saw $60 million in long trades liquidated, more than for bitcoin (BTC) futures.\n\nThe liquidations occurred as DOGE prices dropped over 10%, reflecting broader m..."", ""url"": ""https://coindesk.com/markets/2024/06/18/dogecoin-bulls-see-60m-liquidations-in-biggest-hit-since-2021"", ""source"": ""CoinDesk"", ""sentiment"": ""NEGATIVE"", ""keywords"": ""Dogecoin|Trading|Bitcoin|Liquidations"", ""id"": 42390780, ""guid"": ""CpI5Y2Su0uMQDo69bdJquL""}, {""date"": ""20240618031405"", ""headline"": ""Dogecoin, Solana Lead Crypto Majors Plunge as Bitcoin Falls Below $66K"", ""summary"": ""Major tokens, including Bitcoin and Ether, experienced significant declines in Asian trading hours on Tuesday. This was influenced by ongoing profit-taking and outflows from U.S.-listed Bitcoin ETFs, ..."", ""url"": ""https://coindesk.com/markets/2024/06/18/dogecoin-solana-lead-crypto-majors-plunge-as-bitcoin-falls-below-66k"", ""source"": ""CoinDesk"", ""sentiment"": ""NEGATIVE"", ""keywords"": ""Markets|Trading|Bitcoin"", ""id"": 42390770, ""guid"": ""CpI5Y2Su0uMQDo69bdJqAB""}]",{}
24,2024-06-28,2024-06-21,0.12278900295495987,0.1240290030837059,-0.009997662626612981,D1,"[{""date"": ""20240620061017"", ""headline"": ""Dogecoin Traders Appear to Short Token as Meme Coin Frenzy Eases"", ""summary"": ""The crypto market\u2019s biggest meme token is starting to attract short bets amid a general decline in the meme sector, which may spell worry for the meme sector.\n\nCoinalyze data shows that Dogecoin {{DOG..."", ""url"": ""https://coindesk.com/markets/2024/06/20/dogecoin-traders-appear-to-short-token-as-meme-coin-frenzy-eases"", ""source"": ""CoinDesk"", ""sentiment"": ""NEGATIVE"", ""keywords"": ""DOGE|Trading|Markets"", ""id"": 42408022, ""guid"": ""GJVPKSa3D710Liw1ga8lE5""}, {""date"": ""20240618055129"", ""headline"": ""Dogecoin Bulls See $60M Liquidations in Biggest Hit Since 2021"", ""summary"": ""Bullish bets on dogecoin (DOGE) futures saw $60 million in long trades liquidated, more than for bitcoin (BTC) futures.\n\nThe liquidations occurred as DOGE prices dropped over 10%, reflecting broader m..."", ""url"": ""https://coindesk.com/markets/2024/06/18/dogecoin-bulls-see-60m-liquidations-in-biggest-hit-since-2021"", ""source"": ""CoinDesk"", ""sentiment"": ""NEGATIVE"", ""keywords"": ""Dogecoin|Trading|Bitcoin|Liquidations"", ""id"": 42390780, ""guid"": ""CpI5Y2Su0uMQDo69bdJquL""}, {""date"": ""20240618031405"", ""headline"": ""Dogecoin, Solana Lead Crypto Majors Plunge as Bitcoin Falls Below $66K"", ""summary"": ""Major tokens, including Bitcoin and Ether, experienced significant declines in Asian trading hours on Tuesday. This was influenced by ongoing profit-taking and outflows from U.S.-listed Bitcoin ETFs, ..."", ""url"": ""https://coindesk.com/markets/2024/06/18/dogecoin-solana-lead-crypto-majors-plunge-as-bitcoin-falls-below-66k"", ""source"": ""CoinDesk"", ""sentiment"": ""NEGATIVE"", ""keywords"": ""Markets|Trading|Bitcoin"", ""id"": 42390770, ""guid"": ""CpI5Y2Su0uMQDo69bdJqAB""}, {""date"": ""20240530065817"", ""headline"": ""Bitcoin Traders Warn of Pullback as U.S. Inflation Data Looms; Dogecoin Leads Majors Slide"", ""summary"": ""Crypto majors experienced a significant decline in the past 24 hours, with meme coins like shiba inu and dogecoin leading the drop.\n\nThe market is looking toward Friday's U.S. PCE inflation data for g..."", ""url"": ""https://coindesk.com/markets/2024/05/30/bitcoin-traders-warn-of-pullback-as-us-inflation-data-looms-dogecoin-leads-majors-slide"", ""source"": ""CoinDesk"", ""sentiment"": ""NEGATIVE"", ""keywords"": ""Trading|Investing|Markets"", ""id"": 42408127, ""guid"": ""GJVPKSa3D710Liw1ga9v7B""}, {""date"": ""20240529111327"", ""headline"": ""Trader Buys 2M Dogecoin Call Options as Meme Coin Market Heats Up"", ""summary"": ""The purchase of two million call options is seen as a bullish bet on dogecoin.\n\nThe contract will expire in 16 days, in which time DOGE has to rise by 31% to avoid expiring worthless.\n\nDogecoin last t..."", ""url"": ""https://coindesk.com/markets/2024/05/29/trader-buys-2m-worth-of-dogecoin-call-options-as-meme-coin-market-heats-up"", ""source"": ""CoinDesk"", ""sentiment"": ""POSITIVE"", ""keywords"": ""Dogecoin|Options|Derivatives"", ""id"": 42408152, ""guid"": ""GJVPKSa3D710Liw1gaA6JX""}]",{}
25,2024-07-05,2024-06-28,0.10559400171041489,0.12278900295495987,-0.14003698076164253,D5+,"[{""date"": ""20240705005552"", ""headline"": ""Crypto Bulls Rack up $580M Liquidations as Bitcoin Drops 8%, Ether, Solana, Dogecoin Plunge"", ""summary"": ""Bullish trades on bitcoin and ether together registered over $380 million in losses.\n\nThe largest single liquidation order was on Binance\u2014an ETH trade valued at $18.4 million\n\nCrypto majors plunged as..."", ""url"": ""https://coindesk.com/markets/2024/07/05/crypto-bulls-rack-up-580m-liquidations-as-bitcoin-drops-8-ether-solana-dogecoin-plunge"", ""source"": ""CoinDesk"", ""sentiment"": ""NEGATIVE"", ""keywords"": ""Bitcoin|Trading|Markets"", ""id"": 42417786, ""guid"": ""ha93388BwWkPe8xtcTZvbB""}, {""date"": ""20240620061017"", ""headline"": ""Dogecoin Traders Appear to Short Token as Meme Coin Frenzy Eases"", ""summary"": ""The crypto market\u2019s biggest meme token is starting to attract short bets amid a general decline in the meme sector, which may spell worry for the meme sector.\n\nCoinalyze data shows that Dogecoin {{DOG..."", ""url"": ""https://coindesk.com/markets/2024/06/20/dogecoin-traders-appear-to-short-token-as-meme-coin-frenzy-eases"", ""source"": ""CoinDesk"", ""sentiment"": ""NEGATIVE"", ""keywords"": ""DOGE|Trading|Markets"", ""id"": 42408022, ""guid"": ""GJVPKSa3D710Liw1ga8lE5""}, {""date"": ""20240618055129"", ""headline"": ""Dogecoin Bulls See $60M Liquidations in Biggest Hit Since 2021"", ""summary"": ""Bullish bets on dogecoin (DOGE) futures saw $60 million in long trades liquidated, more than for bitcoin (BTC) futures.\n\nThe liquidations occurred as DOGE prices dropped over 10%, reflecting broader m..."", ""url"": ""https://coindesk.com/markets/2024/06/18/dogecoin-bulls-see-60m-liquidations-in-biggest-hit-since-2021"", ""source"": ""CoinDesk"", ""sentiment"": ""NEGATIVE"", ""keywords"": ""Dogecoin|Trading|Bitcoin|Liquidations"", ""id"": 42390780, ""guid"": ""CpI5Y2Su0uMQDo69bdJquL""}, {""date"": ""20240618031405"", ""headline"": ""Dogecoin, Solana Lead Crypto Majors Plunge as Bitcoin Falls Below $66K"", ""summary"": ""Major tokens, including Bitcoin and Ether, experienced significant declines in Asian trading hours on Tuesday. This was influenced by ongoing profit-taking and outflows from U.S.-listed Bitcoin ETFs, ..."", ""url"": ""https://coindesk.com/markets/2024/06/18/dogecoin-solana-lead-crypto-majors-plunge-as-bitcoin-falls-below-66k"", ""source"": ""CoinDesk"", ""sentiment"": ""NEGATIVE"", ""keywords"": ""Markets|Trading|Bitcoin"", ""id"": 42390770, ""guid"": ""CpI5Y2Su0uMQDo69bdJqAB""}, {""date"": ""20240530065817"", ""headline"": ""Bitcoin Traders Warn of Pullback as U.S. Inflation Data Looms; Dogecoin Leads Majors Slide"", ""summary"": ""Crypto majors experienced a significant decline in the past 24 hours, with meme coins like shiba inu and dogecoin leading the drop.\n\nThe market is looking toward Friday's U.S. PCE inflation data for g..."", ""url"": ""https://coindesk.com/markets/2024/05/30/bitcoin-traders-warn-of-pullback-as-us-inflation-data-looms-dogecoin-leads-majors-slide"", ""source"": ""CoinDesk"", ""sentiment"": ""NEGATIVE"", ""keywords"": ""Trading|Investing|Markets"", ""id"": 42408127, ""guid"": ""GJVPKSa3D710Liw1ga9v7B""}]",{}
26,2024-07-12,2024-07-05,0.10768499970436096,0.10559400171041489,0.01980224217357071,U2,"[{""date"": ""20240705005552"", ""headline"": ""Crypto Bulls Rack up $580M Liquidations as Bitcoin Drops 8%, Ether, Solana, Dogecoin Plunge"", ""summary"": ""Bullish trades on bitcoin and ether together registered over $380 million in losses.\n\nThe largest single liquidation order was on Binance\u2014an ETH trade valued at $18.4 million\n\nCrypto majors plunged as..."", ""url"": ""https://coindesk.com/markets/2024/07/05/crypto-bulls-rack-up-580m-liquidations-as-bitcoin-drops-8-ether-solana-dogecoin-plunge"", ""source"": ""CoinDesk"", ""sentiment"": ""NEGATIVE"", ""keywords"": ""Bitcoin|Trading|Markets"", ""id"": 42417786, ""guid"": ""ha93388BwWkPe8xtcTZvbB""}]",{}
27,2024-07-19,2024-07-12,0.12547999620437622,0.10768499970436096,0.16525046709262894,U5+,"[{""date"": ""20240705005552"", ""headline"": ""Crypto Bulls Rack up $580M Liquidations as Bitcoin Drops 8%, Ether, Solana, Dogecoin Plunge"", ""summary"": ""Bullish trades on bitcoin and ether together registered over $380 million in losses.\n\nThe largest single liquidation order was on Binance\u2014an ETH trade valued at $18.4 million\n\nCrypto majors plunged as..."", ""url"": ""https://coindesk.com/markets/2024/07/05/crypto-bulls-rack-up-580m-liquidations-as-bitcoin-drops-8-ether-solana-dogecoin-plunge"", ""source"": ""CoinDesk"", ""sentiment"": ""NEGATIVE"", ""keywords"": ""Bitcoin|Trading|Markets"", ""id"": 42417786, ""guid"": ""ha93388BwWkPe8xtcTZvbB""}, {""date"": ""20240620061017"", ""headline"": ""Dogecoin Traders Appear to Short Token as Meme Coin Frenzy Eases"", ""summary"": ""The crypto market\u2019s biggest meme token is starting to attract short bets amid a general decline in the meme sector, which may spell worry for the meme sector.\n\nCoinalyze data shows that Dogecoin {{DOG..."", ""url"": ""https://coindesk.com/markets/2024/06/20/dogecoin-traders-appear-to-short-token-as-meme-coin-frenzy-eases"", ""source"": ""CoinDesk"", ""sentiment"": ""NEGATIVE"", ""keywords"": ""DOGE|Trading|Markets"", ""id"": 42408022, ""guid"": ""GJVPKSa3D710Liw1ga8lE5""}, {""date"": ""20240618055129"", ""headline"": ""Dogecoin Bulls See $60M Liquidations in Biggest Hit Since 2021"", ""summary"": ""Bullish bets on dogecoin (DOGE) futures saw $60 million in long trades liquidated, more than for bitcoin (BTC) futures.\n\nThe liquidations occurred as DOGE prices dropped over 10%, reflecting broader m..."", ""url"": ""https://coindesk.com/markets/2024/06/18/dogecoin-bulls-see-60m-liquidations-in-biggest-hit-since-2021"", ""source"": ""CoinDesk"", ""sentiment"": ""NEGATIVE"", ""keywords"": ""Dogecoin|Trading|Bitcoin|Liquidations"", ""id"": 42390780, ""guid"": ""CpI5Y2Su0uMQDo69bdJquL""}, {""date"": ""20240618031405"", ""headline"": ""Dogecoin, Solana Lead Crypto Majors Plunge as Bitcoin Falls Below $66K"", ""summary"": ""Major tokens, including Bitcoin and Ether, experienced significant declines in Asian trading hours on Tuesday. This was influenced by ongoing profit-taking and outflows from U.S.-listed Bitcoin ETFs, ..."", ""url"": ""https://coindesk.com/markets/2024/06/18/dogecoin-solana-lead-crypto-majors-plunge-as-bitcoin-falls-below-66k"", ""source"": ""CoinDesk"", ""sentiment"": ""NEGATIVE"", ""keywords"": ""Markets|Trading|Bitcoin"", ""id"": 42390770, ""guid"": ""CpI5Y2Su0uMQDo69bdJqAB""}, {""date"": ""20240530065817"", ""headline"": ""Bitcoin Traders Warn of Pullback as U.S. Inflation Data Looms; Dogecoin Leads Majors Slide"", ""summary"": ""Crypto majors experienced a significant decline in the past 24 hours, with meme coins like shiba inu and dogecoin leading the drop.\n\nThe market is looking toward Friday's U.S. PCE inflation data for g..."", ""url"": ""https://coindesk.com/markets/2024/05/30/bitcoin-traders-warn-of-pullback-as-us-inflation-data-looms-dogecoin-leads-majors-slide"", ""source"": ""CoinDesk"", ""sentiment"": ""NEGATIVE"", ""keywords"": ""Trading|Investing|Markets"", ""id"": 42408127, ""guid"": ""GJVPKSa3D710Liw1ga9v7B""}]",{}
28,2024-07-26,2024-07-19,0.13431799411773682,0.12547999620437622,0.07043352072601006,U5+,"[{""date"": ""20240705005552"", ""headline"": ""Crypto Bulls Rack up $580M Liquidations as Bitcoin Drops 8%, Ether, Solana, Dogecoin Plunge"", ""summary"": ""Bullish trades on bitcoin and ether together registered over $380 million in losses.\n\nThe largest single liquidation order was on Binance\u2014an ETH trade valued at $18.4 million\n\nCrypto majors plunged as..."", ""url"": ""https://coindesk.com/markets/2024/07/05/crypto-bulls-rack-up-580m-liquidations-as-bitcoin-drops-8-ether-solana-dogecoin-plunge"", ""source"": ""CoinDesk"", ""sentiment"": ""NEGATIVE"", ""keywords"": ""Bitcoin|Trading|Markets"", ""id"": 42417786, ""guid"": ""ha93388BwWkPe8xtcTZvbB""}, {""date"": ""20240620061017"", ""headline"": ""Dogecoin Traders Appear to Short Token as Meme Coin Frenzy Eases"", ""summary"": ""The crypto market\u2019s biggest meme token is starting to attract short bets amid a general decline in the meme sector, which may spell worry for the meme sector.\n\nCoinalyze data shows that Dogecoin {{DOG..."", ""url"": ""https://coindesk.com/markets/2024/06/20/dogecoin-traders-appear-to-short-token-as-meme-coin-frenzy-eases"", ""source"": ""CoinDesk"", ""sentiment"": ""NEGATIVE"", ""keywords"": ""DOGE|Trading|Markets"", ""id"": 42408022, ""guid"": ""GJVPKSa3D710Liw1ga8lE5""}, {""date"": ""20240618055129"", ""headline"": ""Dogecoin Bulls See $60M Liquidations in Biggest Hit Since 2021"", ""summary"": ""Bullish bets on dogecoin (DOGE) futures saw $60 million in long trades liquidated, more than for bitcoin (BTC) futures.\n\nThe liquidations occurred as DOGE prices dropped over 10%, reflecting broader m..."", ""url"": ""https://coindesk.com/markets/2024/06/18/dogecoin-bulls-see-60m-liquidations-in-biggest-hit-since-2021"", ""source"": ""CoinDesk"", ""sentiment"": ""NEGATIVE"", ""keywords"": ""Dogecoin|Trading|Bitcoin|Liquidations"", ""id"": 42390780, ""guid"": ""CpI5Y2Su0uMQDo69bdJquL""}, {""date"": ""20240618031405"", ""headline"": ""Dogecoin, Solana Lead Crypto Majors Plunge as Bitcoin Falls Below $66K"", ""summary"": ""Major tokens, including Bitcoin and Ether, experienced significant declines in Asian trading hours on Tuesday. This was influenced by ongoing profit-taking and outflows from U.S.-listed Bitcoin ETFs, ..."", ""url"": ""https://coindesk.com/markets/2024/06/18/dogecoin-solana-lead-crypto-majors-plunge-as-bitcoin-falls-below-66k"", ""source"": ""CoinDesk"", ""sentiment"": ""NEGATIVE"", ""keywords"": ""Markets|Trading|Bitcoin"", ""id"": 42390770, ""guid"": ""CpI5Y2Su0uMQDo69bdJqAB""}, {""date"": ""20240530065817"", ""headline"": ""Bitcoin Traders Warn of Pullback as U.S. Inflation Data Looms; Dogecoin Leads Majors Slide"", ""summary"": ""Crypto majors experienced a significant decline in the past 24 hours, with meme coins like shiba inu and dogecoin leading the drop.\n\nThe market is looking toward Friday's U.S. PCE inflation data for g..."", ""url"": ""https://coindesk.com/markets/2024/05/30/bitcoin-traders-warn-of-pullback-as-us-inflation-data-looms-dogecoin-leads-majors-slide"", ""source"": ""CoinDesk"", ""sentiment"": ""NEGATIVE"", ""keywords"": ""Trading|Investing|Markets"", ""id"": 42408127, ""guid"": ""GJVPKSa3D710Liw1ga9v7B""}]",{}
29,2024-08-02,2024-07-26,0.11150799691677094,0.13431799411773682,-0.16982085945217223,D5+,"[{""date"": ""20240730043549"", ""headline"": ""Dogecoin Pup Owner\u2019s New Shiba Inu Ends Up in NEIRO Memecoin Drama"", ""summary"": ""Kabosu's owner announced her new Shiba Inu dog, Neiro, on X, sparking the creation of numerous NEIRO tokens on Solana.\n\nTwo prominent NEIRO tokens emerged, with the most popular initially amassing a $..."", ""url"": ""https://coindesk.com/business/2024/07/30/dogecoin-pup-owners-new-shiba-inu-ends-up-in-neiro-memecoin-drama"", ""source"": ""CoinDesk"", ""sentiment"": ""NEUTRAL"", ""keywords"": ""Dogecoin|Markets|Trading"", ""id"": 42390707, ""guid"": ""CpI5Y2Su0uMQDo69bd5qHV""}]",{}
30,2024-08-09,2024-08-02,0.10397399961948395,0.11150799691677094,-0.06756463666825913,D5+,"[{""date"": ""20240804111600"", ""headline"": ""Bitcoin Plunges Under $60K; Crypto Bulls Lose $200M as Dogecoin, Solana Tokens Drop 10%"", ""summary"": ""Bitcoin slumped under $60,000 in early U.S. hours Sunday as a market sell-off continued into its fourth day, with bullish futures bets losing nearly $200 million in the past 24 hours.\n\nEther (ETH) fel..."", ""url"": ""https://coindesk.com/markets/2024/08/04/bitcoin-plunges-under-60k-crypto-bulls-lose-200m-as-dogecoin-solana-tokens-drop-10"", ""source"": ""CoinDesk"", ""sentiment"": ""NEGATIVE"", ""keywords"": ""btc|Bitcoin|Markets|Trading"", ""id"": 42417585, ""guid"": ""ha93388BwWkPe8xtcTYeY1""}]",{}
31,2024-08-16,2024-08-09,0.10043899714946747,0.10397399961948395,-0.03399890821699281,D4,"[{""date"": ""20240804111600"", ""headline"": ""Bitcoin Plunges Under $60K; Crypto Bulls Lose $200M as Dogecoin, Solana Tokens Drop 10%"", ""summary"": ""Bitcoin slumped under $60,000 in early U.S. hours Sunday as a market sell-off continued into its fourth day, with bullish futures bets losing nearly $200 million in the past 24 hours.\n\nEther (ETH) fel..."", ""url"": ""https://coindesk.com/markets/2024/08/04/bitcoin-plunges-under-60k-crypto-bulls-lose-200m-as-dogecoin-solana-tokens-drop-10"", ""source"": ""CoinDesk"", ""sentiment"": ""NEGATIVE"", ""keywords"": ""btc|Bitcoin|Markets|Trading"", ""id"": 42417585, ""guid"": ""ha93388BwWkPe8xtcTYeY1""}, {""date"": ""20240730043549"", ""headline"": ""Dogecoin Pup Owner\u2019s New Shiba Inu Ends Up in NEIRO Memecoin Drama"", ""summary"": ""Kabosu's owner announced her new Shiba Inu dog, Neiro, on X, sparking the creation of numerous NEIRO tokens on Solana.\n\nTwo prominent NEIRO tokens emerged, with the most popular initially amassing a $..."", ""url"": ""https://coindesk.com/business/2024/07/30/dogecoin-pup-owners-new-shiba-inu-ends-up-in-neiro-memecoin-drama"", ""source"": ""CoinDesk"", ""sentiment"": ""NEUTRAL"", ""keywords"": ""Dogecoin|Markets|Trading"", ""id"": 42390707, ""guid"": ""CpI5Y2Su0uMQDo69bd5qHV""}, {""date"": ""20240705005552"", ""headline"": ""Crypto Bulls Rack up $580M Liquidations as Bitcoin Drops 8%, Ether, Solana, Dogecoin Plunge"", ""summary"": ""Bullish trades on bitcoin and ether together registered over $380 million in losses.\n\nThe largest single liquidation order was on Binance\u2014an ETH trade valued at $18.4 million\n\nCrypto majors plunged as..."", ""url"": ""https://coindesk.com/markets/2024/07/05/crypto-bulls-rack-up-580m-liquidations-as-bitcoin-drops-8-ether-solana-dogecoin-plunge"", ""source"": ""CoinDesk"", ""sentiment"": ""NEGATIVE"", ""keywords"": ""Bitcoin|Trading|Markets"", ""id"": 42417786, ""guid"": ""ha93388BwWkPe8xtcTZvbB""}, {""date"": ""20240620061017"", ""headline"": ""Dogecoin Traders Appear to Short Token as Meme Coin Frenzy Eases"", ""summary"": ""The crypto market\u2019s biggest meme token is starting to attract short bets amid a general decline in the meme sector, which may spell worry for the meme sector.\n\nCoinalyze data shows that Dogecoin {{DOG..."", ""url"": ""https://coindesk.com/markets/2024/06/20/dogecoin-traders-appear-to-short-token-as-meme-coin-frenzy-eases"", ""source"": ""CoinDesk"", ""sentiment"": ""NEGATIVE"", ""keywords"": ""DOGE|Trading|Markets"", ""id"": 42408022, ""guid"": ""GJVPKSa3D710Liw1ga8lE5""}, {""date"": ""20240618055129"", ""headline"": ""Dogecoin Bulls See $60M Liquidations in Biggest Hit Since 2021"", ""summary"": ""Bullish bets on dogecoin (DOGE) futures saw $60 million in long trades liquidated, more than for bitcoin (BTC) futures.\n\nThe liquidations occurred as DOGE prices dropped over 10%, reflecting broader m..."", ""url"": ""https://coindesk.com/markets/2024/06/18/dogecoin-bulls-see-60m-liquidations-in-biggest-hit-since-2021"", ""source"": ""CoinDesk"", ""sentiment"": ""NEGATIVE"", ""keywords"": ""Dogecoin|Trading|Bitcoin|Liquidations"", ""id"": 42390780, ""guid"": ""CpI5Y2Su0uMQDo69bdJquL""}]",{}
32,2024-08-23,2024-08-16,0.11292699724435806,0.10043899714946747,0.12433417745406876,U5+,"[{""date"": ""20240804111600"", ""headline"": ""Bitcoin Plunges Under $60K; Crypto Bulls Lose $200M as Dogecoin, Solana Tokens Drop 10%"", ""summary"": ""Bitcoin slumped under $60,000 in early U.S. hours Sunday as a market sell-off continued into its fourth day, with bullish futures bets losing nearly $200 million in the past 24 hours.\n\nEther (ETH) fel..."", ""url"": ""https://coindesk.com/markets/2024/08/04/bitcoin-plunges-under-60k-crypto-bulls-lose-200m-as-dogecoin-solana-tokens-drop-10"", ""source"": ""CoinDesk"", ""sentiment"": ""NEGATIVE"", ""keywords"": ""btc|Bitcoin|Markets|Trading"", ""id"": 42417585, ""guid"": ""ha93388BwWkPe8xtcTYeY1""}, {""date"": ""20240730043549"", ""headline"": ""Dogecoin Pup Owner\u2019s New Shiba Inu Ends Up in NEIRO Memecoin Drama"", ""summary"": ""Kabosu's owner announced her new Shiba Inu dog, Neiro, on X, sparking the creation of numerous NEIRO tokens on Solana.\n\nTwo prominent NEIRO tokens emerged, with the most popular initially amassing a $..."", ""url"": ""https://coindesk.com/business/2024/07/30/dogecoin-pup-owners-new-shiba-inu-ends-up-in-neiro-memecoin-drama"", ""source"": ""CoinDesk"", ""sentiment"": ""NEUTRAL"", ""keywords"": ""Dogecoin|Markets|Trading"", ""id"": 42390707, ""guid"": ""CpI5Y2Su0uMQDo69bd5qHV""}, {""date"": ""20240705005552"", ""headline"": ""Crypto Bulls Rack up $580M Liquidations as Bitcoin Drops 8%, Ether, Solana, Dogecoin Plunge"", ""summary"": ""Bullish trades on bitcoin and ether together registered over $380 million in losses.\n\nThe largest single liquidation order was on Binance\u2014an ETH trade valued at $18.4 million\n\nCrypto majors plunged as..."", ""url"": ""https://coindesk.com/markets/2024/07/05/crypto-bulls-rack-up-580m-liquidations-as-bitcoin-drops-8-ether-solana-dogecoin-plunge"", ""source"": ""CoinDesk"", ""sentiment"": ""NEGATIVE"", ""keywords"": ""Bitcoin|Trading|Markets"", ""id"": 42417786, ""guid"": ""ha93388BwWkPe8xtcTZvbB""}, {""date"": ""20240620061017"", ""headline"": ""Dogecoin Traders Appear to Short Token as Meme Coin Frenzy Eases"", ""summary"": ""The crypto market\u2019s biggest meme token is starting to attract short bets amid a general decline in the meme sector, which may spell worry for the meme sector.\n\nCoinalyze data shows that Dogecoin {{DOG..."", ""url"": ""https://coindesk.com/markets/2024/06/20/dogecoin-traders-appear-to-short-token-as-meme-coin-frenzy-eases"", ""source"": ""CoinDesk"", ""sentiment"": ""NEGATIVE"", ""keywords"": ""DOGE|Trading|Markets"", ""id"": 42408022, ""guid"": ""GJVPKSa3D710Liw1ga8lE5""}, {""date"": ""20240618055129"", ""headline"": ""Dogecoin Bulls See $60M Liquidations in Biggest Hit Since 2021"", ""summary"": ""Bullish bets on dogecoin (DOGE) futures saw $60 million in long trades liquidated, more than for bitcoin (BTC) futures.\n\nThe liquidations occurred as DOGE prices dropped over 10%, reflecting broader m..."", ""url"": ""https://coindesk.com/markets/2024/06/18/dogecoin-bulls-see-60m-liquidations-in-biggest-hit-since-2021"", ""source"": ""CoinDesk"", ""sentiment"": ""NEGATIVE"", ""keywords"": ""Dogecoin|Trading|Bitcoin|Liquidations"", ""id"": 42390780, ""guid"": ""CpI5Y2Su0uMQDo69bdJquL""}]",{}
33,2024-08-30,2024-08-23,0.10204300284385681,0.11292699724435806,-0.09638080057109662,D5+,"[{""date"": ""20240830051757"", ""headline"": ""Elon Musk, Tesla Win Dismissal of Lawsuit Alleging Dogecoin Market Manipulation"", ""summary"": ""A Manhattan judge permanently dismissed a lawsuit that alleged Elon Musk and Tesla manipulated the price of dogecoin (DOGE) by exploiting Musk's social media influence and public statements.\n\nJudge Al..."", ""url"": ""https://coindesk.com/policy/2024/08/30/elon-musk-tesla-win-dismissal-of-lawsuit-alleging-dogecoin-market-manipulation"", ""source"": ""CoinDesk"", ""sentiment"": ""POSITIVE"", ""keywords"": ""Dogecoin|Trading|memecoins|lawsuits|US"", ""id"": 42417295, ""guid"": ""ha93388BwWkPe8xtcTY56L""}, {""date"": ""20240804111600"", ""headline"": ""Bitcoin Plunges Under $60K; Crypto Bulls Lose $200M as Dogecoin, Solana Tokens Drop 10%"", ""summary"": ""Bitcoin slumped under $60,000 in early U.S. hours Sunday as a market sell-off continued into its fourth day, with bullish futures bets losing nearly $200 million in the past 24 hours.\n\nEther (ETH) fel..."", ""url"": ""https://coindesk.com/markets/2024/08/04/bitcoin-plunges-under-60k-crypto-bulls-lose-200m-as-dogecoin-solana-tokens-drop-10"", ""source"": ""CoinDesk"", ""sentiment"": ""NEGATIVE"", ""keywords"": ""btc|Bitcoin|Markets|Trading"", ""id"": 42417585, ""guid"": ""ha93388BwWkPe8xtcTYeY1""}, {""date"": ""20240730043549"", ""headline"": ""Dogecoin Pup Owner\u2019s New Shiba Inu Ends Up in NEIRO Memecoin Drama"", ""summary"": ""Kabosu's owner announced her new Shiba Inu dog, Neiro, on X, sparking the creation of numerous NEIRO tokens on Solana.\n\nTwo prominent NEIRO tokens emerged, with the most popular initially amassing a $..."", ""url"": ""https://coindesk.com/business/2024/07/30/dogecoin-pup-owners-new-shiba-inu-ends-up-in-neiro-memecoin-drama"", ""source"": ""CoinDesk"", ""sentiment"": ""NEUTRAL"", ""keywords"": ""Dogecoin|Markets|Trading"", ""id"": 42390707, ""guid"": ""CpI5Y2Su0uMQDo69bd5qHV""}, {""date"": ""20240705005552"", ""headline"": ""Crypto Bulls Rack up $580M Liquidations as Bitcoin Drops 8%, Ether, Solana, Dogecoin Plunge"", ""summary"": ""Bullish trades on bitcoin and ether together registered over $380 million in losses.\n\nThe largest single liquidation order was on Binance\u2014an ETH trade valued at $18.4 million\n\nCrypto majors plunged as..."", ""url"": ""https://coindesk.com/markets/2024/07/05/crypto-bulls-rack-up-580m-liquidations-as-bitcoin-drops-8-ether-solana-dogecoin-plunge"", ""source"": ""CoinDesk"", ""sentiment"": ""NEGATIVE"", ""keywords"": ""Bitcoin|Trading|Markets"", ""id"": 42417786, ""guid"": ""ha93388BwWkPe8xtcTZvbB""}, {""date"": ""20240620061017"", ""headline"": ""Dogecoin Traders Appear to Short Token as Meme Coin Frenzy Eases"", ""summary"": ""The crypto market\u2019s biggest meme token is starting to attract short bets amid a general decline in the meme sector, which may spell worry for the meme sector.\n\nCoinalyze data shows that Dogecoin {{DOG..."", ""url"": ""https://coindesk.com/markets/2024/06/20/dogecoin-traders-appear-to-short-token-as-meme-coin-frenzy-eases"", ""source"": ""CoinDesk"", ""sentiment"": ""NEGATIVE"", ""keywords"": ""DOGE|Trading|Markets"", ""id"": 42408022, ""guid"": ""GJVPKSa3D710Liw1ga8lE5""}]",{}
34,2024-09-06,2024-08-30,0.0924839973449707,0.10204300284385681,-0.09367624660666853,D5+,"[{""date"": ""20240830051757"", ""headline"": ""Elon Musk, Tesla Win Dismissal of Lawsuit Alleging Dogecoin Market Manipulation"", ""summary"": ""A Manhattan judge permanently dismissed a lawsuit that alleged Elon Musk and Tesla manipulated the price of dogecoin (DOGE) by exploiting Musk's social media influence and public statements.\n\nJudge Al..."", ""url"": ""https://coindesk.com/policy/2024/08/30/elon-musk-tesla-win-dismissal-of-lawsuit-alleging-dogecoin-market-manipulation"", ""source"": ""CoinDesk"", ""sentiment"": ""POSITIVE"", ""keywords"": ""Dogecoin|Trading|memecoins|lawsuits|US"", ""id"": 42417295, ""guid"": ""ha93388BwWkPe8xtcTY56L""}]",{}
35,2024-09-13,2024-09-06,0.10711400210857391,0.0924839973449707,0.15818958072316489,U5+,"[{""date"": ""20240830051757"", ""headline"": ""Elon Musk, Tesla Win Dismissal of Lawsuit Alleging Dogecoin Market Manipulation"", ""summary"": ""A Manhattan judge permanently dismissed a lawsuit that alleged Elon Musk and Tesla manipulated the price of dogecoin (DOGE) by exploiting Musk's social media influence and public statements.\n\nJudge Al..."", ""url"": ""https://coindesk.com/policy/2024/08/30/elon-musk-tesla-win-dismissal-of-lawsuit-alleging-dogecoin-market-manipulation"", ""source"": ""CoinDesk"", ""sentiment"": ""POSITIVE"", ""keywords"": ""Dogecoin|Trading|memecoins|lawsuits|US"", ""id"": 42417295, ""guid"": ""ha93388BwWkPe8xtcTY56L""}, {""date"": ""20240804111600"", ""headline"": ""Bitcoin Plunges Under $60K; Crypto Bulls Lose $200M as Dogecoin, Solana Tokens Drop 10%"", ""summary"": ""Bitcoin slumped under $60,000 in early U.S. hours Sunday as a market sell-off continued into its fourth day, with bullish futures bets losing nearly $200 million in the past 24 hours.\n\nEther (ETH) fel..."", ""url"": ""https://coindesk.com/markets/2024/08/04/bitcoin-plunges-under-60k-crypto-bulls-lose-200m-as-dogecoin-solana-tokens-drop-10"", ""source"": ""CoinDesk"", ""sentiment"": ""NEGATIVE"", ""keywords"": ""btc|Bitcoin|Markets|Trading"", ""id"": 42417585, ""guid"": ""ha93388BwWkPe8xtcTYeY1""}, {""date"": ""20240730043549"", ""headline"": ""Dogecoin Pup Owner\u2019s New Shiba Inu Ends Up in NEIRO Memecoin Drama"", ""summary"": ""Kabosu's owner announced her new Shiba Inu dog, Neiro, on X, sparking the creation of numerous NEIRO tokens on Solana.\n\nTwo prominent NEIRO tokens emerged, with the most popular initially amassing a $..."", ""url"": ""https://coindesk.com/business/2024/07/30/dogecoin-pup-owners-new-shiba-inu-ends-up-in-neiro-memecoin-drama"", ""source"": ""CoinDesk"", ""sentiment"": ""NEUTRAL"", ""keywords"": ""Dogecoin|Markets|Trading"", ""id"": 42390707, ""guid"": ""CpI5Y2Su0uMQDo69bd5qHV""}, {""date"": ""20240705005552"", ""headline"": ""Crypto Bulls Rack up $580M Liquidations as Bitcoin Drops 8%, Ether, Solana, Dogecoin Plunge"", ""summary"": ""Bullish trades on bitcoin and ether together registered over $380 million in losses.\n\nThe largest single liquidation order was on Binance\u2014an ETH trade valued at $18.4 million\n\nCrypto majors plunged as..."", ""url"": ""https://coindesk.com/markets/2024/07/05/crypto-bulls-rack-up-580m-liquidations-as-bitcoin-drops-8-ether-solana-dogecoin-plunge"", ""source"": ""CoinDesk"", ""sentiment"": ""NEGATIVE"", ""keywords"": ""Bitcoin|Trading|Markets"", ""id"": 42417786, ""guid"": ""ha93388BwWkPe8xtcTZvbB""}, {""date"": ""20240620061017"", ""headline"": ""Dogecoin Traders Appear to Short Token as Meme Coin Frenzy Eases"", ""summary"": ""The crypto market\u2019s biggest meme token is starting to attract short bets amid a general decline in the meme sector, which may spell worry for the meme sector.\n\nCoinalyze data shows that Dogecoin {{DOG..."", ""url"": ""https://coindesk.com/markets/2024/06/20/dogecoin-traders-appear-to-short-token-as-meme-coin-frenzy-eases"", ""source"": ""CoinDesk"", ""sentiment"": ""NEGATIVE"", ""keywords"": ""DOGE|Trading|Markets"", ""id"": 42408022, ""guid"": ""GJVPKSa3D710Liw1ga8lE5""}]",{}
36,2024-09-20,2024-09-13,0.10547100007534027,0.10711400210857391,-0.015338816596248988,D2,"[{""date"": ""20240919075636"", ""headline"": ""Dogecoin Records Bump in Transaction Activity, Points to Bullishness for DOGE"", ""summary"": ""Network activity indicates potential price movements as increased transactions signal growing adoption or trading interest.\n\nHowever, open interest has remained largely unchanged since July, suggestin..."", ""url"": ""https://coindesk.com/markets/2024/09/19/dogecoin-records-bump-in-transaction-activity-points-to-bullishness-for-doge"", ""source"": ""CoinDesk"", ""sentiment"": ""NEUTRAL"", ""keywords"": ""Trading|Dogecoin|DOGE"", ""id"": 42417197, ""guid"": ""ha93388BwWkPe8xtcTTGsX""}, {""date"": ""20240916091121"", ""headline"": ""First Neiro on Ethereum, Related to Dogecoin, Rockets 700% on Binance Spot Listing"", ""summary"": ""The announcement of Binance listing First Neiro on Ethereum (NEIRO) for spot trading triggered a massive 700% price surge, catapulting its market cap from $15 million to $146 million in a day, with tr..."", ""url"": ""https://coindesk.com/markets/2024/09/16/first-neiro-on-ethereum-related-to-dogecoin-rockets-700-on-binance-spot-listing"", ""source"": ""CoinDesk"", ""sentiment"": ""NEUTRAL"", ""keywords"": ""Trading|Memecoin|Dogecoin"", ""id"": 42407640, ""guid"": ""GJVPKSa3D710Liw1ga0I8l""}]",{}
37,2024-09-27,2024-09-20,0.12371399998664856,0.10547100007534027,0.17296697574003195,U5+,"[{""date"": ""20240919075636"", ""headline"": ""Dogecoin Records Bump in Transaction Activity, Points to Bullishness for DOGE"", ""summary"": ""Network activity indicates potential price movements as increased transactions signal growing adoption or trading interest.\n\nHowever, open interest has remained largely unchanged since July, suggestin..."", ""url"": ""https://coindesk.com/markets/2024/09/19/dogecoin-records-bump-in-transaction-activity-points-to-bullishness-for-doge"", ""source"": ""CoinDesk"", ""sentiment"": ""NEUTRAL"", ""keywords"": ""Trading|Dogecoin|DOGE"", ""id"": 42417197, ""guid"": ""ha93388BwWkPe8xtcTTGsX""}, {""date"": ""20240916091121"", ""headline"": ""First Neiro on Ethereum, Related to Dogecoin, Rockets 700% on Binance Spot Listing"", ""summary"": ""The announcement of Binance listing First Neiro on Ethereum (NEIRO) for spot trading triggered a massive 700% price surge, catapulting its market cap from $15 million to $146 million in a day, with tr..."", ""url"": ""https://coindesk.com/markets/2024/09/16/first-neiro-on-ethereum-related-to-dogecoin-rockets-700-on-binance-spot-listing"", ""source"": ""CoinDesk"", ""sentiment"": ""NEUTRAL"", ""keywords"": ""Trading|Memecoin|Dogecoin"", ""id"": 42407640, ""guid"": ""GJVPKSa3D710Liw1ga0I8l""}, {""date"": ""20240830051757"", ""headline"": ""Elon Musk, Tesla Win Dismissal of Lawsuit Alleging Dogecoin Market Manipulation"", ""summary"": ""A Manhattan judge permanently dismissed a lawsuit that alleged Elon Musk and Tesla manipulated the price of dogecoin (DOGE) by exploiting Musk's social media influence and public statements.\n\nJudge Al..."", ""url"": ""https://coindesk.com/policy/2024/08/30/elon-musk-tesla-win-dismissal-of-lawsuit-alleging-dogecoin-market-manipulation"", ""source"": ""CoinDesk"", ""sentiment"": ""POSITIVE"", ""keywords"": ""Dogecoin|Trading|memecoins|lawsuits|US"", ""id"": 42417295, ""guid"": ""ha93388BwWkPe8xtcTY56L""}, {""date"": ""20240804111600"", ""headline"": ""Bitcoin Plunges Under $60K; Crypto Bulls Lose $200M as Dogecoin, Solana Tokens Drop 10%"", ""summary"": ""Bitcoin slumped under $60,000 in early U.S. hours Sunday as a market sell-off continued into its fourth day, with bullish futures bets losing nearly $200 million in the past 24 hours.\n\nEther (ETH) fel..."", ""url"": ""https://coindesk.com/markets/2024/08/04/bitcoin-plunges-under-60k-crypto-bulls-lose-200m-as-dogecoin-solana-tokens-drop-10"", ""source"": ""CoinDesk"", ""sentiment"": ""NEGATIVE"", ""keywords"": ""btc|Bitcoin|Markets|Trading"", ""id"": 42417585, ""guid"": ""ha93388BwWkPe8xtcTYeY1""}, {""date"": ""20240730043549"", ""headline"": ""Dogecoin Pup Owner\u2019s New Shiba Inu Ends Up in NEIRO Memecoin Drama"", ""summary"": ""Kabosu's owner announced her new Shiba Inu dog, Neiro, on X, sparking the creation of numerous NEIRO tokens on Solana.\n\nTwo prominent NEIRO tokens emerged, with the most popular initially amassing a $..."", ""url"": ""https://coindesk.com/business/2024/07/30/dogecoin-pup-owners-new-shiba-inu-ends-up-in-neiro-memecoin-drama"", ""source"": ""CoinDesk"", ""sentiment"": ""NEUTRAL"", ""keywords"": ""Dogecoin|Markets|Trading"", ""id"": 42390707, ""guid"": ""CpI5Y2Su0uMQDo69bd5qHV""}]",{}
38,2024-10-04,2024-09-27,0.10926400125026703,0.12371399998664856,-0.11680164522965066,D5+,"[{""date"": ""20240919075636"", ""headline"": ""Dogecoin Records Bump in Transaction Activity, Points to Bullishness for DOGE"", ""summary"": ""Network activity indicates potential price movements as increased transactions signal growing adoption or trading interest.\n\nHowever, open interest has remained largely unchanged since July, suggestin..."", ""url"": ""https://coindesk.com/markets/2024/09/19/dogecoin-records-bump-in-transaction-activity-points-to-bullishness-for-doge"", ""source"": ""CoinDesk"", ""sentiment"": ""NEUTRAL"", ""keywords"": ""Trading|Dogecoin|DOGE"", ""id"": 42417197, ""guid"": ""ha93388BwWkPe8xtcTTGsX""}, {""date"": ""20240916091121"", ""headline"": ""First Neiro on Ethereum, Related to Dogecoin, Rockets 700% on Binance Spot Listing"", ""summary"": ""The announcement of Binance listing First Neiro on Ethereum (NEIRO) for spot trading triggered a massive 700% price surge, catapulting its market cap from $15 million to $146 million in a day, with tr..."", ""url"": ""https://coindesk.com/markets/2024/09/16/first-neiro-on-ethereum-related-to-dogecoin-rockets-700-on-binance-spot-listing"", ""source"": ""CoinDesk"", ""sentiment"": ""NEUTRAL"", ""keywords"": ""Trading|Memecoin|Dogecoin"", ""id"": 42407640, ""guid"": ""GJVPKSa3D710Liw1ga0I8l""}, {""date"": ""20240830051757"", ""headline"": ""Elon Musk, Tesla Win Dismissal of Lawsuit Alleging Dogecoin Market Manipulation"", ""summary"": ""A Manhattan judge permanently dismissed a lawsuit that alleged Elon Musk and Tesla manipulated the price of dogecoin (DOGE) by exploiting Musk's social media influence and public statements.\n\nJudge Al..."", ""url"": ""https://coindesk.com/policy/2024/08/30/elon-musk-tesla-win-dismissal-of-lawsuit-alleging-dogecoin-market-manipulation"", ""source"": ""CoinDesk"", ""sentiment"": ""POSITIVE"", ""keywords"": ""Dogecoin|Trading|memecoins|lawsuits|US"", ""id"": 42417295, ""guid"": ""ha93388BwWkPe8xtcTY56L""}, {""date"": ""20240804111600"", ""headline"": ""Bitcoin Plunges Under $60K; Crypto Bulls Lose $200M as Dogecoin, Solana Tokens Drop 10%"", ""summary"": ""Bitcoin slumped under $60,000 in early U.S. hours Sunday as a market sell-off continued into its fourth day, with bullish futures bets losing nearly $200 million in the past 24 hours.\n\nEther (ETH) fel..."", ""url"": ""https://coindesk.com/markets/2024/08/04/bitcoin-plunges-under-60k-crypto-bulls-lose-200m-as-dogecoin-solana-tokens-drop-10"", ""source"": ""CoinDesk"", ""sentiment"": ""NEGATIVE"", ""keywords"": ""btc|Bitcoin|Markets|Trading"", ""id"": 42417585, ""guid"": ""ha93388BwWkPe8xtcTYeY1""}, {""date"": ""20240730043549"", ""headline"": ""Dogecoin Pup Owner\u2019s New Shiba Inu Ends Up in NEIRO Memecoin Drama"", ""summary"": ""Kabosu's owner announced her new Shiba Inu dog, Neiro, on X, sparking the creation of numerous NEIRO tokens on Solana.\n\nTwo prominent NEIRO tokens emerged, with the most popular initially amassing a $..."", ""url"": ""https://coindesk.com/business/2024/07/30/dogecoin-pup-owners-new-shiba-inu-ends-up-in-neiro-memecoin-drama"", ""source"": ""CoinDesk"", ""sentiment"": ""NEUTRAL"", ""keywords"": ""Dogecoin|Markets|Trading"", ""id"": 42390707, ""guid"": ""CpI5Y2Su0uMQDo69bd5qHV""}]",{}
39,2024-10-11,2024-10-04,0.11073300242424011,0.10926400125026703,0.01344451198165776,U2,"[{""date"": ""20240919075636"", ""headline"": ""Dogecoin Records Bump in Transaction Activity, Points to Bullishness for DOGE"", ""summary"": ""Network activity indicates potential price movements as increased transactions signal growing adoption or trading interest.\n\nHowever, open interest has remained largely unchanged since July, suggestin..."", ""url"": ""https://coindesk.com/markets/2024/09/19/dogecoin-records-bump-in-transaction-activity-points-to-bullishness-for-doge"", ""source"": ""CoinDesk"", ""sentiment"": ""NEUTRAL"", ""keywords"": ""Trading|Dogecoin|DOGE"", ""id"": 42417197, ""guid"": ""ha93388BwWkPe8xtcTTGsX""}, {""date"": ""20240916091121"", ""headline"": ""First Neiro on Ethereum, Related to Dogecoin, Rockets 700% on Binance Spot Listing"", ""summary"": ""The announcement of Binance listing First Neiro on Ethereum (NEIRO) for spot trading triggered a massive 700% price surge, catapulting its market cap from $15 million to $146 million in a day, with tr..."", ""url"": ""https://coindesk.com/markets/2024/09/16/first-neiro-on-ethereum-related-to-dogecoin-rockets-700-on-binance-spot-listing"", ""source"": ""CoinDesk"", ""sentiment"": ""NEUTRAL"", ""keywords"": ""Trading|Memecoin|Dogecoin"", ""id"": 42407640, ""guid"": ""GJVPKSa3D710Liw1ga0I8l""}, {""date"": ""20240830051757"", ""headline"": ""Elon Musk, Tesla Win Dismissal of Lawsuit Alleging Dogecoin Market Manipulation"", ""summary"": ""A Manhattan judge permanently dismissed a lawsuit that alleged Elon Musk and Tesla manipulated the price of dogecoin (DOGE) by exploiting Musk's social media influence and public statements.\n\nJudge Al..."", ""url"": ""https://coindesk.com/policy/2024/08/30/elon-musk-tesla-win-dismissal-of-lawsuit-alleging-dogecoin-market-manipulation"", ""source"": ""CoinDesk"", ""sentiment"": ""POSITIVE"", ""keywords"": ""Dogecoin|Trading|memecoins|lawsuits|US"", ""id"": 42417295, ""guid"": ""ha93388BwWkPe8xtcTY56L""}, {""date"": ""20240804111600"", ""headline"": ""Bitcoin Plunges Under $60K; Crypto Bulls Lose $200M as Dogecoin, Solana Tokens Drop 10%"", ""summary"": ""Bitcoin slumped under $60,000 in early U.S. hours Sunday as a market sell-off continued into its fourth day, with bullish futures bets losing nearly $200 million in the past 24 hours.\n\nEther (ETH) fel..."", ""url"": ""https://coindesk.com/markets/2024/08/04/bitcoin-plunges-under-60k-crypto-bulls-lose-200m-as-dogecoin-solana-tokens-drop-10"", ""source"": ""CoinDesk"", ""sentiment"": ""NEGATIVE"", ""keywords"": ""btc|Bitcoin|Markets|Trading"", ""id"": 42417585, ""guid"": ""ha93388BwWkPe8xtcTYeY1""}, {""date"": ""20240730043549"", ""headline"": ""Dogecoin Pup Owner\u2019s New Shiba Inu Ends Up in NEIRO Memecoin Drama"", ""summary"": ""Kabosu's owner announced her new Shiba Inu dog, Neiro, on X, sparking the creation of numerous NEIRO tokens on Solana.\n\nTwo prominent NEIRO tokens emerged, with the most popular initially amassing a $..."", ""url"": ""https://coindesk.com/business/2024/07/30/dogecoin-pup-owners-new-shiba-inu-ends-up-in-neiro-memecoin-drama"", ""source"": ""CoinDesk"", ""sentiment"": ""NEUTRAL"", ""keywords"": ""Dogecoin|Markets|Trading"", ""id"": 42390707, ""guid"": ""CpI5Y2Su0uMQDo69bd5qHV""}]",{}
40,2024-10-18,2024-10-11,0.13721300661563873,0.11073300242424011,0.23913380484300847,U5+,"[{""date"": ""20241016101044"", ""headline"": ""Dogecoin Price Surges 10% as Elon Musk\u2019s 'Department of Government Efficiency' Gains Traction"", ""summary"": ""Dogecoin's price increased by 10% in 24 hours, reaching over 12 cents, driven by social media buzz on X and speculation about further endorsements from Elon Musk.\n\nElon Musk's $75 million donation to ..."", ""url"": ""https://coindesk.com/markets/2024/10/16/dogecoin-price-surges-10-as-elon-musks-department-of-government-efficiency-gains-traction"", ""source"": ""CoinDesk"", ""sentiment"": ""POSITIVE"", ""keywords"": ""Dogecoin|Trading"", ""id"": 42373573, ""guid"": ""0XGGWk56kaPxudnYllpVDN""}]",{}
41,2024-10-25,2024-10-18,0.13101300597190857,0.13721300661563873,-0.04518522548738848,D5,"[{""date"": ""20241018062341"", ""headline"": ""DOGE/BTC Bear Trend Intact After Dogecoin's 24% Weekly Gain"", ""summary"": ""DOGE/BTC lingers at the depth of a prolonged bear market, undercutting any notion of speculative frenzy.\n\nThe ratio's present price pattern resembles late 2020.\n\nDogecoin's (DOGE), the world's leading..."", ""url"": ""https://coindesk.com/markets/2024/10/18/dogebtc-bear-trend-intact-after-dogecoins-24-weekly-gain"", ""source"": ""CoinDesk"", ""sentiment"": ""NEUTRAL"", ""keywords"": ""Dogecoin|DOGE|Markets|Technical Analysis"", ""id"": 42373565, ""guid"": ""0XGGWk56kaPxudnYlloBI5""}, {""date"": ""20241018014839"", ""headline"": ""Dogecoin Jumps 7% as Musk Touts D.O.G.E at Trump\u2019s Pennsylvania Campaign"", ""summary"": ""Elon Musk discussed plans for a \""Department of Government Efficiency\"" (D.O.G.E), leading to a 7% surge in Dogecoin's price, pushing it over 13 cents for the first time since late July.\n\nMusk's backing..."", ""url"": ""https://coindesk.com/markets/2024/10/18/dogecoin-jumps-7-as-musk-touts-doge-at-trumps-pennslyvania-campaign"", ""source"": ""CoinDesk"", ""sentiment"": ""POSITIVE"", ""keywords"": ""Dogecoin|Trading"", ""id"": 42373564, ""guid"": ""0XGGWk56kaPxudnYlloBNL""}]",{}
42,2024-11-01,2024-10-25,0.1591850072145462,0.13101300597190857,0.21503209573466464,U5+,"[{""date"": ""20241029044555"", ""headline"": ""Dogecoin Bets Spike to $1.3B as Trump Popularity Sees DOGE Rocket 15%"", ""summary"": ""Interest in Dogecoin futures is approaching all-time highs from April, with a 33% increase in open interest since Sunday, now standing at 8 billion tokens.\n\nTraders are attributing this price movement..."", ""url"": ""https://coindesk.com/markets/2024/10/29/dogecoin-bets-spike-to-13b-as-trump-popularity-sees-doge-rocket-15"", ""source"": ""CoinDesk"", ""sentiment"": ""POSITIVE"", ""keywords"": ""Dogecoin|Markets|Trading"", ""id"": 42373482, ""guid"": ""0XGGWk56kaPxudnYllmWVJ""}, {""date"": ""20241028161846"", ""headline"": ""Dogecoin Jumps 10%, Outperforming on Trump Popularity as Bitcoin Nears $70K"", ""summary"": ""Bitcoin {{BTC}} rose to a three-month high on Monday, approaching the $70,000 level and moving to within about 5% of its record high of $73,700 from last March.\n\nBTC advanced 3% over the past 24 hours..."", ""url"": ""https://coindesk.com/markets/2024/10/28/dogecoin-jumps-10-outperforming-on-trump-popularity-as-bitcoin-nears-70k"", ""source"": ""CoinDesk"", ""sentiment"": ""POSITIVE"", ""keywords"": ""Market Wrap|Bitcoin|Dogecoin|Election 2024|Trump|Elon Musk"", ""id"": 42373474, ""guid"": ""0XGGWk56kaPxudnYllmVuV""}]",{}
43,2024-11-08,2024-11-01,0.20213200151920319,0.1591850072145462,0.26979296012955495,U5+,"[{""date"": ""20241106054809"", ""headline"": ""Dogecoin Golden Cross Appears as Price Probes Key Fibonacci Hurdle"", ""summary"": ""DOGE's key price averages confirm a golden cross in a sign of strong bullish momentum.\n\nThe joke token faces immediate resistance at 21.7 cents, a level that capped gains in March.\n\nDonald Trump's ret..."", ""url"": ""https://coindesk.com/markets/2024/11/06/dogecoin-golden-cross-appears-as-price-probes-key-fibonacci-hurdle"", ""source"": ""CoinDesk"", ""sentiment"": ""POSITIVE"", ""keywords"": ""Analysis|Dogecoin|Markets|Technical Analysis"", ""id"": 42407324, ""guid"": ""GJVPKSa3D710Liw1gZAWhC""}, {""date"": ""20241106044717"", ""headline"": ""Dogecoin Rockets 25% as Trump Nears Victory, Top Trader Signals More Gains Ahead"", ""summary"": ""Dogecoin {{DOGE}} continued its winning weekly run, buoyed by a renewed Elon Musk endorsement, jumping over 25% in the past 24 hours and extending its 30-day gains to over 65% to making it the best-pe..."", ""url"": ""https://coindesk.com/markets/2024/11/06/dogecoin-rockets-25-as-trump-nears-victory-top-trader-signals-more-gains-ahead"", ""source"": ""CoinDesk"", ""sentiment"": ""POSITIVE"", ""keywords"": ""Dogecoin|Trading|Markets"", ""id"": 42407308, ""guid"": ""GJVPKSa3D710Liw1gZAVtb""}, {""date"": ""20241105025417"", ""headline"": ""Dogecoin Rallies 10%, Bitcoin ETFs Bleed $541M Ahead of U.S. Elections"", ""summary"": ""DOGE's increase is largely attributed to a renewed endorsement from Elon Musk linked to his proposal for a \""Department of Government Efficiency\"" (D.O.G.E.).\n\nU.S.-listed spot bitcoin ETFs experienced ..."", ""url"": ""https://coindesk.com/markets/2024/11/05/dogecoin-rallies-bitcoin-etfs-bleed-ahead-of-us-elections"", ""source"": ""CoinDesk"", ""sentiment"": ""NEUTRAL"", ""keywords"": ""Trading|Markets|Dogecoin|Bitcoin ETF"", ""id"": 42415672, ""guid"": ""WEE6jQWt4rgJorpzkntgcs""}]",{}
44,2024-11-15,2024-11-08,0.37918901443481445,0.20213200151920319,0.8759474580218327,U5+,"[{""date"": ""20241113020036"", ""headline"": ""Dogecoin Craze Grips Korea, Fuels Price Premium on Local Giants Upbit and Bithumb"", ""summary"": ""DOGE trades at premium on Upbit and Bithumb relative to Binance.\n\nThe price differential is still noticeably lower than the previous bull market peaks.\n\nWhen it comes to trading alternative cryptocurr..."", ""url"": ""https://coindesk.com/markets/2024/11/13/dogecoin-craze-grips-korea-fuels-price-premium-on-local-giants-upbit-and-bithumb"", ""source"": ""CoinDesk"", ""sentiment"": ""POSITIVE"", ""keywords"": ""Dogecoin|South Korea|Upbit|Bithumb|Markets"", ""id"": 42435390, ""guid"": ""xYK0rIu5vMPYEKIa4kpAnK""}, {""date"": ""20241113013207"", ""headline"": ""Dogecoin Trade Goes From Meme to Reality as Donald Trump Confirms D.O.G.E"", ""summary"": ""President-elect Donald Trump has appointed Elon Musk and Vivek Ramaswamy to lead a newly formed Department of Government Efficiency (DOGE).\n\nMusk mentioned creating a leaderboard for the most ineffici..."", ""url"": ""https://coindesk.com/markets/2024/11/13/dogecoin-trade-goes-from-meme-to-reality-as-donald-trump-confirms-doge"", ""source"": ""CoinDesk"", ""sentiment"": ""POSITIVE"", ""keywords"": ""Dogecoin|Trading|Markets"", ""id"": 42435375, ""guid"": ""xYK0rIu5vMPYEKIa4kpAdO""}, {""date"": ""20241112012236"", ""headline"": ""Dogecoin Rockets 48% as Traders Target $1 Price Next"", ""summary"": ""The memecoin led gains among crypto majors, outperforming the other top 100 tokens.\n\nThe jump led to crypto traders losing over $68 million on DOGE-tracked futures.\n\nDogecoin {{DOGE}} continued its st..."", ""url"": ""https://coindesk.com/markets/2024/11/12/dogecoin-rockets-48-as-traders-target-1-price-next"", ""source"": ""CoinDesk"", ""sentiment"": ""POSITIVE"", ""keywords"": ""Dogecoin|Memecoin|musk"", ""id"": 42415531, ""guid"": ""V83uyxCwmh6ufrmZyOJuhG""}, {""date"": ""20241110231757"", ""headline"": ""Bitcoin Nears $82K in Bullish Start to Week; Dogecoin Flips USDC"", ""summary"": ""Bitcoin surpassed the $81,000 mark, driven by a continuous rally, high trading volumes over the weekend, and bullish futures market activity, with traders betting on further increases.\n\nDogecoin and S..."", ""url"": ""https://coindesk.com/markets/2024/11/11/bitcoin-nears-82k-in-bullish-start-to-week-dogecoin-flips-usdc"", ""source"": ""CoinDesk"", ""sentiment"": ""POSITIVE"", ""keywords"": ""Trading|Markets"", ""id"": 42435164, ""guid"": ""vcdRFSInNZZ7jTkxATLIS3""}, {""date"": ""20241110085408"", ""headline"": ""Dogecoin Price Spikes 62% This Week\u20142020 Pattern Suggests DOGE Could Rocket Even Higher: Godbole"", ""summary"": ""DOGE's present price pattern mirrors the one seen in late 2020 and 2016.\n\nA bull cross is set to take effect for the first time since early January 2021.\n\nDogecoin {{DOGE}}, the world's biggest meme-f..."", ""url"": ""https://coindesk.com/markets/2024/11/10/dogecoin-rises-62-this-week2020-pattern-suggest-doge-could-rocket-even-higher-godbole"", ""source"": ""CoinDesk"", ""sentiment"": ""POSITIVE"", ""keywords"": ""Analysis|Dogecoin|Markets|Technical Analysis"", ""id"": 42435166, ""guid"": ""vcdRFSInNZZ7jTkxATLIaV""}, {""date"": ""20241110055407"", ""headline"": ""Dogecoin Flips XRP as Elon Musk-Linked Trade Keeps on Giving"", ""summary"": ""Dogecoin (DOGE) flipped xrp (XRP) early Sunday as bullish sentiment around the meme\u2019s endorsement by technology entrepreneur Elon Musk in the Trump administration pushed prices 14% higher in the past ..."", ""url"": ""https://coindesk.com/markets/2024/11/10/dogecoin-flips-xrp-as-elon-musk-linked-trade-keeps-on-giving"", ""source"": ""CoinDesk"", ""sentiment"": ""POSITIVE"", ""keywords"": ""Dogecoin"", ""id"": 42435171, ""guid"": ""vcdRFSInNZZ7jTkxATLIrP""}]",{}
45,2024-11-22,2024-11-15,0.41292399168014526,0.37918901443481445,0.08896612496966237,U5+,"[{""date"": ""20241120034646"", ""headline"": ""Dogecoin, XRP Trading Volumes Flip Bitcoin\u2019s in South Korea"", ""summary"": ""XRP and Dogecoin (DOGE) have seen significantly higher trading volumes than Bitcoin on South Korean exchanges like Upbit and Bithumb.\n\nXRP and DOGE have experienced over 100% price increases in the pa..."", ""url"": ""https://coindesk.com/markets/2024/11/20/dogecoin-xrp-trading-volumes-flip-bitcoins-in-south-korea"", ""source"": ""CoinDesk"", ""sentiment"": ""POSITIVE"", ""keywords"": ""Trading|Markets|XRP|Dogecoin|South Korea"", ""id"": 42435290, ""guid"": ""xYK0rIu5vMPYEKIa4kosHK""}]",{}
46,2024-11-29,2024-11-22,0.42583900690078735,0.41292399168014526,0.03127697949468187,U4,"[{""date"": ""20241128031326"", ""headline"": ""Looking to Earn More on Dogecoin? This Bitcoin Layer-2 Will Use DOGE for Yields"", ""summary"": ""Bitcoin layer-2 network GOAT will soon let dogecoin (DOGE) users stake their tokens to earn fixed yields in BTC, with plans for additional memecoin-based financial applications later for users to earn..."", ""url"": ""https://coindesk.com/markets/2024/11/28/looking-to-earn-more-on-dogecoin-this-bitcoin-layer-2-will-use-doge-for-yields"", ""source"": ""CoinDesk"", ""sentiment"": ""POSITIVE"", ""keywords"": """", ""id"": 42416356, ""guid"": ""ce897303-6412-45c2-8775-88202f778af8""}, {""date"": ""20241122125841"", ""headline"": ""Dogecoin Jumps on Fresh X Payments Speculations After Elon Musk Tweet"", ""summary"": ""Popular memecoin Dogecoin {{DOGE}} jumped 5%, returning to multi-year highs hit earlier this month following fresh speculations on Elon Musk-owned social app X's long-anticipated payments service.\n\nAp..."", ""url"": ""https://coindesk.com/markets/2024/11/22/dogecoin-jumps-on-fresh-x-payments-speculations-after-elon-musk-tweet"", ""source"": ""CoinDesk"", ""sentiment"": ""POSITIVE"", ""keywords"": ""Markets|Dogecoin|Elon Musk|Joe rogan"", ""id"": 42435259, ""guid"": ""xYK0rIu5vMPYEKIa4koory""}]",{}
47,2024-12-06,2024-11-29,0.43570899963378906,0.42583900690078735,0.023177756318836323,U3,"[{""date"": ""20241205043007"", ""headline"": ""Dogecoin Mining Turns Out 3 Times More Profitable for This Bitcoin Miner"", ""summary"": ""Publicly traded BIT Mining (BTCM) will continue its self-hosted mining operations for dogecoin (DOGE) and litecoin (LTC) after the endeavor reaped three times more profit than its bigger bitcoin (BTC)..."", ""url"": ""https://coindesk.com/markets/2024/12/05/dogecoin-mining-turns-out-three-times-more-profitable-for-this-bitcoin-miner"", ""source"": ""CoinDesk"", ""sentiment"": ""POSITIVE"", ""keywords"": """", ""id"": 42389842, ""guid"": ""823caadf-4ad2-42da-a746-091ef6564a60""}]",{}
48,2024-12-13,2024-12-06,0.40908101201057434,0.43570899963378906,-0.06111415565341867,D5+,"[{""date"": ""20241211035256"", ""headline"": ""XRP Outperforms Bitcoin, Dogecoin Extends Slide Ahead of U.S. CPI"", ""summary"": ""XRP outperformed bitcoin and other major cryptocurrencies, with dogecoin (DOGE) leading losses in the past 24 hours before the release of U.S. inflation data later Wednesday.\n\nBitcoin (BTC) remained s..."", ""url"": ""https://coindesk.com/markets/2024/12/11/xrp-outperforms-bitcoin-dogecoin-extends-slide-ahead-of-u-s-cpi"", ""source"": ""CoinDesk"", ""sentiment"": ""NEUTRAL"", ""keywords"": ""Markets"", ""id"": 42389212, ""guid"": ""47848343-4cf5-46de-9017-93046ad19f39""}, {""date"": ""20241210012121"", ""headline"": ""XRP, Dogecoin Dive 12% as Altcoin Carnage Leads to Highest Bullish Liquidation in Nearly 3 Years"", ""summary"": ""Major tokens and midcaps registered one of their worst days in recent months with a sharp drop during early Asian hours on Tuesday, even as bitcoin (BTC) was relatively little changed.\n\nXRP, dogecoin ..."", ""url"": ""https://coindesk.com/markets/2024/12/10/xrp-dogecoin-dive-12-as-altcoin-carnage-leads-to-highest-bullish-liquidation-in-nearly-3-years"", ""source"": ""CoinDesk"", ""sentiment"": ""NEGATIVE"", ""keywords"": """", ""id"": 42373614, ""guid"": ""0cf9987d-9bd0-4098-9712-f937cdc5f7d2""}]",{}
49,2024-12-20,2024-12-13,0.3177129924297333,0.40908101201057434,-0.2233494513269643,D5+,"[{""date"": ""20241218061603"", ""headline"": ""Dogecoin Pup\u2019s IP Owner Bags Rights to Neiro, Putting Namesake Memes in Focus"", ""summary"": ""An intellectual property (IP) ownership could soon end up in a fight of digital dogs.\n\nOwn The Doge DAO, a collective that holds the original \u2018doge\u2019 meme, on Tuesday said it had acquired the rights to..."", ""url"": ""https://coindesk.com/markets/2024/12/18/dogecoin-pup-s-ip-owner-bags-rights-to-neiro-putting-namesake-memes-in-focus"", ""source"": ""CoinDesk"", ""sentiment"": ""POSITIVE"", ""keywords"": """", ""id"": 42373306, ""guid"": ""073c57b0-a882-4a8d-b6c5-9a4521fc46b3""}]",{}
50,2024-12-27,2024-12-20,0.31103599071502686,0.3177129924297333,-0.021015828353897533,D3,"[{""date"": ""20241220075832"", ""headline"": ""Bitcoin Plunges to $93K, Dogecoin Down 27% as Crypto Bloodbath Goes On"", ""summary"": ""A broad crypto market slide worsened at the start of U.S. trading hours as bitcoin (BTC) neared the $93,000 level, leading to a fallback across all major tokens.\n\n\n\nEther, Solana\u2019s SOL, Cardano\u2019s ADA,..."", ""url"": ""https://coindesk.com/markets/2024/12/20/bitcoin-plunges-to-93-k-dogecoin-down-27-as-crypto-bloodbath-goes-on"", ""source"": ""CoinDesk"", ""sentiment"": ""NEGATIVE"", ""keywords"": """", ""id"": 42389580, ""guid"": ""6710ee88-a6b0-4de1-ab1e-07594a1b428c""}, {""date"": ""20241220012825"", ""headline"": ""Dogecoin's 11% Drop Leads Losses in Crypto Majors as Bitcoin Sours Festive Mood"", ""summary"": ""Losses in bitcoin (BTC) and other crypto majors extended to their third straight day, as risk-off behavior after this week\u2019s FOMC meeting and general profit-taking contributed to heavy market sentimen..."", ""url"": ""https://coindesk.com/markets/2024/12/20/dogecoin-s-11-drop-leads-losses-in-crypto-majors-as-bitcoin-sours-festive-mood"", ""source"": ""CoinDesk"", ""sentiment"": ""NEGATIVE"", ""keywords"": """", ""id"": 42389364, ""guid"": ""4f475965-a1c2-49e2-9886-7271c5230135""}]",{}
51,2025-01-03,2024-12-27,0.31568101048469543,0.31103599071502686,0.014934026634635911,U2,"[{""date"": ""20241231032904"", ""headline"": ""XRP Volumes Zoom Ahead of Bitcoin, Dogecoin in South Korea. What\u2019s Next?"", ""summary"": ""XRP trading volumes on South Korea's biggest crypto exchanges have overtaken those of bitcoin (BTC) and ether (ETH) in a sign of flurried interest that often precedes price volatility.\n\nTotal trading ..."", ""url"": ""https://coindesk.com/markets/2024/12/31/xrp-volumes-zoom-ahead-of-bitcoin-dogecoin-in-south-korea-what-s-next"", ""source"": ""CoinDesk"", ""sentiment"": ""POSITIVE"", ""keywords"": ""South Korea|Markets|Trading Volume|XRP"", ""id"": 42390001, ""guid"": ""91fbc786-8b84-4206-b1c0-cb85463345bb""}]",{}
