,End Date,Start Date,End Price,Start Price,Weekly Returns,Bin Label,News,Basics
0,2024-01-12,2024-01-05,7.569273948669434,7.44556188583374,0.016615544230593728,U2,"[{""date"": ""20231207063931"", ""headline"": ""Deloitte Taps Polkadot Ecosystem's Kilt Blockchain for Digital Shipping Logistics"", ""summary"": ""BANGALORE, India \u2014 A division of professional services firm Deloitte, one of the \u201cBig Four\u201d accounting firms, will use the Polkadot-based Kilt blockchain to offer logistics and supply-chain services f..."", ""url"": ""https://coindesk.com/business/2023/12/07/deloitte-taps-polkadot-ecosystems-kilt-blockchain-for-digital-shipping-logistics"", ""source"": ""CoinDesk"", ""sentiment"": ""POSITIVE"", ""keywords"": ""Deloitte|Polkadot"", ""id"": 42391834, ""guid"": ""CpI5Y2Su0uMQDo69bfwUAh""}, {""date"": ""20230912190100"", ""headline"": ""Zodia Custody Looks to Drive Institutional Access to Polkadot Ecosystem"", ""summary"": ""Cryptocurrency storage provider Zodia Custody, a subsidiary of Standard Chartered (STAN), is to provide institutional support for the Polkadot blockchain through a new partnership with one of the netw..."", ""url"": ""https://coindesk.com/business/2023/09/12/zodia-custody-looks-to-drive-institutional-access-to-polkadot-ecosystem"", ""source"": ""CoinDesk"", ""sentiment"": ""POSITIVE"", ""keywords"": ""Zodia Custody|Polkadot|Custody|Exclusive "", ""id"": 42419599, ""guid"": ""ha93388BwWkPe8xtcUF85V""}, {""date"": ""20230615090000"", ""headline"": ""Polkadot Revamps Governance System, Removes \u2018First Class Citizen\u2019 Voting Groups"", ""summary"": ""Polkadot, an interconnected network of public blockchains, streamlined its governance model to allow voting on multiple issues to take place simultaneously with everything being directly controlled by..."", ""url"": ""https://coindesk.com/tech/2023/06/15/polkadot-revamps-governance-system-removes-first-class-citizen-voting-groups"", ""source"": ""CoinDesk"", ""sentiment"": ""POSITIVE"", ""keywords"": ""Polkadot"", ""id"": 42420260, ""guid"": ""ha93388BwWkPe8xtcUaGcf""}, {""date"": ""20230404122601"", ""headline"": ""Polkadot Registers Trademark for Blockchain Communication Platform"", ""summary"": ""Polkadot, which describes itself as a \""layer 0 blockchain,\"" has filed a trademark registration for what appears to be a blockchain-based messaging application, according to a recent filing.\n\nThe phras..."", ""url"": ""https://coindesk.com/business/2023/04/04/polkadot-registers-trademark-for-blockchain-communication-platform"", ""source"": ""CoinDesk"", ""sentiment"": ""NEUTRAL"", ""keywords"": ""Polkadot|Trademark|on-chain analytics|On-chain Data"", ""id"": 42412413, ""guid"": ""PU3faaK1X8MGOraUJl4up2""}, {""date"": ""20230329065616"", ""headline"": ""DeFi Platform Lido to Cease Staking on Polkadot, Kusama in August"", ""summary"": ""Decentralized-finance staking service Lido (LDO) will end its staking program on the Polkadot (DOT) and Kusama (KSM) blockchains on Aug. 1, according to a blog post by pseudonymous Lido developer MixB..."", ""url"": ""https://coindesk.com/business/2023/03/29/defi-platform-lido-to-cease-staking-on-polkadot-kusama-in-august"", ""source"": ""CoinDesk"", ""sentiment"": ""NEGATIVE"", ""keywords"": ""Lido|Polkadot|DeFi|kusama|Staking|Liquid staking"", ""id"": 42412501, ""guid"": ""PU3faaK1X8MGOraUJl55zI""}]",{}
1,2024-01-19,2024-01-12,6.874605178833008,7.569273948669434,-0.0917748220697625,D5+,"[{""date"": ""20231207063931"", ""headline"": ""Deloitte Taps Polkadot Ecosystem's Kilt Blockchain for Digital Shipping Logistics"", ""summary"": ""BANGALORE, India \u2014 A division of professional services firm Deloitte, one of the \u201cBig Four\u201d accounting firms, will use the Polkadot-based Kilt blockchain to offer logistics and supply-chain services f..."", ""url"": ""https://coindesk.com/business/2023/12/07/deloitte-taps-polkadot-ecosystems-kilt-blockchain-for-digital-shipping-logistics"", ""source"": ""CoinDesk"", ""sentiment"": ""POSITIVE"", ""keywords"": ""Deloitte|Polkadot"", ""id"": 42391834, ""guid"": ""CpI5Y2Su0uMQDo69bfwUAh""}, {""date"": ""20230912190100"", ""headline"": ""Zodia Custody Looks to Drive Institutional Access to Polkadot Ecosystem"", ""summary"": ""Cryptocurrency storage provider Zodia Custody, a subsidiary of Standard Chartered (STAN), is to provide institutional support for the Polkadot blockchain through a new partnership with one of the netw..."", ""url"": ""https://coindesk.com/business/2023/09/12/zodia-custody-looks-to-drive-institutional-access-to-polkadot-ecosystem"", ""source"": ""CoinDesk"", ""sentiment"": ""POSITIVE"", ""keywords"": ""Zodia Custody|Polkadot|Custody|Exclusive "", ""id"": 42419599, ""guid"": ""ha93388BwWkPe8xtcUF85V""}, {""date"": ""20230615090000"", ""headline"": ""Polkadot Revamps Governance System, Removes \u2018First Class Citizen\u2019 Voting Groups"", ""summary"": ""Polkadot, an interconnected network of public blockchains, streamlined its governance model to allow voting on multiple issues to take place simultaneously with everything being directly controlled by..."", ""url"": ""https://coindesk.com/tech/2023/06/15/polkadot-revamps-governance-system-removes-first-class-citizen-voting-groups"", ""source"": ""CoinDesk"", ""sentiment"": ""POSITIVE"", ""keywords"": ""Polkadot"", ""id"": 42420260, ""guid"": ""ha93388BwWkPe8xtcUaGcf""}, {""date"": ""20230404122601"", ""headline"": ""Polkadot Registers Trademark for Blockchain Communication Platform"", ""summary"": ""Polkadot, which describes itself as a \""layer 0 blockchain,\"" has filed a trademark registration for what appears to be a blockchain-based messaging application, according to a recent filing.\n\nThe phras..."", ""url"": ""https://coindesk.com/business/2023/04/04/polkadot-registers-trademark-for-blockchain-communication-platform"", ""source"": ""CoinDesk"", ""sentiment"": ""NEUTRAL"", ""keywords"": ""Polkadot|Trademark|on-chain analytics|On-chain Data"", ""id"": 42412413, ""guid"": ""PU3faaK1X8MGOraUJl4up2""}, {""date"": ""20230329065616"", ""headline"": ""DeFi Platform Lido to Cease Staking on Polkadot, Kusama in August"", ""summary"": ""Decentralized-finance staking service Lido (LDO) will end its staking program on the Polkadot (DOT) and Kusama (KSM) blockchains on Aug. 1, according to a blog post by pseudonymous Lido developer MixB..."", ""url"": ""https://coindesk.com/business/2023/03/29/defi-platform-lido-to-cease-staking-on-polkadot-kusama-in-august"", ""source"": ""CoinDesk"", ""sentiment"": ""NEGATIVE"", ""keywords"": ""Lido|Polkadot|DeFi|kusama|Staking|Liquid staking"", ""id"": 42412501, ""guid"": ""PU3faaK1X8MGOraUJl55zI""}]",{}
2,2024-01-26,2024-01-19,6.672458171844482,6.874605178833008,-0.02940488969620226,D3,"[{""date"": ""20231207063931"", ""headline"": ""Deloitte Taps Polkadot Ecosystem's Kilt Blockchain for Digital Shipping Logistics"", ""summary"": ""BANGALORE, India \u2014 A division of professional services firm Deloitte, one of the \u201cBig Four\u201d accounting firms, will use the Polkadot-based Kilt blockchain to offer logistics and supply-chain services f..."", ""url"": ""https://coindesk.com/business/2023/12/07/deloitte-taps-polkadot-ecosystems-kilt-blockchain-for-digital-shipping-logistics"", ""source"": ""CoinDesk"", ""sentiment"": ""POSITIVE"", ""keywords"": ""Deloitte|Polkadot"", ""id"": 42391834, ""guid"": ""CpI5Y2Su0uMQDo69bfwUAh""}, {""date"": ""20230912190100"", ""headline"": ""Zodia Custody Looks to Drive Institutional Access to Polkadot Ecosystem"", ""summary"": ""Cryptocurrency storage provider Zodia Custody, a subsidiary of Standard Chartered (STAN), is to provide institutional support for the Polkadot blockchain through a new partnership with one of the netw..."", ""url"": ""https://coindesk.com/business/2023/09/12/zodia-custody-looks-to-drive-institutional-access-to-polkadot-ecosystem"", ""source"": ""CoinDesk"", ""sentiment"": ""POSITIVE"", ""keywords"": ""Zodia Custody|Polkadot|Custody|Exclusive "", ""id"": 42419599, ""guid"": ""ha93388BwWkPe8xtcUF85V""}, {""date"": ""20230615090000"", ""headline"": ""Polkadot Revamps Governance System, Removes \u2018First Class Citizen\u2019 Voting Groups"", ""summary"": ""Polkadot, an interconnected network of public blockchains, streamlined its governance model to allow voting on multiple issues to take place simultaneously with everything being directly controlled by..."", ""url"": ""https://coindesk.com/tech/2023/06/15/polkadot-revamps-governance-system-removes-first-class-citizen-voting-groups"", ""source"": ""CoinDesk"", ""sentiment"": ""POSITIVE"", ""keywords"": ""Polkadot"", ""id"": 42420260, ""guid"": ""ha93388BwWkPe8xtcUaGcf""}, {""date"": ""20230404122601"", ""headline"": ""Polkadot Registers Trademark for Blockchain Communication Platform"", ""summary"": ""Polkadot, which describes itself as a \""layer 0 blockchain,\"" has filed a trademark registration for what appears to be a blockchain-based messaging application, according to a recent filing.\n\nThe phras..."", ""url"": ""https://coindesk.com/business/2023/04/04/polkadot-registers-trademark-for-blockchain-communication-platform"", ""source"": ""CoinDesk"", ""sentiment"": ""NEUTRAL"", ""keywords"": ""Polkadot|Trademark|on-chain analytics|On-chain Data"", ""id"": 42412413, ""guid"": ""PU3faaK1X8MGOraUJl4up2""}, {""date"": ""20230329065616"", ""headline"": ""DeFi Platform Lido to Cease Staking on Polkadot, Kusama in August"", ""summary"": ""Decentralized-finance staking service Lido (LDO) will end its staking program on the Polkadot (DOT) and Kusama (KSM) blockchains on Aug. 1, according to a blog post by pseudonymous Lido developer MixB..."", ""url"": ""https://coindesk.com/business/2023/03/29/defi-platform-lido-to-cease-staking-on-polkadot-kusama-in-august"", ""source"": ""CoinDesk"", ""sentiment"": ""NEGATIVE"", ""keywords"": ""Lido|Polkadot|DeFi|kusama|Staking|Liquid staking"", ""id"": 42412501, ""guid"": ""PU3faaK1X8MGOraUJl55zI""}]",{}
3,2024-02-02,2024-01-26,6.936224937438965,6.672458171844482,0.03953067352411275,U4,"[{""date"": ""20231207063931"", ""headline"": ""Deloitte Taps Polkadot Ecosystem's Kilt Blockchain for Digital Shipping Logistics"", ""summary"": ""BANGALORE, India \u2014 A division of professional services firm Deloitte, one of the \u201cBig Four\u201d accounting firms, will use the Polkadot-based Kilt blockchain to offer logistics and supply-chain services f..."", ""url"": ""https://coindesk.com/business/2023/12/07/deloitte-taps-polkadot-ecosystems-kilt-blockchain-for-digital-shipping-logistics"", ""source"": ""CoinDesk"", ""sentiment"": ""POSITIVE"", ""keywords"": ""Deloitte|Polkadot"", ""id"": 42391834, ""guid"": ""CpI5Y2Su0uMQDo69bfwUAh""}, {""date"": ""20230912190100"", ""headline"": ""Zodia Custody Looks to Drive Institutional Access to Polkadot Ecosystem"", ""summary"": ""Cryptocurrency storage provider Zodia Custody, a subsidiary of Standard Chartered (STAN), is to provide institutional support for the Polkadot blockchain through a new partnership with one of the netw..."", ""url"": ""https://coindesk.com/business/2023/09/12/zodia-custody-looks-to-drive-institutional-access-to-polkadot-ecosystem"", ""source"": ""CoinDesk"", ""sentiment"": ""POSITIVE"", ""keywords"": ""Zodia Custody|Polkadot|Custody|Exclusive "", ""id"": 42419599, ""guid"": ""ha93388BwWkPe8xtcUF85V""}, {""date"": ""20230615090000"", ""headline"": ""Polkadot Revamps Governance System, Removes \u2018First Class Citizen\u2019 Voting Groups"", ""summary"": ""Polkadot, an interconnected network of public blockchains, streamlined its governance model to allow voting on multiple issues to take place simultaneously with everything being directly controlled by..."", ""url"": ""https://coindesk.com/tech/2023/06/15/polkadot-revamps-governance-system-removes-first-class-citizen-voting-groups"", ""source"": ""CoinDesk"", ""sentiment"": ""POSITIVE"", ""keywords"": ""Polkadot"", ""id"": 42420260, ""guid"": ""ha93388BwWkPe8xtcUaGcf""}, {""date"": ""20230404122601"", ""headline"": ""Polkadot Registers Trademark for Blockchain Communication Platform"", ""summary"": ""Polkadot, which describes itself as a \""layer 0 blockchain,\"" has filed a trademark registration for what appears to be a blockchain-based messaging application, according to a recent filing.\n\nThe phras..."", ""url"": ""https://coindesk.com/business/2023/04/04/polkadot-registers-trademark-for-blockchain-communication-platform"", ""source"": ""CoinDesk"", ""sentiment"": ""NEUTRAL"", ""keywords"": ""Polkadot|Trademark|on-chain analytics|On-chain Data"", ""id"": 42412413, ""guid"": ""PU3faaK1X8MGOraUJl4up2""}, {""date"": ""20230329065616"", ""headline"": ""DeFi Platform Lido to Cease Staking on Polkadot, Kusama in August"", ""summary"": ""Decentralized-finance staking service Lido (LDO) will end its staking program on the Polkadot (DOT) and Kusama (KSM) blockchains on Aug. 1, according to a blog post by pseudonymous Lido developer MixB..."", ""url"": ""https://coindesk.com/business/2023/03/29/defi-platform-lido-to-cease-staking-on-polkadot-kusama-in-august"", ""source"": ""CoinDesk"", ""sentiment"": ""NEGATIVE"", ""keywords"": ""Lido|Polkadot|DeFi|kusama|Staking|Liquid staking"", ""id"": 42412501, ""guid"": ""PU3faaK1X8MGOraUJl55zI""}]",{}
4,2024-02-09,2024-02-02,7.19149112701416,6.936224937438965,0.03680189034778423,U4,"[{""date"": ""20231207063931"", ""headline"": ""Deloitte Taps Polkadot Ecosystem's Kilt Blockchain for Digital Shipping Logistics"", ""summary"": ""BANGALORE, India \u2014 A division of professional services firm Deloitte, one of the \u201cBig Four\u201d accounting firms, will use the Polkadot-based Kilt blockchain to offer logistics and supply-chain services f..."", ""url"": ""https://coindesk.com/business/2023/12/07/deloitte-taps-polkadot-ecosystems-kilt-blockchain-for-digital-shipping-logistics"", ""source"": ""CoinDesk"", ""sentiment"": ""POSITIVE"", ""keywords"": ""Deloitte|Polkadot"", ""id"": 42391834, ""guid"": ""CpI5Y2Su0uMQDo69bfwUAh""}, {""date"": ""20230912190100"", ""headline"": ""Zodia Custody Looks to Drive Institutional Access to Polkadot Ecosystem"", ""summary"": ""Cryptocurrency storage provider Zodia Custody, a subsidiary of Standard Chartered (STAN), is to provide institutional support for the Polkadot blockchain through a new partnership with one of the netw..."", ""url"": ""https://coindesk.com/business/2023/09/12/zodia-custody-looks-to-drive-institutional-access-to-polkadot-ecosystem"", ""source"": ""CoinDesk"", ""sentiment"": ""POSITIVE"", ""keywords"": ""Zodia Custody|Polkadot|Custody|Exclusive "", ""id"": 42419599, ""guid"": ""ha93388BwWkPe8xtcUF85V""}, {""date"": ""20230615090000"", ""headline"": ""Polkadot Revamps Governance System, Removes \u2018First Class Citizen\u2019 Voting Groups"", ""summary"": ""Polkadot, an interconnected network of public blockchains, streamlined its governance model to allow voting on multiple issues to take place simultaneously with everything being directly controlled by..."", ""url"": ""https://coindesk.com/tech/2023/06/15/polkadot-revamps-governance-system-removes-first-class-citizen-voting-groups"", ""source"": ""CoinDesk"", ""sentiment"": ""POSITIVE"", ""keywords"": ""Polkadot"", ""id"": 42420260, ""guid"": ""ha93388BwWkPe8xtcUaGcf""}, {""date"": ""20230404122601"", ""headline"": ""Polkadot Registers Trademark for Blockchain Communication Platform"", ""summary"": ""Polkadot, which describes itself as a \""layer 0 blockchain,\"" has filed a trademark registration for what appears to be a blockchain-based messaging application, according to a recent filing.\n\nThe phras..."", ""url"": ""https://coindesk.com/business/2023/04/04/polkadot-registers-trademark-for-blockchain-communication-platform"", ""source"": ""CoinDesk"", ""sentiment"": ""NEUTRAL"", ""keywords"": ""Polkadot|Trademark|on-chain analytics|On-chain Data"", ""id"": 42412413, ""guid"": ""PU3faaK1X8MGOraUJl4up2""}, {""date"": ""20230329065616"", ""headline"": ""DeFi Platform Lido to Cease Staking on Polkadot, Kusama in August"", ""summary"": ""Decentralized-finance staking service Lido (LDO) will end its staking program on the Polkadot (DOT) and Kusama (KSM) blockchains on Aug. 1, according to a blog post by pseudonymous Lido developer MixB..."", ""url"": ""https://coindesk.com/business/2023/03/29/defi-platform-lido-to-cease-staking-on-polkadot-kusama-in-august"", ""source"": ""CoinDesk"", ""sentiment"": ""NEGATIVE"", ""keywords"": ""Lido|Polkadot|DeFi|kusama|Staking|Liquid staking"", ""id"": 42412501, ""guid"": ""PU3faaK1X8MGOraUJl55zI""}]",{}
5,2024-02-16,2024-02-09,7.657581806182861,7.19149112701416,0.06481140989215371,U5+,"[{""date"": ""20231207063931"", ""headline"": ""Deloitte Taps Polkadot Ecosystem's Kilt Blockchain for Digital Shipping Logistics"", ""summary"": ""BANGALORE, India \u2014 A division of professional services firm Deloitte, one of the \u201cBig Four\u201d accounting firms, will use the Polkadot-based Kilt blockchain to offer logistics and supply-chain services f..."", ""url"": ""https://coindesk.com/business/2023/12/07/deloitte-taps-polkadot-ecosystems-kilt-blockchain-for-digital-shipping-logistics"", ""source"": ""CoinDesk"", ""sentiment"": ""POSITIVE"", ""keywords"": ""Deloitte|Polkadot"", ""id"": 42391834, ""guid"": ""CpI5Y2Su0uMQDo69bfwUAh""}, {""date"": ""20230912190100"", ""headline"": ""Zodia Custody Looks to Drive Institutional Access to Polkadot Ecosystem"", ""summary"": ""Cryptocurrency storage provider Zodia Custody, a subsidiary of Standard Chartered (STAN), is to provide institutional support for the Polkadot blockchain through a new partnership with one of the netw..."", ""url"": ""https://coindesk.com/business/2023/09/12/zodia-custody-looks-to-drive-institutional-access-to-polkadot-ecosystem"", ""source"": ""CoinDesk"", ""sentiment"": ""POSITIVE"", ""keywords"": ""Zodia Custody|Polkadot|Custody|Exclusive "", ""id"": 42419599, ""guid"": ""ha93388BwWkPe8xtcUF85V""}, {""date"": ""20230615090000"", ""headline"": ""Polkadot Revamps Governance System, Removes \u2018First Class Citizen\u2019 Voting Groups"", ""summary"": ""Polkadot, an interconnected network of public blockchains, streamlined its governance model to allow voting on multiple issues to take place simultaneously with everything being directly controlled by..."", ""url"": ""https://coindesk.com/tech/2023/06/15/polkadot-revamps-governance-system-removes-first-class-citizen-voting-groups"", ""source"": ""CoinDesk"", ""sentiment"": ""POSITIVE"", ""keywords"": ""Polkadot"", ""id"": 42420260, ""guid"": ""ha93388BwWkPe8xtcUaGcf""}, {""date"": ""20230404122601"", ""headline"": ""Polkadot Registers Trademark for Blockchain Communication Platform"", ""summary"": ""Polkadot, which describes itself as a \""layer 0 blockchain,\"" has filed a trademark registration for what appears to be a blockchain-based messaging application, according to a recent filing.\n\nThe phras..."", ""url"": ""https://coindesk.com/business/2023/04/04/polkadot-registers-trademark-for-blockchain-communication-platform"", ""source"": ""CoinDesk"", ""sentiment"": ""NEUTRAL"", ""keywords"": ""Polkadot|Trademark|on-chain analytics|On-chain Data"", ""id"": 42412413, ""guid"": ""PU3faaK1X8MGOraUJl4up2""}, {""date"": ""20230329065616"", ""headline"": ""DeFi Platform Lido to Cease Staking on Polkadot, Kusama in August"", ""summary"": ""Decentralized-finance staking service Lido (LDO) will end its staking program on the Polkadot (DOT) and Kusama (KSM) blockchains on Aug. 1, according to a blog post by pseudonymous Lido developer MixB..."", ""url"": ""https://coindesk.com/business/2023/03/29/defi-platform-lido-to-cease-staking-on-polkadot-kusama-in-august"", ""source"": ""CoinDesk"", ""sentiment"": ""NEGATIVE"", ""keywords"": ""Lido|Polkadot|DeFi|kusama|Staking|Liquid staking"", ""id"": 42412501, ""guid"": ""PU3faaK1X8MGOraUJl55zI""}]",{}
6,2024-02-23,2024-02-16,7.563416004180908,7.657581806182861,-0.012297067714761084,D2,"[{""date"": ""20231207063931"", ""headline"": ""Deloitte Taps Polkadot Ecosystem's Kilt Blockchain for Digital Shipping Logistics"", ""summary"": ""BANGALORE, India \u2014 A division of professional services firm Deloitte, one of the \u201cBig Four\u201d accounting firms, will use the Polkadot-based Kilt blockchain to offer logistics and supply-chain services f..."", ""url"": ""https://coindesk.com/business/2023/12/07/deloitte-taps-polkadot-ecosystems-kilt-blockchain-for-digital-shipping-logistics"", ""source"": ""CoinDesk"", ""sentiment"": ""POSITIVE"", ""keywords"": ""Deloitte|Polkadot"", ""id"": 42391834, ""guid"": ""CpI5Y2Su0uMQDo69bfwUAh""}, {""date"": ""20230912190100"", ""headline"": ""Zodia Custody Looks to Drive Institutional Access to Polkadot Ecosystem"", ""summary"": ""Cryptocurrency storage provider Zodia Custody, a subsidiary of Standard Chartered (STAN), is to provide institutional support for the Polkadot blockchain through a new partnership with one of the netw..."", ""url"": ""https://coindesk.com/business/2023/09/12/zodia-custody-looks-to-drive-institutional-access-to-polkadot-ecosystem"", ""source"": ""CoinDesk"", ""sentiment"": ""POSITIVE"", ""keywords"": ""Zodia Custody|Polkadot|Custody|Exclusive "", ""id"": 42419599, ""guid"": ""ha93388BwWkPe8xtcUF85V""}, {""date"": ""20230615090000"", ""headline"": ""Polkadot Revamps Governance System, Removes \u2018First Class Citizen\u2019 Voting Groups"", ""summary"": ""Polkadot, an interconnected network of public blockchains, streamlined its governance model to allow voting on multiple issues to take place simultaneously with everything being directly controlled by..."", ""url"": ""https://coindesk.com/tech/2023/06/15/polkadot-revamps-governance-system-removes-first-class-citizen-voting-groups"", ""source"": ""CoinDesk"", ""sentiment"": ""POSITIVE"", ""keywords"": ""Polkadot"", ""id"": 42420260, ""guid"": ""ha93388BwWkPe8xtcUaGcf""}, {""date"": ""20230404122601"", ""headline"": ""Polkadot Registers Trademark for Blockchain Communication Platform"", ""summary"": ""Polkadot, which describes itself as a \""layer 0 blockchain,\"" has filed a trademark registration for what appears to be a blockchain-based messaging application, according to a recent filing.\n\nThe phras..."", ""url"": ""https://coindesk.com/business/2023/04/04/polkadot-registers-trademark-for-blockchain-communication-platform"", ""source"": ""CoinDesk"", ""sentiment"": ""NEUTRAL"", ""keywords"": ""Polkadot|Trademark|on-chain analytics|On-chain Data"", ""id"": 42412413, ""guid"": ""PU3faaK1X8MGOraUJl4up2""}, {""date"": ""20230329065616"", ""headline"": ""DeFi Platform Lido to Cease Staking on Polkadot, Kusama in August"", ""summary"": ""Decentralized-finance staking service Lido (LDO) will end its staking program on the Polkadot (DOT) and Kusama (KSM) blockchains on Aug. 1, according to a blog post by pseudonymous Lido developer MixB..."", ""url"": ""https://coindesk.com/business/2023/03/29/defi-platform-lido-to-cease-staking-on-polkadot-kusama-in-august"", ""source"": ""CoinDesk"", ""sentiment"": ""NEGATIVE"", ""keywords"": ""Lido|Polkadot|DeFi|kusama|Staking|Liquid staking"", ""id"": 42412501, ""guid"": ""PU3faaK1X8MGOraUJl55zI""}]",{}
7,2024-03-01,2024-02-23,8.674229621887207,7.563416004180908,0.1468666561633345,U5+,"[{""date"": ""20231207063931"", ""headline"": ""Deloitte Taps Polkadot Ecosystem's Kilt Blockchain for Digital Shipping Logistics"", ""summary"": ""BANGALORE, India \u2014 A division of professional services firm Deloitte, one of the \u201cBig Four\u201d accounting firms, will use the Polkadot-based Kilt blockchain to offer logistics and supply-chain services f..."", ""url"": ""https://coindesk.com/business/2023/12/07/deloitte-taps-polkadot-ecosystems-kilt-blockchain-for-digital-shipping-logistics"", ""source"": ""CoinDesk"", ""sentiment"": ""POSITIVE"", ""keywords"": ""Deloitte|Polkadot"", ""id"": 42391834, ""guid"": ""CpI5Y2Su0uMQDo69bfwUAh""}, {""date"": ""20230912190100"", ""headline"": ""Zodia Custody Looks to Drive Institutional Access to Polkadot Ecosystem"", ""summary"": ""Cryptocurrency storage provider Zodia Custody, a subsidiary of Standard Chartered (STAN), is to provide institutional support for the Polkadot blockchain through a new partnership with one of the netw..."", ""url"": ""https://coindesk.com/business/2023/09/12/zodia-custody-looks-to-drive-institutional-access-to-polkadot-ecosystem"", ""source"": ""CoinDesk"", ""sentiment"": ""POSITIVE"", ""keywords"": ""Zodia Custody|Polkadot|Custody|Exclusive "", ""id"": 42419599, ""guid"": ""ha93388BwWkPe8xtcUF85V""}, {""date"": ""20230615090000"", ""headline"": ""Polkadot Revamps Governance System, Removes \u2018First Class Citizen\u2019 Voting Groups"", ""summary"": ""Polkadot, an interconnected network of public blockchains, streamlined its governance model to allow voting on multiple issues to take place simultaneously with everything being directly controlled by..."", ""url"": ""https://coindesk.com/tech/2023/06/15/polkadot-revamps-governance-system-removes-first-class-citizen-voting-groups"", ""source"": ""CoinDesk"", ""sentiment"": ""POSITIVE"", ""keywords"": ""Polkadot"", ""id"": 42420260, ""guid"": ""ha93388BwWkPe8xtcUaGcf""}, {""date"": ""20230404122601"", ""headline"": ""Polkadot Registers Trademark for Blockchain Communication Platform"", ""summary"": ""Polkadot, which describes itself as a \""layer 0 blockchain,\"" has filed a trademark registration for what appears to be a blockchain-based messaging application, according to a recent filing.\n\nThe phras..."", ""url"": ""https://coindesk.com/business/2023/04/04/polkadot-registers-trademark-for-blockchain-communication-platform"", ""source"": ""CoinDesk"", ""sentiment"": ""NEUTRAL"", ""keywords"": ""Polkadot|Trademark|on-chain analytics|On-chain Data"", ""id"": 42412413, ""guid"": ""PU3faaK1X8MGOraUJl4up2""}, {""date"": ""20230329065616"", ""headline"": ""DeFi Platform Lido to Cease Staking on Polkadot, Kusama in August"", ""summary"": ""Decentralized-finance staking service Lido (LDO) will end its staking program on the Polkadot (DOT) and Kusama (KSM) blockchains on Aug. 1, according to a blog post by pseudonymous Lido developer MixB..."", ""url"": ""https://coindesk.com/business/2023/03/29/defi-platform-lido-to-cease-staking-on-polkadot-kusama-in-august"", ""source"": ""CoinDesk"", ""sentiment"": ""NEGATIVE"", ""keywords"": ""Lido|Polkadot|DeFi|kusama|Staking|Liquid staking"", ""id"": 42412501, ""guid"": ""PU3faaK1X8MGOraUJl55zI""}]",{}
8,2024-03-08,2024-03-01,10.665131568908691,8.674229621887207,0.22951916582862308,U5+,"[{""date"": ""20231207063931"", ""headline"": ""Deloitte Taps Polkadot Ecosystem's Kilt Blockchain for Digital Shipping Logistics"", ""summary"": ""BANGALORE, India \u2014 A division of professional services firm Deloitte, one of the \u201cBig Four\u201d accounting firms, will use the Polkadot-based Kilt blockchain to offer logistics and supply-chain services f..."", ""url"": ""https://coindesk.com/business/2023/12/07/deloitte-taps-polkadot-ecosystems-kilt-blockchain-for-digital-shipping-logistics"", ""source"": ""CoinDesk"", ""sentiment"": ""POSITIVE"", ""keywords"": ""Deloitte|Polkadot"", ""id"": 42391834, ""guid"": ""CpI5Y2Su0uMQDo69bfwUAh""}, {""date"": ""20230912190100"", ""headline"": ""Zodia Custody Looks to Drive Institutional Access to Polkadot Ecosystem"", ""summary"": ""Cryptocurrency storage provider Zodia Custody, a subsidiary of Standard Chartered (STAN), is to provide institutional support for the Polkadot blockchain through a new partnership with one of the netw..."", ""url"": ""https://coindesk.com/business/2023/09/12/zodia-custody-looks-to-drive-institutional-access-to-polkadot-ecosystem"", ""source"": ""CoinDesk"", ""sentiment"": ""POSITIVE"", ""keywords"": ""Zodia Custody|Polkadot|Custody|Exclusive "", ""id"": 42419599, ""guid"": ""ha93388BwWkPe8xtcUF85V""}, {""date"": ""20230615090000"", ""headline"": ""Polkadot Revamps Governance System, Removes \u2018First Class Citizen\u2019 Voting Groups"", ""summary"": ""Polkadot, an interconnected network of public blockchains, streamlined its governance model to allow voting on multiple issues to take place simultaneously with everything being directly controlled by..."", ""url"": ""https://coindesk.com/tech/2023/06/15/polkadot-revamps-governance-system-removes-first-class-citizen-voting-groups"", ""source"": ""CoinDesk"", ""sentiment"": ""POSITIVE"", ""keywords"": ""Polkadot"", ""id"": 42420260, ""guid"": ""ha93388BwWkPe8xtcUaGcf""}, {""date"": ""20230404122601"", ""headline"": ""Polkadot Registers Trademark for Blockchain Communication Platform"", ""summary"": ""Polkadot, which describes itself as a \""layer 0 blockchain,\"" has filed a trademark registration for what appears to be a blockchain-based messaging application, according to a recent filing.\n\nThe phras..."", ""url"": ""https://coindesk.com/business/2023/04/04/polkadot-registers-trademark-for-blockchain-communication-platform"", ""source"": ""CoinDesk"", ""sentiment"": ""NEUTRAL"", ""keywords"": ""Polkadot|Trademark|on-chain analytics|On-chain Data"", ""id"": 42412413, ""guid"": ""PU3faaK1X8MGOraUJl4up2""}, {""date"": ""20230329065616"", ""headline"": ""DeFi Platform Lido to Cease Staking on Polkadot, Kusama in August"", ""summary"": ""Decentralized-finance staking service Lido (LDO) will end its staking program on the Polkadot (DOT) and Kusama (KSM) blockchains on Aug. 1, according to a blog post by pseudonymous Lido developer MixB..."", ""url"": ""https://coindesk.com/business/2023/03/29/defi-platform-lido-to-cease-staking-on-polkadot-kusama-in-august"", ""source"": ""CoinDesk"", ""sentiment"": ""NEGATIVE"", ""keywords"": ""Lido|Polkadot|DeFi|kusama|Staking|Liquid staking"", ""id"": 42412501, ""guid"": ""PU3faaK1X8MGOraUJl55zI""}]",{}
9,2024-03-15,2024-03-08,10.838363647460938,10.665131568908691,0.016242844960043194,U2,"[{""date"": ""20231207063931"", ""headline"": ""Deloitte Taps Polkadot Ecosystem's Kilt Blockchain for Digital Shipping Logistics"", ""summary"": ""BANGALORE, India \u2014 A division of professional services firm Deloitte, one of the \u201cBig Four\u201d accounting firms, will use the Polkadot-based Kilt blockchain to offer logistics and supply-chain services f..."", ""url"": ""https://coindesk.com/business/2023/12/07/deloitte-taps-polkadot-ecosystems-kilt-blockchain-for-digital-shipping-logistics"", ""source"": ""CoinDesk"", ""sentiment"": ""POSITIVE"", ""keywords"": ""Deloitte|Polkadot"", ""id"": 42391834, ""guid"": ""CpI5Y2Su0uMQDo69bfwUAh""}, {""date"": ""20230912190100"", ""headline"": ""Zodia Custody Looks to Drive Institutional Access to Polkadot Ecosystem"", ""summary"": ""Cryptocurrency storage provider Zodia Custody, a subsidiary of Standard Chartered (STAN), is to provide institutional support for the Polkadot blockchain through a new partnership with one of the netw..."", ""url"": ""https://coindesk.com/business/2023/09/12/zodia-custody-looks-to-drive-institutional-access-to-polkadot-ecosystem"", ""source"": ""CoinDesk"", ""sentiment"": ""POSITIVE"", ""keywords"": ""Zodia Custody|Polkadot|Custody|Exclusive "", ""id"": 42419599, ""guid"": ""ha93388BwWkPe8xtcUF85V""}, {""date"": ""20230615090000"", ""headline"": ""Polkadot Revamps Governance System, Removes \u2018First Class Citizen\u2019 Voting Groups"", ""summary"": ""Polkadot, an interconnected network of public blockchains, streamlined its governance model to allow voting on multiple issues to take place simultaneously with everything being directly controlled by..."", ""url"": ""https://coindesk.com/tech/2023/06/15/polkadot-revamps-governance-system-removes-first-class-citizen-voting-groups"", ""source"": ""CoinDesk"", ""sentiment"": ""POSITIVE"", ""keywords"": ""Polkadot"", ""id"": 42420260, ""guid"": ""ha93388BwWkPe8xtcUaGcf""}, {""date"": ""20230404122601"", ""headline"": ""Polkadot Registers Trademark for Blockchain Communication Platform"", ""summary"": ""Polkadot, which describes itself as a \""layer 0 blockchain,\"" has filed a trademark registration for what appears to be a blockchain-based messaging application, according to a recent filing.\n\nThe phras..."", ""url"": ""https://coindesk.com/business/2023/04/04/polkadot-registers-trademark-for-blockchain-communication-platform"", ""source"": ""CoinDesk"", ""sentiment"": ""NEUTRAL"", ""keywords"": ""Polkadot|Trademark|on-chain analytics|On-chain Data"", ""id"": 42412413, ""guid"": ""PU3faaK1X8MGOraUJl4up2""}, {""date"": ""20230329065616"", ""headline"": ""DeFi Platform Lido to Cease Staking on Polkadot, Kusama in August"", ""summary"": ""Decentralized-finance staking service Lido (LDO) will end its staking program on the Polkadot (DOT) and Kusama (KSM) blockchains on Aug. 1, according to a blog post by pseudonymous Lido developer MixB..."", ""url"": ""https://coindesk.com/business/2023/03/29/defi-platform-lido-to-cease-staking-on-polkadot-kusama-in-august"", ""source"": ""CoinDesk"", ""sentiment"": ""NEGATIVE"", ""keywords"": ""Lido|Polkadot|DeFi|kusama|Staking|Liquid staking"", ""id"": 42412501, ""guid"": ""PU3faaK1X8MGOraUJl55zI""}]",{}
10,2024-03-22,2024-03-15,8.919258117675781,10.838363647460938,-0.1770659845164669,D5+,"[{""date"": ""20231207063931"", ""headline"": ""Deloitte Taps Polkadot Ecosystem's Kilt Blockchain for Digital Shipping Logistics"", ""summary"": ""BANGALORE, India \u2014 A division of professional services firm Deloitte, one of the \u201cBig Four\u201d accounting firms, will use the Polkadot-based Kilt blockchain to offer logistics and supply-chain services f..."", ""url"": ""https://coindesk.com/business/2023/12/07/deloitte-taps-polkadot-ecosystems-kilt-blockchain-for-digital-shipping-logistics"", ""source"": ""CoinDesk"", ""sentiment"": ""POSITIVE"", ""keywords"": ""Deloitte|Polkadot"", ""id"": 42391834, ""guid"": ""CpI5Y2Su0uMQDo69bfwUAh""}, {""date"": ""20230912190100"", ""headline"": ""Zodia Custody Looks to Drive Institutional Access to Polkadot Ecosystem"", ""summary"": ""Cryptocurrency storage provider Zodia Custody, a subsidiary of Standard Chartered (STAN), is to provide institutional support for the Polkadot blockchain through a new partnership with one of the netw..."", ""url"": ""https://coindesk.com/business/2023/09/12/zodia-custody-looks-to-drive-institutional-access-to-polkadot-ecosystem"", ""source"": ""CoinDesk"", ""sentiment"": ""POSITIVE"", ""keywords"": ""Zodia Custody|Polkadot|Custody|Exclusive "", ""id"": 42419599, ""guid"": ""ha93388BwWkPe8xtcUF85V""}, {""date"": ""20230615090000"", ""headline"": ""Polkadot Revamps Governance System, Removes \u2018First Class Citizen\u2019 Voting Groups"", ""summary"": ""Polkadot, an interconnected network of public blockchains, streamlined its governance model to allow voting on multiple issues to take place simultaneously with everything being directly controlled by..."", ""url"": ""https://coindesk.com/tech/2023/06/15/polkadot-revamps-governance-system-removes-first-class-citizen-voting-groups"", ""source"": ""CoinDesk"", ""sentiment"": ""POSITIVE"", ""keywords"": ""Polkadot"", ""id"": 42420260, ""guid"": ""ha93388BwWkPe8xtcUaGcf""}, {""date"": ""20230404122601"", ""headline"": ""Polkadot Registers Trademark for Blockchain Communication Platform"", ""summary"": ""Polkadot, which describes itself as a \""layer 0 blockchain,\"" has filed a trademark registration for what appears to be a blockchain-based messaging application, according to a recent filing.\n\nThe phras..."", ""url"": ""https://coindesk.com/business/2023/04/04/polkadot-registers-trademark-for-blockchain-communication-platform"", ""source"": ""CoinDesk"", ""sentiment"": ""NEUTRAL"", ""keywords"": ""Polkadot|Trademark|on-chain analytics|On-chain Data"", ""id"": 42412413, ""guid"": ""PU3faaK1X8MGOraUJl4up2""}, {""date"": ""20230329065616"", ""headline"": ""DeFi Platform Lido to Cease Staking on Polkadot, Kusama in August"", ""summary"": ""Decentralized-finance staking service Lido (LDO) will end its staking program on the Polkadot (DOT) and Kusama (KSM) blockchains on Aug. 1, according to a blog post by pseudonymous Lido developer MixB..."", ""url"": ""https://coindesk.com/business/2023/03/29/defi-platform-lido-to-cease-staking-on-polkadot-kusama-in-august"", ""source"": ""CoinDesk"", ""sentiment"": ""NEGATIVE"", ""keywords"": ""Lido|Polkadot|DeFi|kusama|Staking|Liquid staking"", ""id"": 42412501, ""guid"": ""PU3faaK1X8MGOraUJl55zI""}]",{}
11,2024-03-29,2024-03-22,9.596235275268555,8.919258117675781,0.07590061288294492,U5+,"[{""date"": ""20231207063931"", ""headline"": ""Deloitte Taps Polkadot Ecosystem's Kilt Blockchain for Digital Shipping Logistics"", ""summary"": ""BANGALORE, India \u2014 A division of professional services firm Deloitte, one of the \u201cBig Four\u201d accounting firms, will use the Polkadot-based Kilt blockchain to offer logistics and supply-chain services f..."", ""url"": ""https://coindesk.com/business/2023/12/07/deloitte-taps-polkadot-ecosystems-kilt-blockchain-for-digital-shipping-logistics"", ""source"": ""CoinDesk"", ""sentiment"": ""POSITIVE"", ""keywords"": ""Deloitte|Polkadot"", ""id"": 42391834, ""guid"": ""CpI5Y2Su0uMQDo69bfwUAh""}, {""date"": ""20230912190100"", ""headline"": ""Zodia Custody Looks to Drive Institutional Access to Polkadot Ecosystem"", ""summary"": ""Cryptocurrency storage provider Zodia Custody, a subsidiary of Standard Chartered (STAN), is to provide institutional support for the Polkadot blockchain through a new partnership with one of the netw..."", ""url"": ""https://coindesk.com/business/2023/09/12/zodia-custody-looks-to-drive-institutional-access-to-polkadot-ecosystem"", ""source"": ""CoinDesk"", ""sentiment"": ""POSITIVE"", ""keywords"": ""Zodia Custody|Polkadot|Custody|Exclusive "", ""id"": 42419599, ""guid"": ""ha93388BwWkPe8xtcUF85V""}, {""date"": ""20230615090000"", ""headline"": ""Polkadot Revamps Governance System, Removes \u2018First Class Citizen\u2019 Voting Groups"", ""summary"": ""Polkadot, an interconnected network of public blockchains, streamlined its governance model to allow voting on multiple issues to take place simultaneously with everything being directly controlled by..."", ""url"": ""https://coindesk.com/tech/2023/06/15/polkadot-revamps-governance-system-removes-first-class-citizen-voting-groups"", ""source"": ""CoinDesk"", ""sentiment"": ""POSITIVE"", ""keywords"": ""Polkadot"", ""id"": 42420260, ""guid"": ""ha93388BwWkPe8xtcUaGcf""}, {""date"": ""20230404122601"", ""headline"": ""Polkadot Registers Trademark for Blockchain Communication Platform"", ""summary"": ""Polkadot, which describes itself as a \""layer 0 blockchain,\"" has filed a trademark registration for what appears to be a blockchain-based messaging application, according to a recent filing.\n\nThe phras..."", ""url"": ""https://coindesk.com/business/2023/04/04/polkadot-registers-trademark-for-blockchain-communication-platform"", ""source"": ""CoinDesk"", ""sentiment"": ""NEUTRAL"", ""keywords"": ""Polkadot|Trademark|on-chain analytics|On-chain Data"", ""id"": 42412413, ""guid"": ""PU3faaK1X8MGOraUJl4up2""}, {""date"": ""20230329065616"", ""headline"": ""DeFi Platform Lido to Cease Staking on Polkadot, Kusama in August"", ""summary"": ""Decentralized-finance staking service Lido (LDO) will end its staking program on the Polkadot (DOT) and Kusama (KSM) blockchains on Aug. 1, according to a blog post by pseudonymous Lido developer MixB..."", ""url"": ""https://coindesk.com/business/2023/03/29/defi-platform-lido-to-cease-staking-on-polkadot-kusama-in-august"", ""source"": ""CoinDesk"", ""sentiment"": ""NEGATIVE"", ""keywords"": ""Lido|Polkadot|DeFi|kusama|Staking|Liquid staking"", ""id"": 42412501, ""guid"": ""PU3faaK1X8MGOraUJl55zI""}]",{}
12,2024-04-05,2024-03-29,8.38903522491455,9.596235275268555,-0.1257993385661566,D5+,"[{""date"": ""20231207063931"", ""headline"": ""Deloitte Taps Polkadot Ecosystem's Kilt Blockchain for Digital Shipping Logistics"", ""summary"": ""BANGALORE, India \u2014 A division of professional services firm Deloitte, one of the \u201cBig Four\u201d accounting firms, will use the Polkadot-based Kilt blockchain to offer logistics and supply-chain services f..."", ""url"": ""https://coindesk.com/business/2023/12/07/deloitte-taps-polkadot-ecosystems-kilt-blockchain-for-digital-shipping-logistics"", ""source"": ""CoinDesk"", ""sentiment"": ""POSITIVE"", ""keywords"": ""Deloitte|Polkadot"", ""id"": 42391834, ""guid"": ""CpI5Y2Su0uMQDo69bfwUAh""}, {""date"": ""20230912190100"", ""headline"": ""Zodia Custody Looks to Drive Institutional Access to Polkadot Ecosystem"", ""summary"": ""Cryptocurrency storage provider Zodia Custody, a subsidiary of Standard Chartered (STAN), is to provide institutional support for the Polkadot blockchain through a new partnership with one of the netw..."", ""url"": ""https://coindesk.com/business/2023/09/12/zodia-custody-looks-to-drive-institutional-access-to-polkadot-ecosystem"", ""source"": ""CoinDesk"", ""sentiment"": ""POSITIVE"", ""keywords"": ""Zodia Custody|Polkadot|Custody|Exclusive "", ""id"": 42419599, ""guid"": ""ha93388BwWkPe8xtcUF85V""}, {""date"": ""20230615090000"", ""headline"": ""Polkadot Revamps Governance System, Removes \u2018First Class Citizen\u2019 Voting Groups"", ""summary"": ""Polkadot, an interconnected network of public blockchains, streamlined its governance model to allow voting on multiple issues to take place simultaneously with everything being directly controlled by..."", ""url"": ""https://coindesk.com/tech/2023/06/15/polkadot-revamps-governance-system-removes-first-class-citizen-voting-groups"", ""source"": ""CoinDesk"", ""sentiment"": ""POSITIVE"", ""keywords"": ""Polkadot"", ""id"": 42420260, ""guid"": ""ha93388BwWkPe8xtcUaGcf""}, {""date"": ""20230404122601"", ""headline"": ""Polkadot Registers Trademark for Blockchain Communication Platform"", ""summary"": ""Polkadot, which describes itself as a \""layer 0 blockchain,\"" has filed a trademark registration for what appears to be a blockchain-based messaging application, according to a recent filing.\n\nThe phras..."", ""url"": ""https://coindesk.com/business/2023/04/04/polkadot-registers-trademark-for-blockchain-communication-platform"", ""source"": ""CoinDesk"", ""sentiment"": ""NEUTRAL"", ""keywords"": ""Polkadot|Trademark|on-chain analytics|On-chain Data"", ""id"": 42412413, ""guid"": ""PU3faaK1X8MGOraUJl4up2""}, {""date"": ""20230329065616"", ""headline"": ""DeFi Platform Lido to Cease Staking on Polkadot, Kusama in August"", ""summary"": ""Decentralized-finance staking service Lido (LDO) will end its staking program on the Polkadot (DOT) and Kusama (KSM) blockchains on Aug. 1, according to a blog post by pseudonymous Lido developer MixB..."", ""url"": ""https://coindesk.com/business/2023/03/29/defi-platform-lido-to-cease-staking-on-polkadot-kusama-in-august"", ""source"": ""CoinDesk"", ""sentiment"": ""NEGATIVE"", ""keywords"": ""Lido|Polkadot|DeFi|kusama|Staking|Liquid staking"", ""id"": 42412501, ""guid"": ""PU3faaK1X8MGOraUJl55zI""}]",{}
13,2024-04-12,2024-04-05,7.2410888671875,8.38903522491455,-0.1368389006542458,D5+,"[{""date"": ""20231207063931"", ""headline"": ""Deloitte Taps Polkadot Ecosystem's Kilt Blockchain for Digital Shipping Logistics"", ""summary"": ""BANGALORE, India \u2014 A division of professional services firm Deloitte, one of the \u201cBig Four\u201d accounting firms, will use the Polkadot-based Kilt blockchain to offer logistics and supply-chain services f..."", ""url"": ""https://coindesk.com/business/2023/12/07/deloitte-taps-polkadot-ecosystems-kilt-blockchain-for-digital-shipping-logistics"", ""source"": ""CoinDesk"", ""sentiment"": ""POSITIVE"", ""keywords"": ""Deloitte|Polkadot"", ""id"": 42391834, ""guid"": ""CpI5Y2Su0uMQDo69bfwUAh""}, {""date"": ""20230912190100"", ""headline"": ""Zodia Custody Looks to Drive Institutional Access to Polkadot Ecosystem"", ""summary"": ""Cryptocurrency storage provider Zodia Custody, a subsidiary of Standard Chartered (STAN), is to provide institutional support for the Polkadot blockchain through a new partnership with one of the netw..."", ""url"": ""https://coindesk.com/business/2023/09/12/zodia-custody-looks-to-drive-institutional-access-to-polkadot-ecosystem"", ""source"": ""CoinDesk"", ""sentiment"": ""POSITIVE"", ""keywords"": ""Zodia Custody|Polkadot|Custody|Exclusive "", ""id"": 42419599, ""guid"": ""ha93388BwWkPe8xtcUF85V""}, {""date"": ""20230615090000"", ""headline"": ""Polkadot Revamps Governance System, Removes \u2018First Class Citizen\u2019 Voting Groups"", ""summary"": ""Polkadot, an interconnected network of public blockchains, streamlined its governance model to allow voting on multiple issues to take place simultaneously with everything being directly controlled by..."", ""url"": ""https://coindesk.com/tech/2023/06/15/polkadot-revamps-governance-system-removes-first-class-citizen-voting-groups"", ""source"": ""CoinDesk"", ""sentiment"": ""POSITIVE"", ""keywords"": ""Polkadot"", ""id"": 42420260, ""guid"": ""ha93388BwWkPe8xtcUaGcf""}, {""date"": ""20230404122601"", ""headline"": ""Polkadot Registers Trademark for Blockchain Communication Platform"", ""summary"": ""Polkadot, which describes itself as a \""layer 0 blockchain,\"" has filed a trademark registration for what appears to be a blockchain-based messaging application, according to a recent filing.\n\nThe phras..."", ""url"": ""https://coindesk.com/business/2023/04/04/polkadot-registers-trademark-for-blockchain-communication-platform"", ""source"": ""CoinDesk"", ""sentiment"": ""NEUTRAL"", ""keywords"": ""Polkadot|Trademark|on-chain analytics|On-chain Data"", ""id"": 42412413, ""guid"": ""PU3faaK1X8MGOraUJl4up2""}, {""date"": ""20230329065616"", ""headline"": ""DeFi Platform Lido to Cease Staking on Polkadot, Kusama in August"", ""summary"": ""Decentralized-finance staking service Lido (LDO) will end its staking program on the Polkadot (DOT) and Kusama (KSM) blockchains on Aug. 1, according to a blog post by pseudonymous Lido developer MixB..."", ""url"": ""https://coindesk.com/business/2023/03/29/defi-platform-lido-to-cease-staking-on-polkadot-kusama-in-august"", ""source"": ""CoinDesk"", ""sentiment"": ""NEGATIVE"", ""keywords"": ""Lido|Polkadot|DeFi|kusama|Staking|Liquid staking"", ""id"": 42412501, ""guid"": ""PU3faaK1X8MGOraUJl55zI""}]",{}
14,2024-04-19,2024-04-12,6.687657833099365,7.2410888671875,-0.07642925590873076,D5+,"[{""date"": ""20231207063931"", ""headline"": ""Deloitte Taps Polkadot Ecosystem's Kilt Blockchain for Digital Shipping Logistics"", ""summary"": ""BANGALORE, India \u2014 A division of professional services firm Deloitte, one of the \u201cBig Four\u201d accounting firms, will use the Polkadot-based Kilt blockchain to offer logistics and supply-chain services f..."", ""url"": ""https://coindesk.com/business/2023/12/07/deloitte-taps-polkadot-ecosystems-kilt-blockchain-for-digital-shipping-logistics"", ""source"": ""CoinDesk"", ""sentiment"": ""POSITIVE"", ""keywords"": ""Deloitte|Polkadot"", ""id"": 42391834, ""guid"": ""CpI5Y2Su0uMQDo69bfwUAh""}, {""date"": ""20230912190100"", ""headline"": ""Zodia Custody Looks to Drive Institutional Access to Polkadot Ecosystem"", ""summary"": ""Cryptocurrency storage provider Zodia Custody, a subsidiary of Standard Chartered (STAN), is to provide institutional support for the Polkadot blockchain through a new partnership with one of the netw..."", ""url"": ""https://coindesk.com/business/2023/09/12/zodia-custody-looks-to-drive-institutional-access-to-polkadot-ecosystem"", ""source"": ""CoinDesk"", ""sentiment"": ""POSITIVE"", ""keywords"": ""Zodia Custody|Polkadot|Custody|Exclusive "", ""id"": 42419599, ""guid"": ""ha93388BwWkPe8xtcUF85V""}, {""date"": ""20230615090000"", ""headline"": ""Polkadot Revamps Governance System, Removes \u2018First Class Citizen\u2019 Voting Groups"", ""summary"": ""Polkadot, an interconnected network of public blockchains, streamlined its governance model to allow voting on multiple issues to take place simultaneously with everything being directly controlled by..."", ""url"": ""https://coindesk.com/tech/2023/06/15/polkadot-revamps-governance-system-removes-first-class-citizen-voting-groups"", ""source"": ""CoinDesk"", ""sentiment"": ""POSITIVE"", ""keywords"": ""Polkadot"", ""id"": 42420260, ""guid"": ""ha93388BwWkPe8xtcUaGcf""}, {""date"": ""20230404122601"", ""headline"": ""Polkadot Registers Trademark for Blockchain Communication Platform"", ""summary"": ""Polkadot, which describes itself as a \""layer 0 blockchain,\"" has filed a trademark registration for what appears to be a blockchain-based messaging application, according to a recent filing.\n\nThe phras..."", ""url"": ""https://coindesk.com/business/2023/04/04/polkadot-registers-trademark-for-blockchain-communication-platform"", ""source"": ""CoinDesk"", ""sentiment"": ""NEUTRAL"", ""keywords"": ""Polkadot|Trademark|on-chain analytics|On-chain Data"", ""id"": 42412413, ""guid"": ""PU3faaK1X8MGOraUJl4up2""}, {""date"": ""20230329065616"", ""headline"": ""DeFi Platform Lido to Cease Staking on Polkadot, Kusama in August"", ""summary"": ""Decentralized-finance staking service Lido (LDO) will end its staking program on the Polkadot (DOT) and Kusama (KSM) blockchains on Aug. 1, according to a blog post by pseudonymous Lido developer MixB..."", ""url"": ""https://coindesk.com/business/2023/03/29/defi-platform-lido-to-cease-staking-on-polkadot-kusama-in-august"", ""source"": ""CoinDesk"", ""sentiment"": ""NEGATIVE"", ""keywords"": ""Lido|Polkadot|DeFi|kusama|Staking|Liquid staking"", ""id"": 42412501, ""guid"": ""PU3faaK1X8MGOraUJl55zI""}]",{}
15,2024-04-26,2024-04-19,6.758216857910156,6.687657833099365,0.010550633206975954,U2,"[{""date"": ""20231207063931"", ""headline"": ""Deloitte Taps Polkadot Ecosystem's Kilt Blockchain for Digital Shipping Logistics"", ""summary"": ""BANGALORE, India \u2014 A division of professional services firm Deloitte, one of the \u201cBig Four\u201d accounting firms, will use the Polkadot-based Kilt blockchain to offer logistics and supply-chain services f..."", ""url"": ""https://coindesk.com/business/2023/12/07/deloitte-taps-polkadot-ecosystems-kilt-blockchain-for-digital-shipping-logistics"", ""source"": ""CoinDesk"", ""sentiment"": ""POSITIVE"", ""keywords"": ""Deloitte|Polkadot"", ""id"": 42391834, ""guid"": ""CpI5Y2Su0uMQDo69bfwUAh""}, {""date"": ""20230912190100"", ""headline"": ""Zodia Custody Looks to Drive Institutional Access to Polkadot Ecosystem"", ""summary"": ""Cryptocurrency storage provider Zodia Custody, a subsidiary of Standard Chartered (STAN), is to provide institutional support for the Polkadot blockchain through a new partnership with one of the netw..."", ""url"": ""https://coindesk.com/business/2023/09/12/zodia-custody-looks-to-drive-institutional-access-to-polkadot-ecosystem"", ""source"": ""CoinDesk"", ""sentiment"": ""POSITIVE"", ""keywords"": ""Zodia Custody|Polkadot|Custody|Exclusive "", ""id"": 42419599, ""guid"": ""ha93388BwWkPe8xtcUF85V""}, {""date"": ""20230615090000"", ""headline"": ""Polkadot Revamps Governance System, Removes \u2018First Class Citizen\u2019 Voting Groups"", ""summary"": ""Polkadot, an interconnected network of public blockchains, streamlined its governance model to allow voting on multiple issues to take place simultaneously with everything being directly controlled by..."", ""url"": ""https://coindesk.com/tech/2023/06/15/polkadot-revamps-governance-system-removes-first-class-citizen-voting-groups"", ""source"": ""CoinDesk"", ""sentiment"": ""POSITIVE"", ""keywords"": ""Polkadot"", ""id"": 42420260, ""guid"": ""ha93388BwWkPe8xtcUaGcf""}, {""date"": ""20230404122601"", ""headline"": ""Polkadot Registers Trademark for Blockchain Communication Platform"", ""summary"": ""Polkadot, which describes itself as a \""layer 0 blockchain,\"" has filed a trademark registration for what appears to be a blockchain-based messaging application, according to a recent filing.\n\nThe phras..."", ""url"": ""https://coindesk.com/business/2023/04/04/polkadot-registers-trademark-for-blockchain-communication-platform"", ""source"": ""CoinDesk"", ""sentiment"": ""NEUTRAL"", ""keywords"": ""Polkadot|Trademark|on-chain analytics|On-chain Data"", ""id"": 42412413, ""guid"": ""PU3faaK1X8MGOraUJl4up2""}, {""date"": ""20230329065616"", ""headline"": ""DeFi Platform Lido to Cease Staking on Polkadot, Kusama in August"", ""summary"": ""Decentralized-finance staking service Lido (LDO) will end its staking program on the Polkadot (DOT) and Kusama (KSM) blockchains on Aug. 1, according to a blog post by pseudonymous Lido developer MixB..."", ""url"": ""https://coindesk.com/business/2023/03/29/defi-platform-lido-to-cease-staking-on-polkadot-kusama-in-august"", ""source"": ""CoinDesk"", ""sentiment"": ""NEGATIVE"", ""keywords"": ""Lido|Polkadot|DeFi|kusama|Staking|Liquid staking"", ""id"": 42412501, ""guid"": ""PU3faaK1X8MGOraUJl55zI""}]",{}
16,2024-05-03,2024-04-26,7.255101203918457,6.758216857910156,0.07352299525972186,U5+,"[{""date"": ""20240503105238"", ""headline"": ""Polkadot and Cosmos Gain in a Rocky Week for Crypto: CoinDesk Indices Market Update"", ""summary"": ""CoinDesk Indices (CDI) presents its bi-weekly market update, highlighting the performance of leaders and laggards in the benchmark CoinDesk 20 Index (CD20) and the broad CoinDesk Market Index (CMI).\n\n..."", ""url"": ""https://coindesk.com/markets/2024/05/03/polkadot-and-cosmos-gain-in-a-rocky-week-for-crypto-coindesk-indices-market-update"", ""source"": ""CoinDesk"", ""sentiment"": ""NEUTRAL"", ""keywords"": ""CoinDesk 20"", ""id"": 42418316, ""guid"": ""ha93388BwWkPe8xtcTdC4T""}, {""date"": ""20231207063931"", ""headline"": ""Deloitte Taps Polkadot Ecosystem's Kilt Blockchain for Digital Shipping Logistics"", ""summary"": ""BANGALORE, India \u2014 A division of professional services firm Deloitte, one of the \u201cBig Four\u201d accounting firms, will use the Polkadot-based Kilt blockchain to offer logistics and supply-chain services f..."", ""url"": ""https://coindesk.com/business/2023/12/07/deloitte-taps-polkadot-ecosystems-kilt-blockchain-for-digital-shipping-logistics"", ""source"": ""CoinDesk"", ""sentiment"": ""POSITIVE"", ""keywords"": ""Deloitte|Polkadot"", ""id"": 42391834, ""guid"": ""CpI5Y2Su0uMQDo69bfwUAh""}, {""date"": ""20230912190100"", ""headline"": ""Zodia Custody Looks to Drive Institutional Access to Polkadot Ecosystem"", ""summary"": ""Cryptocurrency storage provider Zodia Custody, a subsidiary of Standard Chartered (STAN), is to provide institutional support for the Polkadot blockchain through a new partnership with one of the netw..."", ""url"": ""https://coindesk.com/business/2023/09/12/zodia-custody-looks-to-drive-institutional-access-to-polkadot-ecosystem"", ""source"": ""CoinDesk"", ""sentiment"": ""POSITIVE"", ""keywords"": ""Zodia Custody|Polkadot|Custody|Exclusive "", ""id"": 42419599, ""guid"": ""ha93388BwWkPe8xtcUF85V""}, {""date"": ""20230615090000"", ""headline"": ""Polkadot Revamps Governance System, Removes \u2018First Class Citizen\u2019 Voting Groups"", ""summary"": ""Polkadot, an interconnected network of public blockchains, streamlined its governance model to allow voting on multiple issues to take place simultaneously with everything being directly controlled by..."", ""url"": ""https://coindesk.com/tech/2023/06/15/polkadot-revamps-governance-system-removes-first-class-citizen-voting-groups"", ""source"": ""CoinDesk"", ""sentiment"": ""POSITIVE"", ""keywords"": ""Polkadot"", ""id"": 42420260, ""guid"": ""ha93388BwWkPe8xtcUaGcf""}, {""date"": ""20230404122601"", ""headline"": ""Polkadot Registers Trademark for Blockchain Communication Platform"", ""summary"": ""Polkadot, which describes itself as a \""layer 0 blockchain,\"" has filed a trademark registration for what appears to be a blockchain-based messaging application, according to a recent filing.\n\nThe phras..."", ""url"": ""https://coindesk.com/business/2023/04/04/polkadot-registers-trademark-for-blockchain-communication-platform"", ""source"": ""CoinDesk"", ""sentiment"": ""NEUTRAL"", ""keywords"": ""Polkadot|Trademark|on-chain analytics|On-chain Data"", ""id"": 42412413, ""guid"": ""PU3faaK1X8MGOraUJl4up2""}]",{}
17,2024-05-10,2024-05-03,6.749961853027344,7.255101203918457,-0.06962540379426949,D5+,"[{""date"": ""20240503105238"", ""headline"": ""Polkadot and Cosmos Gain in a Rocky Week for Crypto: CoinDesk Indices Market Update"", ""summary"": ""CoinDesk Indices (CDI) presents its bi-weekly market update, highlighting the performance of leaders and laggards in the benchmark CoinDesk 20 Index (CD20) and the broad CoinDesk Market Index (CMI).\n\n..."", ""url"": ""https://coindesk.com/markets/2024/05/03/polkadot-and-cosmos-gain-in-a-rocky-week-for-crypto-coindesk-indices-market-update"", ""source"": ""CoinDesk"", ""sentiment"": ""NEUTRAL"", ""keywords"": ""CoinDesk 20"", ""id"": 42418316, ""guid"": ""ha93388BwWkPe8xtcTdC4T""}]",{}
18,2024-05-17,2024-05-10,7.196755886077881,6.749961853027344,0.0661920826782378,U5+,"[{""date"": ""20240503105238"", ""headline"": ""Polkadot and Cosmos Gain in a Rocky Week for Crypto: CoinDesk Indices Market Update"", ""summary"": ""CoinDesk Indices (CDI) presents its bi-weekly market update, highlighting the performance of leaders and laggards in the benchmark CoinDesk 20 Index (CD20) and the broad CoinDesk Market Index (CMI).\n\n..."", ""url"": ""https://coindesk.com/markets/2024/05/03/polkadot-and-cosmos-gain-in-a-rocky-week-for-crypto-coindesk-indices-market-update"", ""source"": ""CoinDesk"", ""sentiment"": ""NEUTRAL"", ""keywords"": ""CoinDesk 20"", ""id"": 42418316, ""guid"": ""ha93388BwWkPe8xtcTdC4T""}, {""date"": ""20231207063931"", ""headline"": ""Deloitte Taps Polkadot Ecosystem's Kilt Blockchain for Digital Shipping Logistics"", ""summary"": ""BANGALORE, India \u2014 A division of professional services firm Deloitte, one of the \u201cBig Four\u201d accounting firms, will use the Polkadot-based Kilt blockchain to offer logistics and supply-chain services f..."", ""url"": ""https://coindesk.com/business/2023/12/07/deloitte-taps-polkadot-ecosystems-kilt-blockchain-for-digital-shipping-logistics"", ""source"": ""CoinDesk"", ""sentiment"": ""POSITIVE"", ""keywords"": ""Deloitte|Polkadot"", ""id"": 42391834, ""guid"": ""CpI5Y2Su0uMQDo69bfwUAh""}, {""date"": ""20230912190100"", ""headline"": ""Zodia Custody Looks to Drive Institutional Access to Polkadot Ecosystem"", ""summary"": ""Cryptocurrency storage provider Zodia Custody, a subsidiary of Standard Chartered (STAN), is to provide institutional support for the Polkadot blockchain through a new partnership with one of the netw..."", ""url"": ""https://coindesk.com/business/2023/09/12/zodia-custody-looks-to-drive-institutional-access-to-polkadot-ecosystem"", ""source"": ""CoinDesk"", ""sentiment"": ""POSITIVE"", ""keywords"": ""Zodia Custody|Polkadot|Custody|Exclusive "", ""id"": 42419599, ""guid"": ""ha93388BwWkPe8xtcUF85V""}, {""date"": ""20230615090000"", ""headline"": ""Polkadot Revamps Governance System, Removes \u2018First Class Citizen\u2019 Voting Groups"", ""summary"": ""Polkadot, an interconnected network of public blockchains, streamlined its governance model to allow voting on multiple issues to take place simultaneously with everything being directly controlled by..."", ""url"": ""https://coindesk.com/tech/2023/06/15/polkadot-revamps-governance-system-removes-first-class-citizen-voting-groups"", ""source"": ""CoinDesk"", ""sentiment"": ""POSITIVE"", ""keywords"": ""Polkadot"", ""id"": 42420260, ""guid"": ""ha93388BwWkPe8xtcUaGcf""}, {""date"": ""20230404122601"", ""headline"": ""Polkadot Registers Trademark for Blockchain Communication Platform"", ""summary"": ""Polkadot, which describes itself as a \""layer 0 blockchain,\"" has filed a trademark registration for what appears to be a blockchain-based messaging application, according to a recent filing.\n\nThe phras..."", ""url"": ""https://coindesk.com/business/2023/04/04/polkadot-registers-trademark-for-blockchain-communication-platform"", ""source"": ""CoinDesk"", ""sentiment"": ""NEUTRAL"", ""keywords"": ""Polkadot|Trademark|on-chain analytics|On-chain Data"", ""id"": 42412413, ""guid"": ""PU3faaK1X8MGOraUJl4up2""}]",{}
19,2024-05-24,2024-05-17,7.244290828704834,7.196755886077881,0.00660505141197153,U1,"[{""date"": ""20240503105238"", ""headline"": ""Polkadot and Cosmos Gain in a Rocky Week for Crypto: CoinDesk Indices Market Update"", ""summary"": ""CoinDesk Indices (CDI) presents its bi-weekly market update, highlighting the performance of leaders and laggards in the benchmark CoinDesk 20 Index (CD20) and the broad CoinDesk Market Index (CMI).\n\n..."", ""url"": ""https://coindesk.com/markets/2024/05/03/polkadot-and-cosmos-gain-in-a-rocky-week-for-crypto-coindesk-indices-market-update"", ""source"": ""CoinDesk"", ""sentiment"": ""NEUTRAL"", ""keywords"": ""CoinDesk 20"", ""id"": 42418316, ""guid"": ""ha93388BwWkPe8xtcTdC4T""}, {""date"": ""20231207063931"", ""headline"": ""Deloitte Taps Polkadot Ecosystem's Kilt Blockchain for Digital Shipping Logistics"", ""summary"": ""BANGALORE, India \u2014 A division of professional services firm Deloitte, one of the \u201cBig Four\u201d accounting firms, will use the Polkadot-based Kilt blockchain to offer logistics and supply-chain services f..."", ""url"": ""https://coindesk.com/business/2023/12/07/deloitte-taps-polkadot-ecosystems-kilt-blockchain-for-digital-shipping-logistics"", ""source"": ""CoinDesk"", ""sentiment"": ""POSITIVE"", ""keywords"": ""Deloitte|Polkadot"", ""id"": 42391834, ""guid"": ""CpI5Y2Su0uMQDo69bfwUAh""}, {""date"": ""20230912190100"", ""headline"": ""Zodia Custody Looks to Drive Institutional Access to Polkadot Ecosystem"", ""summary"": ""Cryptocurrency storage provider Zodia Custody, a subsidiary of Standard Chartered (STAN), is to provide institutional support for the Polkadot blockchain through a new partnership with one of the netw..."", ""url"": ""https://coindesk.com/business/2023/09/12/zodia-custody-looks-to-drive-institutional-access-to-polkadot-ecosystem"", ""source"": ""CoinDesk"", ""sentiment"": ""POSITIVE"", ""keywords"": ""Zodia Custody|Polkadot|Custody|Exclusive "", ""id"": 42419599, ""guid"": ""ha93388BwWkPe8xtcUF85V""}, {""date"": ""20230615090000"", ""headline"": ""Polkadot Revamps Governance System, Removes \u2018First Class Citizen\u2019 Voting Groups"", ""summary"": ""Polkadot, an interconnected network of public blockchains, streamlined its governance model to allow voting on multiple issues to take place simultaneously with everything being directly controlled by..."", ""url"": ""https://coindesk.com/tech/2023/06/15/polkadot-revamps-governance-system-removes-first-class-citizen-voting-groups"", ""source"": ""CoinDesk"", ""sentiment"": ""POSITIVE"", ""keywords"": ""Polkadot"", ""id"": 42420260, ""guid"": ""ha93388BwWkPe8xtcUaGcf""}, {""date"": ""20230404122601"", ""headline"": ""Polkadot Registers Trademark for Blockchain Communication Platform"", ""summary"": ""Polkadot, which describes itself as a \""layer 0 blockchain,\"" has filed a trademark registration for what appears to be a blockchain-based messaging application, according to a recent filing.\n\nThe phras..."", ""url"": ""https://coindesk.com/business/2023/04/04/polkadot-registers-trademark-for-blockchain-communication-platform"", ""source"": ""CoinDesk"", ""sentiment"": ""NEUTRAL"", ""keywords"": ""Polkadot|Trademark|on-chain analytics|On-chain Data"", ""id"": 42412413, ""guid"": ""PU3faaK1X8MGOraUJl4up2""}]",{}
20,2024-05-31,2024-05-24,6.987146854400635,7.244290828704834,-0.035496086557608914,D4,"[{""date"": ""20240503105238"", ""headline"": ""Polkadot and Cosmos Gain in a Rocky Week for Crypto: CoinDesk Indices Market Update"", ""summary"": ""CoinDesk Indices (CDI) presents its bi-weekly market update, highlighting the performance of leaders and laggards in the benchmark CoinDesk 20 Index (CD20) and the broad CoinDesk Market Index (CMI).\n\n..."", ""url"": ""https://coindesk.com/markets/2024/05/03/polkadot-and-cosmos-gain-in-a-rocky-week-for-crypto-coindesk-indices-market-update"", ""source"": ""CoinDesk"", ""sentiment"": ""NEUTRAL"", ""keywords"": ""CoinDesk 20"", ""id"": 42418316, ""guid"": ""ha93388BwWkPe8xtcTdC4T""}, {""date"": ""20231207063931"", ""headline"": ""Deloitte Taps Polkadot Ecosystem's Kilt Blockchain for Digital Shipping Logistics"", ""summary"": ""BANGALORE, India \u2014 A division of professional services firm Deloitte, one of the \u201cBig Four\u201d accounting firms, will use the Polkadot-based Kilt blockchain to offer logistics and supply-chain services f..."", ""url"": ""https://coindesk.com/business/2023/12/07/deloitte-taps-polkadot-ecosystems-kilt-blockchain-for-digital-shipping-logistics"", ""source"": ""CoinDesk"", ""sentiment"": ""POSITIVE"", ""keywords"": ""Deloitte|Polkadot"", ""id"": 42391834, ""guid"": ""CpI5Y2Su0uMQDo69bfwUAh""}, {""date"": ""20230912190100"", ""headline"": ""Zodia Custody Looks to Drive Institutional Access to Polkadot Ecosystem"", ""summary"": ""Cryptocurrency storage provider Zodia Custody, a subsidiary of Standard Chartered (STAN), is to provide institutional support for the Polkadot blockchain through a new partnership with one of the netw..."", ""url"": ""https://coindesk.com/business/2023/09/12/zodia-custody-looks-to-drive-institutional-access-to-polkadot-ecosystem"", ""source"": ""CoinDesk"", ""sentiment"": ""POSITIVE"", ""keywords"": ""Zodia Custody|Polkadot|Custody|Exclusive "", ""id"": 42419599, ""guid"": ""ha93388BwWkPe8xtcUF85V""}, {""date"": ""20230615090000"", ""headline"": ""Polkadot Revamps Governance System, Removes \u2018First Class Citizen\u2019 Voting Groups"", ""summary"": ""Polkadot, an interconnected network of public blockchains, streamlined its governance model to allow voting on multiple issues to take place simultaneously with everything being directly controlled by..."", ""url"": ""https://coindesk.com/tech/2023/06/15/polkadot-revamps-governance-system-removes-first-class-citizen-voting-groups"", ""source"": ""CoinDesk"", ""sentiment"": ""POSITIVE"", ""keywords"": ""Polkadot"", ""id"": 42420260, ""guid"": ""ha93388BwWkPe8xtcUaGcf""}, {""date"": ""20230404122601"", ""headline"": ""Polkadot Registers Trademark for Blockchain Communication Platform"", ""summary"": ""Polkadot, which describes itself as a \""layer 0 blockchain,\"" has filed a trademark registration for what appears to be a blockchain-based messaging application, according to a recent filing.\n\nThe phras..."", ""url"": ""https://coindesk.com/business/2023/04/04/polkadot-registers-trademark-for-blockchain-communication-platform"", ""source"": ""CoinDesk"", ""sentiment"": ""NEUTRAL"", ""keywords"": ""Polkadot|Trademark|on-chain analytics|On-chain Data"", ""id"": 42412413, ""guid"": ""PU3faaK1X8MGOraUJl4up2""}]",{}
21,2024-06-07,2024-05-31,6.657766819000244,6.987146854400635,-0.04714084908533745,D5,"[{""date"": ""20240503105238"", ""headline"": ""Polkadot and Cosmos Gain in a Rocky Week for Crypto: CoinDesk Indices Market Update"", ""summary"": ""CoinDesk Indices (CDI) presents its bi-weekly market update, highlighting the performance of leaders and laggards in the benchmark CoinDesk 20 Index (CD20) and the broad CoinDesk Market Index (CMI).\n\n..."", ""url"": ""https://coindesk.com/markets/2024/05/03/polkadot-and-cosmos-gain-in-a-rocky-week-for-crypto-coindesk-indices-market-update"", ""source"": ""CoinDesk"", ""sentiment"": ""NEUTRAL"", ""keywords"": ""CoinDesk 20"", ""id"": 42418316, ""guid"": ""ha93388BwWkPe8xtcTdC4T""}, {""date"": ""20231207063931"", ""headline"": ""Deloitte Taps Polkadot Ecosystem's Kilt Blockchain for Digital Shipping Logistics"", ""summary"": ""BANGALORE, India \u2014 A division of professional services firm Deloitte, one of the \u201cBig Four\u201d accounting firms, will use the Polkadot-based Kilt blockchain to offer logistics and supply-chain services f..."", ""url"": ""https://coindesk.com/business/2023/12/07/deloitte-taps-polkadot-ecosystems-kilt-blockchain-for-digital-shipping-logistics"", ""source"": ""CoinDesk"", ""sentiment"": ""POSITIVE"", ""keywords"": ""Deloitte|Polkadot"", ""id"": 42391834, ""guid"": ""CpI5Y2Su0uMQDo69bfwUAh""}, {""date"": ""20230912190100"", ""headline"": ""Zodia Custody Looks to Drive Institutional Access to Polkadot Ecosystem"", ""summary"": ""Cryptocurrency storage provider Zodia Custody, a subsidiary of Standard Chartered (STAN), is to provide institutional support for the Polkadot blockchain through a new partnership with one of the netw..."", ""url"": ""https://coindesk.com/business/2023/09/12/zodia-custody-looks-to-drive-institutional-access-to-polkadot-ecosystem"", ""source"": ""CoinDesk"", ""sentiment"": ""POSITIVE"", ""keywords"": ""Zodia Custody|Polkadot|Custody|Exclusive "", ""id"": 42419599, ""guid"": ""ha93388BwWkPe8xtcUF85V""}, {""date"": ""20230615090000"", ""headline"": ""Polkadot Revamps Governance System, Removes \u2018First Class Citizen\u2019 Voting Groups"", ""summary"": ""Polkadot, an interconnected network of public blockchains, streamlined its governance model to allow voting on multiple issues to take place simultaneously with everything being directly controlled by..."", ""url"": ""https://coindesk.com/tech/2023/06/15/polkadot-revamps-governance-system-removes-first-class-citizen-voting-groups"", ""source"": ""CoinDesk"", ""sentiment"": ""POSITIVE"", ""keywords"": ""Polkadot"", ""id"": 42420260, ""guid"": ""ha93388BwWkPe8xtcUaGcf""}, {""date"": ""20230404122601"", ""headline"": ""Polkadot Registers Trademark for Blockchain Communication Platform"", ""summary"": ""Polkadot, which describes itself as a \""layer 0 blockchain,\"" has filed a trademark registration for what appears to be a blockchain-based messaging application, according to a recent filing.\n\nThe phras..."", ""url"": ""https://coindesk.com/business/2023/04/04/polkadot-registers-trademark-for-blockchain-communication-platform"", ""source"": ""CoinDesk"", ""sentiment"": ""NEUTRAL"", ""keywords"": ""Polkadot|Trademark|on-chain analytics|On-chain Data"", ""id"": 42412413, ""guid"": ""PU3faaK1X8MGOraUJl4up2""}]",{}
22,2024-06-14,2024-06-07,6.162761211395264,6.657766819000244,-0.0743500968211008,D5+,"[{""date"": ""20240503105238"", ""headline"": ""Polkadot and Cosmos Gain in a Rocky Week for Crypto: CoinDesk Indices Market Update"", ""summary"": ""CoinDesk Indices (CDI) presents its bi-weekly market update, highlighting the performance of leaders and laggards in the benchmark CoinDesk 20 Index (CD20) and the broad CoinDesk Market Index (CMI).\n\n..."", ""url"": ""https://coindesk.com/markets/2024/05/03/polkadot-and-cosmos-gain-in-a-rocky-week-for-crypto-coindesk-indices-market-update"", ""source"": ""CoinDesk"", ""sentiment"": ""NEUTRAL"", ""keywords"": ""CoinDesk 20"", ""id"": 42418316, ""guid"": ""ha93388BwWkPe8xtcTdC4T""}, {""date"": ""20231207063931"", ""headline"": ""Deloitte Taps Polkadot Ecosystem's Kilt Blockchain for Digital Shipping Logistics"", ""summary"": ""BANGALORE, India \u2014 A division of professional services firm Deloitte, one of the \u201cBig Four\u201d accounting firms, will use the Polkadot-based Kilt blockchain to offer logistics and supply-chain services f..."", ""url"": ""https://coindesk.com/business/2023/12/07/deloitte-taps-polkadot-ecosystems-kilt-blockchain-for-digital-shipping-logistics"", ""source"": ""CoinDesk"", ""sentiment"": ""POSITIVE"", ""keywords"": ""Deloitte|Polkadot"", ""id"": 42391834, ""guid"": ""CpI5Y2Su0uMQDo69bfwUAh""}, {""date"": ""20230912190100"", ""headline"": ""Zodia Custody Looks to Drive Institutional Access to Polkadot Ecosystem"", ""summary"": ""Cryptocurrency storage provider Zodia Custody, a subsidiary of Standard Chartered (STAN), is to provide institutional support for the Polkadot blockchain through a new partnership with one of the netw..."", ""url"": ""https://coindesk.com/business/2023/09/12/zodia-custody-looks-to-drive-institutional-access-to-polkadot-ecosystem"", ""source"": ""CoinDesk"", ""sentiment"": ""POSITIVE"", ""keywords"": ""Zodia Custody|Polkadot|Custody|Exclusive "", ""id"": 42419599, ""guid"": ""ha93388BwWkPe8xtcUF85V""}, {""date"": ""20230615090000"", ""headline"": ""Polkadot Revamps Governance System, Removes \u2018First Class Citizen\u2019 Voting Groups"", ""summary"": ""Polkadot, an interconnected network of public blockchains, streamlined its governance model to allow voting on multiple issues to take place simultaneously with everything being directly controlled by..."", ""url"": ""https://coindesk.com/tech/2023/06/15/polkadot-revamps-governance-system-removes-first-class-citizen-voting-groups"", ""source"": ""CoinDesk"", ""sentiment"": ""POSITIVE"", ""keywords"": ""Polkadot"", ""id"": 42420260, ""guid"": ""ha93388BwWkPe8xtcUaGcf""}, {""date"": ""20230404122601"", ""headline"": ""Polkadot Registers Trademark for Blockchain Communication Platform"", ""summary"": ""Polkadot, which describes itself as a \""layer 0 blockchain,\"" has filed a trademark registration for what appears to be a blockchain-based messaging application, according to a recent filing.\n\nThe phras..."", ""url"": ""https://coindesk.com/business/2023/04/04/polkadot-registers-trademark-for-blockchain-communication-platform"", ""source"": ""CoinDesk"", ""sentiment"": ""NEUTRAL"", ""keywords"": ""Polkadot|Trademark|on-chain analytics|On-chain Data"", ""id"": 42412413, ""guid"": ""PU3faaK1X8MGOraUJl4up2""}]",{}
23,2024-06-21,2024-06-14,5.611062049865723,6.162761211395264,-0.08952142434294237,D5+,"[{""date"": ""20240503105238"", ""headline"": ""Polkadot and Cosmos Gain in a Rocky Week for Crypto: CoinDesk Indices Market Update"", ""summary"": ""CoinDesk Indices (CDI) presents its bi-weekly market update, highlighting the performance of leaders and laggards in the benchmark CoinDesk 20 Index (CD20) and the broad CoinDesk Market Index (CMI).\n\n..."", ""url"": ""https://coindesk.com/markets/2024/05/03/polkadot-and-cosmos-gain-in-a-rocky-week-for-crypto-coindesk-indices-market-update"", ""source"": ""CoinDesk"", ""sentiment"": ""NEUTRAL"", ""keywords"": ""CoinDesk 20"", ""id"": 42418316, ""guid"": ""ha93388BwWkPe8xtcTdC4T""}, {""date"": ""20231207063931"", ""headline"": ""Deloitte Taps Polkadot Ecosystem's Kilt Blockchain for Digital Shipping Logistics"", ""summary"": ""BANGALORE, India \u2014 A division of professional services firm Deloitte, one of the \u201cBig Four\u201d accounting firms, will use the Polkadot-based Kilt blockchain to offer logistics and supply-chain services f..."", ""url"": ""https://coindesk.com/business/2023/12/07/deloitte-taps-polkadot-ecosystems-kilt-blockchain-for-digital-shipping-logistics"", ""source"": ""CoinDesk"", ""sentiment"": ""POSITIVE"", ""keywords"": ""Deloitte|Polkadot"", ""id"": 42391834, ""guid"": ""CpI5Y2Su0uMQDo69bfwUAh""}, {""date"": ""20230912190100"", ""headline"": ""Zodia Custody Looks to Drive Institutional Access to Polkadot Ecosystem"", ""summary"": ""Cryptocurrency storage provider Zodia Custody, a subsidiary of Standard Chartered (STAN), is to provide institutional support for the Polkadot blockchain through a new partnership with one of the netw..."", ""url"": ""https://coindesk.com/business/2023/09/12/zodia-custody-looks-to-drive-institutional-access-to-polkadot-ecosystem"", ""source"": ""CoinDesk"", ""sentiment"": ""POSITIVE"", ""keywords"": ""Zodia Custody|Polkadot|Custody|Exclusive "", ""id"": 42419599, ""guid"": ""ha93388BwWkPe8xtcUF85V""}, {""date"": ""20230615090000"", ""headline"": ""Polkadot Revamps Governance System, Removes \u2018First Class Citizen\u2019 Voting Groups"", ""summary"": ""Polkadot, an interconnected network of public blockchains, streamlined its governance model to allow voting on multiple issues to take place simultaneously with everything being directly controlled by..."", ""url"": ""https://coindesk.com/tech/2023/06/15/polkadot-revamps-governance-system-removes-first-class-citizen-voting-groups"", ""source"": ""CoinDesk"", ""sentiment"": ""POSITIVE"", ""keywords"": ""Polkadot"", ""id"": 42420260, ""guid"": ""ha93388BwWkPe8xtcUaGcf""}, {""date"": ""20230404122601"", ""headline"": ""Polkadot Registers Trademark for Blockchain Communication Platform"", ""summary"": ""Polkadot, which describes itself as a \""layer 0 blockchain,\"" has filed a trademark registration for what appears to be a blockchain-based messaging application, according to a recent filing.\n\nThe phras..."", ""url"": ""https://coindesk.com/business/2023/04/04/polkadot-registers-trademark-for-blockchain-communication-platform"", ""source"": ""CoinDesk"", ""sentiment"": ""NEUTRAL"", ""keywords"": ""Polkadot|Trademark|on-chain analytics|On-chain Data"", ""id"": 42412413, ""guid"": ""PU3faaK1X8MGOraUJl4up2""}]",{}
24,2024-06-28,2024-06-21,6.174601078033447,5.611062049865723,0.10043357623913829,U5+,"[{""date"": ""20240503105238"", ""headline"": ""Polkadot and Cosmos Gain in a Rocky Week for Crypto: CoinDesk Indices Market Update"", ""summary"": ""CoinDesk Indices (CDI) presents its bi-weekly market update, highlighting the performance of leaders and laggards in the benchmark CoinDesk 20 Index (CD20) and the broad CoinDesk Market Index (CMI).\n\n..."", ""url"": ""https://coindesk.com/markets/2024/05/03/polkadot-and-cosmos-gain-in-a-rocky-week-for-crypto-coindesk-indices-market-update"", ""source"": ""CoinDesk"", ""sentiment"": ""NEUTRAL"", ""keywords"": ""CoinDesk 20"", ""id"": 42418316, ""guid"": ""ha93388BwWkPe8xtcTdC4T""}, {""date"": ""20231207063931"", ""headline"": ""Deloitte Taps Polkadot Ecosystem's Kilt Blockchain for Digital Shipping Logistics"", ""summary"": ""BANGALORE, India \u2014 A division of professional services firm Deloitte, one of the \u201cBig Four\u201d accounting firms, will use the Polkadot-based Kilt blockchain to offer logistics and supply-chain services f..."", ""url"": ""https://coindesk.com/business/2023/12/07/deloitte-taps-polkadot-ecosystems-kilt-blockchain-for-digital-shipping-logistics"", ""source"": ""CoinDesk"", ""sentiment"": ""POSITIVE"", ""keywords"": ""Deloitte|Polkadot"", ""id"": 42391834, ""guid"": ""CpI5Y2Su0uMQDo69bfwUAh""}, {""date"": ""20230912190100"", ""headline"": ""Zodia Custody Looks to Drive Institutional Access to Polkadot Ecosystem"", ""summary"": ""Cryptocurrency storage provider Zodia Custody, a subsidiary of Standard Chartered (STAN), is to provide institutional support for the Polkadot blockchain through a new partnership with one of the netw..."", ""url"": ""https://coindesk.com/business/2023/09/12/zodia-custody-looks-to-drive-institutional-access-to-polkadot-ecosystem"", ""source"": ""CoinDesk"", ""sentiment"": ""POSITIVE"", ""keywords"": ""Zodia Custody|Polkadot|Custody|Exclusive "", ""id"": 42419599, ""guid"": ""ha93388BwWkPe8xtcUF85V""}, {""date"": ""20230615090000"", ""headline"": ""Polkadot Revamps Governance System, Removes \u2018First Class Citizen\u2019 Voting Groups"", ""summary"": ""Polkadot, an interconnected network of public blockchains, streamlined its governance model to allow voting on multiple issues to take place simultaneously with everything being directly controlled by..."", ""url"": ""https://coindesk.com/tech/2023/06/15/polkadot-revamps-governance-system-removes-first-class-citizen-voting-groups"", ""source"": ""CoinDesk"", ""sentiment"": ""POSITIVE"", ""keywords"": ""Polkadot"", ""id"": 42420260, ""guid"": ""ha93388BwWkPe8xtcUaGcf""}, {""date"": ""20230404122601"", ""headline"": ""Polkadot Registers Trademark for Blockchain Communication Platform"", ""summary"": ""Polkadot, which describes itself as a \""layer 0 blockchain,\"" has filed a trademark registration for what appears to be a blockchain-based messaging application, according to a recent filing.\n\nThe phras..."", ""url"": ""https://coindesk.com/business/2023/04/04/polkadot-registers-trademark-for-blockchain-communication-platform"", ""source"": ""CoinDesk"", ""sentiment"": ""NEUTRAL"", ""keywords"": ""Polkadot|Trademark|on-chain analytics|On-chain Data"", ""id"": 42412413, ""guid"": ""PU3faaK1X8MGOraUJl4up2""}]",{}
25,2024-07-05,2024-06-28,5.665740966796875,6.174601078033447,-0.08241181977680725,D5+,"[{""date"": ""20240703141530"", ""headline"": ""The Protocol: 'Private Jet Brandization' Is One Way Polkadot Burnt Cash"", ""summary"": ""June proved to be an incredibly ugly month in crypto markets (see our blood-red chart below), but wasn't completely devoid of decent blockchain tech stories. One obsession of crypto twitterati during ..."", ""url"": ""https://coindesk.com/tech/2024/07/03/the-protocol-private-jet-brandization-is-one-way-polkadot-burnt-cash"", ""source"": ""CoinDesk"", ""sentiment"": ""NEGATIVE"", ""keywords"": ""The Protocol|Polkadot|Solana|ETFs"", ""id"": 42417810, ""guid"": ""ha93388BwWkPe8xtcTZyPd""}, {""date"": ""20240702091118"", ""headline"": ""Polkadot\u2019s $245M Treasury Would Last 2 Years at Current Spending Rate"", ""summary"": ""Polkadot spent $87 million worth of DOT on various activities in the first half of this year, with marketing and outreach activities accounting for the largest portion of spending, totaling over $36 m..."", ""url"": ""https://coindesk.com/business/2024/07/02/polkadots-245m-treasury-will-last-2-years-at-current-spending-rate"", ""source"": ""CoinDesk"", ""sentiment"": ""NEUTRAL"", ""keywords"": ""DeFi|Polkadot"", ""id"": 42417849, ""guid"": ""ha93388BwWkPe8xtcTa3OH""}]",{}
26,2024-07-12,2024-07-05,6.099207878112793,5.665740966796875,0.07650665885648111,U5+,"[{""date"": ""20240703141530"", ""headline"": ""The Protocol: 'Private Jet Brandization' Is One Way Polkadot Burnt Cash"", ""summary"": ""June proved to be an incredibly ugly month in crypto markets (see our blood-red chart below), but wasn't completely devoid of decent blockchain tech stories. One obsession of crypto twitterati during ..."", ""url"": ""https://coindesk.com/tech/2024/07/03/the-protocol-private-jet-brandization-is-one-way-polkadot-burnt-cash"", ""source"": ""CoinDesk"", ""sentiment"": ""NEGATIVE"", ""keywords"": ""The Protocol|Polkadot|Solana|ETFs"", ""id"": 42417810, ""guid"": ""ha93388BwWkPe8xtcTZyPd""}, {""date"": ""20240702091118"", ""headline"": ""Polkadot\u2019s $245M Treasury Would Last 2 Years at Current Spending Rate"", ""summary"": ""Polkadot spent $87 million worth of DOT on various activities in the first half of this year, with marketing and outreach activities accounting for the largest portion of spending, totaling over $36 m..."", ""url"": ""https://coindesk.com/business/2024/07/02/polkadots-245m-treasury-will-last-2-years-at-current-spending-rate"", ""source"": ""CoinDesk"", ""sentiment"": ""NEUTRAL"", ""keywords"": ""DeFi|Polkadot"", ""id"": 42417849, ""guid"": ""ha93388BwWkPe8xtcTa3OH""}, {""date"": ""20240503105238"", ""headline"": ""Polkadot and Cosmos Gain in a Rocky Week for Crypto: CoinDesk Indices Market Update"", ""summary"": ""CoinDesk Indices (CDI) presents its bi-weekly market update, highlighting the performance of leaders and laggards in the benchmark CoinDesk 20 Index (CD20) and the broad CoinDesk Market Index (CMI).\n\n..."", ""url"": ""https://coindesk.com/markets/2024/05/03/polkadot-and-cosmos-gain-in-a-rocky-week-for-crypto-coindesk-indices-market-update"", ""source"": ""CoinDesk"", ""sentiment"": ""NEUTRAL"", ""keywords"": ""CoinDesk 20"", ""id"": 42418316, ""guid"": ""ha93388BwWkPe8xtcTdC4T""}, {""date"": ""20231207063931"", ""headline"": ""Deloitte Taps Polkadot Ecosystem's Kilt Blockchain for Digital Shipping Logistics"", ""summary"": ""BANGALORE, India \u2014 A division of professional services firm Deloitte, one of the \u201cBig Four\u201d accounting firms, will use the Polkadot-based Kilt blockchain to offer logistics and supply-chain services f..."", ""url"": ""https://coindesk.com/business/2023/12/07/deloitte-taps-polkadot-ecosystems-kilt-blockchain-for-digital-shipping-logistics"", ""source"": ""CoinDesk"", ""sentiment"": ""POSITIVE"", ""keywords"": ""Deloitte|Polkadot"", ""id"": 42391834, ""guid"": ""CpI5Y2Su0uMQDo69bfwUAh""}, {""date"": ""20230912190100"", ""headline"": ""Zodia Custody Looks to Drive Institutional Access to Polkadot Ecosystem"", ""summary"": ""Cryptocurrency storage provider Zodia Custody, a subsidiary of Standard Chartered (STAN), is to provide institutional support for the Polkadot blockchain through a new partnership with one of the netw..."", ""url"": ""https://coindesk.com/business/2023/09/12/zodia-custody-looks-to-drive-institutional-access-to-polkadot-ecosystem"", ""source"": ""CoinDesk"", ""sentiment"": ""POSITIVE"", ""keywords"": ""Zodia Custody|Polkadot|Custody|Exclusive "", ""id"": 42419599, ""guid"": ""ha93388BwWkPe8xtcUF85V""}]",{}
27,2024-07-19,2024-07-12,6.346135139465332,6.099207878112793,0.040485136149998366,U5,"[{""date"": ""20240703141530"", ""headline"": ""The Protocol: 'Private Jet Brandization' Is One Way Polkadot Burnt Cash"", ""summary"": ""June proved to be an incredibly ugly month in crypto markets (see our blood-red chart below), but wasn't completely devoid of decent blockchain tech stories. One obsession of crypto twitterati during ..."", ""url"": ""https://coindesk.com/tech/2024/07/03/the-protocol-private-jet-brandization-is-one-way-polkadot-burnt-cash"", ""source"": ""CoinDesk"", ""sentiment"": ""NEGATIVE"", ""keywords"": ""The Protocol|Polkadot|Solana|ETFs"", ""id"": 42417810, ""guid"": ""ha93388BwWkPe8xtcTZyPd""}, {""date"": ""20240702091118"", ""headline"": ""Polkadot\u2019s $245M Treasury Would Last 2 Years at Current Spending Rate"", ""summary"": ""Polkadot spent $87 million worth of DOT on various activities in the first half of this year, with marketing and outreach activities accounting for the largest portion of spending, totaling over $36 m..."", ""url"": ""https://coindesk.com/business/2024/07/02/polkadots-245m-treasury-will-last-2-years-at-current-spending-rate"", ""source"": ""CoinDesk"", ""sentiment"": ""NEUTRAL"", ""keywords"": ""DeFi|Polkadot"", ""id"": 42417849, ""guid"": ""ha93388BwWkPe8xtcTa3OH""}, {""date"": ""20240503105238"", ""headline"": ""Polkadot and Cosmos Gain in a Rocky Week for Crypto: CoinDesk Indices Market Update"", ""summary"": ""CoinDesk Indices (CDI) presents its bi-weekly market update, highlighting the performance of leaders and laggards in the benchmark CoinDesk 20 Index (CD20) and the broad CoinDesk Market Index (CMI).\n\n..."", ""url"": ""https://coindesk.com/markets/2024/05/03/polkadot-and-cosmos-gain-in-a-rocky-week-for-crypto-coindesk-indices-market-update"", ""source"": ""CoinDesk"", ""sentiment"": ""NEUTRAL"", ""keywords"": ""CoinDesk 20"", ""id"": 42418316, ""guid"": ""ha93388BwWkPe8xtcTdC4T""}, {""date"": ""20231207063931"", ""headline"": ""Deloitte Taps Polkadot Ecosystem's Kilt Blockchain for Digital Shipping Logistics"", ""summary"": ""BANGALORE, India \u2014 A division of professional services firm Deloitte, one of the \u201cBig Four\u201d accounting firms, will use the Polkadot-based Kilt blockchain to offer logistics and supply-chain services f..."", ""url"": ""https://coindesk.com/business/2023/12/07/deloitte-taps-polkadot-ecosystems-kilt-blockchain-for-digital-shipping-logistics"", ""source"": ""CoinDesk"", ""sentiment"": ""POSITIVE"", ""keywords"": ""Deloitte|Polkadot"", ""id"": 42391834, ""guid"": ""CpI5Y2Su0uMQDo69bfwUAh""}, {""date"": ""20230912190100"", ""headline"": ""Zodia Custody Looks to Drive Institutional Access to Polkadot Ecosystem"", ""summary"": ""Cryptocurrency storage provider Zodia Custody, a subsidiary of Standard Chartered (STAN), is to provide institutional support for the Polkadot blockchain through a new partnership with one of the netw..."", ""url"": ""https://coindesk.com/business/2023/09/12/zodia-custody-looks-to-drive-institutional-access-to-polkadot-ecosystem"", ""source"": ""CoinDesk"", ""sentiment"": ""POSITIVE"", ""keywords"": ""Zodia Custody|Polkadot|Custody|Exclusive "", ""id"": 42419599, ""guid"": ""ha93388BwWkPe8xtcUF85V""}]",{}
28,2024-07-26,2024-07-19,5.870021820068359,6.346135139465332,-0.07502413814608519,D5+,"[{""date"": ""20240703141530"", ""headline"": ""The Protocol: 'Private Jet Brandization' Is One Way Polkadot Burnt Cash"", ""summary"": ""June proved to be an incredibly ugly month in crypto markets (see our blood-red chart below), but wasn't completely devoid of decent blockchain tech stories. One obsession of crypto twitterati during ..."", ""url"": ""https://coindesk.com/tech/2024/07/03/the-protocol-private-jet-brandization-is-one-way-polkadot-burnt-cash"", ""source"": ""CoinDesk"", ""sentiment"": ""NEGATIVE"", ""keywords"": ""The Protocol|Polkadot|Solana|ETFs"", ""id"": 42417810, ""guid"": ""ha93388BwWkPe8xtcTZyPd""}, {""date"": ""20240702091118"", ""headline"": ""Polkadot\u2019s $245M Treasury Would Last 2 Years at Current Spending Rate"", ""summary"": ""Polkadot spent $87 million worth of DOT on various activities in the first half of this year, with marketing and outreach activities accounting for the largest portion of spending, totaling over $36 m..."", ""url"": ""https://coindesk.com/business/2024/07/02/polkadots-245m-treasury-will-last-2-years-at-current-spending-rate"", ""source"": ""CoinDesk"", ""sentiment"": ""NEUTRAL"", ""keywords"": ""DeFi|Polkadot"", ""id"": 42417849, ""guid"": ""ha93388BwWkPe8xtcTa3OH""}, {""date"": ""20240503105238"", ""headline"": ""Polkadot and Cosmos Gain in a Rocky Week for Crypto: CoinDesk Indices Market Update"", ""summary"": ""CoinDesk Indices (CDI) presents its bi-weekly market update, highlighting the performance of leaders and laggards in the benchmark CoinDesk 20 Index (CD20) and the broad CoinDesk Market Index (CMI).\n\n..."", ""url"": ""https://coindesk.com/markets/2024/05/03/polkadot-and-cosmos-gain-in-a-rocky-week-for-crypto-coindesk-indices-market-update"", ""source"": ""CoinDesk"", ""sentiment"": ""NEUTRAL"", ""keywords"": ""CoinDesk 20"", ""id"": 42418316, ""guid"": ""ha93388BwWkPe8xtcTdC4T""}, {""date"": ""20231207063931"", ""headline"": ""Deloitte Taps Polkadot Ecosystem's Kilt Blockchain for Digital Shipping Logistics"", ""summary"": ""BANGALORE, India \u2014 A division of professional services firm Deloitte, one of the \u201cBig Four\u201d accounting firms, will use the Polkadot-based Kilt blockchain to offer logistics and supply-chain services f..."", ""url"": ""https://coindesk.com/business/2023/12/07/deloitte-taps-polkadot-ecosystems-kilt-blockchain-for-digital-shipping-logistics"", ""source"": ""CoinDesk"", ""sentiment"": ""POSITIVE"", ""keywords"": ""Deloitte|Polkadot"", ""id"": 42391834, ""guid"": ""CpI5Y2Su0uMQDo69bfwUAh""}, {""date"": ""20230912190100"", ""headline"": ""Zodia Custody Looks to Drive Institutional Access to Polkadot Ecosystem"", ""summary"": ""Cryptocurrency storage provider Zodia Custody, a subsidiary of Standard Chartered (STAN), is to provide institutional support for the Polkadot blockchain through a new partnership with one of the netw..."", ""url"": ""https://coindesk.com/business/2023/09/12/zodia-custody-looks-to-drive-institutional-access-to-polkadot-ecosystem"", ""source"": ""CoinDesk"", ""sentiment"": ""POSITIVE"", ""keywords"": ""Zodia Custody|Polkadot|Custody|Exclusive "", ""id"": 42419599, ""guid"": ""ha93388BwWkPe8xtcUF85V""}]",{}
29,2024-08-02,2024-07-26,5.122200012207031,5.870021820068359,-0.12739676798213662,D5+,"[{""date"": ""20240703141530"", ""headline"": ""The Protocol: 'Private Jet Brandization' Is One Way Polkadot Burnt Cash"", ""summary"": ""June proved to be an incredibly ugly month in crypto markets (see our blood-red chart below), but wasn't completely devoid of decent blockchain tech stories. One obsession of crypto twitterati during ..."", ""url"": ""https://coindesk.com/tech/2024/07/03/the-protocol-private-jet-brandization-is-one-way-polkadot-burnt-cash"", ""source"": ""CoinDesk"", ""sentiment"": ""NEGATIVE"", ""keywords"": ""The Protocol|Polkadot|Solana|ETFs"", ""id"": 42417810, ""guid"": ""ha93388BwWkPe8xtcTZyPd""}, {""date"": ""20240702091118"", ""headline"": ""Polkadot\u2019s $245M Treasury Would Last 2 Years at Current Spending Rate"", ""summary"": ""Polkadot spent $87 million worth of DOT on various activities in the first half of this year, with marketing and outreach activities accounting for the largest portion of spending, totaling over $36 m..."", ""url"": ""https://coindesk.com/business/2024/07/02/polkadots-245m-treasury-will-last-2-years-at-current-spending-rate"", ""source"": ""CoinDesk"", ""sentiment"": ""NEUTRAL"", ""keywords"": ""DeFi|Polkadot"", ""id"": 42417849, ""guid"": ""ha93388BwWkPe8xtcTa3OH""}, {""date"": ""20240503105238"", ""headline"": ""Polkadot and Cosmos Gain in a Rocky Week for Crypto: CoinDesk Indices Market Update"", ""summary"": ""CoinDesk Indices (CDI) presents its bi-weekly market update, highlighting the performance of leaders and laggards in the benchmark CoinDesk 20 Index (CD20) and the broad CoinDesk Market Index (CMI).\n\n..."", ""url"": ""https://coindesk.com/markets/2024/05/03/polkadot-and-cosmos-gain-in-a-rocky-week-for-crypto-coindesk-indices-market-update"", ""source"": ""CoinDesk"", ""sentiment"": ""NEUTRAL"", ""keywords"": ""CoinDesk 20"", ""id"": 42418316, ""guid"": ""ha93388BwWkPe8xtcTdC4T""}, {""date"": ""20231207063931"", ""headline"": ""Deloitte Taps Polkadot Ecosystem's Kilt Blockchain for Digital Shipping Logistics"", ""summary"": ""BANGALORE, India \u2014 A division of professional services firm Deloitte, one of the \u201cBig Four\u201d accounting firms, will use the Polkadot-based Kilt blockchain to offer logistics and supply-chain services f..."", ""url"": ""https://coindesk.com/business/2023/12/07/deloitte-taps-polkadot-ecosystems-kilt-blockchain-for-digital-shipping-logistics"", ""source"": ""CoinDesk"", ""sentiment"": ""POSITIVE"", ""keywords"": ""Deloitte|Polkadot"", ""id"": 42391834, ""guid"": ""CpI5Y2Su0uMQDo69bfwUAh""}, {""date"": ""20230912190100"", ""headline"": ""Zodia Custody Looks to Drive Institutional Access to Polkadot Ecosystem"", ""summary"": ""Cryptocurrency storage provider Zodia Custody, a subsidiary of Standard Chartered (STAN), is to provide institutional support for the Polkadot blockchain through a new partnership with one of the netw..."", ""url"": ""https://coindesk.com/business/2023/09/12/zodia-custody-looks-to-drive-institutional-access-to-polkadot-ecosystem"", ""source"": ""CoinDesk"", ""sentiment"": ""POSITIVE"", ""keywords"": ""Zodia Custody|Polkadot|Custody|Exclusive "", ""id"": 42419599, ""guid"": ""ha93388BwWkPe8xtcUF85V""}]",{}
30,2024-08-09,2024-08-02,4.787671089172363,5.122200012207031,-0.0653096173982725,D5+,"[{""date"": ""20240703141530"", ""headline"": ""The Protocol: 'Private Jet Brandization' Is One Way Polkadot Burnt Cash"", ""summary"": ""June proved to be an incredibly ugly month in crypto markets (see our blood-red chart below), but wasn't completely devoid of decent blockchain tech stories. One obsession of crypto twitterati during ..."", ""url"": ""https://coindesk.com/tech/2024/07/03/the-protocol-private-jet-brandization-is-one-way-polkadot-burnt-cash"", ""source"": ""CoinDesk"", ""sentiment"": ""NEGATIVE"", ""keywords"": ""The Protocol|Polkadot|Solana|ETFs"", ""id"": 42417810, ""guid"": ""ha93388BwWkPe8xtcTZyPd""}, {""date"": ""20240702091118"", ""headline"": ""Polkadot\u2019s $245M Treasury Would Last 2 Years at Current Spending Rate"", ""summary"": ""Polkadot spent $87 million worth of DOT on various activities in the first half of this year, with marketing and outreach activities accounting for the largest portion of spending, totaling over $36 m..."", ""url"": ""https://coindesk.com/business/2024/07/02/polkadots-245m-treasury-will-last-2-years-at-current-spending-rate"", ""source"": ""CoinDesk"", ""sentiment"": ""NEUTRAL"", ""keywords"": ""DeFi|Polkadot"", ""id"": 42417849, ""guid"": ""ha93388BwWkPe8xtcTa3OH""}, {""date"": ""20240503105238"", ""headline"": ""Polkadot and Cosmos Gain in a Rocky Week for Crypto: CoinDesk Indices Market Update"", ""summary"": ""CoinDesk Indices (CDI) presents its bi-weekly market update, highlighting the performance of leaders and laggards in the benchmark CoinDesk 20 Index (CD20) and the broad CoinDesk Market Index (CMI).\n\n..."", ""url"": ""https://coindesk.com/markets/2024/05/03/polkadot-and-cosmos-gain-in-a-rocky-week-for-crypto-coindesk-indices-market-update"", ""source"": ""CoinDesk"", ""sentiment"": ""NEUTRAL"", ""keywords"": ""CoinDesk 20"", ""id"": 42418316, ""guid"": ""ha93388BwWkPe8xtcTdC4T""}, {""date"": ""20231207063931"", ""headline"": ""Deloitte Taps Polkadot Ecosystem's Kilt Blockchain for Digital Shipping Logistics"", ""summary"": ""BANGALORE, India \u2014 A division of professional services firm Deloitte, one of the \u201cBig Four\u201d accounting firms, will use the Polkadot-based Kilt blockchain to offer logistics and supply-chain services f..."", ""url"": ""https://coindesk.com/business/2023/12/07/deloitte-taps-polkadot-ecosystems-kilt-blockchain-for-digital-shipping-logistics"", ""source"": ""CoinDesk"", ""sentiment"": ""POSITIVE"", ""keywords"": ""Deloitte|Polkadot"", ""id"": 42391834, ""guid"": ""CpI5Y2Su0uMQDo69bfwUAh""}, {""date"": ""20230912190100"", ""headline"": ""Zodia Custody Looks to Drive Institutional Access to Polkadot Ecosystem"", ""summary"": ""Cryptocurrency storage provider Zodia Custody, a subsidiary of Standard Chartered (STAN), is to provide institutional support for the Polkadot blockchain through a new partnership with one of the netw..."", ""url"": ""https://coindesk.com/business/2023/09/12/zodia-custody-looks-to-drive-institutional-access-to-polkadot-ecosystem"", ""source"": ""CoinDesk"", ""sentiment"": ""POSITIVE"", ""keywords"": ""Zodia Custody|Polkadot|Custody|Exclusive "", ""id"": 42419599, ""guid"": ""ha93388BwWkPe8xtcUF85V""}]",{}
31,2024-08-16,2024-08-09,4.295183181762695,4.787671089172363,-0.10286586071534073,D5+,"[{""date"": ""20240703141530"", ""headline"": ""The Protocol: 'Private Jet Brandization' Is One Way Polkadot Burnt Cash"", ""summary"": ""June proved to be an incredibly ugly month in crypto markets (see our blood-red chart below), but wasn't completely devoid of decent blockchain tech stories. One obsession of crypto twitterati during ..."", ""url"": ""https://coindesk.com/tech/2024/07/03/the-protocol-private-jet-brandization-is-one-way-polkadot-burnt-cash"", ""source"": ""CoinDesk"", ""sentiment"": ""NEGATIVE"", ""keywords"": ""The Protocol|Polkadot|Solana|ETFs"", ""id"": 42417810, ""guid"": ""ha93388BwWkPe8xtcTZyPd""}, {""date"": ""20240702091118"", ""headline"": ""Polkadot\u2019s $245M Treasury Would Last 2 Years at Current Spending Rate"", ""summary"": ""Polkadot spent $87 million worth of DOT on various activities in the first half of this year, with marketing and outreach activities accounting for the largest portion of spending, totaling over $36 m..."", ""url"": ""https://coindesk.com/business/2024/07/02/polkadots-245m-treasury-will-last-2-years-at-current-spending-rate"", ""source"": ""CoinDesk"", ""sentiment"": ""NEUTRAL"", ""keywords"": ""DeFi|Polkadot"", ""id"": 42417849, ""guid"": ""ha93388BwWkPe8xtcTa3OH""}, {""date"": ""20240503105238"", ""headline"": ""Polkadot and Cosmos Gain in a Rocky Week for Crypto: CoinDesk Indices Market Update"", ""summary"": ""CoinDesk Indices (CDI) presents its bi-weekly market update, highlighting the performance of leaders and laggards in the benchmark CoinDesk 20 Index (CD20) and the broad CoinDesk Market Index (CMI).\n\n..."", ""url"": ""https://coindesk.com/markets/2024/05/03/polkadot-and-cosmos-gain-in-a-rocky-week-for-crypto-coindesk-indices-market-update"", ""source"": ""CoinDesk"", ""sentiment"": ""NEUTRAL"", ""keywords"": ""CoinDesk 20"", ""id"": 42418316, ""guid"": ""ha93388BwWkPe8xtcTdC4T""}, {""date"": ""20231207063931"", ""headline"": ""Deloitte Taps Polkadot Ecosystem's Kilt Blockchain for Digital Shipping Logistics"", ""summary"": ""BANGALORE, India \u2014 A division of professional services firm Deloitte, one of the \u201cBig Four\u201d accounting firms, will use the Polkadot-based Kilt blockchain to offer logistics and supply-chain services f..."", ""url"": ""https://coindesk.com/business/2023/12/07/deloitte-taps-polkadot-ecosystems-kilt-blockchain-for-digital-shipping-logistics"", ""source"": ""CoinDesk"", ""sentiment"": ""POSITIVE"", ""keywords"": ""Deloitte|Polkadot"", ""id"": 42391834, ""guid"": ""CpI5Y2Su0uMQDo69bfwUAh""}, {""date"": ""20230912190100"", ""headline"": ""Zodia Custody Looks to Drive Institutional Access to Polkadot Ecosystem"", ""summary"": ""Cryptocurrency storage provider Zodia Custody, a subsidiary of Standard Chartered (STAN), is to provide institutional support for the Polkadot blockchain through a new partnership with one of the netw..."", ""url"": ""https://coindesk.com/business/2023/09/12/zodia-custody-looks-to-drive-institutional-access-to-polkadot-ecosystem"", ""source"": ""CoinDesk"", ""sentiment"": ""POSITIVE"", ""keywords"": ""Zodia Custody|Polkadot|Custody|Exclusive "", ""id"": 42419599, ""guid"": ""ha93388BwWkPe8xtcUF85V""}]",{}
32,2024-08-23,2024-08-16,4.898672103881836,4.295183181762695,0.14050365178406093,U5+,"[{""date"": ""20240703141530"", ""headline"": ""The Protocol: 'Private Jet Brandization' Is One Way Polkadot Burnt Cash"", ""summary"": ""June proved to be an incredibly ugly month in crypto markets (see our blood-red chart below), but wasn't completely devoid of decent blockchain tech stories. One obsession of crypto twitterati during ..."", ""url"": ""https://coindesk.com/tech/2024/07/03/the-protocol-private-jet-brandization-is-one-way-polkadot-burnt-cash"", ""source"": ""CoinDesk"", ""sentiment"": ""NEGATIVE"", ""keywords"": ""The Protocol|Polkadot|Solana|ETFs"", ""id"": 42417810, ""guid"": ""ha93388BwWkPe8xtcTZyPd""}, {""date"": ""20240702091118"", ""headline"": ""Polkadot\u2019s $245M Treasury Would Last 2 Years at Current Spending Rate"", ""summary"": ""Polkadot spent $87 million worth of DOT on various activities in the first half of this year, with marketing and outreach activities accounting for the largest portion of spending, totaling over $36 m..."", ""url"": ""https://coindesk.com/business/2024/07/02/polkadots-245m-treasury-will-last-2-years-at-current-spending-rate"", ""source"": ""CoinDesk"", ""sentiment"": ""NEUTRAL"", ""keywords"": ""DeFi|Polkadot"", ""id"": 42417849, ""guid"": ""ha93388BwWkPe8xtcTa3OH""}, {""date"": ""20240503105238"", ""headline"": ""Polkadot and Cosmos Gain in a Rocky Week for Crypto: CoinDesk Indices Market Update"", ""summary"": ""CoinDesk Indices (CDI) presents its bi-weekly market update, highlighting the performance of leaders and laggards in the benchmark CoinDesk 20 Index (CD20) and the broad CoinDesk Market Index (CMI).\n\n..."", ""url"": ""https://coindesk.com/markets/2024/05/03/polkadot-and-cosmos-gain-in-a-rocky-week-for-crypto-coindesk-indices-market-update"", ""source"": ""CoinDesk"", ""sentiment"": ""NEUTRAL"", ""keywords"": ""CoinDesk 20"", ""id"": 42418316, ""guid"": ""ha93388BwWkPe8xtcTdC4T""}, {""date"": ""20231207063931"", ""headline"": ""Deloitte Taps Polkadot Ecosystem's Kilt Blockchain for Digital Shipping Logistics"", ""summary"": ""BANGALORE, India \u2014 A division of professional services firm Deloitte, one of the \u201cBig Four\u201d accounting firms, will use the Polkadot-based Kilt blockchain to offer logistics and supply-chain services f..."", ""url"": ""https://coindesk.com/business/2023/12/07/deloitte-taps-polkadot-ecosystems-kilt-blockchain-for-digital-shipping-logistics"", ""source"": ""CoinDesk"", ""sentiment"": ""POSITIVE"", ""keywords"": ""Deloitte|Polkadot"", ""id"": 42391834, ""guid"": ""CpI5Y2Su0uMQDo69bfwUAh""}, {""date"": ""20230912190100"", ""headline"": ""Zodia Custody Looks to Drive Institutional Access to Polkadot Ecosystem"", ""summary"": ""Cryptocurrency storage provider Zodia Custody, a subsidiary of Standard Chartered (STAN), is to provide institutional support for the Polkadot blockchain through a new partnership with one of the netw..."", ""url"": ""https://coindesk.com/business/2023/09/12/zodia-custody-looks-to-drive-institutional-access-to-polkadot-ecosystem"", ""source"": ""CoinDesk"", ""sentiment"": ""POSITIVE"", ""keywords"": ""Zodia Custody|Polkadot|Custody|Exclusive "", ""id"": 42419599, ""guid"": ""ha93388BwWkPe8xtcUF85V""}]",{}
33,2024-08-30,2024-08-23,4.2784857749938965,4.898672103881836,-0.12660294784712933,D5+,"[{""date"": ""20240703141530"", ""headline"": ""The Protocol: 'Private Jet Brandization' Is One Way Polkadot Burnt Cash"", ""summary"": ""June proved to be an incredibly ugly month in crypto markets (see our blood-red chart below), but wasn't completely devoid of decent blockchain tech stories. One obsession of crypto twitterati during ..."", ""url"": ""https://coindesk.com/tech/2024/07/03/the-protocol-private-jet-brandization-is-one-way-polkadot-burnt-cash"", ""source"": ""CoinDesk"", ""sentiment"": ""NEGATIVE"", ""keywords"": ""The Protocol|Polkadot|Solana|ETFs"", ""id"": 42417810, ""guid"": ""ha93388BwWkPe8xtcTZyPd""}, {""date"": ""20240702091118"", ""headline"": ""Polkadot\u2019s $245M Treasury Would Last 2 Years at Current Spending Rate"", ""summary"": ""Polkadot spent $87 million worth of DOT on various activities in the first half of this year, with marketing and outreach activities accounting for the largest portion of spending, totaling over $36 m..."", ""url"": ""https://coindesk.com/business/2024/07/02/polkadots-245m-treasury-will-last-2-years-at-current-spending-rate"", ""source"": ""CoinDesk"", ""sentiment"": ""NEUTRAL"", ""keywords"": ""DeFi|Polkadot"", ""id"": 42417849, ""guid"": ""ha93388BwWkPe8xtcTa3OH""}, {""date"": ""20240503105238"", ""headline"": ""Polkadot and Cosmos Gain in a Rocky Week for Crypto: CoinDesk Indices Market Update"", ""summary"": ""CoinDesk Indices (CDI) presents its bi-weekly market update, highlighting the performance of leaders and laggards in the benchmark CoinDesk 20 Index (CD20) and the broad CoinDesk Market Index (CMI).\n\n..."", ""url"": ""https://coindesk.com/markets/2024/05/03/polkadot-and-cosmos-gain-in-a-rocky-week-for-crypto-coindesk-indices-market-update"", ""source"": ""CoinDesk"", ""sentiment"": ""NEUTRAL"", ""keywords"": ""CoinDesk 20"", ""id"": 42418316, ""guid"": ""ha93388BwWkPe8xtcTdC4T""}, {""date"": ""20231207063931"", ""headline"": ""Deloitte Taps Polkadot Ecosystem's Kilt Blockchain for Digital Shipping Logistics"", ""summary"": ""BANGALORE, India \u2014 A division of professional services firm Deloitte, one of the \u201cBig Four\u201d accounting firms, will use the Polkadot-based Kilt blockchain to offer logistics and supply-chain services f..."", ""url"": ""https://coindesk.com/business/2023/12/07/deloitte-taps-polkadot-ecosystems-kilt-blockchain-for-digital-shipping-logistics"", ""source"": ""CoinDesk"", ""sentiment"": ""POSITIVE"", ""keywords"": ""Deloitte|Polkadot"", ""id"": 42391834, ""guid"": ""CpI5Y2Su0uMQDo69bfwUAh""}, {""date"": ""20230912190100"", ""headline"": ""Zodia Custody Looks to Drive Institutional Access to Polkadot Ecosystem"", ""summary"": ""Cryptocurrency storage provider Zodia Custody, a subsidiary of Standard Chartered (STAN), is to provide institutional support for the Polkadot blockchain through a new partnership with one of the netw..."", ""url"": ""https://coindesk.com/business/2023/09/12/zodia-custody-looks-to-drive-institutional-access-to-polkadot-ecosystem"", ""source"": ""CoinDesk"", ""sentiment"": ""POSITIVE"", ""keywords"": ""Zodia Custody|Polkadot|Custody|Exclusive "", ""id"": 42419599, ""guid"": ""ha93388BwWkPe8xtcUF85V""}]",{}
34,2024-09-06,2024-08-30,3.9594709873199463,4.2784857749938965,-0.07456254489344546,D5+,"[{""date"": ""20240703141530"", ""headline"": ""The Protocol: 'Private Jet Brandization' Is One Way Polkadot Burnt Cash"", ""summary"": ""June proved to be an incredibly ugly month in crypto markets (see our blood-red chart below), but wasn't completely devoid of decent blockchain tech stories. One obsession of crypto twitterati during ..."", ""url"": ""https://coindesk.com/tech/2024/07/03/the-protocol-private-jet-brandization-is-one-way-polkadot-burnt-cash"", ""source"": ""CoinDesk"", ""sentiment"": ""NEGATIVE"", ""keywords"": ""The Protocol|Polkadot|Solana|ETFs"", ""id"": 42417810, ""guid"": ""ha93388BwWkPe8xtcTZyPd""}, {""date"": ""20240702091118"", ""headline"": ""Polkadot\u2019s $245M Treasury Would Last 2 Years at Current Spending Rate"", ""summary"": ""Polkadot spent $87 million worth of DOT on various activities in the first half of this year, with marketing and outreach activities accounting for the largest portion of spending, totaling over $36 m..."", ""url"": ""https://coindesk.com/business/2024/07/02/polkadots-245m-treasury-will-last-2-years-at-current-spending-rate"", ""source"": ""CoinDesk"", ""sentiment"": ""NEUTRAL"", ""keywords"": ""DeFi|Polkadot"", ""id"": 42417849, ""guid"": ""ha93388BwWkPe8xtcTa3OH""}, {""date"": ""20240503105238"", ""headline"": ""Polkadot and Cosmos Gain in a Rocky Week for Crypto: CoinDesk Indices Market Update"", ""summary"": ""CoinDesk Indices (CDI) presents its bi-weekly market update, highlighting the performance of leaders and laggards in the benchmark CoinDesk 20 Index (CD20) and the broad CoinDesk Market Index (CMI).\n\n..."", ""url"": ""https://coindesk.com/markets/2024/05/03/polkadot-and-cosmos-gain-in-a-rocky-week-for-crypto-coindesk-indices-market-update"", ""source"": ""CoinDesk"", ""sentiment"": ""NEUTRAL"", ""keywords"": ""CoinDesk 20"", ""id"": 42418316, ""guid"": ""ha93388BwWkPe8xtcTdC4T""}, {""date"": ""20231207063931"", ""headline"": ""Deloitte Taps Polkadot Ecosystem's Kilt Blockchain for Digital Shipping Logistics"", ""summary"": ""BANGALORE, India \u2014 A division of professional services firm Deloitte, one of the \u201cBig Four\u201d accounting firms, will use the Polkadot-based Kilt blockchain to offer logistics and supply-chain services f..."", ""url"": ""https://coindesk.com/business/2023/12/07/deloitte-taps-polkadot-ecosystems-kilt-blockchain-for-digital-shipping-logistics"", ""source"": ""CoinDesk"", ""sentiment"": ""POSITIVE"", ""keywords"": ""Deloitte|Polkadot"", ""id"": 42391834, ""guid"": ""CpI5Y2Su0uMQDo69bfwUAh""}, {""date"": ""20230912190100"", ""headline"": ""Zodia Custody Looks to Drive Institutional Access to Polkadot Ecosystem"", ""summary"": ""Cryptocurrency storage provider Zodia Custody, a subsidiary of Standard Chartered (STAN), is to provide institutional support for the Polkadot blockchain through a new partnership with one of the netw..."", ""url"": ""https://coindesk.com/business/2023/09/12/zodia-custody-looks-to-drive-institutional-access-to-polkadot-ecosystem"", ""source"": ""CoinDesk"", ""sentiment"": ""POSITIVE"", ""keywords"": ""Zodia Custody|Polkadot|Custody|Exclusive "", ""id"": 42419599, ""guid"": ""ha93388BwWkPe8xtcUF85V""}]",{}
35,2024-09-13,2024-09-06,4.425520896911621,3.9594709873199463,0.11770509522210966,U5+,"[{""date"": ""20240703141530"", ""headline"": ""The Protocol: 'Private Jet Brandization' Is One Way Polkadot Burnt Cash"", ""summary"": ""June proved to be an incredibly ugly month in crypto markets (see our blood-red chart below), but wasn't completely devoid of decent blockchain tech stories. One obsession of crypto twitterati during ..."", ""url"": ""https://coindesk.com/tech/2024/07/03/the-protocol-private-jet-brandization-is-one-way-polkadot-burnt-cash"", ""source"": ""CoinDesk"", ""sentiment"": ""NEGATIVE"", ""keywords"": ""The Protocol|Polkadot|Solana|ETFs"", ""id"": 42417810, ""guid"": ""ha93388BwWkPe8xtcTZyPd""}, {""date"": ""20240702091118"", ""headline"": ""Polkadot\u2019s $245M Treasury Would Last 2 Years at Current Spending Rate"", ""summary"": ""Polkadot spent $87 million worth of DOT on various activities in the first half of this year, with marketing and outreach activities accounting for the largest portion of spending, totaling over $36 m..."", ""url"": ""https://coindesk.com/business/2024/07/02/polkadots-245m-treasury-will-last-2-years-at-current-spending-rate"", ""source"": ""CoinDesk"", ""sentiment"": ""NEUTRAL"", ""keywords"": ""DeFi|Polkadot"", ""id"": 42417849, ""guid"": ""ha93388BwWkPe8xtcTa3OH""}, {""date"": ""20240503105238"", ""headline"": ""Polkadot and Cosmos Gain in a Rocky Week for Crypto: CoinDesk Indices Market Update"", ""summary"": ""CoinDesk Indices (CDI) presents its bi-weekly market update, highlighting the performance of leaders and laggards in the benchmark CoinDesk 20 Index (CD20) and the broad CoinDesk Market Index (CMI).\n\n..."", ""url"": ""https://coindesk.com/markets/2024/05/03/polkadot-and-cosmos-gain-in-a-rocky-week-for-crypto-coindesk-indices-market-update"", ""source"": ""CoinDesk"", ""sentiment"": ""NEUTRAL"", ""keywords"": ""CoinDesk 20"", ""id"": 42418316, ""guid"": ""ha93388BwWkPe8xtcTdC4T""}, {""date"": ""20231207063931"", ""headline"": ""Deloitte Taps Polkadot Ecosystem's Kilt Blockchain for Digital Shipping Logistics"", ""summary"": ""BANGALORE, India \u2014 A division of professional services firm Deloitte, one of the \u201cBig Four\u201d accounting firms, will use the Polkadot-based Kilt blockchain to offer logistics and supply-chain services f..."", ""url"": ""https://coindesk.com/business/2023/12/07/deloitte-taps-polkadot-ecosystems-kilt-blockchain-for-digital-shipping-logistics"", ""source"": ""CoinDesk"", ""sentiment"": ""POSITIVE"", ""keywords"": ""Deloitte|Polkadot"", ""id"": 42391834, ""guid"": ""CpI5Y2Su0uMQDo69bfwUAh""}, {""date"": ""20230912190100"", ""headline"": ""Zodia Custody Looks to Drive Institutional Access to Polkadot Ecosystem"", ""summary"": ""Cryptocurrency storage provider Zodia Custody, a subsidiary of Standard Chartered (STAN), is to provide institutional support for the Polkadot blockchain through a new partnership with one of the netw..."", ""url"": ""https://coindesk.com/business/2023/09/12/zodia-custody-looks-to-drive-institutional-access-to-polkadot-ecosystem"", ""source"": ""CoinDesk"", ""sentiment"": ""POSITIVE"", ""keywords"": ""Zodia Custody|Polkadot|Custody|Exclusive "", ""id"": 42419599, ""guid"": ""ha93388BwWkPe8xtcUF85V""}]",{}
36,2024-09-20,2024-09-13,4.337357997894287,4.425520896911621,-0.01992147389448755,D2,"[{""date"": ""20240703141530"", ""headline"": ""The Protocol: 'Private Jet Brandization' Is One Way Polkadot Burnt Cash"", ""summary"": ""June proved to be an incredibly ugly month in crypto markets (see our blood-red chart below), but wasn't completely devoid of decent blockchain tech stories. One obsession of crypto twitterati during ..."", ""url"": ""https://coindesk.com/tech/2024/07/03/the-protocol-private-jet-brandization-is-one-way-polkadot-burnt-cash"", ""source"": ""CoinDesk"", ""sentiment"": ""NEGATIVE"", ""keywords"": ""The Protocol|Polkadot|Solana|ETFs"", ""id"": 42417810, ""guid"": ""ha93388BwWkPe8xtcTZyPd""}, {""date"": ""20240702091118"", ""headline"": ""Polkadot\u2019s $245M Treasury Would Last 2 Years at Current Spending Rate"", ""summary"": ""Polkadot spent $87 million worth of DOT on various activities in the first half of this year, with marketing and outreach activities accounting for the largest portion of spending, totaling over $36 m..."", ""url"": ""https://coindesk.com/business/2024/07/02/polkadots-245m-treasury-will-last-2-years-at-current-spending-rate"", ""source"": ""CoinDesk"", ""sentiment"": ""NEUTRAL"", ""keywords"": ""DeFi|Polkadot"", ""id"": 42417849, ""guid"": ""ha93388BwWkPe8xtcTa3OH""}, {""date"": ""20240503105238"", ""headline"": ""Polkadot and Cosmos Gain in a Rocky Week for Crypto: CoinDesk Indices Market Update"", ""summary"": ""CoinDesk Indices (CDI) presents its bi-weekly market update, highlighting the performance of leaders and laggards in the benchmark CoinDesk 20 Index (CD20) and the broad CoinDesk Market Index (CMI).\n\n..."", ""url"": ""https://coindesk.com/markets/2024/05/03/polkadot-and-cosmos-gain-in-a-rocky-week-for-crypto-coindesk-indices-market-update"", ""source"": ""CoinDesk"", ""sentiment"": ""NEUTRAL"", ""keywords"": ""CoinDesk 20"", ""id"": 42418316, ""guid"": ""ha93388BwWkPe8xtcTdC4T""}, {""date"": ""20231207063931"", ""headline"": ""Deloitte Taps Polkadot Ecosystem's Kilt Blockchain for Digital Shipping Logistics"", ""summary"": ""BANGALORE, India \u2014 A division of professional services firm Deloitte, one of the \u201cBig Four\u201d accounting firms, will use the Polkadot-based Kilt blockchain to offer logistics and supply-chain services f..."", ""url"": ""https://coindesk.com/business/2023/12/07/deloitte-taps-polkadot-ecosystems-kilt-blockchain-for-digital-shipping-logistics"", ""source"": ""CoinDesk"", ""sentiment"": ""POSITIVE"", ""keywords"": ""Deloitte|Polkadot"", ""id"": 42391834, ""guid"": ""CpI5Y2Su0uMQDo69bfwUAh""}, {""date"": ""20230912190100"", ""headline"": ""Zodia Custody Looks to Drive Institutional Access to Polkadot Ecosystem"", ""summary"": ""Cryptocurrency storage provider Zodia Custody, a subsidiary of Standard Chartered (STAN), is to provide institutional support for the Polkadot blockchain through a new partnership with one of the netw..."", ""url"": ""https://coindesk.com/business/2023/09/12/zodia-custody-looks-to-drive-institutional-access-to-polkadot-ecosystem"", ""source"": ""CoinDesk"", ""sentiment"": ""POSITIVE"", ""keywords"": ""Zodia Custody|Polkadot|Custody|Exclusive "", ""id"": 42419599, ""guid"": ""ha93388BwWkPe8xtcUF85V""}]",{}
37,2024-09-27,2024-09-20,4.892055034637451,4.337357997894287,0.12788822988843898,U5+,"[{""date"": ""20240703141530"", ""headline"": ""The Protocol: 'Private Jet Brandization' Is One Way Polkadot Burnt Cash"", ""summary"": ""June proved to be an incredibly ugly month in crypto markets (see our blood-red chart below), but wasn't completely devoid of decent blockchain tech stories. One obsession of crypto twitterati during ..."", ""url"": ""https://coindesk.com/tech/2024/07/03/the-protocol-private-jet-brandization-is-one-way-polkadot-burnt-cash"", ""source"": ""CoinDesk"", ""sentiment"": ""NEGATIVE"", ""keywords"": ""The Protocol|Polkadot|Solana|ETFs"", ""id"": 42417810, ""guid"": ""ha93388BwWkPe8xtcTZyPd""}, {""date"": ""20240702091118"", ""headline"": ""Polkadot\u2019s $245M Treasury Would Last 2 Years at Current Spending Rate"", ""summary"": ""Polkadot spent $87 million worth of DOT on various activities in the first half of this year, with marketing and outreach activities accounting for the largest portion of spending, totaling over $36 m..."", ""url"": ""https://coindesk.com/business/2024/07/02/polkadots-245m-treasury-will-last-2-years-at-current-spending-rate"", ""source"": ""CoinDesk"", ""sentiment"": ""NEUTRAL"", ""keywords"": ""DeFi|Polkadot"", ""id"": 42417849, ""guid"": ""ha93388BwWkPe8xtcTa3OH""}, {""date"": ""20240503105238"", ""headline"": ""Polkadot and Cosmos Gain in a Rocky Week for Crypto: CoinDesk Indices Market Update"", ""summary"": ""CoinDesk Indices (CDI) presents its bi-weekly market update, highlighting the performance of leaders and laggards in the benchmark CoinDesk 20 Index (CD20) and the broad CoinDesk Market Index (CMI).\n\n..."", ""url"": ""https://coindesk.com/markets/2024/05/03/polkadot-and-cosmos-gain-in-a-rocky-week-for-crypto-coindesk-indices-market-update"", ""source"": ""CoinDesk"", ""sentiment"": ""NEUTRAL"", ""keywords"": ""CoinDesk 20"", ""id"": 42418316, ""guid"": ""ha93388BwWkPe8xtcTdC4T""}, {""date"": ""20231207063931"", ""headline"": ""Deloitte Taps Polkadot Ecosystem's Kilt Blockchain for Digital Shipping Logistics"", ""summary"": ""BANGALORE, India \u2014 A division of professional services firm Deloitte, one of the \u201cBig Four\u201d accounting firms, will use the Polkadot-based Kilt blockchain to offer logistics and supply-chain services f..."", ""url"": ""https://coindesk.com/business/2023/12/07/deloitte-taps-polkadot-ecosystems-kilt-blockchain-for-digital-shipping-logistics"", ""source"": ""CoinDesk"", ""sentiment"": ""POSITIVE"", ""keywords"": ""Deloitte|Polkadot"", ""id"": 42391834, ""guid"": ""CpI5Y2Su0uMQDo69bfwUAh""}, {""date"": ""20230912190100"", ""headline"": ""Zodia Custody Looks to Drive Institutional Access to Polkadot Ecosystem"", ""summary"": ""Cryptocurrency storage provider Zodia Custody, a subsidiary of Standard Chartered (STAN), is to provide institutional support for the Polkadot blockchain through a new partnership with one of the netw..."", ""url"": ""https://coindesk.com/business/2023/09/12/zodia-custody-looks-to-drive-institutional-access-to-polkadot-ecosystem"", ""source"": ""CoinDesk"", ""sentiment"": ""POSITIVE"", ""keywords"": ""Zodia Custody|Polkadot|Custody|Exclusive "", ""id"": 42419599, ""guid"": ""ha93388BwWkPe8xtcUF85V""}]",{}
38,2024-10-04,2024-09-27,4.19361686706543,4.892055034637451,-0.14276989171765983,D5+,"[{""date"": ""20240703141530"", ""headline"": ""The Protocol: 'Private Jet Brandization' Is One Way Polkadot Burnt Cash"", ""summary"": ""June proved to be an incredibly ugly month in crypto markets (see our blood-red chart below), but wasn't completely devoid of decent blockchain tech stories. One obsession of crypto twitterati during ..."", ""url"": ""https://coindesk.com/tech/2024/07/03/the-protocol-private-jet-brandization-is-one-way-polkadot-burnt-cash"", ""source"": ""CoinDesk"", ""sentiment"": ""NEGATIVE"", ""keywords"": ""The Protocol|Polkadot|Solana|ETFs"", ""id"": 42417810, ""guid"": ""ha93388BwWkPe8xtcTZyPd""}, {""date"": ""20240702091118"", ""headline"": ""Polkadot\u2019s $245M Treasury Would Last 2 Years at Current Spending Rate"", ""summary"": ""Polkadot spent $87 million worth of DOT on various activities in the first half of this year, with marketing and outreach activities accounting for the largest portion of spending, totaling over $36 m..."", ""url"": ""https://coindesk.com/business/2024/07/02/polkadots-245m-treasury-will-last-2-years-at-current-spending-rate"", ""source"": ""CoinDesk"", ""sentiment"": ""NEUTRAL"", ""keywords"": ""DeFi|Polkadot"", ""id"": 42417849, ""guid"": ""ha93388BwWkPe8xtcTa3OH""}, {""date"": ""20240503105238"", ""headline"": ""Polkadot and Cosmos Gain in a Rocky Week for Crypto: CoinDesk Indices Market Update"", ""summary"": ""CoinDesk Indices (CDI) presents its bi-weekly market update, highlighting the performance of leaders and laggards in the benchmark CoinDesk 20 Index (CD20) and the broad CoinDesk Market Index (CMI).\n\n..."", ""url"": ""https://coindesk.com/markets/2024/05/03/polkadot-and-cosmos-gain-in-a-rocky-week-for-crypto-coindesk-indices-market-update"", ""source"": ""CoinDesk"", ""sentiment"": ""NEUTRAL"", ""keywords"": ""CoinDesk 20"", ""id"": 42418316, ""guid"": ""ha93388BwWkPe8xtcTdC4T""}, {""date"": ""20231207063931"", ""headline"": ""Deloitte Taps Polkadot Ecosystem's Kilt Blockchain for Digital Shipping Logistics"", ""summary"": ""BANGALORE, India \u2014 A division of professional services firm Deloitte, one of the \u201cBig Four\u201d accounting firms, will use the Polkadot-based Kilt blockchain to offer logistics and supply-chain services f..."", ""url"": ""https://coindesk.com/business/2023/12/07/deloitte-taps-polkadot-ecosystems-kilt-blockchain-for-digital-shipping-logistics"", ""source"": ""CoinDesk"", ""sentiment"": ""POSITIVE"", ""keywords"": ""Deloitte|Polkadot"", ""id"": 42391834, ""guid"": ""CpI5Y2Su0uMQDo69bfwUAh""}, {""date"": ""20230912190100"", ""headline"": ""Zodia Custody Looks to Drive Institutional Access to Polkadot Ecosystem"", ""summary"": ""Cryptocurrency storage provider Zodia Custody, a subsidiary of Standard Chartered (STAN), is to provide institutional support for the Polkadot blockchain through a new partnership with one of the netw..."", ""url"": ""https://coindesk.com/business/2023/09/12/zodia-custody-looks-to-drive-institutional-access-to-polkadot-ecosystem"", ""source"": ""CoinDesk"", ""sentiment"": ""POSITIVE"", ""keywords"": ""Zodia Custody|Polkadot|Custody|Exclusive "", ""id"": 42419599, ""guid"": ""ha93388BwWkPe8xtcUF85V""}]",{}
39,2024-10-11,2024-10-04,4.167765140533447,4.19361686706543,-0.006164541814730134,D1,"[{""date"": ""20240703141530"", ""headline"": ""The Protocol: 'Private Jet Brandization' Is One Way Polkadot Burnt Cash"", ""summary"": ""June proved to be an incredibly ugly month in crypto markets (see our blood-red chart below), but wasn't completely devoid of decent blockchain tech stories. One obsession of crypto twitterati during ..."", ""url"": ""https://coindesk.com/tech/2024/07/03/the-protocol-private-jet-brandization-is-one-way-polkadot-burnt-cash"", ""source"": ""CoinDesk"", ""sentiment"": ""NEGATIVE"", ""keywords"": ""The Protocol|Polkadot|Solana|ETFs"", ""id"": 42417810, ""guid"": ""ha93388BwWkPe8xtcTZyPd""}, {""date"": ""20240702091118"", ""headline"": ""Polkadot\u2019s $245M Treasury Would Last 2 Years at Current Spending Rate"", ""summary"": ""Polkadot spent $87 million worth of DOT on various activities in the first half of this year, with marketing and outreach activities accounting for the largest portion of spending, totaling over $36 m..."", ""url"": ""https://coindesk.com/business/2024/07/02/polkadots-245m-treasury-will-last-2-years-at-current-spending-rate"", ""source"": ""CoinDesk"", ""sentiment"": ""NEUTRAL"", ""keywords"": ""DeFi|Polkadot"", ""id"": 42417849, ""guid"": ""ha93388BwWkPe8xtcTa3OH""}, {""date"": ""20240503105238"", ""headline"": ""Polkadot and Cosmos Gain in a Rocky Week for Crypto: CoinDesk Indices Market Update"", ""summary"": ""CoinDesk Indices (CDI) presents its bi-weekly market update, highlighting the performance of leaders and laggards in the benchmark CoinDesk 20 Index (CD20) and the broad CoinDesk Market Index (CMI).\n\n..."", ""url"": ""https://coindesk.com/markets/2024/05/03/polkadot-and-cosmos-gain-in-a-rocky-week-for-crypto-coindesk-indices-market-update"", ""source"": ""CoinDesk"", ""sentiment"": ""NEUTRAL"", ""keywords"": ""CoinDesk 20"", ""id"": 42418316, ""guid"": ""ha93388BwWkPe8xtcTdC4T""}, {""date"": ""20231207063931"", ""headline"": ""Deloitte Taps Polkadot Ecosystem's Kilt Blockchain for Digital Shipping Logistics"", ""summary"": ""BANGALORE, India \u2014 A division of professional services firm Deloitte, one of the \u201cBig Four\u201d accounting firms, will use the Polkadot-based Kilt blockchain to offer logistics and supply-chain services f..."", ""url"": ""https://coindesk.com/business/2023/12/07/deloitte-taps-polkadot-ecosystems-kilt-blockchain-for-digital-shipping-logistics"", ""source"": ""CoinDesk"", ""sentiment"": ""POSITIVE"", ""keywords"": ""Deloitte|Polkadot"", ""id"": 42391834, ""guid"": ""CpI5Y2Su0uMQDo69bfwUAh""}, {""date"": ""20230912190100"", ""headline"": ""Zodia Custody Looks to Drive Institutional Access to Polkadot Ecosystem"", ""summary"": ""Cryptocurrency storage provider Zodia Custody, a subsidiary of Standard Chartered (STAN), is to provide institutional support for the Polkadot blockchain through a new partnership with one of the netw..."", ""url"": ""https://coindesk.com/business/2023/09/12/zodia-custody-looks-to-drive-institutional-access-to-polkadot-ecosystem"", ""source"": ""CoinDesk"", ""sentiment"": ""POSITIVE"", ""keywords"": ""Zodia Custody|Polkadot|Custody|Exclusive "", ""id"": 42419599, ""guid"": ""ha93388BwWkPe8xtcUF85V""}]",{}
40,2024-10-18,2024-10-11,4.306358814239502,4.167765140533447,0.03325371488862628,U4,"[{""date"": ""20240703141530"", ""headline"": ""The Protocol: 'Private Jet Brandization' Is One Way Polkadot Burnt Cash"", ""summary"": ""June proved to be an incredibly ugly month in crypto markets (see our blood-red chart below), but wasn't completely devoid of decent blockchain tech stories. One obsession of crypto twitterati during ..."", ""url"": ""https://coindesk.com/tech/2024/07/03/the-protocol-private-jet-brandization-is-one-way-polkadot-burnt-cash"", ""source"": ""CoinDesk"", ""sentiment"": ""NEGATIVE"", ""keywords"": ""The Protocol|Polkadot|Solana|ETFs"", ""id"": 42417810, ""guid"": ""ha93388BwWkPe8xtcTZyPd""}, {""date"": ""20240702091118"", ""headline"": ""Polkadot\u2019s $245M Treasury Would Last 2 Years at Current Spending Rate"", ""summary"": ""Polkadot spent $87 million worth of DOT on various activities in the first half of this year, with marketing and outreach activities accounting for the largest portion of spending, totaling over $36 m..."", ""url"": ""https://coindesk.com/business/2024/07/02/polkadots-245m-treasury-will-last-2-years-at-current-spending-rate"", ""source"": ""CoinDesk"", ""sentiment"": ""NEUTRAL"", ""keywords"": ""DeFi|Polkadot"", ""id"": 42417849, ""guid"": ""ha93388BwWkPe8xtcTa3OH""}, {""date"": ""20240503105238"", ""headline"": ""Polkadot and Cosmos Gain in a Rocky Week for Crypto: CoinDesk Indices Market Update"", ""summary"": ""CoinDesk Indices (CDI) presents its bi-weekly market update, highlighting the performance of leaders and laggards in the benchmark CoinDesk 20 Index (CD20) and the broad CoinDesk Market Index (CMI).\n\n..."", ""url"": ""https://coindesk.com/markets/2024/05/03/polkadot-and-cosmos-gain-in-a-rocky-week-for-crypto-coindesk-indices-market-update"", ""source"": ""CoinDesk"", ""sentiment"": ""NEUTRAL"", ""keywords"": ""CoinDesk 20"", ""id"": 42418316, ""guid"": ""ha93388BwWkPe8xtcTdC4T""}, {""date"": ""20231207063931"", ""headline"": ""Deloitte Taps Polkadot Ecosystem's Kilt Blockchain for Digital Shipping Logistics"", ""summary"": ""BANGALORE, India \u2014 A division of professional services firm Deloitte, one of the \u201cBig Four\u201d accounting firms, will use the Polkadot-based Kilt blockchain to offer logistics and supply-chain services f..."", ""url"": ""https://coindesk.com/business/2023/12/07/deloitte-taps-polkadot-ecosystems-kilt-blockchain-for-digital-shipping-logistics"", ""source"": ""CoinDesk"", ""sentiment"": ""POSITIVE"", ""keywords"": ""Deloitte|Polkadot"", ""id"": 42391834, ""guid"": ""CpI5Y2Su0uMQDo69bfwUAh""}, {""date"": ""20230912190100"", ""headline"": ""Zodia Custody Looks to Drive Institutional Access to Polkadot Ecosystem"", ""summary"": ""Cryptocurrency storage provider Zodia Custody, a subsidiary of Standard Chartered (STAN), is to provide institutional support for the Polkadot blockchain through a new partnership with one of the netw..."", ""url"": ""https://coindesk.com/business/2023/09/12/zodia-custody-looks-to-drive-institutional-access-to-polkadot-ecosystem"", ""source"": ""CoinDesk"", ""sentiment"": ""POSITIVE"", ""keywords"": ""Zodia Custody|Polkadot|Custody|Exclusive "", ""id"": 42419599, ""guid"": ""ha93388BwWkPe8xtcUF85V""}]",{}
41,2024-10-25,2024-10-18,3.9875540733337402,4.306358814239502,-0.07403116058318106,D5+,"[{""date"": ""20240703141530"", ""headline"": ""The Protocol: 'Private Jet Brandization' Is One Way Polkadot Burnt Cash"", ""summary"": ""June proved to be an incredibly ugly month in crypto markets (see our blood-red chart below), but wasn't completely devoid of decent blockchain tech stories. One obsession of crypto twitterati during ..."", ""url"": ""https://coindesk.com/tech/2024/07/03/the-protocol-private-jet-brandization-is-one-way-polkadot-burnt-cash"", ""source"": ""CoinDesk"", ""sentiment"": ""NEGATIVE"", ""keywords"": ""The Protocol|Polkadot|Solana|ETFs"", ""id"": 42417810, ""guid"": ""ha93388BwWkPe8xtcTZyPd""}, {""date"": ""20240702091118"", ""headline"": ""Polkadot\u2019s $245M Treasury Would Last 2 Years at Current Spending Rate"", ""summary"": ""Polkadot spent $87 million worth of DOT on various activities in the first half of this year, with marketing and outreach activities accounting for the largest portion of spending, totaling over $36 m..."", ""url"": ""https://coindesk.com/business/2024/07/02/polkadots-245m-treasury-will-last-2-years-at-current-spending-rate"", ""source"": ""CoinDesk"", ""sentiment"": ""NEUTRAL"", ""keywords"": ""DeFi|Polkadot"", ""id"": 42417849, ""guid"": ""ha93388BwWkPe8xtcTa3OH""}, {""date"": ""20240503105238"", ""headline"": ""Polkadot and Cosmos Gain in a Rocky Week for Crypto: CoinDesk Indices Market Update"", ""summary"": ""CoinDesk Indices (CDI) presents its bi-weekly market update, highlighting the performance of leaders and laggards in the benchmark CoinDesk 20 Index (CD20) and the broad CoinDesk Market Index (CMI).\n\n..."", ""url"": ""https://coindesk.com/markets/2024/05/03/polkadot-and-cosmos-gain-in-a-rocky-week-for-crypto-coindesk-indices-market-update"", ""source"": ""CoinDesk"", ""sentiment"": ""NEUTRAL"", ""keywords"": ""CoinDesk 20"", ""id"": 42418316, ""guid"": ""ha93388BwWkPe8xtcTdC4T""}, {""date"": ""20231207063931"", ""headline"": ""Deloitte Taps Polkadot Ecosystem's Kilt Blockchain for Digital Shipping Logistics"", ""summary"": ""BANGALORE, India \u2014 A division of professional services firm Deloitte, one of the \u201cBig Four\u201d accounting firms, will use the Polkadot-based Kilt blockchain to offer logistics and supply-chain services f..."", ""url"": ""https://coindesk.com/business/2023/12/07/deloitte-taps-polkadot-ecosystems-kilt-blockchain-for-digital-shipping-logistics"", ""source"": ""CoinDesk"", ""sentiment"": ""POSITIVE"", ""keywords"": ""Deloitte|Polkadot"", ""id"": 42391834, ""guid"": ""CpI5Y2Su0uMQDo69bfwUAh""}, {""date"": ""20230912190100"", ""headline"": ""Zodia Custody Looks to Drive Institutional Access to Polkadot Ecosystem"", ""summary"": ""Cryptocurrency storage provider Zodia Custody, a subsidiary of Standard Chartered (STAN), is to provide institutional support for the Polkadot blockchain through a new partnership with one of the netw..."", ""url"": ""https://coindesk.com/business/2023/09/12/zodia-custody-looks-to-drive-institutional-access-to-polkadot-ecosystem"", ""source"": ""CoinDesk"", ""sentiment"": ""POSITIVE"", ""keywords"": ""Zodia Custody|Polkadot|Custody|Exclusive "", ""id"": 42419599, ""guid"": ""ha93388BwWkPe8xtcUF85V""}]",{}
42,2024-11-01,2024-10-25,3.906809091567993,3.9875540733337402,-0.020249250613482296,D3,"[{""date"": ""20240703141530"", ""headline"": ""The Protocol: 'Private Jet Brandization' Is One Way Polkadot Burnt Cash"", ""summary"": ""June proved to be an incredibly ugly month in crypto markets (see our blood-red chart below), but wasn't completely devoid of decent blockchain tech stories. One obsession of crypto twitterati during ..."", ""url"": ""https://coindesk.com/tech/2024/07/03/the-protocol-private-jet-brandization-is-one-way-polkadot-burnt-cash"", ""source"": ""CoinDesk"", ""sentiment"": ""NEGATIVE"", ""keywords"": ""The Protocol|Polkadot|Solana|ETFs"", ""id"": 42417810, ""guid"": ""ha93388BwWkPe8xtcTZyPd""}, {""date"": ""20240702091118"", ""headline"": ""Polkadot\u2019s $245M Treasury Would Last 2 Years at Current Spending Rate"", ""summary"": ""Polkadot spent $87 million worth of DOT on various activities in the first half of this year, with marketing and outreach activities accounting for the largest portion of spending, totaling over $36 m..."", ""url"": ""https://coindesk.com/business/2024/07/02/polkadots-245m-treasury-will-last-2-years-at-current-spending-rate"", ""source"": ""CoinDesk"", ""sentiment"": ""NEUTRAL"", ""keywords"": ""DeFi|Polkadot"", ""id"": 42417849, ""guid"": ""ha93388BwWkPe8xtcTa3OH""}, {""date"": ""20240503105238"", ""headline"": ""Polkadot and Cosmos Gain in a Rocky Week for Crypto: CoinDesk Indices Market Update"", ""summary"": ""CoinDesk Indices (CDI) presents its bi-weekly market update, highlighting the performance of leaders and laggards in the benchmark CoinDesk 20 Index (CD20) and the broad CoinDesk Market Index (CMI).\n\n..."", ""url"": ""https://coindesk.com/markets/2024/05/03/polkadot-and-cosmos-gain-in-a-rocky-week-for-crypto-coindesk-indices-market-update"", ""source"": ""CoinDesk"", ""sentiment"": ""NEUTRAL"", ""keywords"": ""CoinDesk 20"", ""id"": 42418316, ""guid"": ""ha93388BwWkPe8xtcTdC4T""}, {""date"": ""20231207063931"", ""headline"": ""Deloitte Taps Polkadot Ecosystem's Kilt Blockchain for Digital Shipping Logistics"", ""summary"": ""BANGALORE, India \u2014 A division of professional services firm Deloitte, one of the \u201cBig Four\u201d accounting firms, will use the Polkadot-based Kilt blockchain to offer logistics and supply-chain services f..."", ""url"": ""https://coindesk.com/business/2023/12/07/deloitte-taps-polkadot-ecosystems-kilt-blockchain-for-digital-shipping-logistics"", ""source"": ""CoinDesk"", ""sentiment"": ""POSITIVE"", ""keywords"": ""Deloitte|Polkadot"", ""id"": 42391834, ""guid"": ""CpI5Y2Su0uMQDo69bfwUAh""}, {""date"": ""20230912190100"", ""headline"": ""Zodia Custody Looks to Drive Institutional Access to Polkadot Ecosystem"", ""summary"": ""Cryptocurrency storage provider Zodia Custody, a subsidiary of Standard Chartered (STAN), is to provide institutional support for the Polkadot blockchain through a new partnership with one of the netw..."", ""url"": ""https://coindesk.com/business/2023/09/12/zodia-custody-looks-to-drive-institutional-access-to-polkadot-ecosystem"", ""source"": ""CoinDesk"", ""sentiment"": ""POSITIVE"", ""keywords"": ""Zodia Custody|Polkadot|Custody|Exclusive "", ""id"": 42419599, ""guid"": ""ha93388BwWkPe8xtcUF85V""}]",{}
43,2024-11-08,2024-11-01,4.3314127922058105,3.906809091567993,0.10868299184473414,U5+,"[{""date"": ""20240703141530"", ""headline"": ""The Protocol: 'Private Jet Brandization' Is One Way Polkadot Burnt Cash"", ""summary"": ""June proved to be an incredibly ugly month in crypto markets (see our blood-red chart below), but wasn't completely devoid of decent blockchain tech stories. One obsession of crypto twitterati during ..."", ""url"": ""https://coindesk.com/tech/2024/07/03/the-protocol-private-jet-brandization-is-one-way-polkadot-burnt-cash"", ""source"": ""CoinDesk"", ""sentiment"": ""NEGATIVE"", ""keywords"": ""The Protocol|Polkadot|Solana|ETFs"", ""id"": 42417810, ""guid"": ""ha93388BwWkPe8xtcTZyPd""}, {""date"": ""20240702091118"", ""headline"": ""Polkadot\u2019s $245M Treasury Would Last 2 Years at Current Spending Rate"", ""summary"": ""Polkadot spent $87 million worth of DOT on various activities in the first half of this year, with marketing and outreach activities accounting for the largest portion of spending, totaling over $36 m..."", ""url"": ""https://coindesk.com/business/2024/07/02/polkadots-245m-treasury-will-last-2-years-at-current-spending-rate"", ""source"": ""CoinDesk"", ""sentiment"": ""NEUTRAL"", ""keywords"": ""DeFi|Polkadot"", ""id"": 42417849, ""guid"": ""ha93388BwWkPe8xtcTa3OH""}, {""date"": ""20240503105238"", ""headline"": ""Polkadot and Cosmos Gain in a Rocky Week for Crypto: CoinDesk Indices Market Update"", ""summary"": ""CoinDesk Indices (CDI) presents its bi-weekly market update, highlighting the performance of leaders and laggards in the benchmark CoinDesk 20 Index (CD20) and the broad CoinDesk Market Index (CMI).\n\n..."", ""url"": ""https://coindesk.com/markets/2024/05/03/polkadot-and-cosmos-gain-in-a-rocky-week-for-crypto-coindesk-indices-market-update"", ""source"": ""CoinDesk"", ""sentiment"": ""NEUTRAL"", ""keywords"": ""CoinDesk 20"", ""id"": 42418316, ""guid"": ""ha93388BwWkPe8xtcTdC4T""}, {""date"": ""20231207063931"", ""headline"": ""Deloitte Taps Polkadot Ecosystem's Kilt Blockchain for Digital Shipping Logistics"", ""summary"": ""BANGALORE, India \u2014 A division of professional services firm Deloitte, one of the \u201cBig Four\u201d accounting firms, will use the Polkadot-based Kilt blockchain to offer logistics and supply-chain services f..."", ""url"": ""https://coindesk.com/business/2023/12/07/deloitte-taps-polkadot-ecosystems-kilt-blockchain-for-digital-shipping-logistics"", ""source"": ""CoinDesk"", ""sentiment"": ""POSITIVE"", ""keywords"": ""Deloitte|Polkadot"", ""id"": 42391834, ""guid"": ""CpI5Y2Su0uMQDo69bfwUAh""}, {""date"": ""20230912190100"", ""headline"": ""Zodia Custody Looks to Drive Institutional Access to Polkadot Ecosystem"", ""summary"": ""Cryptocurrency storage provider Zodia Custody, a subsidiary of Standard Chartered (STAN), is to provide institutional support for the Polkadot blockchain through a new partnership with one of the netw..."", ""url"": ""https://coindesk.com/business/2023/09/12/zodia-custody-looks-to-drive-institutional-access-to-polkadot-ecosystem"", ""source"": ""CoinDesk"", ""sentiment"": ""POSITIVE"", ""keywords"": ""Zodia Custody|Polkadot|Custody|Exclusive "", ""id"": 42419599, ""guid"": ""ha93388BwWkPe8xtcUF85V""}]",{}
44,2024-11-15,2024-11-08,5.140809059143066,4.3314127922058105,0.18686657351008645,U5+,"[{""date"": ""20240703141530"", ""headline"": ""The Protocol: 'Private Jet Brandization' Is One Way Polkadot Burnt Cash"", ""summary"": ""June proved to be an incredibly ugly month in crypto markets (see our blood-red chart below), but wasn't completely devoid of decent blockchain tech stories. One obsession of crypto twitterati during ..."", ""url"": ""https://coindesk.com/tech/2024/07/03/the-protocol-private-jet-brandization-is-one-way-polkadot-burnt-cash"", ""source"": ""CoinDesk"", ""sentiment"": ""NEGATIVE"", ""keywords"": ""The Protocol|Polkadot|Solana|ETFs"", ""id"": 42417810, ""guid"": ""ha93388BwWkPe8xtcTZyPd""}, {""date"": ""20240702091118"", ""headline"": ""Polkadot\u2019s $245M Treasury Would Last 2 Years at Current Spending Rate"", ""summary"": ""Polkadot spent $87 million worth of DOT on various activities in the first half of this year, with marketing and outreach activities accounting for the largest portion of spending, totaling over $36 m..."", ""url"": ""https://coindesk.com/business/2024/07/02/polkadots-245m-treasury-will-last-2-years-at-current-spending-rate"", ""source"": ""CoinDesk"", ""sentiment"": ""NEUTRAL"", ""keywords"": ""DeFi|Polkadot"", ""id"": 42417849, ""guid"": ""ha93388BwWkPe8xtcTa3OH""}, {""date"": ""20240503105238"", ""headline"": ""Polkadot and Cosmos Gain in a Rocky Week for Crypto: CoinDesk Indices Market Update"", ""summary"": ""CoinDesk Indices (CDI) presents its bi-weekly market update, highlighting the performance of leaders and laggards in the benchmark CoinDesk 20 Index (CD20) and the broad CoinDesk Market Index (CMI).\n\n..."", ""url"": ""https://coindesk.com/markets/2024/05/03/polkadot-and-cosmos-gain-in-a-rocky-week-for-crypto-coindesk-indices-market-update"", ""source"": ""CoinDesk"", ""sentiment"": ""NEUTRAL"", ""keywords"": ""CoinDesk 20"", ""id"": 42418316, ""guid"": ""ha93388BwWkPe8xtcTdC4T""}, {""date"": ""20231207063931"", ""headline"": ""Deloitte Taps Polkadot Ecosystem's Kilt Blockchain for Digital Shipping Logistics"", ""summary"": ""BANGALORE, India \u2014 A division of professional services firm Deloitte, one of the \u201cBig Four\u201d accounting firms, will use the Polkadot-based Kilt blockchain to offer logistics and supply-chain services f..."", ""url"": ""https://coindesk.com/business/2023/12/07/deloitte-taps-polkadot-ecosystems-kilt-blockchain-for-digital-shipping-logistics"", ""source"": ""CoinDesk"", ""sentiment"": ""POSITIVE"", ""keywords"": ""Deloitte|Polkadot"", ""id"": 42391834, ""guid"": ""CpI5Y2Su0uMQDo69bfwUAh""}, {""date"": ""20230912190100"", ""headline"": ""Zodia Custody Looks to Drive Institutional Access to Polkadot Ecosystem"", ""summary"": ""Cryptocurrency storage provider Zodia Custody, a subsidiary of Standard Chartered (STAN), is to provide institutional support for the Polkadot blockchain through a new partnership with one of the netw..."", ""url"": ""https://coindesk.com/business/2023/09/12/zodia-custody-looks-to-drive-institutional-access-to-polkadot-ecosystem"", ""source"": ""CoinDesk"", ""sentiment"": ""POSITIVE"", ""keywords"": ""Zodia Custody|Polkadot|Custody|Exclusive "", ""id"": 42419599, ""guid"": ""ha93388BwWkPe8xtcUF85V""}]",{}
45,2024-11-22,2024-11-15,6.662622928619385,5.140809059143066,0.29602614140467476,U5+,"[{""date"": ""20240703141530"", ""headline"": ""The Protocol: 'Private Jet Brandization' Is One Way Polkadot Burnt Cash"", ""summary"": ""June proved to be an incredibly ugly month in crypto markets (see our blood-red chart below), but wasn't completely devoid of decent blockchain tech stories. One obsession of crypto twitterati during ..."", ""url"": ""https://coindesk.com/tech/2024/07/03/the-protocol-private-jet-brandization-is-one-way-polkadot-burnt-cash"", ""source"": ""CoinDesk"", ""sentiment"": ""NEGATIVE"", ""keywords"": ""The Protocol|Polkadot|Solana|ETFs"", ""id"": 42417810, ""guid"": ""ha93388BwWkPe8xtcTZyPd""}, {""date"": ""20240702091118"", ""headline"": ""Polkadot\u2019s $245M Treasury Would Last 2 Years at Current Spending Rate"", ""summary"": ""Polkadot spent $87 million worth of DOT on various activities in the first half of this year, with marketing and outreach activities accounting for the largest portion of spending, totaling over $36 m..."", ""url"": ""https://coindesk.com/business/2024/07/02/polkadots-245m-treasury-will-last-2-years-at-current-spending-rate"", ""source"": ""CoinDesk"", ""sentiment"": ""NEUTRAL"", ""keywords"": ""DeFi|Polkadot"", ""id"": 42417849, ""guid"": ""ha93388BwWkPe8xtcTa3OH""}, {""date"": ""20240503105238"", ""headline"": ""Polkadot and Cosmos Gain in a Rocky Week for Crypto: CoinDesk Indices Market Update"", ""summary"": ""CoinDesk Indices (CDI) presents its bi-weekly market update, highlighting the performance of leaders and laggards in the benchmark CoinDesk 20 Index (CD20) and the broad CoinDesk Market Index (CMI).\n\n..."", ""url"": ""https://coindesk.com/markets/2024/05/03/polkadot-and-cosmos-gain-in-a-rocky-week-for-crypto-coindesk-indices-market-update"", ""source"": ""CoinDesk"", ""sentiment"": ""NEUTRAL"", ""keywords"": ""CoinDesk 20"", ""id"": 42418316, ""guid"": ""ha93388BwWkPe8xtcTdC4T""}, {""date"": ""20231207063931"", ""headline"": ""Deloitte Taps Polkadot Ecosystem's Kilt Blockchain for Digital Shipping Logistics"", ""summary"": ""BANGALORE, India \u2014 A division of professional services firm Deloitte, one of the \u201cBig Four\u201d accounting firms, will use the Polkadot-based Kilt blockchain to offer logistics and supply-chain services f..."", ""url"": ""https://coindesk.com/business/2023/12/07/deloitte-taps-polkadot-ecosystems-kilt-blockchain-for-digital-shipping-logistics"", ""source"": ""CoinDesk"", ""sentiment"": ""POSITIVE"", ""keywords"": ""Deloitte|Polkadot"", ""id"": 42391834, ""guid"": ""CpI5Y2Su0uMQDo69bfwUAh""}, {""date"": ""20230912190100"", ""headline"": ""Zodia Custody Looks to Drive Institutional Access to Polkadot Ecosystem"", ""summary"": ""Cryptocurrency storage provider Zodia Custody, a subsidiary of Standard Chartered (STAN), is to provide institutional support for the Polkadot blockchain through a new partnership with one of the netw..."", ""url"": ""https://coindesk.com/business/2023/09/12/zodia-custody-looks-to-drive-institutional-access-to-polkadot-ecosystem"", ""source"": ""CoinDesk"", ""sentiment"": ""POSITIVE"", ""keywords"": ""Zodia Custody|Polkadot|Custody|Exclusive "", ""id"": 42419599, ""guid"": ""ha93388BwWkPe8xtcUF85V""}]",{}
46,2024-11-29,2024-11-22,9.038749694824219,6.662622928619385,0.3566353359122501,U5+,"[{""date"": ""20240703141530"", ""headline"": ""The Protocol: 'Private Jet Brandization' Is One Way Polkadot Burnt Cash"", ""summary"": ""June proved to be an incredibly ugly month in crypto markets (see our blood-red chart below), but wasn't completely devoid of decent blockchain tech stories. One obsession of crypto twitterati during ..."", ""url"": ""https://coindesk.com/tech/2024/07/03/the-protocol-private-jet-brandization-is-one-way-polkadot-burnt-cash"", ""source"": ""CoinDesk"", ""sentiment"": ""NEGATIVE"", ""keywords"": ""The Protocol|Polkadot|Solana|ETFs"", ""id"": 42417810, ""guid"": ""ha93388BwWkPe8xtcTZyPd""}, {""date"": ""20240702091118"", ""headline"": ""Polkadot\u2019s $245M Treasury Would Last 2 Years at Current Spending Rate"", ""summary"": ""Polkadot spent $87 million worth of DOT on various activities in the first half of this year, with marketing and outreach activities accounting for the largest portion of spending, totaling over $36 m..."", ""url"": ""https://coindesk.com/business/2024/07/02/polkadots-245m-treasury-will-last-2-years-at-current-spending-rate"", ""source"": ""CoinDesk"", ""sentiment"": ""NEUTRAL"", ""keywords"": ""DeFi|Polkadot"", ""id"": 42417849, ""guid"": ""ha93388BwWkPe8xtcTa3OH""}, {""date"": ""20240503105238"", ""headline"": ""Polkadot and Cosmos Gain in a Rocky Week for Crypto: CoinDesk Indices Market Update"", ""summary"": ""CoinDesk Indices (CDI) presents its bi-weekly market update, highlighting the performance of leaders and laggards in the benchmark CoinDesk 20 Index (CD20) and the broad CoinDesk Market Index (CMI).\n\n..."", ""url"": ""https://coindesk.com/markets/2024/05/03/polkadot-and-cosmos-gain-in-a-rocky-week-for-crypto-coindesk-indices-market-update"", ""source"": ""CoinDesk"", ""sentiment"": ""NEUTRAL"", ""keywords"": ""CoinDesk 20"", ""id"": 42418316, ""guid"": ""ha93388BwWkPe8xtcTdC4T""}, {""date"": ""20231207063931"", ""headline"": ""Deloitte Taps Polkadot Ecosystem's Kilt Blockchain for Digital Shipping Logistics"", ""summary"": ""BANGALORE, India \u2014 A division of professional services firm Deloitte, one of the \u201cBig Four\u201d accounting firms, will use the Polkadot-based Kilt blockchain to offer logistics and supply-chain services f..."", ""url"": ""https://coindesk.com/business/2023/12/07/deloitte-taps-polkadot-ecosystems-kilt-blockchain-for-digital-shipping-logistics"", ""source"": ""CoinDesk"", ""sentiment"": ""POSITIVE"", ""keywords"": ""Deloitte|Polkadot"", ""id"": 42391834, ""guid"": ""CpI5Y2Su0uMQDo69bfwUAh""}, {""date"": ""20230912190100"", ""headline"": ""Zodia Custody Looks to Drive Institutional Access to Polkadot Ecosystem"", ""summary"": ""Cryptocurrency storage provider Zodia Custody, a subsidiary of Standard Chartered (STAN), is to provide institutional support for the Polkadot blockchain through a new partnership with one of the netw..."", ""url"": ""https://coindesk.com/business/2023/09/12/zodia-custody-looks-to-drive-institutional-access-to-polkadot-ecosystem"", ""source"": ""CoinDesk"", ""sentiment"": ""POSITIVE"", ""keywords"": ""Zodia Custody|Polkadot|Custody|Exclusive "", ""id"": 42419599, ""guid"": ""ha93388BwWkPe8xtcUF85V""}]",{}
47,2024-12-06,2024-11-29,10.705370903015137,9.038749694824219,0.18438625523010788,U5+,"[{""date"": ""20240703141530"", ""headline"": ""The Protocol: 'Private Jet Brandization' Is One Way Polkadot Burnt Cash"", ""summary"": ""June proved to be an incredibly ugly month in crypto markets (see our blood-red chart below), but wasn't completely devoid of decent blockchain tech stories. One obsession of crypto twitterati during ..."", ""url"": ""https://coindesk.com/tech/2024/07/03/the-protocol-private-jet-brandization-is-one-way-polkadot-burnt-cash"", ""source"": ""CoinDesk"", ""sentiment"": ""NEGATIVE"", ""keywords"": ""The Protocol|Polkadot|Solana|ETFs"", ""id"": 42417810, ""guid"": ""ha93388BwWkPe8xtcTZyPd""}, {""date"": ""20240702091118"", ""headline"": ""Polkadot\u2019s $245M Treasury Would Last 2 Years at Current Spending Rate"", ""summary"": ""Polkadot spent $87 million worth of DOT on various activities in the first half of this year, with marketing and outreach activities accounting for the largest portion of spending, totaling over $36 m..."", ""url"": ""https://coindesk.com/business/2024/07/02/polkadots-245m-treasury-will-last-2-years-at-current-spending-rate"", ""source"": ""CoinDesk"", ""sentiment"": ""NEUTRAL"", ""keywords"": ""DeFi|Polkadot"", ""id"": 42417849, ""guid"": ""ha93388BwWkPe8xtcTa3OH""}, {""date"": ""20240503105238"", ""headline"": ""Polkadot and Cosmos Gain in a Rocky Week for Crypto: CoinDesk Indices Market Update"", ""summary"": ""CoinDesk Indices (CDI) presents its bi-weekly market update, highlighting the performance of leaders and laggards in the benchmark CoinDesk 20 Index (CD20) and the broad CoinDesk Market Index (CMI).\n\n..."", ""url"": ""https://coindesk.com/markets/2024/05/03/polkadot-and-cosmos-gain-in-a-rocky-week-for-crypto-coindesk-indices-market-update"", ""source"": ""CoinDesk"", ""sentiment"": ""NEUTRAL"", ""keywords"": ""CoinDesk 20"", ""id"": 42418316, ""guid"": ""ha93388BwWkPe8xtcTdC4T""}, {""date"": ""20231207063931"", ""headline"": ""Deloitte Taps Polkadot Ecosystem's Kilt Blockchain for Digital Shipping Logistics"", ""summary"": ""BANGALORE, India \u2014 A division of professional services firm Deloitte, one of the \u201cBig Four\u201d accounting firms, will use the Polkadot-based Kilt blockchain to offer logistics and supply-chain services f..."", ""url"": ""https://coindesk.com/business/2023/12/07/deloitte-taps-polkadot-ecosystems-kilt-blockchain-for-digital-shipping-logistics"", ""source"": ""CoinDesk"", ""sentiment"": ""POSITIVE"", ""keywords"": ""Deloitte|Polkadot"", ""id"": 42391834, ""guid"": ""CpI5Y2Su0uMQDo69bfwUAh""}, {""date"": ""20230912190100"", ""headline"": ""Zodia Custody Looks to Drive Institutional Access to Polkadot Ecosystem"", ""summary"": ""Cryptocurrency storage provider Zodia Custody, a subsidiary of Standard Chartered (STAN), is to provide institutional support for the Polkadot blockchain through a new partnership with one of the netw..."", ""url"": ""https://coindesk.com/business/2023/09/12/zodia-custody-looks-to-drive-institutional-access-to-polkadot-ecosystem"", ""source"": ""CoinDesk"", ""sentiment"": ""POSITIVE"", ""keywords"": ""Zodia Custody|Polkadot|Custody|Exclusive "", ""id"": 42419599, ""guid"": ""ha93388BwWkPe8xtcUF85V""}]",{}
48,2024-12-13,2024-12-06,9.09039306640625,10.705370903015137,-0.15085678499509372,D5+,"[{""date"": ""20240703141530"", ""headline"": ""The Protocol: 'Private Jet Brandization' Is One Way Polkadot Burnt Cash"", ""summary"": ""June proved to be an incredibly ugly month in crypto markets (see our blood-red chart below), but wasn't completely devoid of decent blockchain tech stories. One obsession of crypto twitterati during ..."", ""url"": ""https://coindesk.com/tech/2024/07/03/the-protocol-private-jet-brandization-is-one-way-polkadot-burnt-cash"", ""source"": ""CoinDesk"", ""sentiment"": ""NEGATIVE"", ""keywords"": ""The Protocol|Polkadot|Solana|ETFs"", ""id"": 42417810, ""guid"": ""ha93388BwWkPe8xtcTZyPd""}, {""date"": ""20240702091118"", ""headline"": ""Polkadot\u2019s $245M Treasury Would Last 2 Years at Current Spending Rate"", ""summary"": ""Polkadot spent $87 million worth of DOT on various activities in the first half of this year, with marketing and outreach activities accounting for the largest portion of spending, totaling over $36 m..."", ""url"": ""https://coindesk.com/business/2024/07/02/polkadots-245m-treasury-will-last-2-years-at-current-spending-rate"", ""source"": ""CoinDesk"", ""sentiment"": ""NEUTRAL"", ""keywords"": ""DeFi|Polkadot"", ""id"": 42417849, ""guid"": ""ha93388BwWkPe8xtcTa3OH""}, {""date"": ""20240503105238"", ""headline"": ""Polkadot and Cosmos Gain in a Rocky Week for Crypto: CoinDesk Indices Market Update"", ""summary"": ""CoinDesk Indices (CDI) presents its bi-weekly market update, highlighting the performance of leaders and laggards in the benchmark CoinDesk 20 Index (CD20) and the broad CoinDesk Market Index (CMI).\n\n..."", ""url"": ""https://coindesk.com/markets/2024/05/03/polkadot-and-cosmos-gain-in-a-rocky-week-for-crypto-coindesk-indices-market-update"", ""source"": ""CoinDesk"", ""sentiment"": ""NEUTRAL"", ""keywords"": ""CoinDesk 20"", ""id"": 42418316, ""guid"": ""ha93388BwWkPe8xtcTdC4T""}, {""date"": ""20231207063931"", ""headline"": ""Deloitte Taps Polkadot Ecosystem's Kilt Blockchain for Digital Shipping Logistics"", ""summary"": ""BANGALORE, India \u2014 A division of professional services firm Deloitte, one of the \u201cBig Four\u201d accounting firms, will use the Polkadot-based Kilt blockchain to offer logistics and supply-chain services f..."", ""url"": ""https://coindesk.com/business/2023/12/07/deloitte-taps-polkadot-ecosystems-kilt-blockchain-for-digital-shipping-logistics"", ""source"": ""CoinDesk"", ""sentiment"": ""POSITIVE"", ""keywords"": ""Deloitte|Polkadot"", ""id"": 42391834, ""guid"": ""CpI5Y2Su0uMQDo69bfwUAh""}, {""date"": ""20230912190100"", ""headline"": ""Zodia Custody Looks to Drive Institutional Access to Polkadot Ecosystem"", ""summary"": ""Cryptocurrency storage provider Zodia Custody, a subsidiary of Standard Chartered (STAN), is to provide institutional support for the Polkadot blockchain through a new partnership with one of the netw..."", ""url"": ""https://coindesk.com/business/2023/09/12/zodia-custody-looks-to-drive-institutional-access-to-polkadot-ecosystem"", ""source"": ""CoinDesk"", ""sentiment"": ""POSITIVE"", ""keywords"": ""Zodia Custody|Polkadot|Custody|Exclusive "", ""id"": 42419599, ""guid"": ""ha93388BwWkPe8xtcUF85V""}]",{}
49,2024-12-20,2024-12-13,7.293115139007568,9.09039306640625,-0.19771179466821542,D5+,"[{""date"": ""20240703141530"", ""headline"": ""The Protocol: 'Private Jet Brandization' Is One Way Polkadot Burnt Cash"", ""summary"": ""June proved to be an incredibly ugly month in crypto markets (see our blood-red chart below), but wasn't completely devoid of decent blockchain tech stories. One obsession of crypto twitterati during ..."", ""url"": ""https://coindesk.com/tech/2024/07/03/the-protocol-private-jet-brandization-is-one-way-polkadot-burnt-cash"", ""source"": ""CoinDesk"", ""sentiment"": ""NEGATIVE"", ""keywords"": ""The Protocol|Polkadot|Solana|ETFs"", ""id"": 42417810, ""guid"": ""ha93388BwWkPe8xtcTZyPd""}, {""date"": ""20240702091118"", ""headline"": ""Polkadot\u2019s $245M Treasury Would Last 2 Years at Current Spending Rate"", ""summary"": ""Polkadot spent $87 million worth of DOT on various activities in the first half of this year, with marketing and outreach activities accounting for the largest portion of spending, totaling over $36 m..."", ""url"": ""https://coindesk.com/business/2024/07/02/polkadots-245m-treasury-will-last-2-years-at-current-spending-rate"", ""source"": ""CoinDesk"", ""sentiment"": ""NEUTRAL"", ""keywords"": ""DeFi|Polkadot"", ""id"": 42417849, ""guid"": ""ha93388BwWkPe8xtcTa3OH""}, {""date"": ""20240503105238"", ""headline"": ""Polkadot and Cosmos Gain in a Rocky Week for Crypto: CoinDesk Indices Market Update"", ""summary"": ""CoinDesk Indices (CDI) presents its bi-weekly market update, highlighting the performance of leaders and laggards in the benchmark CoinDesk 20 Index (CD20) and the broad CoinDesk Market Index (CMI).\n\n..."", ""url"": ""https://coindesk.com/markets/2024/05/03/polkadot-and-cosmos-gain-in-a-rocky-week-for-crypto-coindesk-indices-market-update"", ""source"": ""CoinDesk"", ""sentiment"": ""NEUTRAL"", ""keywords"": ""CoinDesk 20"", ""id"": 42418316, ""guid"": ""ha93388BwWkPe8xtcTdC4T""}, {""date"": ""20231207063931"", ""headline"": ""Deloitte Taps Polkadot Ecosystem's Kilt Blockchain for Digital Shipping Logistics"", ""summary"": ""BANGALORE, India \u2014 A division of professional services firm Deloitte, one of the \u201cBig Four\u201d accounting firms, will use the Polkadot-based Kilt blockchain to offer logistics and supply-chain services f..."", ""url"": ""https://coindesk.com/business/2023/12/07/deloitte-taps-polkadot-ecosystems-kilt-blockchain-for-digital-shipping-logistics"", ""source"": ""CoinDesk"", ""sentiment"": ""POSITIVE"", ""keywords"": ""Deloitte|Polkadot"", ""id"": 42391834, ""guid"": ""CpI5Y2Su0uMQDo69bfwUAh""}, {""date"": ""20230912190100"", ""headline"": ""Zodia Custody Looks to Drive Institutional Access to Polkadot Ecosystem"", ""summary"": ""Cryptocurrency storage provider Zodia Custody, a subsidiary of Standard Chartered (STAN), is to provide institutional support for the Polkadot blockchain through a new partnership with one of the netw..."", ""url"": ""https://coindesk.com/business/2023/09/12/zodia-custody-looks-to-drive-institutional-access-to-polkadot-ecosystem"", ""source"": ""CoinDesk"", ""sentiment"": ""POSITIVE"", ""keywords"": ""Zodia Custody|Polkadot|Custody|Exclusive "", ""id"": 42419599, ""guid"": ""ha93388BwWkPe8xtcUF85V""}]",{}
50,2024-12-27,2024-12-20,6.8976030349731445,7.293115139007568,-0.054230887144371104,D5+,"[{""date"": ""20240703141530"", ""headline"": ""The Protocol: 'Private Jet Brandization' Is One Way Polkadot Burnt Cash"", ""summary"": ""June proved to be an incredibly ugly month in crypto markets (see our blood-red chart below), but wasn't completely devoid of decent blockchain tech stories. One obsession of crypto twitterati during ..."", ""url"": ""https://coindesk.com/tech/2024/07/03/the-protocol-private-jet-brandization-is-one-way-polkadot-burnt-cash"", ""source"": ""CoinDesk"", ""sentiment"": ""NEGATIVE"", ""keywords"": ""The Protocol|Polkadot|Solana|ETFs"", ""id"": 42417810, ""guid"": ""ha93388BwWkPe8xtcTZyPd""}, {""date"": ""20240702091118"", ""headline"": ""Polkadot\u2019s $245M Treasury Would Last 2 Years at Current Spending Rate"", ""summary"": ""Polkadot spent $87 million worth of DOT on various activities in the first half of this year, with marketing and outreach activities accounting for the largest portion of spending, totaling over $36 m..."", ""url"": ""https://coindesk.com/business/2024/07/02/polkadots-245m-treasury-will-last-2-years-at-current-spending-rate"", ""source"": ""CoinDesk"", ""sentiment"": ""NEUTRAL"", ""keywords"": ""DeFi|Polkadot"", ""id"": 42417849, ""guid"": ""ha93388BwWkPe8xtcTa3OH""}, {""date"": ""20240503105238"", ""headline"": ""Polkadot and Cosmos Gain in a Rocky Week for Crypto: CoinDesk Indices Market Update"", ""summary"": ""CoinDesk Indices (CDI) presents its bi-weekly market update, highlighting the performance of leaders and laggards in the benchmark CoinDesk 20 Index (CD20) and the broad CoinDesk Market Index (CMI).\n\n..."", ""url"": ""https://coindesk.com/markets/2024/05/03/polkadot-and-cosmos-gain-in-a-rocky-week-for-crypto-coindesk-indices-market-update"", ""source"": ""CoinDesk"", ""sentiment"": ""NEUTRAL"", ""keywords"": ""CoinDesk 20"", ""id"": 42418316, ""guid"": ""ha93388BwWkPe8xtcTdC4T""}, {""date"": ""20231207063931"", ""headline"": ""Deloitte Taps Polkadot Ecosystem's Kilt Blockchain for Digital Shipping Logistics"", ""summary"": ""BANGALORE, India \u2014 A division of professional services firm Deloitte, one of the \u201cBig Four\u201d accounting firms, will use the Polkadot-based Kilt blockchain to offer logistics and supply-chain services f..."", ""url"": ""https://coindesk.com/business/2023/12/07/deloitte-taps-polkadot-ecosystems-kilt-blockchain-for-digital-shipping-logistics"", ""source"": ""CoinDesk"", ""sentiment"": ""POSITIVE"", ""keywords"": ""Deloitte|Polkadot"", ""id"": 42391834, ""guid"": ""CpI5Y2Su0uMQDo69bfwUAh""}, {""date"": ""20230912190100"", ""headline"": ""Zodia Custody Looks to Drive Institutional Access to Polkadot Ecosystem"", ""summary"": ""Cryptocurrency storage provider Zodia Custody, a subsidiary of Standard Chartered (STAN), is to provide institutional support for the Polkadot blockchain through a new partnership with one of the netw..."", ""url"": ""https://coindesk.com/business/2023/09/12/zodia-custody-looks-to-drive-institutional-access-to-polkadot-ecosystem"", ""source"": ""CoinDesk"", ""sentiment"": ""POSITIVE"", ""keywords"": ""Zodia Custody|Polkadot|Custody|Exclusive "", ""id"": 42419599, ""guid"": ""ha93388BwWkPe8xtcUF85V""}]",{}
51,2025-01-03,2024-12-27,6.634932041168213,6.8976030349731445,-0.03808148895683069,D4,"[{""date"": ""20240703141530"", ""headline"": ""The Protocol: 'Private Jet Brandization' Is One Way Polkadot Burnt Cash"", ""summary"": ""June proved to be an incredibly ugly month in crypto markets (see our blood-red chart below), but wasn't completely devoid of decent blockchain tech stories. One obsession of crypto twitterati during ..."", ""url"": ""https://coindesk.com/tech/2024/07/03/the-protocol-private-jet-brandization-is-one-way-polkadot-burnt-cash"", ""source"": ""CoinDesk"", ""sentiment"": ""NEGATIVE"", ""keywords"": ""The Protocol|Polkadot|Solana|ETFs"", ""id"": 42417810, ""guid"": ""ha93388BwWkPe8xtcTZyPd""}, {""date"": ""20240702091118"", ""headline"": ""Polkadot\u2019s $245M Treasury Would Last 2 Years at Current Spending Rate"", ""summary"": ""Polkadot spent $87 million worth of DOT on various activities in the first half of this year, with marketing and outreach activities accounting for the largest portion of spending, totaling over $36 m..."", ""url"": ""https://coindesk.com/business/2024/07/02/polkadots-245m-treasury-will-last-2-years-at-current-spending-rate"", ""source"": ""CoinDesk"", ""sentiment"": ""NEUTRAL"", ""keywords"": ""DeFi|Polkadot"", ""id"": 42417849, ""guid"": ""ha93388BwWkPe8xtcTa3OH""}, {""date"": ""20240503105238"", ""headline"": ""Polkadot and Cosmos Gain in a Rocky Week for Crypto: CoinDesk Indices Market Update"", ""summary"": ""CoinDesk Indices (CDI) presents its bi-weekly market update, highlighting the performance of leaders and laggards in the benchmark CoinDesk 20 Index (CD20) and the broad CoinDesk Market Index (CMI).\n\n..."", ""url"": ""https://coindesk.com/markets/2024/05/03/polkadot-and-cosmos-gain-in-a-rocky-week-for-crypto-coindesk-indices-market-update"", ""source"": ""CoinDesk"", ""sentiment"": ""NEUTRAL"", ""keywords"": ""CoinDesk 20"", ""id"": 42418316, ""guid"": ""ha93388BwWkPe8xtcTdC4T""}, {""date"": ""20231207063931"", ""headline"": ""Deloitte Taps Polkadot Ecosystem's Kilt Blockchain for Digital Shipping Logistics"", ""summary"": ""BANGALORE, India \u2014 A division of professional services firm Deloitte, one of the \u201cBig Four\u201d accounting firms, will use the Polkadot-based Kilt blockchain to offer logistics and supply-chain services f..."", ""url"": ""https://coindesk.com/business/2023/12/07/deloitte-taps-polkadot-ecosystems-kilt-blockchain-for-digital-shipping-logistics"", ""source"": ""CoinDesk"", ""sentiment"": ""POSITIVE"", ""keywords"": ""Deloitte|Polkadot"", ""id"": 42391834, ""guid"": ""CpI5Y2Su0uMQDo69bfwUAh""}, {""date"": ""20230912190100"", ""headline"": ""Zodia Custody Looks to Drive Institutional Access to Polkadot Ecosystem"", ""summary"": ""Cryptocurrency storage provider Zodia Custody, a subsidiary of Standard Chartered (STAN), is to provide institutional support for the Polkadot blockchain through a new partnership with one of the netw..."", ""url"": ""https://coindesk.com/business/2023/09/12/zodia-custody-looks-to-drive-institutional-access-to-polkadot-ecosystem"", ""source"": ""CoinDesk"", ""sentiment"": ""POSITIVE"", ""keywords"": ""Zodia Custody|Polkadot|Custody|Exclusive "", ""id"": 42419599, ""guid"": ""ha93388BwWkPe8xtcUF85V""}]",{}
