prompt,answer
"[Cryptocurrency Introduction]: Polkadot (DOT) is a cryptocurrency . Polkadot has a current supply of 1,583,211,692.52535652. The last known price of Polkadot is 3.96570897 USD and is down -0.58 over the last 24 hours. It is currently trading on 914 active market(s) with $144,897,163.73 traded over the last 24 hours. More information can be found at https://polkadot.com.. It has a market capilization of 6394891776.

From 2024-01-05 to 2024-01-12, DOT-USD's stock price increased from 7.45 to 7.57. News during this period are listed below:

[Headline]: Deloitte Taps Polkadot Ecosystem's Kilt Blockchain for Digital Shipping Logistics
[Summary]: BANGALORE, India — A division of professional services firm Deloitte, one of the “Big Four” accounting firms, will use the Polkadot-based Kilt blockchain to offer logistics and supply-chain services f...

[Headline]: Zodia Custody Looks to Drive Institutional Access to Polkadot Ecosystem
[Summary]: Cryptocurrency storage provider Zodia Custody, a subsidiary of Standard Chartered (STAN), is to provide institutional support for the Polkadot blockchain through a new partnership with one of the netw...

[Headline]: Polkadot Revamps Governance System, Removes ‘First Class Citizen’ Voting Groups
[Summary]: Polkadot, an interconnected network of public blockchains, streamlined its governance model to allow voting on multiple issues to take place simultaneously with everything being directly controlled by...

[Headline]: Polkadot Registers Trademark for Blockchain Communication Platform
[Summary]: Polkadot, which describes itself as a ""layer 0 blockchain,"" has filed a trademark registration for what appears to be a blockchain-based messaging application, according to a recent filing.

The phras...

[Headline]: DeFi Platform Lido to Cease Staking on Polkadot, Kusama in August
[Summary]: Decentralized-finance staking service Lido (LDO) will end its staking program on the Polkadot (DOT) and Kusama (KSM) blockchains on Aug. 1, according to a blog post by pseudonymous Lido developer MixB...



Based on all the information before 2024-01-12, let's first analyze the positive developments and potential concerns for DOT-USD. Come up with 2-4 most important factors respectively and keep them concise. Most factors should be inferred from cryptocurrencies related news. Then let's assume your prediction for next week (2024-01-12 to 2024-01-19) is down by more than 5%. Provide a summary analysis to support your prediction. The prediction result need to be inferred from your analysis at the end, and thus not appearing as a foundational factor of your analysis.","**[Positive Developments]:
1. **Institutional Support**: Zodia Custody, a subsidiary of Standard Chartered, announced plans to provide institutional support for the Polkadot blockchain. This move can bring more institutional investors into the Polkadot ecosystem, increasing the demand for DOT.
2. **Governance Improvements**: Polkadot streamlined its governance model, allowing for more efficient voting processes. This upgrade enhances the network's decentralization and decision-making capabilities, making it more attractive to investors.
3. **Corporate Adoption**: Deloitte's decision to use the Polkadot-based Kilt blockchain for digital shipping logistics signals growing corporate interest in the Polkadot ecosystem.
4. **Innovation**: Polkadot's registration of a trademark for a blockchain communication platform indicates continued innovation and expansion of the network's use cases.

**[Potential Concerns]:
1. **Staking Changes**: The news that Lido will cease staking on Polkadot and Kusama in August could lead to a decrease in the staking rate, potentially reducing the demand for DOT.
2. **Market Volatility**: The cryptocurrency market remains highly volatile, and any negative market sentiment could lead to a sell-off of DOT.
3. **Regulatory Uncertainty**: The regulatory environment for cryptocurrencies is still uncertain, and any adverse regulatory developments could impact the price of DOT.

**[Prediction & Analysis]:
Polkadot (DOT) has shown resilience with a price increase from 7.45 to 7.57 despite the announcement of Lido ceasing staking services. However, the upcoming week's price movement is expected to be influenced by market volatility and potential profit-taking, which could lead to a correction. The positive developments, such as institutional support from Zodia Custody and corporate adoption by Deloitte, may not be enough to counteract the selling pressure in the short term. Additionally, the regulatory environment remains uncertain, which could further contribute to a cautious market sentiment. Therefore, it is reasonable to predict that DOT-USD could experience a downward trend of more than 5% in the upcoming week.**"
"[Cryptocurrency Introduction]: Polkadot (DOT) is a cryptocurrency . Polkadot has a current supply of 1,583,211,692.52535652. The last known price of Polkadot is 3.96570897 USD and is down -0.58 over the last 24 hours. It is currently trading on 914 active market(s) with $144,897,163.73 traded over the last 24 hours. More information can be found at https://polkadot.com.. It has a market capilization of 6394891776.

From 2024-01-05 to 2024-01-12, DOT-USD's stock price increased from 7.45 to 7.57. News during this period are listed below:

[Headline]: Deloitte Taps Polkadot Ecosystem's Kilt Blockchain for Digital Shipping Logistics
[Summary]: BANGALORE, India — A division of professional services firm Deloitte, one of the “Big Four” accounting firms, will use the Polkadot-based Kilt blockchain to offer logistics and supply-chain services f...

[Headline]: Zodia Custody Looks to Drive Institutional Access to Polkadot Ecosystem
[Summary]: Cryptocurrency storage provider Zodia Custody, a subsidiary of Standard Chartered (STAN), is to provide institutional support for the Polkadot blockchain through a new partnership with one of the netw...

[Headline]: Polkadot Revamps Governance System, Removes ‘First Class Citizen’ Voting Groups
[Summary]: Polkadot, an interconnected network of public blockchains, streamlined its governance model to allow voting on multiple issues to take place simultaneously with everything being directly controlled by...

[Headline]: Polkadot Registers Trademark for Blockchain Communication Platform
[Summary]: Polkadot, which describes itself as a ""layer 0 blockchain,"" has filed a trademark registration for what appears to be a blockchain-based messaging application, according to a recent filing.

The phras...

[Headline]: DeFi Platform Lido to Cease Staking on Polkadot, Kusama in August
[Summary]: Decentralized-finance staking service Lido (LDO) will end its staking program on the Polkadot (DOT) and Kusama (KSM) blockchains on Aug. 1, according to a blog post by pseudonymous Lido developer MixB...

From 2024-01-12 to 2024-01-19, DOT-USD's stock price decreased from 7.57 to 6.87. News during this period are listed below:

[Headline]: Deloitte Taps Polkadot Ecosystem's Kilt Blockchain for Digital Shipping Logistics
[Summary]: BANGALORE, India — A division of professional services firm Deloitte, one of the “Big Four” accounting firms, will use the Polkadot-based Kilt blockchain to offer logistics and supply-chain services f...

[Headline]: Zodia Custody Looks to Drive Institutional Access to Polkadot Ecosystem
[Summary]: Cryptocurrency storage provider Zodia Custody, a subsidiary of Standard Chartered (STAN), is to provide institutional support for the Polkadot blockchain through a new partnership with one of the netw...

[Headline]: Polkadot Revamps Governance System, Removes ‘First Class Citizen’ Voting Groups
[Summary]: Polkadot, an interconnected network of public blockchains, streamlined its governance model to allow voting on multiple issues to take place simultaneously with everything being directly controlled by...

[Headline]: Polkadot Registers Trademark for Blockchain Communication Platform
[Summary]: Polkadot, which describes itself as a ""layer 0 blockchain,"" has filed a trademark registration for what appears to be a blockchain-based messaging application, according to a recent filing.

The phras...

[Headline]: DeFi Platform Lido to Cease Staking on Polkadot, Kusama in August
[Summary]: Decentralized-finance staking service Lido (LDO) will end its staking program on the Polkadot (DOT) and Kusama (KSM) blockchains on Aug. 1, according to a blog post by pseudonymous Lido developer MixB...



Based on all the information before 2024-01-19, let's first analyze the positive developments and potential concerns for DOT-USD. Come up with 2-4 most important factors respectively and keep them concise. Most factors should be inferred from cryptocurrencies related news. Then let's assume your prediction for next week (2024-01-19 to 2024-01-26) is down by 2-3%. Provide a summary analysis to support your prediction. The prediction result need to be inferred from your analysis at the end, and thus not appearing as a foundational factor of your analysis.","**[Positive Developments]:
1. **Institutional Support**: Zodia Custody's partnership to provide institutional support for Polkadot is a significant step towards attracting more institutional investors, potentially increasing demand for DOT.
2. **Corporate Adoption**: Deloitte's use of the Polkadot-based Kilt blockchain for logistics services validates the real-world application of Polkadot's technology, which can drive long-term growth.
3. **Governance Enhancements**: The revamp of Polkadot's governance system streamlines decision-making processes, making the network more efficient and appealing to investors.

**[Potential Concerns]:
1. **Staking Changes**: Lido's decision to cease staking on Polkadot could reduce the staking rate and potentially decrease demand for DOT.
2. **Market Sentiment**: The recent price decrease from 7.57 to 6.87 indicates a bearish trend, which could continue if market sentiment remains negative.
3. **Regulatory Risks**: Uncertainty in the regulatory environment for cryptocurrencies could impact the price of DOT, as adverse regulations could lead to a sell-off.

**[Prediction & Analysis]:
The price of DOT-USD decreased from 7.57 to 6.87, indicating a bearish trend. Despite positive developments like institutional support and corporate adoption, the market sentiment appears to be negative. The decision by Lido to cease staking services could further exacerbate this trend. Additionally, regulatory uncertainties add to the downside risk. While the long-term prospects of Polkadot remain promising, the short-term outlook is clouded by these concerns. Therefore, it is reasonable to predict a further decrease of 2-3% in the price of DOT-USD in the upcoming week.**"
"[Cryptocurrency Introduction]: Polkadot (DOT) is a cryptocurrency . Polkadot has a current supply of 1,583,211,692.52535652. The last known price of Polkadot is 3.96570897 USD and is down -0.58 over the last 24 hours. It is currently trading on 914 active market(s) with $144,897,163.73 traded over the last 24 hours. More information can be found at https://polkadot.com.. It has a market capilization of 6394891776.

From 2024-01-05 to 2024-01-12, DOT-USD's stock price increased from 7.45 to 7.57. News during this period are listed below:

[Headline]: Deloitte Taps Polkadot Ecosystem's Kilt Blockchain for Digital Shipping Logistics
[Summary]: BANGALORE, India — A division of professional services firm Deloitte, one of the “Big Four” accounting firms, will use the Polkadot-based Kilt blockchain to offer logistics and supply-chain services f...

[Headline]: Zodia Custody Looks to Drive Institutional Access to Polkadot Ecosystem
[Summary]: Cryptocurrency storage provider Zodia Custody, a subsidiary of Standard Chartered (STAN), is to provide institutional support for the Polkadot blockchain through a new partnership with one of the netw...

[Headline]: Polkadot Revamps Governance System, Removes ‘First Class Citizen’ Voting Groups
[Summary]: Polkadot, an interconnected network of public blockchains, streamlined its governance model to allow voting on multiple issues to take place simultaneously with everything being directly controlled by...

[Headline]: Polkadot Registers Trademark for Blockchain Communication Platform
[Summary]: Polkadot, which describes itself as a ""layer 0 blockchain,"" has filed a trademark registration for what appears to be a blockchain-based messaging application, according to a recent filing.

The phras...

[Headline]: DeFi Platform Lido to Cease Staking on Polkadot, Kusama in August
[Summary]: Decentralized-finance staking service Lido (LDO) will end its staking program on the Polkadot (DOT) and Kusama (KSM) blockchains on Aug. 1, according to a blog post by pseudonymous Lido developer MixB...

From 2024-01-12 to 2024-01-19, DOT-USD's stock price decreased from 7.57 to 6.87. News during this period are listed below:

[Headline]: Deloitte Taps Polkadot Ecosystem's Kilt Blockchain for Digital Shipping Logistics
[Summary]: BANGALORE, India — A division of professional services firm Deloitte, one of the “Big Four” accounting firms, will use the Polkadot-based Kilt blockchain to offer logistics and supply-chain services f...

[Headline]: Zodia Custody Looks to Drive Institutional Access to Polkadot Ecosystem
[Summary]: Cryptocurrency storage provider Zodia Custody, a subsidiary of Standard Chartered (STAN), is to provide institutional support for the Polkadot blockchain through a new partnership with one of the netw...

[Headline]: Polkadot Revamps Governance System, Removes ‘First Class Citizen’ Voting Groups
[Summary]: Polkadot, an interconnected network of public blockchains, streamlined its governance model to allow voting on multiple issues to take place simultaneously with everything being directly controlled by...

[Headline]: Polkadot Registers Trademark for Blockchain Communication Platform
[Summary]: Polkadot, which describes itself as a ""layer 0 blockchain,"" has filed a trademark registration for what appears to be a blockchain-based messaging application, according to a recent filing.

The phras...

[Headline]: DeFi Platform Lido to Cease Staking on Polkadot, Kusama in August
[Summary]: Decentralized-finance staking service Lido (LDO) will end its staking program on the Polkadot (DOT) and Kusama (KSM) blockchains on Aug. 1, according to a blog post by pseudonymous Lido developer MixB...

From 2024-01-19 to 2024-01-26, DOT-USD's stock price decreased from 6.87 to 6.67. News during this period are listed below:

[Headline]: Deloitte Taps Polkadot Ecosystem's Kilt Blockchain for Digital Shipping Logistics
[Summary]: BANGALORE, India — A division of professional services firm Deloitte, one of the “Big Four” accounting firms, will use the Polkadot-based Kilt blockchain to offer logistics and supply-chain services f...

[Headline]: Zodia Custody Looks to Drive Institutional Access to Polkadot Ecosystem
[Summary]: Cryptocurrency storage provider Zodia Custody, a subsidiary of Standard Chartered (STAN), is to provide institutional support for the Polkadot blockchain through a new partnership with one of the netw...

[Headline]: Polkadot Revamps Governance System, Removes ‘First Class Citizen’ Voting Groups
[Summary]: Polkadot, an interconnected network of public blockchains, streamlined its governance model to allow voting on multiple issues to take place simultaneously with everything being directly controlled by...

[Headline]: Polkadot Registers Trademark for Blockchain Communication Platform
[Summary]: Polkadot, which describes itself as a ""layer 0 blockchain,"" has filed a trademark registration for what appears to be a blockchain-based messaging application, according to a recent filing.

The phras...

[Headline]: DeFi Platform Lido to Cease Staking on Polkadot, Kusama in August
[Summary]: Decentralized-finance staking service Lido (LDO) will end its staking program on the Polkadot (DOT) and Kusama (KSM) blockchains on Aug. 1, according to a blog post by pseudonymous Lido developer MixB...



Based on all the information before 2024-01-26, let's first analyze the positive developments and potential concerns for DOT-USD. Come up with 2-4 most important factors respectively and keep them concise. Most factors should be inferred from cryptocurrencies related news. Then let's assume your prediction for next week (2024-01-26 to 2024-02-02) is up by 3-4%. Provide a summary analysis to support your prediction. The prediction result need to be inferred from your analysis at the end, and thus not appearing as a foundational factor of your analysis.","**[Positive Developments]:
1. **Institutional Access**: Zodia Custody's initiative to drive institutional access to the Polkadot ecosystem can bring in more institutional investors, boosting demand for DOT.
2. **Governance Improvements**: Polkadot's revamped governance system enhances the network's efficiency and decentralization, making it more attractive to investors.
3. **Corporate Partnerships**: Deloitte's adoption of the Polkadot-based Kilt blockchain for logistics services demonstrates real-world use cases, which can drive long-term growth.

**[Potential Concerns]:
1. **Staking Impact**: Lido's decision to cease staking on Polkadot could lead to a decrease in the staking rate, potentially reducing demand for DOT.
2. **Market Trends**: The continued price decrease from 6.87 to 6.67 suggests a bearish trend, which could persist if market sentiment remains negative.
3. **Regulatory Uncertainty**: The uncertain regulatory environment for cryptocurrencies could impact the price of DOT, as adverse regulations could lead to a sell-off.

**[Prediction & Analysis]:
The price of DOT-USD has been on a downward trend, decreasing from 6.87 to 6.67. However, several positive developments, such as institutional access and governance improvements, suggest long-term potential. The decision by Lido to cease staking services is a concern, but the market may have already priced in this news. Additionally, the recent price decrease could attract buyers looking for entry points. While regulatory uncertainties persist, the positive developments and potential overselling could lead to a rebound. Therefore, it is reasonable to predict an increase of 3-4% in the price of DOT-USD in the upcoming week.**"
"[Cryptocurrency Introduction]: Polkadot (DOT) is a cryptocurrency . Polkadot has a current supply of 1,583,211,692.52535652. The last known price of Polkadot is 3.96570897 USD and is down -0.58 over the last 24 hours. It is currently trading on 914 active market(s) with $144,897,163.73 traded over the last 24 hours. More information can be found at https://polkadot.com.. It has a market capilization of 6394891776.

From 2024-01-05 to 2024-01-12, DOT-USD's stock price increased from 7.45 to 7.57. News during this period are listed below:

[Headline]: Deloitte Taps Polkadot Ecosystem's Kilt Blockchain for Digital Shipping Logistics
[Summary]: BANGALORE, India — A division of professional services firm Deloitte, one of the “Big Four” accounting firms, will use the Polkadot-based Kilt blockchain to offer logistics and supply-chain services f...

[Headline]: Zodia Custody Looks to Drive Institutional Access to Polkadot Ecosystem
[Summary]: Cryptocurrency storage provider Zodia Custody, a subsidiary of Standard Chartered (STAN), is to provide institutional support for the Polkadot blockchain through a new partnership with one of the netw...

[Headline]: Polkadot Revamps Governance System, Removes ‘First Class Citizen’ Voting Groups
[Summary]: Polkadot, an interconnected network of public blockchains, streamlined its governance model to allow voting on multiple issues to take place simultaneously with everything being directly controlled by...

[Headline]: Polkadot Registers Trademark for Blockchain Communication Platform
[Summary]: Polkadot, which describes itself as a ""layer 0 blockchain,"" has filed a trademark registration for what appears to be a blockchain-based messaging application, according to a recent filing.

The phras...

[Headline]: DeFi Platform Lido to Cease Staking on Polkadot, Kusama in August
[Summary]: Decentralized-finance staking service Lido (LDO) will end its staking program on the Polkadot (DOT) and Kusama (KSM) blockchains on Aug. 1, according to a blog post by pseudonymous Lido developer MixB...

From 2024-01-12 to 2024-01-19, DOT-USD's stock price decreased from 7.57 to 6.87. News during this period are listed below:

[Headline]: Deloitte Taps Polkadot Ecosystem's Kilt Blockchain for Digital Shipping Logistics
[Summary]: BANGALORE, India — A division of professional services firm Deloitte, one of the “Big Four” accounting firms, will use the Polkadot-based Kilt blockchain to offer logistics and supply-chain services f...

[Headline]: Zodia Custody Looks to Drive Institutional Access to Polkadot Ecosystem
[Summary]: Cryptocurrency storage provider Zodia Custody, a subsidiary of Standard Chartered (STAN), is to provide institutional support for the Polkadot blockchain through a new partnership with one of the netw...

[Headline]: Polkadot Revamps Governance System, Removes ‘First Class Citizen’ Voting Groups
[Summary]: Polkadot, an interconnected network of public blockchains, streamlined its governance model to allow voting on multiple issues to take place simultaneously with everything being directly controlled by...

[Headline]: Polkadot Registers Trademark for Blockchain Communication Platform
[Summary]: Polkadot, which describes itself as a ""layer 0 blockchain,"" has filed a trademark registration for what appears to be a blockchain-based messaging application, according to a recent filing.

The phras...

[Headline]: DeFi Platform Lido to Cease Staking on Polkadot, Kusama in August
[Summary]: Decentralized-finance staking service Lido (LDO) will end its staking program on the Polkadot (DOT) and Kusama (KSM) blockchains on Aug. 1, according to a blog post by pseudonymous Lido developer MixB...

From 2024-01-19 to 2024-01-26, DOT-USD's stock price decreased from 6.87 to 6.67. News during this period are listed below:

[Headline]: Deloitte Taps Polkadot Ecosystem's Kilt Blockchain for Digital Shipping Logistics
[Summary]: BANGALORE, India — A division of professional services firm Deloitte, one of the “Big Four” accounting firms, will use the Polkadot-based Kilt blockchain to offer logistics and supply-chain services f...

[Headline]: Zodia Custody Looks to Drive Institutional Access to Polkadot Ecosystem
[Summary]: Cryptocurrency storage provider Zodia Custody, a subsidiary of Standard Chartered (STAN), is to provide institutional support for the Polkadot blockchain through a new partnership with one of the netw...

[Headline]: Polkadot Revamps Governance System, Removes ‘First Class Citizen’ Voting Groups
[Summary]: Polkadot, an interconnected network of public blockchains, streamlined its governance model to allow voting on multiple issues to take place simultaneously with everything being directly controlled by...

[Headline]: Polkadot Registers Trademark for Blockchain Communication Platform
[Summary]: Polkadot, which describes itself as a ""layer 0 blockchain,"" has filed a trademark registration for what appears to be a blockchain-based messaging application, according to a recent filing.

The phras...

[Headline]: DeFi Platform Lido to Cease Staking on Polkadot, Kusama in August
[Summary]: Decentralized-finance staking service Lido (LDO) will end its staking program on the Polkadot (DOT) and Kusama (KSM) blockchains on Aug. 1, according to a blog post by pseudonymous Lido developer MixB...

From 2024-01-26 to 2024-02-02, DOT-USD's stock price increased from 6.67 to 6.94. News during this period are listed below:

[Headline]: Deloitte Taps Polkadot Ecosystem's Kilt Blockchain for Digital Shipping Logistics
[Summary]: BANGALORE, India — A division of professional services firm Deloitte, one of the “Big Four” accounting firms, will use the Polkadot-based Kilt blockchain to offer logistics and supply-chain services f...

[Headline]: Zodia Custody Looks to Drive Institutional Access to Polkadot Ecosystem
[Summary]: Cryptocurrency storage provider Zodia Custody, a subsidiary of Standard Chartered (STAN), is to provide institutional support for the Polkadot blockchain through a new partnership with one of the netw...

[Headline]: Polkadot Revamps Governance System, Removes ‘First Class Citizen’ Voting Groups
[Summary]: Polkadot, an interconnected network of public blockchains, streamlined its governance model to allow voting on multiple issues to take place simultaneously with everything being directly controlled by...

[Headline]: Polkadot Registers Trademark for Blockchain Communication Platform
[Summary]: Polkadot, which describes itself as a ""layer 0 blockchain,"" has filed a trademark registration for what appears to be a blockchain-based messaging application, according to a recent filing.

The phras...

[Headline]: DeFi Platform Lido to Cease Staking on Polkadot, Kusama in August
[Summary]: Decentralized-finance staking service Lido (LDO) will end its staking program on the Polkadot (DOT) and Kusama (KSM) blockchains on Aug. 1, according to a blog post by pseudonymous Lido developer MixB...



Based on all the information before 2024-02-02, let's first analyze the positive developments and potential concerns for DOT-USD. Come up with 2-4 most important factors respectively and keep them concise. Most factors should be inferred from cryptocurrencies related news. Then let's assume your prediction for next week (2024-02-02 to 2024-02-09) is up by 3-4%. Provide a summary analysis to support your prediction. The prediction result need to be inferred from your analysis at the end, and thus not appearing as a foundational factor of your analysis.","**[Positive Developments]:
1. **Institutional Support**: Zodia Custody's partnership to provide institutional support for Polkadot can attract more institutional investors, increasing demand for DOT.
2. **Governance Enhancements**: The revamp of Polkadot's governance system makes the network more efficient and decentralized, enhancing its appeal to investors.
3. **Corporate Adoption**: Deloitte's use of the Polkadot-based Kilt blockchain for logistics services validates the technology's real-world applications, driving long-term growth.

**[Potential Concerns]:
1. **Staking Changes**: Lido's decision to cease staking on Polkadot could reduce the staking rate and potentially decrease demand for DOT.
2. **Market Volatility**: The cryptocurrency market remains highly volatile, and any negative market sentiment could lead to a sell-off of DOT.
3. **Regulatory Risks**: Uncertainty in the regulatory environment for cryptocurrencies could impact the price of DOT, as adverse regulations could lead to a sell-off.

**[Prediction & Analysis]:
The price of DOT-USD increased from 6.67 to 6.94, indicating a potential reversal of the recent downtrend. Positive developments such as institutional support and governance enhancements suggest long-term growth potential. While the decision by Lido to cease staking services is a concern, the market may have already priced in this news. Additionally, the recent price increase could attract more buyers, further driving up the price. However, market volatility and regulatory risks remain. Therefore, it is reasonable to predict an increase of 3-4% in the price of DOT-USD in the upcoming week.**"
"[Cryptocurrency Introduction]: Polkadot (DOT) is a cryptocurrency . Polkadot has a current supply of 1,583,211,692.52535652. The last known price of Polkadot is 3.96570897 USD and is down -0.58 over the last 24 hours. It is currently trading on 914 active market(s) with $144,897,163.73 traded over the last 24 hours. More information can be found at https://polkadot.com.. It has a market capilization of 6394891776.

From 2024-01-12 to 2024-01-19, DOT-USD's stock price decreased from 7.57 to 6.87. News during this period are listed below:

[Headline]: Deloitte Taps Polkadot Ecosystem's Kilt Blockchain for Digital Shipping Logistics
[Summary]: BANGALORE, India — A division of professional services firm Deloitte, one of the “Big Four” accounting firms, will use the Polkadot-based Kilt blockchain to offer logistics and supply-chain services f...

[Headline]: Zodia Custody Looks to Drive Institutional Access to Polkadot Ecosystem
[Summary]: Cryptocurrency storage provider Zodia Custody, a subsidiary of Standard Chartered (STAN), is to provide institutional support for the Polkadot blockchain through a new partnership with one of the netw...

[Headline]: Polkadot Revamps Governance System, Removes ‘First Class Citizen’ Voting Groups
[Summary]: Polkadot, an interconnected network of public blockchains, streamlined its governance model to allow voting on multiple issues to take place simultaneously with everything being directly controlled by...

[Headline]: Polkadot Registers Trademark for Blockchain Communication Platform
[Summary]: Polkadot, which describes itself as a ""layer 0 blockchain,"" has filed a trademark registration for what appears to be a blockchain-based messaging application, according to a recent filing.

The phras...

[Headline]: DeFi Platform Lido to Cease Staking on Polkadot, Kusama in August
[Summary]: Decentralized-finance staking service Lido (LDO) will end its staking program on the Polkadot (DOT) and Kusama (KSM) blockchains on Aug. 1, according to a blog post by pseudonymous Lido developer MixB...

From 2024-01-19 to 2024-01-26, DOT-USD's stock price decreased from 6.87 to 6.67. News during this period are listed below:

[Headline]: Deloitte Taps Polkadot Ecosystem's Kilt Blockchain for Digital Shipping Logistics
[Summary]: BANGALORE, India — A division of professional services firm Deloitte, one of the “Big Four” accounting firms, will use the Polkadot-based Kilt blockchain to offer logistics and supply-chain services f...

[Headline]: Zodia Custody Looks to Drive Institutional Access to Polkadot Ecosystem
[Summary]: Cryptocurrency storage provider Zodia Custody, a subsidiary of Standard Chartered (STAN), is to provide institutional support for the Polkadot blockchain through a new partnership with one of the netw...

[Headline]: Polkadot Revamps Governance System, Removes ‘First Class Citizen’ Voting Groups
[Summary]: Polkadot, an interconnected network of public blockchains, streamlined its governance model to allow voting on multiple issues to take place simultaneously with everything being directly controlled by...

[Headline]: Polkadot Registers Trademark for Blockchain Communication Platform
[Summary]: Polkadot, which describes itself as a ""layer 0 blockchain,"" has filed a trademark registration for what appears to be a blockchain-based messaging application, according to a recent filing.

The phras...

[Headline]: DeFi Platform Lido to Cease Staking on Polkadot, Kusama in August
[Summary]: Decentralized-finance staking service Lido (LDO) will end its staking program on the Polkadot (DOT) and Kusama (KSM) blockchains on Aug. 1, according to a blog post by pseudonymous Lido developer MixB...

From 2024-01-26 to 2024-02-02, DOT-USD's stock price increased from 6.67 to 6.94. News during this period are listed below:

[Headline]: Deloitte Taps Polkadot Ecosystem's Kilt Blockchain for Digital Shipping Logistics
[Summary]: BANGALORE, India — A division of professional services firm Deloitte, one of the “Big Four” accounting firms, will use the Polkadot-based Kilt blockchain to offer logistics and supply-chain services f...

[Headline]: Zodia Custody Looks to Drive Institutional Access to Polkadot Ecosystem
[Summary]: Cryptocurrency storage provider Zodia Custody, a subsidiary of Standard Chartered (STAN), is to provide institutional support for the Polkadot blockchain through a new partnership with one of the netw...

[Headline]: Polkadot Revamps Governance System, Removes ‘First Class Citizen’ Voting Groups
[Summary]: Polkadot, an interconnected network of public blockchains, streamlined its governance model to allow voting on multiple issues to take place simultaneously with everything being directly controlled by...

[Headline]: Polkadot Registers Trademark for Blockchain Communication Platform
[Summary]: Polkadot, which describes itself as a ""layer 0 blockchain,"" has filed a trademark registration for what appears to be a blockchain-based messaging application, according to a recent filing.

The phras...

[Headline]: DeFi Platform Lido to Cease Staking on Polkadot, Kusama in August
[Summary]: Decentralized-finance staking service Lido (LDO) will end its staking program on the Polkadot (DOT) and Kusama (KSM) blockchains on Aug. 1, according to a blog post by pseudonymous Lido developer MixB...

From 2024-02-02 to 2024-02-09, DOT-USD's stock price increased from 6.94 to 7.19. News during this period are listed below:

[Headline]: Deloitte Taps Polkadot Ecosystem's Kilt Blockchain for Digital Shipping Logistics
[Summary]: BANGALORE, India — A division of professional services firm Deloitte, one of the “Big Four” accounting firms, will use the Polkadot-based Kilt blockchain to offer logistics and supply-chain services f...

[Headline]: Zodia Custody Looks to Drive Institutional Access to Polkadot Ecosystem
[Summary]: Cryptocurrency storage provider Zodia Custody, a subsidiary of Standard Chartered (STAN), is to provide institutional support for the Polkadot blockchain through a new partnership with one of the netw...

[Headline]: Polkadot Revamps Governance System, Removes ‘First Class Citizen’ Voting Groups
[Summary]: Polkadot, an interconnected network of public blockchains, streamlined its governance model to allow voting on multiple issues to take place simultaneously with everything being directly controlled by...

[Headline]: Polkadot Registers Trademark for Blockchain Communication Platform
[Summary]: Polkadot, which describes itself as a ""layer 0 blockchain,"" has filed a trademark registration for what appears to be a blockchain-based messaging application, according to a recent filing.

The phras...

[Headline]: DeFi Platform Lido to Cease Staking on Polkadot, Kusama in August
[Summary]: Decentralized-finance staking service Lido (LDO) will end its staking program on the Polkadot (DOT) and Kusama (KSM) blockchains on Aug. 1, according to a blog post by pseudonymous Lido developer MixB...



Based on all the information before 2024-02-09, let's first analyze the positive developments and potential concerns for DOT-USD. Come up with 2-4 most important factors respectively and keep them concise. Most factors should be inferred from cryptocurrencies related news. Then let's assume your prediction for next week (2024-02-09 to 2024-02-16) is up by more than 5%. Provide a summary analysis to support your prediction. The prediction result need to be inferred from your analysis at the end, and thus not appearing as a foundational factor of your analysis.","**[Positive Developments]:
1. **Institutional Access**: Zodia Custody's initiative to drive institutional access to the Polkadot ecosystem can bring in more institutional investors, boosting demand for DOT.
2. **Governance Improvements**: Polkadot's revamped governance system enhances the network's efficiency and decentralization, making it more attractive to investors.
3. **Corporate Partnerships**: Deloitte's adoption of the Polkadot-based Kilt blockchain for logistics services demonstrates real-world use cases, which can drive long-term growth.
4. **Price Momentum**: The recent price increase from 6.94 to 7.19 indicates bullish momentum, which could attract more buyers.

**[Potential Concerns]:
1. **Staking Impact**: Lido's decision to cease staking on Polkadot could lead to a decrease in the staking rate, potentially reducing demand for DOT.
2. **Market Correction**: The recent price increase could be followed by a correction if market sentiment shifts.
3. **Regulatory Uncertainty**: The uncertain regulatory environment for cryptocurrencies could impact the price of DOT, as adverse regulations could lead to a sell-off.

**[Prediction & Analysis]:
The price of DOT-USD has shown strong momentum, increasing from 6.94 to 7.19. Positive developments such as institutional access, governance improvements, and corporate partnerships suggest significant growth potential. While the decision by Lido to cease staking services is a concern, the market's bullish sentiment may override this factor in the short term. Additionally, the recent price increase could attract more buyers, further driving up the price. Although regulatory uncertainties persist, the current market dynamics support a bullish outlook. Therefore, it is reasonable to predict an increase of more than 5% in the price of DOT-USD in the upcoming week.**"
"[Cryptocurrency Introduction]: Polkadot (DOT) is a cryptocurrency . Polkadot has a current supply of 1,583,211,692.52535652. The last known price of Polkadot is 3.96570897 USD and is down -0.58 over the last 24 hours. It is currently trading on 914 active market(s) with $144,897,163.73 traded over the last 24 hours. More information can be found at https://polkadot.com.. It has a market capilization of 6394891776.

From 2024-02-02 to 2024-02-09, DOT-USD's stock price increased from 6.94 to 7.19. News during this period are listed below:

[Headline]: Deloitte Taps Polkadot Ecosystem's Kilt Blockchain for Digital Shipping Logistics
[Summary]: BANGALORE, India — A division of professional services firm Deloitte, one of the “Big Four” accounting firms, will use the Polkadot-based Kilt blockchain to offer logistics and supply-chain services f...

[Headline]: Zodia Custody Looks to Drive Institutional Access to Polkadot Ecosystem
[Summary]: Cryptocurrency storage provider Zodia Custody, a subsidiary of Standard Chartered (STAN), is to provide institutional support for the Polkadot blockchain through a new partnership with one of the netw...

[Headline]: Polkadot Revamps Governance System, Removes ‘First Class Citizen’ Voting Groups
[Summary]: Polkadot, an interconnected network of public blockchains, streamlined its governance model to allow voting on multiple issues to take place simultaneously with everything being directly controlled by...

[Headline]: Polkadot Registers Trademark for Blockchain Communication Platform
[Summary]: Polkadot, which describes itself as a ""layer 0 blockchain,"" has filed a trademark registration for what appears to be a blockchain-based messaging application, according to a recent filing.

The phras...

[Headline]: DeFi Platform Lido to Cease Staking on Polkadot, Kusama in August
[Summary]: Decentralized-finance staking service Lido (LDO) will end its staking program on the Polkadot (DOT) and Kusama (KSM) blockchains on Aug. 1, according to a blog post by pseudonymous Lido developer MixB...

From 2024-02-09 to 2024-02-16, DOT-USD's stock price increased from 7.19 to 7.66. News during this period are listed below:

[Headline]: Deloitte Taps Polkadot Ecosystem's Kilt Blockchain for Digital Shipping Logistics
[Summary]: BANGALORE, India — A division of professional services firm Deloitte, one of the “Big Four” accounting firms, will use the Polkadot-based Kilt blockchain to offer logistics and supply-chain services f...

[Headline]: Zodia Custody Looks to Drive Institutional Access to Polkadot Ecosystem
[Summary]: Cryptocurrency storage provider Zodia Custody, a subsidiary of Standard Chartered (STAN), is to provide institutional support for the Polkadot blockchain through a new partnership with one of the netw...

[Headline]: Polkadot Revamps Governance System, Removes ‘First Class Citizen’ Voting Groups
[Summary]: Polkadot, an interconnected network of public blockchains, streamlined its governance model to allow voting on multiple issues to take place simultaneously with everything being directly controlled by...

[Headline]: Polkadot Registers Trademark for Blockchain Communication Platform
[Summary]: Polkadot, which describes itself as a ""layer 0 blockchain,"" has filed a trademark registration for what appears to be a blockchain-based messaging application, according to a recent filing.

The phras...

[Headline]: DeFi Platform Lido to Cease Staking on Polkadot, Kusama in August
[Summary]: Decentralized-finance staking service Lido (LDO) will end its staking program on the Polkadot (DOT) and Kusama (KSM) blockchains on Aug. 1, according to a blog post by pseudonymous Lido developer MixB...



Based on all the information before 2024-02-16, let's first analyze the positive developments and potential concerns for DOT-USD. Come up with 2-4 most important factors respectively and keep them concise. Most factors should be inferred from cryptocurrencies related news. Then let's assume your prediction for next week (2024-02-16 to 2024-02-23) is down by 1-2%. Provide a summary analysis to support your prediction. The prediction result need to be inferred from your analysis at the end, and thus not appearing as a foundational factor of your analysis.","[Positive Developments]:
1. **Institutional Support**: Zodia Custody, a subsidiary of Standard Chartered, is providing institutional support for the Polkadot blockchain, which can drive more institutional investments into DOT.
2. **Mainstream Adoption**: Deloitte's use of Polkadot-based Kilt blockchain for logistics and supply-chain services indicates growing mainstream adoption.
3. **Governance Improvements**: Polkadot's revamped governance system aims to streamline decision-making processes, enhancing the blockchain's efficiency and attractiveness to investors.

[Potential Concerns]:
1. **Staking Concerns**: Lido's decision to cease staking on Polkadot and Kusama may reduce the demand for DOT, as staking is a significant use case for the token.
2. **Market Volatility**: The cryptocurrency market's inherent volatility could lead to sudden price fluctuations for DOT, despite positive developments.

[Prediction & Analysis]:
The price of DOT-USD has been on an upward trend, but the news of Lido ceasing staking services could lead to a temporary decrease in demand. Coupled with the inherent volatility of the cryptocurrency market, we might see a slight correction in the price of DOT-USD. The positive developments, such as institutional support and mainstream adoption, may not be enough to counteract these concerns in the very short term. Therefore, a downward movement of 1-2% can be expected in the upcoming week."
"[Cryptocurrency Introduction]: Polkadot (DOT) is a cryptocurrency . Polkadot has a current supply of 1,583,211,692.52535652. The last known price of Polkadot is 3.96570897 USD and is down -0.58 over the last 24 hours. It is currently trading on 914 active market(s) with $144,897,163.73 traded over the last 24 hours. More information can be found at https://polkadot.com.. It has a market capilization of 6394891776.

From 2024-02-02 to 2024-02-09, DOT-USD's stock price increased from 6.94 to 7.19. News during this period are listed below:

[Headline]: Deloitte Taps Polkadot Ecosystem's Kilt Blockchain for Digital Shipping Logistics
[Summary]: BANGALORE, India — A division of professional services firm Deloitte, one of the “Big Four” accounting firms, will use the Polkadot-based Kilt blockchain to offer logistics and supply-chain services f...

[Headline]: Zodia Custody Looks to Drive Institutional Access to Polkadot Ecosystem
[Summary]: Cryptocurrency storage provider Zodia Custody, a subsidiary of Standard Chartered (STAN), is to provide institutional support for the Polkadot blockchain through a new partnership with one of the netw...

[Headline]: Polkadot Revamps Governance System, Removes ‘First Class Citizen’ Voting Groups
[Summary]: Polkadot, an interconnected network of public blockchains, streamlined its governance model to allow voting on multiple issues to take place simultaneously with everything being directly controlled by...

[Headline]: Polkadot Registers Trademark for Blockchain Communication Platform
[Summary]: Polkadot, which describes itself as a ""layer 0 blockchain,"" has filed a trademark registration for what appears to be a blockchain-based messaging application, according to a recent filing.

The phras...

[Headline]: DeFi Platform Lido to Cease Staking on Polkadot, Kusama in August
[Summary]: Decentralized-finance staking service Lido (LDO) will end its staking program on the Polkadot (DOT) and Kusama (KSM) blockchains on Aug. 1, according to a blog post by pseudonymous Lido developer MixB...

From 2024-02-09 to 2024-02-16, DOT-USD's stock price increased from 7.19 to 7.66. News during this period are listed below:

[Headline]: Deloitte Taps Polkadot Ecosystem's Kilt Blockchain for Digital Shipping Logistics
[Summary]: BANGALORE, India — A division of professional services firm Deloitte, one of the “Big Four” accounting firms, will use the Polkadot-based Kilt blockchain to offer logistics and supply-chain services f...

[Headline]: Zodia Custody Looks to Drive Institutional Access to Polkadot Ecosystem
[Summary]: Cryptocurrency storage provider Zodia Custody, a subsidiary of Standard Chartered (STAN), is to provide institutional support for the Polkadot blockchain through a new partnership with one of the netw...

[Headline]: Polkadot Revamps Governance System, Removes ‘First Class Citizen’ Voting Groups
[Summary]: Polkadot, an interconnected network of public blockchains, streamlined its governance model to allow voting on multiple issues to take place simultaneously with everything being directly controlled by...

[Headline]: Polkadot Registers Trademark for Blockchain Communication Platform
[Summary]: Polkadot, which describes itself as a ""layer 0 blockchain,"" has filed a trademark registration for what appears to be a blockchain-based messaging application, according to a recent filing.

The phras...

[Headline]: DeFi Platform Lido to Cease Staking on Polkadot, Kusama in August
[Summary]: Decentralized-finance staking service Lido (LDO) will end its staking program on the Polkadot (DOT) and Kusama (KSM) blockchains on Aug. 1, according to a blog post by pseudonymous Lido developer MixB...

From 2024-02-16 to 2024-02-23, DOT-USD's stock price decreased from 7.66 to 7.56. News during this period are listed below:

[Headline]: Deloitte Taps Polkadot Ecosystem's Kilt Blockchain for Digital Shipping Logistics
[Summary]: BANGALORE, India — A division of professional services firm Deloitte, one of the “Big Four” accounting firms, will use the Polkadot-based Kilt blockchain to offer logistics and supply-chain services f...

[Headline]: Zodia Custody Looks to Drive Institutional Access to Polkadot Ecosystem
[Summary]: Cryptocurrency storage provider Zodia Custody, a subsidiary of Standard Chartered (STAN), is to provide institutional support for the Polkadot blockchain through a new partnership with one of the netw...

[Headline]: Polkadot Revamps Governance System, Removes ‘First Class Citizen’ Voting Groups
[Summary]: Polkadot, an interconnected network of public blockchains, streamlined its governance model to allow voting on multiple issues to take place simultaneously with everything being directly controlled by...

[Headline]: Polkadot Registers Trademark for Blockchain Communication Platform
[Summary]: Polkadot, which describes itself as a ""layer 0 blockchain,"" has filed a trademark registration for what appears to be a blockchain-based messaging application, according to a recent filing.

The phras...

[Headline]: DeFi Platform Lido to Cease Staking on Polkadot, Kusama in August
[Summary]: Decentralized-finance staking service Lido (LDO) will end its staking program on the Polkadot (DOT) and Kusama (KSM) blockchains on Aug. 1, according to a blog post by pseudonymous Lido developer MixB...



Based on all the information before 2024-02-23, let's first analyze the positive developments and potential concerns for DOT-USD. Come up with 2-4 most important factors respectively and keep them concise. Most factors should be inferred from cryptocurrencies related news. Then let's assume your prediction for next week (2024-02-23 to 2024-03-01) is up by more than 5%. Provide a summary analysis to support your prediction. The prediction result need to be inferred from your analysis at the end, and thus not appearing as a foundational factor of your analysis.","[Positive Developments]:
1. **Continued Institutional Support**: Zodia Custody's institutional support for Polkadot is a significant positive development that can attract more institutional investors.
2. **Mainstream Adoption**: Deloitte's integration of Polkadot's Kilt blockchain for logistics services bolsters the ecosystem's credibility and usage.
3. **Governance Enhancements**: The streamlined governance model makes Polkadot more efficient and attractive for long-term investors.

[Potential Concerns]:
1. **Staking Service Cessation**: Lido's decision to cease staking on Polkadot could reduce the demand for DOT, as staking is a key utility for the token.
2. **Market Volatility**: The cryptocurrency market remains highly volatile, which can lead to unpredictable price movements despite positive news.

[Prediction & Analysis]:
The price of DOT-USD has shown resilience and upward momentum, supported by strong institutional backing and mainstream adoption. The governance enhancements add to the long-term potential of Polkadot. However, the cessation of staking services by Lido and the inherent market volatility could introduce short-term uncertainty. Despite these concerns, the robust positive developments are likely to drive the price up by more than 5% in the upcoming week."
"[Cryptocurrency Introduction]: Polkadot (DOT) is a cryptocurrency . Polkadot has a current supply of 1,583,211,692.52535652. The last known price of Polkadot is 3.96570897 USD and is down -0.58 over the last 24 hours. It is currently trading on 914 active market(s) with $144,897,163.73 traded over the last 24 hours. More information can be found at https://polkadot.com.. It has a market capilization of 6394891776.

From 2024-02-02 to 2024-02-09, DOT-USD's stock price increased from 6.94 to 7.19. News during this period are listed below:

[Headline]: Deloitte Taps Polkadot Ecosystem's Kilt Blockchain for Digital Shipping Logistics
[Summary]: BANGALORE, India — A division of professional services firm Deloitte, one of the “Big Four” accounting firms, will use the Polkadot-based Kilt blockchain to offer logistics and supply-chain services f...

[Headline]: Zodia Custody Looks to Drive Institutional Access to Polkadot Ecosystem
[Summary]: Cryptocurrency storage provider Zodia Custody, a subsidiary of Standard Chartered (STAN), is to provide institutional support for the Polkadot blockchain through a new partnership with one of the netw...

[Headline]: Polkadot Revamps Governance System, Removes ‘First Class Citizen’ Voting Groups
[Summary]: Polkadot, an interconnected network of public blockchains, streamlined its governance model to allow voting on multiple issues to take place simultaneously with everything being directly controlled by...

[Headline]: Polkadot Registers Trademark for Blockchain Communication Platform
[Summary]: Polkadot, which describes itself as a ""layer 0 blockchain,"" has filed a trademark registration for what appears to be a blockchain-based messaging application, according to a recent filing.

The phras...

[Headline]: DeFi Platform Lido to Cease Staking on Polkadot, Kusama in August
[Summary]: Decentralized-finance staking service Lido (LDO) will end its staking program on the Polkadot (DOT) and Kusama (KSM) blockchains on Aug. 1, according to a blog post by pseudonymous Lido developer MixB...

From 2024-02-09 to 2024-02-16, DOT-USD's stock price increased from 7.19 to 7.66. News during this period are listed below:

[Headline]: Deloitte Taps Polkadot Ecosystem's Kilt Blockchain for Digital Shipping Logistics
[Summary]: BANGALORE, India — A division of professional services firm Deloitte, one of the “Big Four” accounting firms, will use the Polkadot-based Kilt blockchain to offer logistics and supply-chain services f...

[Headline]: Zodia Custody Looks to Drive Institutional Access to Polkadot Ecosystem
[Summary]: Cryptocurrency storage provider Zodia Custody, a subsidiary of Standard Chartered (STAN), is to provide institutional support for the Polkadot blockchain through a new partnership with one of the netw...

[Headline]: Polkadot Revamps Governance System, Removes ‘First Class Citizen’ Voting Groups
[Summary]: Polkadot, an interconnected network of public blockchains, streamlined its governance model to allow voting on multiple issues to take place simultaneously with everything being directly controlled by...

[Headline]: Polkadot Registers Trademark for Blockchain Communication Platform
[Summary]: Polkadot, which describes itself as a ""layer 0 blockchain,"" has filed a trademark registration for what appears to be a blockchain-based messaging application, according to a recent filing.

The phras...

[Headline]: DeFi Platform Lido to Cease Staking on Polkadot, Kusama in August
[Summary]: Decentralized-finance staking service Lido (LDO) will end its staking program on the Polkadot (DOT) and Kusama (KSM) blockchains on Aug. 1, according to a blog post by pseudonymous Lido developer MixB...

From 2024-02-16 to 2024-02-23, DOT-USD's stock price decreased from 7.66 to 7.56. News during this period are listed below:

[Headline]: Deloitte Taps Polkadot Ecosystem's Kilt Blockchain for Digital Shipping Logistics
[Summary]: BANGALORE, India — A division of professional services firm Deloitte, one of the “Big Four” accounting firms, will use the Polkadot-based Kilt blockchain to offer logistics and supply-chain services f...

[Headline]: Zodia Custody Looks to Drive Institutional Access to Polkadot Ecosystem
[Summary]: Cryptocurrency storage provider Zodia Custody, a subsidiary of Standard Chartered (STAN), is to provide institutional support for the Polkadot blockchain through a new partnership with one of the netw...

[Headline]: Polkadot Revamps Governance System, Removes ‘First Class Citizen’ Voting Groups
[Summary]: Polkadot, an interconnected network of public blockchains, streamlined its governance model to allow voting on multiple issues to take place simultaneously with everything being directly controlled by...

[Headline]: Polkadot Registers Trademark for Blockchain Communication Platform
[Summary]: Polkadot, which describes itself as a ""layer 0 blockchain,"" has filed a trademark registration for what appears to be a blockchain-based messaging application, according to a recent filing.

The phras...

[Headline]: DeFi Platform Lido to Cease Staking on Polkadot, Kusama in August
[Summary]: Decentralized-finance staking service Lido (LDO) will end its staking program on the Polkadot (DOT) and Kusama (KSM) blockchains on Aug. 1, according to a blog post by pseudonymous Lido developer MixB...

From 2024-02-23 to 2024-03-01, DOT-USD's stock price increased from 7.56 to 8.67. News during this period are listed below:

[Headline]: Deloitte Taps Polkadot Ecosystem's Kilt Blockchain for Digital Shipping Logistics
[Summary]: BANGALORE, India — A division of professional services firm Deloitte, one of the “Big Four” accounting firms, will use the Polkadot-based Kilt blockchain to offer logistics and supply-chain services f...

[Headline]: Zodia Custody Looks to Drive Institutional Access to Polkadot Ecosystem
[Summary]: Cryptocurrency storage provider Zodia Custody, a subsidiary of Standard Chartered (STAN), is to provide institutional support for the Polkadot blockchain through a new partnership with one of the netw...

[Headline]: Polkadot Revamps Governance System, Removes ‘First Class Citizen’ Voting Groups
[Summary]: Polkadot, an interconnected network of public blockchains, streamlined its governance model to allow voting on multiple issues to take place simultaneously with everything being directly controlled by...

[Headline]: Polkadot Registers Trademark for Blockchain Communication Platform
[Summary]: Polkadot, which describes itself as a ""layer 0 blockchain,"" has filed a trademark registration for what appears to be a blockchain-based messaging application, according to a recent filing.

The phras...

[Headline]: DeFi Platform Lido to Cease Staking on Polkadot, Kusama in August
[Summary]: Decentralized-finance staking service Lido (LDO) will end its staking program on the Polkadot (DOT) and Kusama (KSM) blockchains on Aug. 1, according to a blog post by pseudonymous Lido developer MixB...



Based on all the information before 2024-03-01, let's first analyze the positive developments and potential concerns for DOT-USD. Come up with 2-4 most important factors respectively and keep them concise. Most factors should be inferred from cryptocurrencies related news. Then let's assume your prediction for next week (2024-03-01 to 2024-03-08) is up by more than 5%. Provide a summary analysis to support your prediction. The prediction result need to be inferred from your analysis at the end, and thus not appearing as a foundational factor of your analysis.","[Positive Developments]:
1. **Institutional Support**: Zodia Custody's backing of Polkadot continues to be a major positive, attracting institutional investors.
2. **Mainstream Adoption**: Deloitte's use of Polkadot's Kilt blockchain for logistics reinforces the ecosystem's practical applications and credibility.
3. **Governance Improvements**: The revamped governance system makes Polkadot more efficient and appealing to investors.

[Potential Concerns]:
1. **Staking Concerns**: Lido's decision to cease staking on Polkadot could temporarily decrease demand for DOT.
2. **Market Volatility**: The cryptocurrency market's volatility can lead to sudden price changes, despite positive news.

[Prediction & Analysis]:
The price of DOT-USD has shown strong upward momentum, driven by institutional support and mainstream adoption. The governance improvements add to Polkadot's long-term appeal. However, the cessation of staking services by Lido and market volatility introduce some uncertainty. Nevertheless, the robust positive developments are likely to outweigh these concerns, leading to a price increase of more than 5% in the upcoming week."
"[Cryptocurrency Introduction]: Polkadot (DOT) is a cryptocurrency . Polkadot has a current supply of 1,583,211,692.52535652. The last known price of Polkadot is 3.96570897 USD and is down -0.58 over the last 24 hours. It is currently trading on 914 active market(s) with $144,897,163.73 traded over the last 24 hours. More information can be found at https://polkadot.com.. It has a market capilization of 6394891776.

From 2024-02-09 to 2024-02-16, DOT-USD's stock price increased from 7.19 to 7.66. News during this period are listed below:

[Headline]: Deloitte Taps Polkadot Ecosystem's Kilt Blockchain for Digital Shipping Logistics
[Summary]: BANGALORE, India — A division of professional services firm Deloitte, one of the “Big Four” accounting firms, will use the Polkadot-based Kilt blockchain to offer logistics and supply-chain services f...

[Headline]: Zodia Custody Looks to Drive Institutional Access to Polkadot Ecosystem
[Summary]: Cryptocurrency storage provider Zodia Custody, a subsidiary of Standard Chartered (STAN), is to provide institutional support for the Polkadot blockchain through a new partnership with one of the netw...

[Headline]: Polkadot Revamps Governance System, Removes ‘First Class Citizen’ Voting Groups
[Summary]: Polkadot, an interconnected network of public blockchains, streamlined its governance model to allow voting on multiple issues to take place simultaneously with everything being directly controlled by...

[Headline]: Polkadot Registers Trademark for Blockchain Communication Platform
[Summary]: Polkadot, which describes itself as a ""layer 0 blockchain,"" has filed a trademark registration for what appears to be a blockchain-based messaging application, according to a recent filing.

The phras...

[Headline]: DeFi Platform Lido to Cease Staking on Polkadot, Kusama in August
[Summary]: Decentralized-finance staking service Lido (LDO) will end its staking program on the Polkadot (DOT) and Kusama (KSM) blockchains on Aug. 1, according to a blog post by pseudonymous Lido developer MixB...

From 2024-02-16 to 2024-02-23, DOT-USD's stock price decreased from 7.66 to 7.56. News during this period are listed below:

[Headline]: Deloitte Taps Polkadot Ecosystem's Kilt Blockchain for Digital Shipping Logistics
[Summary]: BANGALORE, India — A division of professional services firm Deloitte, one of the “Big Four” accounting firms, will use the Polkadot-based Kilt blockchain to offer logistics and supply-chain services f...

[Headline]: Zodia Custody Looks to Drive Institutional Access to Polkadot Ecosystem
[Summary]: Cryptocurrency storage provider Zodia Custody, a subsidiary of Standard Chartered (STAN), is to provide institutional support for the Polkadot blockchain through a new partnership with one of the netw...

[Headline]: Polkadot Revamps Governance System, Removes ‘First Class Citizen’ Voting Groups
[Summary]: Polkadot, an interconnected network of public blockchains, streamlined its governance model to allow voting on multiple issues to take place simultaneously with everything being directly controlled by...

[Headline]: Polkadot Registers Trademark for Blockchain Communication Platform
[Summary]: Polkadot, which describes itself as a ""layer 0 blockchain,"" has filed a trademark registration for what appears to be a blockchain-based messaging application, according to a recent filing.

The phras...

[Headline]: DeFi Platform Lido to Cease Staking on Polkadot, Kusama in August
[Summary]: Decentralized-finance staking service Lido (LDO) will end its staking program on the Polkadot (DOT) and Kusama (KSM) blockchains on Aug. 1, according to a blog post by pseudonymous Lido developer MixB...

From 2024-02-23 to 2024-03-01, DOT-USD's stock price increased from 7.56 to 8.67. News during this period are listed below:

[Headline]: Deloitte Taps Polkadot Ecosystem's Kilt Blockchain for Digital Shipping Logistics
[Summary]: BANGALORE, India — A division of professional services firm Deloitte, one of the “Big Four” accounting firms, will use the Polkadot-based Kilt blockchain to offer logistics and supply-chain services f...

[Headline]: Zodia Custody Looks to Drive Institutional Access to Polkadot Ecosystem
[Summary]: Cryptocurrency storage provider Zodia Custody, a subsidiary of Standard Chartered (STAN), is to provide institutional support for the Polkadot blockchain through a new partnership with one of the netw...

[Headline]: Polkadot Revamps Governance System, Removes ‘First Class Citizen’ Voting Groups
[Summary]: Polkadot, an interconnected network of public blockchains, streamlined its governance model to allow voting on multiple issues to take place simultaneously with everything being directly controlled by...

[Headline]: Polkadot Registers Trademark for Blockchain Communication Platform
[Summary]: Polkadot, which describes itself as a ""layer 0 blockchain,"" has filed a trademark registration for what appears to be a blockchain-based messaging application, according to a recent filing.

The phras...

[Headline]: DeFi Platform Lido to Cease Staking on Polkadot, Kusama in August
[Summary]: Decentralized-finance staking service Lido (LDO) will end its staking program on the Polkadot (DOT) and Kusama (KSM) blockchains on Aug. 1, according to a blog post by pseudonymous Lido developer MixB...

From 2024-03-01 to 2024-03-08, DOT-USD's stock price increased from 8.67 to 10.67. News during this period are listed below:

[Headline]: Deloitte Taps Polkadot Ecosystem's Kilt Blockchain for Digital Shipping Logistics
[Summary]: BANGALORE, India — A division of professional services firm Deloitte, one of the “Big Four” accounting firms, will use the Polkadot-based Kilt blockchain to offer logistics and supply-chain services f...

[Headline]: Zodia Custody Looks to Drive Institutional Access to Polkadot Ecosystem
[Summary]: Cryptocurrency storage provider Zodia Custody, a subsidiary of Standard Chartered (STAN), is to provide institutional support for the Polkadot blockchain through a new partnership with one of the netw...

[Headline]: Polkadot Revamps Governance System, Removes ‘First Class Citizen’ Voting Groups
[Summary]: Polkadot, an interconnected network of public blockchains, streamlined its governance model to allow voting on multiple issues to take place simultaneously with everything being directly controlled by...

[Headline]: Polkadot Registers Trademark for Blockchain Communication Platform
[Summary]: Polkadot, which describes itself as a ""layer 0 blockchain,"" has filed a trademark registration for what appears to be a blockchain-based messaging application, according to a recent filing.

The phras...

[Headline]: DeFi Platform Lido to Cease Staking on Polkadot, Kusama in August
[Summary]: Decentralized-finance staking service Lido (LDO) will end its staking program on the Polkadot (DOT) and Kusama (KSM) blockchains on Aug. 1, according to a blog post by pseudonymous Lido developer MixB...



Based on all the information before 2024-03-08, let's first analyze the positive developments and potential concerns for DOT-USD. Come up with 2-4 most important factors respectively and keep them concise. Most factors should be inferred from cryptocurrencies related news. Then let's assume your prediction for next week (2024-03-08 to 2024-03-15) is up by 1-2%. Provide a summary analysis to support your prediction. The prediction result need to be inferred from your analysis at the end, and thus not appearing as a foundational factor of your analysis.","[Positive Developments]:
1. **Institutional Access**: Zodia Custody's support for Polkadot continues to attract institutional investors.
2. **Mainstream Adoption**: Deloitte's integration of Polkadot's Kilt blockchain for logistics services bolsters the ecosystem's credibility and usage.
3. **Governance Enhancements**: The streamlined governance model makes Polkadot more efficient and attractive for long-term investors.

[Potential Concerns]:
1. **Staking Service Cessation**: Lido's decision to cease staking on Polkadot could reduce the demand for DOT, as staking is a key utility for the token.
2. **Market Volatility**: The cryptocurrency market remains highly volatile, which can lead to unpredictable price movements despite positive news.

[Prediction & Analysis]:
The price of DOT-USD has shown significant upward momentum, supported by strong institutional backing and mainstream adoption. The governance enhancements add to the long-term potential of Polkadot. However, the cessation of staking services by Lido and the inherent market volatility could introduce short-term uncertainty. Despite these concerns, the robust positive developments are likely to drive the price up by 1-2% in the upcoming week."
"[Cryptocurrency Introduction]: Polkadot (DOT) is a cryptocurrency . Polkadot has a current supply of 1,583,211,692.52535652. The last known price of Polkadot is 3.96570897 USD and is down -0.58 over the last 24 hours. It is currently trading on 914 active market(s) with $144,897,163.73 traded over the last 24 hours. More information can be found at https://polkadot.com.. It has a market capilization of 6394891776.

From 2024-02-23 to 2024-03-01, DOT-USD's stock price increased from 7.56 to 8.67. News during this period are listed below:

[Headline]: Deloitte Taps Polkadot Ecosystem's Kilt Blockchain for Digital Shipping Logistics
[Summary]: BANGALORE, India — A division of professional services firm Deloitte, one of the “Big Four” accounting firms, will use the Polkadot-based Kilt blockchain to offer logistics and supply-chain services f...

[Headline]: Zodia Custody Looks to Drive Institutional Access to Polkadot Ecosystem
[Summary]: Cryptocurrency storage provider Zodia Custody, a subsidiary of Standard Chartered (STAN), is to provide institutional support for the Polkadot blockchain through a new partnership with one of the netw...

[Headline]: Polkadot Revamps Governance System, Removes ‘First Class Citizen’ Voting Groups
[Summary]: Polkadot, an interconnected network of public blockchains, streamlined its governance model to allow voting on multiple issues to take place simultaneously with everything being directly controlled by...

[Headline]: Polkadot Registers Trademark for Blockchain Communication Platform
[Summary]: Polkadot, which describes itself as a ""layer 0 blockchain,"" has filed a trademark registration for what appears to be a blockchain-based messaging application, according to a recent filing.

The phras...

[Headline]: DeFi Platform Lido to Cease Staking on Polkadot, Kusama in August
[Summary]: Decentralized-finance staking service Lido (LDO) will end its staking program on the Polkadot (DOT) and Kusama (KSM) blockchains on Aug. 1, according to a blog post by pseudonymous Lido developer MixB...

From 2024-03-01 to 2024-03-08, DOT-USD's stock price increased from 8.67 to 10.67. News during this period are listed below:

[Headline]: Deloitte Taps Polkadot Ecosystem's Kilt Blockchain for Digital Shipping Logistics
[Summary]: BANGALORE, India — A division of professional services firm Deloitte, one of the “Big Four” accounting firms, will use the Polkadot-based Kilt blockchain to offer logistics and supply-chain services f...

[Headline]: Zodia Custody Looks to Drive Institutional Access to Polkadot Ecosystem
[Summary]: Cryptocurrency storage provider Zodia Custody, a subsidiary of Standard Chartered (STAN), is to provide institutional support for the Polkadot blockchain through a new partnership with one of the netw...

[Headline]: Polkadot Revamps Governance System, Removes ‘First Class Citizen’ Voting Groups
[Summary]: Polkadot, an interconnected network of public blockchains, streamlined its governance model to allow voting on multiple issues to take place simultaneously with everything being directly controlled by...

[Headline]: Polkadot Registers Trademark for Blockchain Communication Platform
[Summary]: Polkadot, which describes itself as a ""layer 0 blockchain,"" has filed a trademark registration for what appears to be a blockchain-based messaging application, according to a recent filing.

The phras...

[Headline]: DeFi Platform Lido to Cease Staking on Polkadot, Kusama in August
[Summary]: Decentralized-finance staking service Lido (LDO) will end its staking program on the Polkadot (DOT) and Kusama (KSM) blockchains on Aug. 1, according to a blog post by pseudonymous Lido developer MixB...

From 2024-03-08 to 2024-03-15, DOT-USD's stock price increased from 10.67 to 10.84. News during this period are listed below:

[Headline]: Deloitte Taps Polkadot Ecosystem's Kilt Blockchain for Digital Shipping Logistics
[Summary]: BANGALORE, India — A division of professional services firm Deloitte, one of the “Big Four” accounting firms, will use the Polkadot-based Kilt blockchain to offer logistics and supply-chain services f...

[Headline]: Zodia Custody Looks to Drive Institutional Access to Polkadot Ecosystem
[Summary]: Cryptocurrency storage provider Zodia Custody, a subsidiary of Standard Chartered (STAN), is to provide institutional support for the Polkadot blockchain through a new partnership with one of the netw...

[Headline]: Polkadot Revamps Governance System, Removes ‘First Class Citizen’ Voting Groups
[Summary]: Polkadot, an interconnected network of public blockchains, streamlined its governance model to allow voting on multiple issues to take place simultaneously with everything being directly controlled by...

[Headline]: Polkadot Registers Trademark for Blockchain Communication Platform
[Summary]: Polkadot, which describes itself as a ""layer 0 blockchain,"" has filed a trademark registration for what appears to be a blockchain-based messaging application, according to a recent filing.

The phras...

[Headline]: DeFi Platform Lido to Cease Staking on Polkadot, Kusama in August
[Summary]: Decentralized-finance staking service Lido (LDO) will end its staking program on the Polkadot (DOT) and Kusama (KSM) blockchains on Aug. 1, according to a blog post by pseudonymous Lido developer MixB...



Based on all the information before 2024-03-15, let's first analyze the positive developments and potential concerns for DOT-USD. Come up with 2-4 most important factors respectively and keep them concise. Most factors should be inferred from cryptocurrencies related news. Then let's assume your prediction for next week (2024-03-15 to 2024-03-22) is down by more than 5%. Provide a summary analysis to support your prediction. The prediction result need to be inferred from your analysis at the end, and thus not appearing as a foundational factor of your analysis.","[Positive Developments]:
1. **Institutional Support**: Zodia Custody's backing of Polkadot continues to be a major positive, attracting institutional investors.
2. **Mainstream Adoption**: Deloitte's use of Polkadot's Kilt blockchain for logistics reinforces the ecosystem's practical applications and credibility.
3. **Governance Improvements**: The revamped governance system makes Polkadot more efficient and appealing to investors.

[Potential Concerns]:
1. **Staking Concerns**: Lido's decision to cease staking on Polkadot could temporarily decrease demand for DOT.
2. **Market Volatility**: The cryptocurrency market's volatility can lead to sudden price changes, despite positive news.
3. **Overextension**: The recent sharp price increase may indicate overextension, which could lead to a correction.

[Prediction & Analysis]:
The price of DOT-USD has shown strong upward momentum, driven by institutional support and mainstream adoption. The governance improvements add to Polkadot's long-term appeal. However, the cessation of staking services by Lido, market volatility, and potential overextension introduce significant uncertainty. These concerns are likely to lead to a price decrease of more than 5% in the upcoming week, as the market corrects from its recent sharp increase."
"[Cryptocurrency Introduction]: Polkadot (DOT) is a cryptocurrency . Polkadot has a current supply of 1,583,211,692.52535652. The last known price of Polkadot is 3.96570897 USD and is down -0.58 over the last 24 hours. It is currently trading on 914 active market(s) with $144,897,163.73 traded over the last 24 hours. More information can be found at https://polkadot.com.. It has a market capilization of 6394891776.

From 2024-03-08 to 2024-03-15, DOT-USD's stock price increased from 10.67 to 10.84. News during this period are listed below:

[Headline]: Deloitte Taps Polkadot Ecosystem's Kilt Blockchain for Digital Shipping Logistics
[Summary]: BANGALORE, India — A division of professional services firm Deloitte, one of the “Big Four” accounting firms, will use the Polkadot-based Kilt blockchain to offer logistics and supply-chain services f...

[Headline]: Zodia Custody Looks to Drive Institutional Access to Polkadot Ecosystem
[Summary]: Cryptocurrency storage provider Zodia Custody, a subsidiary of Standard Chartered (STAN), is to provide institutional support for the Polkadot blockchain through a new partnership with one of the netw...

[Headline]: Polkadot Revamps Governance System, Removes ‘First Class Citizen’ Voting Groups
[Summary]: Polkadot, an interconnected network of public blockchains, streamlined its governance model to allow voting on multiple issues to take place simultaneously with everything being directly controlled by...

[Headline]: Polkadot Registers Trademark for Blockchain Communication Platform
[Summary]: Polkadot, which describes itself as a ""layer 0 blockchain,"" has filed a trademark registration for what appears to be a blockchain-based messaging application, according to a recent filing.

The phras...

[Headline]: DeFi Platform Lido to Cease Staking on Polkadot, Kusama in August
[Summary]: Decentralized-finance staking service Lido (LDO) will end its staking program on the Polkadot (DOT) and Kusama (KSM) blockchains on Aug. 1, according to a blog post by pseudonymous Lido developer MixB...

From 2024-03-15 to 2024-03-22, DOT-USD's stock price decreased from 10.84 to 8.92. News during this period are listed below:

[Headline]: Deloitte Taps Polkadot Ecosystem's Kilt Blockchain for Digital Shipping Logistics
[Summary]: BANGALORE, India — A division of professional services firm Deloitte, one of the “Big Four” accounting firms, will use the Polkadot-based Kilt blockchain to offer logistics and supply-chain services f...

[Headline]: Zodia Custody Looks to Drive Institutional Access to Polkadot Ecosystem
[Summary]: Cryptocurrency storage provider Zodia Custody, a subsidiary of Standard Chartered (STAN), is to provide institutional support for the Polkadot blockchain through a new partnership with one of the netw...

[Headline]: Polkadot Revamps Governance System, Removes ‘First Class Citizen’ Voting Groups
[Summary]: Polkadot, an interconnected network of public blockchains, streamlined its governance model to allow voting on multiple issues to take place simultaneously with everything being directly controlled by...

[Headline]: Polkadot Registers Trademark for Blockchain Communication Platform
[Summary]: Polkadot, which describes itself as a ""layer 0 blockchain,"" has filed a trademark registration for what appears to be a blockchain-based messaging application, according to a recent filing.

The phras...

[Headline]: DeFi Platform Lido to Cease Staking on Polkadot, Kusama in August
[Summary]: Decentralized-finance staking service Lido (LDO) will end its staking program on the Polkadot (DOT) and Kusama (KSM) blockchains on Aug. 1, according to a blog post by pseudonymous Lido developer MixB...



Based on all the information before 2024-03-22, let's first analyze the positive developments and potential concerns for DOT-USD. Come up with 2-4 most important factors respectively and keep them concise. Most factors should be inferred from cryptocurrencies related news. Then let's assume your prediction for next week (2024-03-22 to 2024-03-29) is up by more than 5%. Provide a summary analysis to support your prediction. The prediction result need to be inferred from your analysis at the end, and thus not appearing as a foundational factor of your analysis.","**[Positive Developments]:
1. **Institutional Adoption**: Deloitte's use of Polkadot's Kilt blockchain for logistics and supply-chain services indicates growing institutional interest and real-world use cases.
2. **Institutional Support**: Zodia Custody's partnership to provide institutional support for Polkadot can increase investor confidence and liquidity.
3. **Governance Improvements**: Polkadot's revamped governance system demonstrates a commitment to decentralization and community control, which can enhance the blockchain's appeal to developers and investors.
4. **Innovation**: Polkadot's trademark registration for a blockchain communication platform suggests ongoing innovation and expansion of the ecosystem.

**[Potential Concerns]:
1. **Staking Concerns**: Lido's decision to cease staking on Polkadot could negatively impact the network's staking dynamics and security.
2. **Market Volatility**: The cryptocurrency market's inherent volatility can lead to sudden price drops, as seen in the decrease from 10.84 to 8.92.
3. **Regulatory Uncertainty**: The regulatory environment for cryptocurrencies remains uncertain, which can affect Polkadot's price and adoption.

**[Prediction & Analysis]:
Polkadot has seen significant institutional interest and ecosystem development, which are positive indicators for its long-term potential. However, the market's volatility and Lido's decision to cease staking present immediate challenges. Despite these concerns, the growing institutional support and real-world use cases could drive demand for DOT, leading to a price increase. The governance improvements and ongoing innovation also contribute to a bullish outlook. Therefore, based on these factors, a price increase of more than 5% for DOT-USD in the upcoming week (2024-03-22 to 2024-03-29) is predicted."
"[Cryptocurrency Introduction]: Polkadot (DOT) is a cryptocurrency . Polkadot has a current supply of 1,583,211,692.52535652. The last known price of Polkadot is 3.96570897 USD and is down -0.58 over the last 24 hours. It is currently trading on 914 active market(s) with $144,897,163.73 traded over the last 24 hours. More information can be found at https://polkadot.com.. It has a market capilization of 6394891776.

From 2024-03-22 to 2024-03-29, DOT-USD's stock price increased from 8.92 to 9.60. News during this period are listed below:

[Headline]: Deloitte Taps Polkadot Ecosystem's Kilt Blockchain for Digital Shipping Logistics
[Summary]: BANGALORE, India — A division of professional services firm Deloitte, one of the “Big Four” accounting firms, will use the Polkadot-based Kilt blockchain to offer logistics and supply-chain services f...

[Headline]: Zodia Custody Looks to Drive Institutional Access to Polkadot Ecosystem
[Summary]: Cryptocurrency storage provider Zodia Custody, a subsidiary of Standard Chartered (STAN), is to provide institutional support for the Polkadot blockchain through a new partnership with one of the netw...

[Headline]: Polkadot Revamps Governance System, Removes ‘First Class Citizen’ Voting Groups
[Summary]: Polkadot, an interconnected network of public blockchains, streamlined its governance model to allow voting on multiple issues to take place simultaneously with everything being directly controlled by...

[Headline]: Polkadot Registers Trademark for Blockchain Communication Platform
[Summary]: Polkadot, which describes itself as a ""layer 0 blockchain,"" has filed a trademark registration for what appears to be a blockchain-based messaging application, according to a recent filing.

The phras...

[Headline]: DeFi Platform Lido to Cease Staking on Polkadot, Kusama in August
[Summary]: Decentralized-finance staking service Lido (LDO) will end its staking program on the Polkadot (DOT) and Kusama (KSM) blockchains on Aug. 1, according to a blog post by pseudonymous Lido developer MixB...



Based on all the information before 2024-03-29, let's first analyze the positive developments and potential concerns for DOT-USD. Come up with 2-4 most important factors respectively and keep them concise. Most factors should be inferred from cryptocurrencies related news. Then let's assume your prediction for next week (2024-03-29 to 2024-04-05) is down by more than 5%. Provide a summary analysis to support your prediction. The prediction result need to be inferred from your analysis at the end, and thus not appearing as a foundational factor of your analysis.","**[Positive Developments]:
1. **Institutional Adoption**: Deloitte's use of Polkadot's Kilt blockchain for logistics and supply-chain services indicates growing institutional interest and real-world use cases.
2. **Institutional Support**: Zodia Custody's partnership to provide institutional support for Polkadot can increase investor confidence and liquidity.
3. **Price Recovery**: DOT-USD's price increased from 8.92 to 9.60, suggesting a recovery from the previous week's decline.

**[Potential Concerns]:
1. **Staking Concerns**: Lido's decision to cease staking on Polkadot could negatively impact the network's staking dynamics and security.
2. **Market Volatility**: The cryptocurrency market's inherent volatility can lead to sudden price reversals, despite the recent recovery.
3. **Potential Sell-Off**: The price increase might attract profit-taking by investors, leading to a sell-off.

**[Prediction & Analysis]:
While Polkadot has experienced a price recovery and continued institutional support, the concerns surrounding Lido's staking cessation and market volatility remain. Additionally, the recent price increase could attract profit-taking by investors. The potential sell-off, coupled with the ongoing staking concerns, may lead to a price decrease. Therefore, based on these factors, a price decrease of more than 5% for DOT-USD in the upcoming week (2024-03-29 to 2024-04-05) is predicted."
"[Cryptocurrency Introduction]: Polkadot (DOT) is a cryptocurrency . Polkadot has a current supply of 1,583,211,692.52535652. The last known price of Polkadot is 3.96570897 USD and is down -0.58 over the last 24 hours. It is currently trading on 914 active market(s) with $144,897,163.73 traded over the last 24 hours. More information can be found at https://polkadot.com.. It has a market capilization of 6394891776.

From 2024-03-22 to 2024-03-29, DOT-USD's stock price increased from 8.92 to 9.60. News during this period are listed below:

[Headline]: Deloitte Taps Polkadot Ecosystem's Kilt Blockchain for Digital Shipping Logistics
[Summary]: BANGALORE, India — A division of professional services firm Deloitte, one of the “Big Four” accounting firms, will use the Polkadot-based Kilt blockchain to offer logistics and supply-chain services f...

[Headline]: Zodia Custody Looks to Drive Institutional Access to Polkadot Ecosystem
[Summary]: Cryptocurrency storage provider Zodia Custody, a subsidiary of Standard Chartered (STAN), is to provide institutional support for the Polkadot blockchain through a new partnership with one of the netw...

[Headline]: Polkadot Revamps Governance System, Removes ‘First Class Citizen’ Voting Groups
[Summary]: Polkadot, an interconnected network of public blockchains, streamlined its governance model to allow voting on multiple issues to take place simultaneously with everything being directly controlled by...

[Headline]: Polkadot Registers Trademark for Blockchain Communication Platform
[Summary]: Polkadot, which describes itself as a ""layer 0 blockchain,"" has filed a trademark registration for what appears to be a blockchain-based messaging application, according to a recent filing.

The phras...

[Headline]: DeFi Platform Lido to Cease Staking on Polkadot, Kusama in August
[Summary]: Decentralized-finance staking service Lido (LDO) will end its staking program on the Polkadot (DOT) and Kusama (KSM) blockchains on Aug. 1, according to a blog post by pseudonymous Lido developer MixB...

From 2024-03-29 to 2024-04-05, DOT-USD's stock price decreased from 9.60 to 8.39. News during this period are listed below:

[Headline]: Deloitte Taps Polkadot Ecosystem's Kilt Blockchain for Digital Shipping Logistics
[Summary]: BANGALORE, India — A division of professional services firm Deloitte, one of the “Big Four” accounting firms, will use the Polkadot-based Kilt blockchain to offer logistics and supply-chain services f...

[Headline]: Zodia Custody Looks to Drive Institutional Access to Polkadot Ecosystem
[Summary]: Cryptocurrency storage provider Zodia Custody, a subsidiary of Standard Chartered (STAN), is to provide institutional support for the Polkadot blockchain through a new partnership with one of the netw...

[Headline]: Polkadot Revamps Governance System, Removes ‘First Class Citizen’ Voting Groups
[Summary]: Polkadot, an interconnected network of public blockchains, streamlined its governance model to allow voting on multiple issues to take place simultaneously with everything being directly controlled by...

[Headline]: Polkadot Registers Trademark for Blockchain Communication Platform
[Summary]: Polkadot, which describes itself as a ""layer 0 blockchain,"" has filed a trademark registration for what appears to be a blockchain-based messaging application, according to a recent filing.

The phras...

[Headline]: DeFi Platform Lido to Cease Staking on Polkadot, Kusama in August
[Summary]: Decentralized-finance staking service Lido (LDO) will end its staking program on the Polkadot (DOT) and Kusama (KSM) blockchains on Aug. 1, according to a blog post by pseudonymous Lido developer MixB...



Based on all the information before 2024-04-05, let's first analyze the positive developments and potential concerns for DOT-USD. Come up with 2-4 most important factors respectively and keep them concise. Most factors should be inferred from cryptocurrencies related news. Then let's assume your prediction for next week (2024-04-05 to 2024-04-12) is down by more than 5%. Provide a summary analysis to support your prediction. The prediction result need to be inferred from your analysis at the end, and thus not appearing as a foundational factor of your analysis.","**[Positive Developments]:
1. **Institutional Adoption**: Deloitte's use of Polkadot's Kilt blockchain for logistics and supply-chain services indicates growing institutional interest and real-world use cases.
2. **Institutional Support**: Zodia Custody's partnership to provide institutional support for Polkadot can increase investor confidence and liquidity.
3. **Governance Improvements**: Polkadot's revamped governance system demonstrates a commitment to decentralization and community control, which can enhance the blockchain's appeal to developers and investors.
4. **Innovation**: Polkadot's trademark registration for a blockchain communication platform suggests ongoing innovation and expansion of the ecosystem.

**[Potential Concerns]:
1. **Staking Concerns**: Lido's decision to cease staking on Polkadot could negatively impact the network's staking dynamics and security.
2. **Price Downtrend**: DOT-USD's price decreased from 9.60 to 8.39, indicating a downtrend that could continue.
3. **Market Sentiment**: The recent price decrease might indicate a bearish market sentiment, which could lead to further sell-offs.

**[Prediction & Analysis]:
Polkadot's price has been on a downtrend, and the staking concerns remain unaddressed. The bearish market sentiment, coupled with the potential sell-off, may lead to a further price decrease. Despite the positive developments in institutional adoption and ecosystem improvement, the immediate market dynamics suggest a bearish outlook. Therefore, based on these factors, a price decrease of more than 5% for DOT-USD in the upcoming week (2024-04-05 to 2024-04-12) is predicted."
"[Cryptocurrency Introduction]: Polkadot (DOT) is a cryptocurrency . Polkadot has a current supply of 1,583,211,692.52535652. The last known price of Polkadot is 3.96570897 USD and is down -0.58 over the last 24 hours. It is currently trading on 914 active market(s) with $144,897,163.73 traded over the last 24 hours. More information can be found at https://polkadot.com.. It has a market capilization of 6394891776.

From 2024-03-22 to 2024-03-29, DOT-USD's stock price increased from 8.92 to 9.60. News during this period are listed below:

[Headline]: Deloitte Taps Polkadot Ecosystem's Kilt Blockchain for Digital Shipping Logistics
[Summary]: BANGALORE, India — A division of professional services firm Deloitte, one of the “Big Four” accounting firms, will use the Polkadot-based Kilt blockchain to offer logistics and supply-chain services f...

[Headline]: Zodia Custody Looks to Drive Institutional Access to Polkadot Ecosystem
[Summary]: Cryptocurrency storage provider Zodia Custody, a subsidiary of Standard Chartered (STAN), is to provide institutional support for the Polkadot blockchain through a new partnership with one of the netw...

[Headline]: Polkadot Revamps Governance System, Removes ‘First Class Citizen’ Voting Groups
[Summary]: Polkadot, an interconnected network of public blockchains, streamlined its governance model to allow voting on multiple issues to take place simultaneously with everything being directly controlled by...

[Headline]: Polkadot Registers Trademark for Blockchain Communication Platform
[Summary]: Polkadot, which describes itself as a ""layer 0 blockchain,"" has filed a trademark registration for what appears to be a blockchain-based messaging application, according to a recent filing.

The phras...

[Headline]: DeFi Platform Lido to Cease Staking on Polkadot, Kusama in August
[Summary]: Decentralized-finance staking service Lido (LDO) will end its staking program on the Polkadot (DOT) and Kusama (KSM) blockchains on Aug. 1, according to a blog post by pseudonymous Lido developer MixB...

From 2024-03-29 to 2024-04-05, DOT-USD's stock price decreased from 9.60 to 8.39. News during this period are listed below:

[Headline]: Deloitte Taps Polkadot Ecosystem's Kilt Blockchain for Digital Shipping Logistics
[Summary]: BANGALORE, India — A division of professional services firm Deloitte, one of the “Big Four” accounting firms, will use the Polkadot-based Kilt blockchain to offer logistics and supply-chain services f...

[Headline]: Zodia Custody Looks to Drive Institutional Access to Polkadot Ecosystem
[Summary]: Cryptocurrency storage provider Zodia Custody, a subsidiary of Standard Chartered (STAN), is to provide institutional support for the Polkadot blockchain through a new partnership with one of the netw...

[Headline]: Polkadot Revamps Governance System, Removes ‘First Class Citizen’ Voting Groups
[Summary]: Polkadot, an interconnected network of public blockchains, streamlined its governance model to allow voting on multiple issues to take place simultaneously with everything being directly controlled by...

[Headline]: Polkadot Registers Trademark for Blockchain Communication Platform
[Summary]: Polkadot, which describes itself as a ""layer 0 blockchain,"" has filed a trademark registration for what appears to be a blockchain-based messaging application, according to a recent filing.

The phras...

[Headline]: DeFi Platform Lido to Cease Staking on Polkadot, Kusama in August
[Summary]: Decentralized-finance staking service Lido (LDO) will end its staking program on the Polkadot (DOT) and Kusama (KSM) blockchains on Aug. 1, according to a blog post by pseudonymous Lido developer MixB...

From 2024-04-05 to 2024-04-12, DOT-USD's stock price decreased from 8.39 to 7.24. News during this period are listed below:

[Headline]: Deloitte Taps Polkadot Ecosystem's Kilt Blockchain for Digital Shipping Logistics
[Summary]: BANGALORE, India — A division of professional services firm Deloitte, one of the “Big Four” accounting firms, will use the Polkadot-based Kilt blockchain to offer logistics and supply-chain services f...

[Headline]: Zodia Custody Looks to Drive Institutional Access to Polkadot Ecosystem
[Summary]: Cryptocurrency storage provider Zodia Custody, a subsidiary of Standard Chartered (STAN), is to provide institutional support for the Polkadot blockchain through a new partnership with one of the netw...

[Headline]: Polkadot Revamps Governance System, Removes ‘First Class Citizen’ Voting Groups
[Summary]: Polkadot, an interconnected network of public blockchains, streamlined its governance model to allow voting on multiple issues to take place simultaneously with everything being directly controlled by...

[Headline]: Polkadot Registers Trademark for Blockchain Communication Platform
[Summary]: Polkadot, which describes itself as a ""layer 0 blockchain,"" has filed a trademark registration for what appears to be a blockchain-based messaging application, according to a recent filing.

The phras...

[Headline]: DeFi Platform Lido to Cease Staking on Polkadot, Kusama in August
[Summary]: Decentralized-finance staking service Lido (LDO) will end its staking program on the Polkadot (DOT) and Kusama (KSM) blockchains on Aug. 1, according to a blog post by pseudonymous Lido developer MixB...



Based on all the information before 2024-04-12, let's first analyze the positive developments and potential concerns for DOT-USD. Come up with 2-4 most important factors respectively and keep them concise. Most factors should be inferred from cryptocurrencies related news. Then let's assume your prediction for next week (2024-04-12 to 2024-04-19) is down by more than 5%. Provide a summary analysis to support your prediction. The prediction result need to be inferred from your analysis at the end, and thus not appearing as a foundational factor of your analysis.","**[Positive Developments]:
1. **Institutional Adoption**: Deloitte's use of Polkadot's Kilt blockchain for logistics and supply-chain services indicates growing institutional interest and real-world use cases.
2. **Institutional Support**: Zodia Custody's partnership to provide institutional support for Polkadot can increase investor confidence and liquidity.
3. **Governance Improvements**: Polkadot's revamped governance system demonstrates a commitment to decentralization and community control, which can enhance the blockchain's appeal to developers and investors.
4. **Innovation**: Polkadot's trademark registration for a blockchain communication platform suggests ongoing innovation and expansion of the ecosystem.

**[Potential Concerns]:
1. **Staking Concerns**: Lido's decision to cease staking on Polkadot could negatively impact the network's staking dynamics and security.
2. **Price Downtrend**: DOT-USD's price decreased from 8.39 to 7.24, indicating a continued downtrend that could persist.
3. **Market Sentiment**: The prolonged price decrease might indicate a bearish market sentiment, which could lead to further sell-offs.
4. **Potential Resistance Levels**: The price might face resistance at higher levels, making it difficult to break out of the downtrend.

**[Prediction & Analysis]:
Polkadot's price has been on a continued downtrend, and the staking concerns remain unresolved. The bearish market sentiment, coupled with the potential sell-off and resistance levels, may lead to a further price decrease. Despite the positive developments in institutional adoption and ecosystem improvement, the immediate market dynamics suggest a bearish outlook. Therefore, based on these factors, a price decrease of more than 5% for DOT-USD in the upcoming week (2024-04-12 to 2024-04-19) is predicted."
"[Cryptocurrency Introduction]: Polkadot (DOT) is a cryptocurrency . Polkadot has a current supply of 1,583,211,692.52535652. The last known price of Polkadot is 3.96570897 USD and is down -0.58 over the last 24 hours. It is currently trading on 914 active market(s) with $144,897,163.73 traded over the last 24 hours. More information can be found at https://polkadot.com.. It has a market capilization of 6394891776.

From 2024-04-05 to 2024-04-12, DOT-USD's stock price decreased from 8.39 to 7.24. News during this period are listed below:

[Headline]: Deloitte Taps Polkadot Ecosystem's Kilt Blockchain for Digital Shipping Logistics
[Summary]: BANGALORE, India — A division of professional services firm Deloitte, one of the “Big Four” accounting firms, will use the Polkadot-based Kilt blockchain to offer logistics and supply-chain services f...

[Headline]: Zodia Custody Looks to Drive Institutional Access to Polkadot Ecosystem
[Summary]: Cryptocurrency storage provider Zodia Custody, a subsidiary of Standard Chartered (STAN), is to provide institutional support for the Polkadot blockchain through a new partnership with one of the netw...

[Headline]: Polkadot Revamps Governance System, Removes ‘First Class Citizen’ Voting Groups
[Summary]: Polkadot, an interconnected network of public blockchains, streamlined its governance model to allow voting on multiple issues to take place simultaneously with everything being directly controlled by...

[Headline]: Polkadot Registers Trademark for Blockchain Communication Platform
[Summary]: Polkadot, which describes itself as a ""layer 0 blockchain,"" has filed a trademark registration for what appears to be a blockchain-based messaging application, according to a recent filing.

The phras...

[Headline]: DeFi Platform Lido to Cease Staking on Polkadot, Kusama in August
[Summary]: Decentralized-finance staking service Lido (LDO) will end its staking program on the Polkadot (DOT) and Kusama (KSM) blockchains on Aug. 1, according to a blog post by pseudonymous Lido developer MixB...

From 2024-04-12 to 2024-04-19, DOT-USD's stock price decreased from 7.24 to 6.69. News during this period are listed below:

[Headline]: Deloitte Taps Polkadot Ecosystem's Kilt Blockchain for Digital Shipping Logistics
[Summary]: BANGALORE, India — A division of professional services firm Deloitte, one of the “Big Four” accounting firms, will use the Polkadot-based Kilt blockchain to offer logistics and supply-chain services f...

[Headline]: Zodia Custody Looks to Drive Institutional Access to Polkadot Ecosystem
[Summary]: Cryptocurrency storage provider Zodia Custody, a subsidiary of Standard Chartered (STAN), is to provide institutional support for the Polkadot blockchain through a new partnership with one of the netw...

[Headline]: Polkadot Revamps Governance System, Removes ‘First Class Citizen’ Voting Groups
[Summary]: Polkadot, an interconnected network of public blockchains, streamlined its governance model to allow voting on multiple issues to take place simultaneously with everything being directly controlled by...

[Headline]: Polkadot Registers Trademark for Blockchain Communication Platform
[Summary]: Polkadot, which describes itself as a ""layer 0 blockchain,"" has filed a trademark registration for what appears to be a blockchain-based messaging application, according to a recent filing.

The phras...

[Headline]: DeFi Platform Lido to Cease Staking on Polkadot, Kusama in August
[Summary]: Decentralized-finance staking service Lido (LDO) will end its staking program on the Polkadot (DOT) and Kusama (KSM) blockchains on Aug. 1, according to a blog post by pseudonymous Lido developer MixB...



Based on all the information before 2024-04-19, let's first analyze the positive developments and potential concerns for DOT-USD. Come up with 2-4 most important factors respectively and keep them concise. Most factors should be inferred from cryptocurrencies related news. Then let's assume your prediction for next week (2024-04-19 to 2024-04-26) is up by 1-2%. Provide a summary analysis to support your prediction. The prediction result need to be inferred from your analysis at the end, and thus not appearing as a foundational factor of your analysis.","**[Positive Developments]:
1. **Institutional Adoption**: Deloitte's use of Polkadot's Kilt blockchain for logistics and supply-chain services indicates growing institutional interest and real-world use cases.
2. **Institutional Support**: Zodia Custody's partnership to provide institutional support for Polkadot can increase investor confidence and liquidity.
3. **Governance Improvements**: Polkadot's revamped governance system demonstrates a commitment to decentralization and community control, which can enhance the blockchain's appeal to developers and investors.
4. **Innovation**: Polkadot's trademark registration for a blockchain communication platform suggests ongoing innovation and expansion of the ecosystem.

**[Potential Concerns]:
1. **Staking Concerns**: Lido's decision to cease staking on Polkadot could negatively impact the network's staking dynamics and security.
2. **Price Downtrend**: DOT-USD's price decreased from 7.24 to 6.69, indicating a continued downtrend that could persist.
3. **Market Sentiment**: The prolonged price decrease might indicate a bearish market sentiment, which could lead to further sell-offs.

**[Prediction & Analysis]:
Polkadot's price has been on a continued downtrend, but the recent price decrease has been relatively small (from 7.24 to 6.69), suggesting a potential slowdown in the downtrend. Additionally, the positive developments in institutional adoption, support, and ecosystem improvement may provide some bullish momentum. The market might be approaching a point of stabilization, with a potential for a slight price increase. Therefore, based on these factors, a price increase of 1-2% for DOT-USD in the upcoming week (2024-04-19 to 2024-04-26) is predicted."
"[Cryptocurrency Introduction]: Polkadot (DOT) is a cryptocurrency . Polkadot has a current supply of 1,583,211,692.52535652. The last known price of Polkadot is 3.96570897 USD and is down -0.58 over the last 24 hours. It is currently trading on 914 active market(s) with $144,897,163.73 traded over the last 24 hours. More information can be found at https://polkadot.com.. It has a market capilization of 6394891776.

From 2024-04-05 to 2024-04-12, DOT-USD's stock price decreased from 8.39 to 7.24. News during this period are listed below:

[Headline]: Deloitte Taps Polkadot Ecosystem's Kilt Blockchain for Digital Shipping Logistics
[Summary]: BANGALORE, India — A division of professional services firm Deloitte, one of the “Big Four” accounting firms, will use the Polkadot-based Kilt blockchain to offer logistics and supply-chain services f...

[Headline]: Zodia Custody Looks to Drive Institutional Access to Polkadot Ecosystem
[Summary]: Cryptocurrency storage provider Zodia Custody, a subsidiary of Standard Chartered (STAN), is to provide institutional support for the Polkadot blockchain through a new partnership with one of the netw...

[Headline]: Polkadot Revamps Governance System, Removes ‘First Class Citizen’ Voting Groups
[Summary]: Polkadot, an interconnected network of public blockchains, streamlined its governance model to allow voting on multiple issues to take place simultaneously with everything being directly controlled by...

[Headline]: Polkadot Registers Trademark for Blockchain Communication Platform
[Summary]: Polkadot, which describes itself as a ""layer 0 blockchain,"" has filed a trademark registration for what appears to be a blockchain-based messaging application, according to a recent filing.

The phras...

[Headline]: DeFi Platform Lido to Cease Staking on Polkadot, Kusama in August
[Summary]: Decentralized-finance staking service Lido (LDO) will end its staking program on the Polkadot (DOT) and Kusama (KSM) blockchains on Aug. 1, according to a blog post by pseudonymous Lido developer MixB...

From 2024-04-12 to 2024-04-19, DOT-USD's stock price decreased from 7.24 to 6.69. News during this period are listed below:

[Headline]: Deloitte Taps Polkadot Ecosystem's Kilt Blockchain for Digital Shipping Logistics
[Summary]: BANGALORE, India — A division of professional services firm Deloitte, one of the “Big Four” accounting firms, will use the Polkadot-based Kilt blockchain to offer logistics and supply-chain services f...

[Headline]: Zodia Custody Looks to Drive Institutional Access to Polkadot Ecosystem
[Summary]: Cryptocurrency storage provider Zodia Custody, a subsidiary of Standard Chartered (STAN), is to provide institutional support for the Polkadot blockchain through a new partnership with one of the netw...

[Headline]: Polkadot Revamps Governance System, Removes ‘First Class Citizen’ Voting Groups
[Summary]: Polkadot, an interconnected network of public blockchains, streamlined its governance model to allow voting on multiple issues to take place simultaneously with everything being directly controlled by...

[Headline]: Polkadot Registers Trademark for Blockchain Communication Platform
[Summary]: Polkadot, which describes itself as a ""layer 0 blockchain,"" has filed a trademark registration for what appears to be a blockchain-based messaging application, according to a recent filing.

The phras...

[Headline]: DeFi Platform Lido to Cease Staking on Polkadot, Kusama in August
[Summary]: Decentralized-finance staking service Lido (LDO) will end its staking program on the Polkadot (DOT) and Kusama (KSM) blockchains on Aug. 1, according to a blog post by pseudonymous Lido developer MixB...

From 2024-04-19 to 2024-04-26, DOT-USD's stock price increased from 6.69 to 6.76. News during this period are listed below:

[Headline]: Deloitte Taps Polkadot Ecosystem's Kilt Blockchain for Digital Shipping Logistics
[Summary]: BANGALORE, India — A division of professional services firm Deloitte, one of the “Big Four” accounting firms, will use the Polkadot-based Kilt blockchain to offer logistics and supply-chain services f...

[Headline]: Zodia Custody Looks to Drive Institutional Access to Polkadot Ecosystem
[Summary]: Cryptocurrency storage provider Zodia Custody, a subsidiary of Standard Chartered (STAN), is to provide institutional support for the Polkadot blockchain through a new partnership with one of the netw...

[Headline]: Polkadot Revamps Governance System, Removes ‘First Class Citizen’ Voting Groups
[Summary]: Polkadot, an interconnected network of public blockchains, streamlined its governance model to allow voting on multiple issues to take place simultaneously with everything being directly controlled by...

[Headline]: Polkadot Registers Trademark for Blockchain Communication Platform
[Summary]: Polkadot, which describes itself as a ""layer 0 blockchain,"" has filed a trademark registration for what appears to be a blockchain-based messaging application, according to a recent filing.

The phras...

[Headline]: DeFi Platform Lido to Cease Staking on Polkadot, Kusama in August
[Summary]: Decentralized-finance staking service Lido (LDO) will end its staking program on the Polkadot (DOT) and Kusama (KSM) blockchains on Aug. 1, according to a blog post by pseudonymous Lido developer MixB...



Based on all the information before 2024-04-26, let's first analyze the positive developments and potential concerns for DOT-USD. Come up with 2-4 most important factors respectively and keep them concise. Most factors should be inferred from cryptocurrencies related news. Then let's assume your prediction for next week (2024-04-26 to 2024-05-03) is up by more than 5%. Provide a summary analysis to support your prediction. The prediction result need to be inferred from your analysis at the end, and thus not appearing as a foundational factor of your analysis.","[Positive Developments]:
1. **Institutional Support**: Zodia Custody, a subsidiary of Standard Chartered, is providing institutional support for the Polkadot blockchain, which can attract more institutional investors.
2. **Governance Improvements**: Polkadot has streamlined its governance model, allowing for more efficient voting processes and decentralized control.
3. **Mainstream Adoption**: Deloitte's use of the Polkadot-based Kilt blockchain for logistics and supply-chain services indicates growing mainstream adoption.
4. **Innovation**: Polkadot's registration of a trademark for a blockchain communication platform suggests ongoing innovation and expansion of its ecosystem.

[Potential Concerns]:
1. **Staking Program End**: Lido's decision to cease staking on Polkadot and Kusama could reduce the overall staking activity and liquidity in the ecosystem.
2. **Market Volatility**: The general volatility in the cryptocurrency market could affect Polkadot's price stability.
3. **Competition**: Other blockchain platforms continuing to innovate and gain traction could pose competition to Polkadot's growth.

[Prediction & Analysis]:
Polkadot's recent developments, including institutional support from Zodia Custody and mainstream adoption by Deloitte, are strong positive indicators. The governance improvements and ongoing innovation also suggest a robust ecosystem. However, the end of Lido's staking program could temporarily affect liquidity. Given the positive developments and the potential for increased institutional investment, it is reasonable to predict that Polkadot (DOT) could see a price increase of more than 5% in the upcoming week. The market's overall sentiment and the specific positive news around Polkadot should drive this growth."
"[Cryptocurrency Introduction]: Polkadot (DOT) is a cryptocurrency . Polkadot has a current supply of 1,583,211,692.52535652. The last known price of Polkadot is 3.96570897 USD and is down -0.58 over the last 24 hours. It is currently trading on 914 active market(s) with $144,897,163.73 traded over the last 24 hours. More information can be found at https://polkadot.com.. It has a market capilization of 6394891776.

From 2024-04-05 to 2024-04-12, DOT-USD's stock price decreased from 8.39 to 7.24. News during this period are listed below:

[Headline]: Deloitte Taps Polkadot Ecosystem's Kilt Blockchain for Digital Shipping Logistics
[Summary]: BANGALORE, India — A division of professional services firm Deloitte, one of the “Big Four” accounting firms, will use the Polkadot-based Kilt blockchain to offer logistics and supply-chain services f...

[Headline]: Zodia Custody Looks to Drive Institutional Access to Polkadot Ecosystem
[Summary]: Cryptocurrency storage provider Zodia Custody, a subsidiary of Standard Chartered (STAN), is to provide institutional support for the Polkadot blockchain through a new partnership with one of the netw...

[Headline]: Polkadot Revamps Governance System, Removes ‘First Class Citizen’ Voting Groups
[Summary]: Polkadot, an interconnected network of public blockchains, streamlined its governance model to allow voting on multiple issues to take place simultaneously with everything being directly controlled by...

[Headline]: Polkadot Registers Trademark for Blockchain Communication Platform
[Summary]: Polkadot, which describes itself as a ""layer 0 blockchain,"" has filed a trademark registration for what appears to be a blockchain-based messaging application, according to a recent filing.

The phras...

[Headline]: DeFi Platform Lido to Cease Staking on Polkadot, Kusama in August
[Summary]: Decentralized-finance staking service Lido (LDO) will end its staking program on the Polkadot (DOT) and Kusama (KSM) blockchains on Aug. 1, according to a blog post by pseudonymous Lido developer MixB...

From 2024-04-12 to 2024-04-19, DOT-USD's stock price decreased from 7.24 to 6.69. News during this period are listed below:

[Headline]: Deloitte Taps Polkadot Ecosystem's Kilt Blockchain for Digital Shipping Logistics
[Summary]: BANGALORE, India — A division of professional services firm Deloitte, one of the “Big Four” accounting firms, will use the Polkadot-based Kilt blockchain to offer logistics and supply-chain services f...

[Headline]: Zodia Custody Looks to Drive Institutional Access to Polkadot Ecosystem
[Summary]: Cryptocurrency storage provider Zodia Custody, a subsidiary of Standard Chartered (STAN), is to provide institutional support for the Polkadot blockchain through a new partnership with one of the netw...

[Headline]: Polkadot Revamps Governance System, Removes ‘First Class Citizen’ Voting Groups
[Summary]: Polkadot, an interconnected network of public blockchains, streamlined its governance model to allow voting on multiple issues to take place simultaneously with everything being directly controlled by...

[Headline]: Polkadot Registers Trademark for Blockchain Communication Platform
[Summary]: Polkadot, which describes itself as a ""layer 0 blockchain,"" has filed a trademark registration for what appears to be a blockchain-based messaging application, according to a recent filing.

The phras...

[Headline]: DeFi Platform Lido to Cease Staking on Polkadot, Kusama in August
[Summary]: Decentralized-finance staking service Lido (LDO) will end its staking program on the Polkadot (DOT) and Kusama (KSM) blockchains on Aug. 1, according to a blog post by pseudonymous Lido developer MixB...

From 2024-04-19 to 2024-04-26, DOT-USD's stock price increased from 6.69 to 6.76. News during this period are listed below:

[Headline]: Deloitte Taps Polkadot Ecosystem's Kilt Blockchain for Digital Shipping Logistics
[Summary]: BANGALORE, India — A division of professional services firm Deloitte, one of the “Big Four” accounting firms, will use the Polkadot-based Kilt blockchain to offer logistics and supply-chain services f...

[Headline]: Zodia Custody Looks to Drive Institutional Access to Polkadot Ecosystem
[Summary]: Cryptocurrency storage provider Zodia Custody, a subsidiary of Standard Chartered (STAN), is to provide institutional support for the Polkadot blockchain through a new partnership with one of the netw...

[Headline]: Polkadot Revamps Governance System, Removes ‘First Class Citizen’ Voting Groups
[Summary]: Polkadot, an interconnected network of public blockchains, streamlined its governance model to allow voting on multiple issues to take place simultaneously with everything being directly controlled by...

[Headline]: Polkadot Registers Trademark for Blockchain Communication Platform
[Summary]: Polkadot, which describes itself as a ""layer 0 blockchain,"" has filed a trademark registration for what appears to be a blockchain-based messaging application, according to a recent filing.

The phras...

[Headline]: DeFi Platform Lido to Cease Staking on Polkadot, Kusama in August
[Summary]: Decentralized-finance staking service Lido (LDO) will end its staking program on the Polkadot (DOT) and Kusama (KSM) blockchains on Aug. 1, according to a blog post by pseudonymous Lido developer MixB...

From 2024-04-26 to 2024-05-03, DOT-USD's stock price increased from 6.76 to 7.26. News during this period are listed below:

[Headline]: Polkadot and Cosmos Gain in a Rocky Week for Crypto: CoinDesk Indices Market Update
[Summary]: CoinDesk Indices (CDI) presents its bi-weekly market update, highlighting the performance of leaders and laggards in the benchmark CoinDesk 20 Index (CD20) and the broad CoinDesk Market Index (CMI).

...

[Headline]: Deloitte Taps Polkadot Ecosystem's Kilt Blockchain for Digital Shipping Logistics
[Summary]: BANGALORE, India — A division of professional services firm Deloitte, one of the “Big Four” accounting firms, will use the Polkadot-based Kilt blockchain to offer logistics and supply-chain services f...

[Headline]: Zodia Custody Looks to Drive Institutional Access to Polkadot Ecosystem
[Summary]: Cryptocurrency storage provider Zodia Custody, a subsidiary of Standard Chartered (STAN), is to provide institutional support for the Polkadot blockchain through a new partnership with one of the netw...

[Headline]: Polkadot Revamps Governance System, Removes ‘First Class Citizen’ Voting Groups
[Summary]: Polkadot, an interconnected network of public blockchains, streamlined its governance model to allow voting on multiple issues to take place simultaneously with everything being directly controlled by...

[Headline]: Polkadot Registers Trademark for Blockchain Communication Platform
[Summary]: Polkadot, which describes itself as a ""layer 0 blockchain,"" has filed a trademark registration for what appears to be a blockchain-based messaging application, according to a recent filing.

The phras...



Based on all the information before 2024-05-03, let's first analyze the positive developments and potential concerns for DOT-USD. Come up with 2-4 most important factors respectively and keep them concise. Most factors should be inferred from cryptocurrencies related news. Then let's assume your prediction for next week (2024-05-03 to 2024-05-10) is down by more than 5%. Provide a summary analysis to support your prediction. The prediction result need to be inferred from your analysis at the end, and thus not appearing as a foundational factor of your analysis.","[Positive Developments]:
1. **Institutional Support**: Zodia Custody, a subsidiary of Standard Chartered, is providing institutional support for the Polkadot blockchain, which can attract more institutional investors.
2. **Governance Improvements**: Polkadot has streamlined its governance model, allowing for more efficient voting processes and decentralized control.
3. **Mainstream Adoption**: Deloitte's use of the Polkadot-based Kilt blockchain for logistics and supply-chain services indicates growing mainstream adoption.
4. **Innovation**: Polkadot's registration of a trademark for a blockchain communication platform suggests ongoing innovation and expansion of its ecosystem.

[Potential Concerns]:
1. **Staking Program End**: Lido's decision to cease staking on Polkadot and Kusama could reduce the overall staking activity and liquidity in the ecosystem.
2. **Market Volatility**: The general volatility in the cryptocurrency market could affect Polkadot's price stability.
3. **Competition**: Other blockchain platforms continuing to innovate and gain traction could pose competition to Polkadot's growth.

[Prediction & Analysis]:
While Polkadot has seen significant positive developments, the upcoming week could be challenging due to the end of Lido's staking program and the overall market volatility. The positive news around institutional support and governance improvements may not be enough to offset the potential liquidity issues and market uncertainty. Therefore, it is reasonable to predict that Polkadot (DOT) could see a price decrease of more than 5% in the upcoming week. The market's caution and the specific concerns around Polkadot's liquidity should drive this decline."
"[Cryptocurrency Introduction]: Polkadot (DOT) is a cryptocurrency . Polkadot has a current supply of 1,583,211,692.52535652. The last known price of Polkadot is 3.96570897 USD and is down -0.58 over the last 24 hours. It is currently trading on 914 active market(s) with $144,897,163.73 traded over the last 24 hours. More information can be found at https://polkadot.com.. It has a market capilization of 6394891776.

From 2024-05-03 to 2024-05-10, DOT-USD's stock price decreased from 7.26 to 6.75. News during this period are listed below:

[Headline]: Polkadot and Cosmos Gain in a Rocky Week for Crypto: CoinDesk Indices Market Update
[Summary]: CoinDesk Indices (CDI) presents its bi-weekly market update, highlighting the performance of leaders and laggards in the benchmark CoinDesk 20 Index (CD20) and the broad CoinDesk Market Index (CMI).

...



Based on all the information before 2024-05-10, let's first analyze the positive developments and potential concerns for DOT-USD. Come up with 2-4 most important factors respectively and keep them concise. Most factors should be inferred from cryptocurrencies related news. Then let's assume your prediction for next week (2024-05-10 to 2024-05-17) is up by more than 5%. Provide a summary analysis to support your prediction. The prediction result need to be inferred from your analysis at the end, and thus not appearing as a foundational factor of your analysis.","[Positive Developments]:
1. **Market Performance**: Polkadot and Cosmos gained in a rocky week for crypto, indicating relative strength in the market.
2. **Institutional Support**: Zodia Custody, a subsidiary of Standard Chartered, is providing institutional support for the Polkadot blockchain, which can attract more institutional investors.
3. **Governance Improvements**: Polkadot has streamlined its governance model, allowing for more efficient voting processes and decentralized control.
4. **Innovation**: Polkadot's registration of a trademark for a blockchain communication platform suggests ongoing innovation and expansion of its ecosystem.

[Potential Concerns]:
1. **Staking Program End**: Lido's decision to cease staking on Polkadot and Kusama could reduce the overall staking activity and liquidity in the ecosystem.
2. **Market Volatility**: The general volatility in the cryptocurrency market could affect Polkadot's price stability.
3. **Competition**: Other blockchain platforms continuing to innovate and gain traction could pose competition to Polkadot's growth.

[Prediction & Analysis]:
Polkadot's recent market performance and institutional support are strong positive indicators. The governance improvements and ongoing innovation also suggest a robust ecosystem. However, the end of Lido's staking program could temporarily affect liquidity. Given the positive developments and the potential for increased institutional investment, it is reasonable to predict that Polkadot (DOT) could see a price increase of more than 5% in the upcoming week. The market's overall sentiment and the specific positive news around Polkadot should drive this growth."
"[Cryptocurrency Introduction]: Polkadot (DOT) is a cryptocurrency . Polkadot has a current supply of 1,583,211,692.52535652. The last known price of Polkadot is 3.96570897 USD and is down -0.58 over the last 24 hours. It is currently trading on 914 active market(s) with $144,897,163.73 traded over the last 24 hours. More information can be found at https://polkadot.com.. It has a market capilization of 6394891776.

From 2024-04-26 to 2024-05-03, DOT-USD's stock price increased from 6.76 to 7.26. News during this period are listed below:

[Headline]: Polkadot and Cosmos Gain in a Rocky Week for Crypto: CoinDesk Indices Market Update
[Summary]: CoinDesk Indices (CDI) presents its bi-weekly market update, highlighting the performance of leaders and laggards in the benchmark CoinDesk 20 Index (CD20) and the broad CoinDesk Market Index (CMI).

...

[Headline]: Deloitte Taps Polkadot Ecosystem's Kilt Blockchain for Digital Shipping Logistics
[Summary]: BANGALORE, India — A division of professional services firm Deloitte, one of the “Big Four” accounting firms, will use the Polkadot-based Kilt blockchain to offer logistics and supply-chain services f...

[Headline]: Zodia Custody Looks to Drive Institutional Access to Polkadot Ecosystem
[Summary]: Cryptocurrency storage provider Zodia Custody, a subsidiary of Standard Chartered (STAN), is to provide institutional support for the Polkadot blockchain through a new partnership with one of the netw...

[Headline]: Polkadot Revamps Governance System, Removes ‘First Class Citizen’ Voting Groups
[Summary]: Polkadot, an interconnected network of public blockchains, streamlined its governance model to allow voting on multiple issues to take place simultaneously with everything being directly controlled by...

[Headline]: Polkadot Registers Trademark for Blockchain Communication Platform
[Summary]: Polkadot, which describes itself as a ""layer 0 blockchain,"" has filed a trademark registration for what appears to be a blockchain-based messaging application, according to a recent filing.

The phras...

From 2024-05-03 to 2024-05-10, DOT-USD's stock price decreased from 7.26 to 6.75. News during this period are listed below:

[Headline]: Polkadot and Cosmos Gain in a Rocky Week for Crypto: CoinDesk Indices Market Update
[Summary]: CoinDesk Indices (CDI) presents its bi-weekly market update, highlighting the performance of leaders and laggards in the benchmark CoinDesk 20 Index (CD20) and the broad CoinDesk Market Index (CMI).

...

From 2024-05-10 to 2024-05-17, DOT-USD's stock price increased from 6.75 to 7.20. News during this period are listed below:

[Headline]: Polkadot and Cosmos Gain in a Rocky Week for Crypto: CoinDesk Indices Market Update
[Summary]: CoinDesk Indices (CDI) presents its bi-weekly market update, highlighting the performance of leaders and laggards in the benchmark CoinDesk 20 Index (CD20) and the broad CoinDesk Market Index (CMI).

...

[Headline]: Deloitte Taps Polkadot Ecosystem's Kilt Blockchain for Digital Shipping Logistics
[Summary]: BANGALORE, India — A division of professional services firm Deloitte, one of the “Big Four” accounting firms, will use the Polkadot-based Kilt blockchain to offer logistics and supply-chain services f...

[Headline]: Zodia Custody Looks to Drive Institutional Access to Polkadot Ecosystem
[Summary]: Cryptocurrency storage provider Zodia Custody, a subsidiary of Standard Chartered (STAN), is to provide institutional support for the Polkadot blockchain through a new partnership with one of the netw...

[Headline]: Polkadot Revamps Governance System, Removes ‘First Class Citizen’ Voting Groups
[Summary]: Polkadot, an interconnected network of public blockchains, streamlined its governance model to allow voting on multiple issues to take place simultaneously with everything being directly controlled by...

[Headline]: Polkadot Registers Trademark for Blockchain Communication Platform
[Summary]: Polkadot, which describes itself as a ""layer 0 blockchain,"" has filed a trademark registration for what appears to be a blockchain-based messaging application, according to a recent filing.

The phras...



Based on all the information before 2024-05-17, let's first analyze the positive developments and potential concerns for DOT-USD. Come up with 2-4 most important factors respectively and keep them concise. Most factors should be inferred from cryptocurrencies related news. Then let's assume your prediction for next week (2024-05-17 to 2024-05-24) is up by 0-1%. Provide a summary analysis to support your prediction. The prediction result need to be inferred from your analysis at the end, and thus not appearing as a foundational factor of your analysis.","[Positive Developments]:
1. **Market Performance**: Polkadot and Cosmos gained in a rocky week for crypto, indicating relative strength in the market.
2. **Institutional Support**: Zodia Custody, a subsidiary of Standard Chartered, is providing institutional support for the Polkadot blockchain, which can attract more institutional investors.
3. **Governance Improvements**: Polkadot has streamlined its governance model, allowing for more efficient voting processes and decentralized control.
4. **Innovation**: Polkadot's registration of a trademark for a blockchain communication platform suggests ongoing innovation and expansion of its ecosystem.

[Potential Concerns]:
1. **Staking Program End**: Lido's decision to cease staking on Polkadot and Kusama could reduce the overall staking activity and liquidity in the ecosystem.
2. **Market Volatility**: The general volatility in the cryptocurrency market could affect Polkadot's price stability.
3. **Competition**: Other blockchain platforms continuing to innovate and gain traction could pose competition to Polkadot's growth.

[Prediction & Analysis]:
While Polkadot has seen significant positive developments, the upcoming week could be relatively stable. The positive news around institutional support and governance improvements may be balanced by the potential liquidity issues and market uncertainty. Therefore, it is reasonable to predict that Polkadot (DOT) could see a price increase of 0-1% in the upcoming week. The market's caution and the specific concerns around Polkadot's liquidity should drive this stability."
"[Cryptocurrency Introduction]: Polkadot (DOT) is a cryptocurrency . Polkadot has a current supply of 1,583,211,692.52535652. The last known price of Polkadot is 3.96570897 USD and is down -0.58 over the last 24 hours. It is currently trading on 914 active market(s) with $144,897,163.73 traded over the last 24 hours. More information can be found at https://polkadot.com.. It has a market capilization of 6394891776.

From 2024-05-03 to 2024-05-10, DOT-USD's stock price decreased from 7.26 to 6.75. News during this period are listed below:

[Headline]: Polkadot and Cosmos Gain in a Rocky Week for Crypto: CoinDesk Indices Market Update
[Summary]: CoinDesk Indices (CDI) presents its bi-weekly market update, highlighting the performance of leaders and laggards in the benchmark CoinDesk 20 Index (CD20) and the broad CoinDesk Market Index (CMI).

...

From 2024-05-10 to 2024-05-17, DOT-USD's stock price increased from 6.75 to 7.20. News during this period are listed below:

[Headline]: Polkadot and Cosmos Gain in a Rocky Week for Crypto: CoinDesk Indices Market Update
[Summary]: CoinDesk Indices (CDI) presents its bi-weekly market update, highlighting the performance of leaders and laggards in the benchmark CoinDesk 20 Index (CD20) and the broad CoinDesk Market Index (CMI).

...

[Headline]: Deloitte Taps Polkadot Ecosystem's Kilt Blockchain for Digital Shipping Logistics
[Summary]: BANGALORE, India — A division of professional services firm Deloitte, one of the “Big Four” accounting firms, will use the Polkadot-based Kilt blockchain to offer logistics and supply-chain services f...

[Headline]: Zodia Custody Looks to Drive Institutional Access to Polkadot Ecosystem
[Summary]: Cryptocurrency storage provider Zodia Custody, a subsidiary of Standard Chartered (STAN), is to provide institutional support for the Polkadot blockchain through a new partnership with one of the netw...

[Headline]: Polkadot Revamps Governance System, Removes ‘First Class Citizen’ Voting Groups
[Summary]: Polkadot, an interconnected network of public blockchains, streamlined its governance model to allow voting on multiple issues to take place simultaneously with everything being directly controlled by...

[Headline]: Polkadot Registers Trademark for Blockchain Communication Platform
[Summary]: Polkadot, which describes itself as a ""layer 0 blockchain,"" has filed a trademark registration for what appears to be a blockchain-based messaging application, according to a recent filing.

The phras...

From 2024-05-17 to 2024-05-24, DOT-USD's stock price increased from 7.20 to 7.24. News during this period are listed below:

[Headline]: Polkadot and Cosmos Gain in a Rocky Week for Crypto: CoinDesk Indices Market Update
[Summary]: CoinDesk Indices (CDI) presents its bi-weekly market update, highlighting the performance of leaders and laggards in the benchmark CoinDesk 20 Index (CD20) and the broad CoinDesk Market Index (CMI).

...

[Headline]: Deloitte Taps Polkadot Ecosystem's Kilt Blockchain for Digital Shipping Logistics
[Summary]: BANGALORE, India — A division of professional services firm Deloitte, one of the “Big Four” accounting firms, will use the Polkadot-based Kilt blockchain to offer logistics and supply-chain services f...

[Headline]: Zodia Custody Looks to Drive Institutional Access to Polkadot Ecosystem
[Summary]: Cryptocurrency storage provider Zodia Custody, a subsidiary of Standard Chartered (STAN), is to provide institutional support for the Polkadot blockchain through a new partnership with one of the netw...

[Headline]: Polkadot Revamps Governance System, Removes ‘First Class Citizen’ Voting Groups
[Summary]: Polkadot, an interconnected network of public blockchains, streamlined its governance model to allow voting on multiple issues to take place simultaneously with everything being directly controlled by...

[Headline]: Polkadot Registers Trademark for Blockchain Communication Platform
[Summary]: Polkadot, which describes itself as a ""layer 0 blockchain,"" has filed a trademark registration for what appears to be a blockchain-based messaging application, according to a recent filing.

The phras...



Based on all the information before 2024-05-24, let's first analyze the positive developments and potential concerns for DOT-USD. Come up with 2-4 most important factors respectively and keep them concise. Most factors should be inferred from cryptocurrencies related news. Then let's assume your prediction for next week (2024-05-24 to 2024-05-31) is down by 3-4%. Provide a summary analysis to support your prediction. The prediction result need to be inferred from your analysis at the end, and thus not appearing as a foundational factor of your analysis.","[Positive Developments]:
1. **Market Performance**: Polkadot and Cosmos gained in a rocky week for crypto, indicating relative strength in the market.
2. **Institutional Support**: Zodia Custody, a subsidiary of Standard Chartered, is providing institutional support for the Polkadot blockchain, which can attract more institutional investors.
3. **Governance Improvements**: Polkadot has streamlined its governance model, allowing for more efficient voting processes and decentralized control.
4. **Innovation**: Polkadot's registration of a trademark for a blockchain communication platform suggests ongoing innovation and expansion of its ecosystem.

[Potential Concerns]:
1. **Staking Program End**: Lido's decision to cease staking on Polkadot and Kusama could reduce the overall staking activity and liquidity in the ecosystem.
2. **Market Volatility**: The general volatility in the cryptocurrency market could affect Polkadot's price stability.
3. **Competition**: Other blockchain platforms continuing to innovate and gain traction could pose competition to Polkadot's growth.

[Prediction & Analysis]:
While Polkadot has seen significant positive developments, the upcoming week could be challenging due to the end of Lido's staking program and the overall market volatility. The positive news around institutional support and governance improvements may not be enough to offset the potential liquidity issues and market uncertainty. Therefore, it is reasonable to predict that Polkadot (DOT) could see a price decrease of 3-4% in the upcoming week. The market's caution and the specific concerns around Polkadot's liquidity should drive this decline."
"[Cryptocurrency Introduction]: Polkadot (DOT) is a cryptocurrency . Polkadot has a current supply of 1,583,211,692.52535652. The last known price of Polkadot is 3.96570897 USD and is down -0.58 over the last 24 hours. It is currently trading on 914 active market(s) with $144,897,163.73 traded over the last 24 hours. More information can be found at https://polkadot.com.. It has a market capilization of 6394891776.

From 2024-05-10 to 2024-05-17, DOT-USD's stock price increased from 6.75 to 7.20. News during this period are listed below:

[Headline]: Polkadot and Cosmos Gain in a Rocky Week for Crypto: CoinDesk Indices Market Update
[Summary]: CoinDesk Indices (CDI) presents its bi-weekly market update, highlighting the performance of leaders and laggards in the benchmark CoinDesk 20 Index (CD20) and the broad CoinDesk Market Index (CMI).

...

[Headline]: Deloitte Taps Polkadot Ecosystem's Kilt Blockchain for Digital Shipping Logistics
[Summary]: BANGALORE, India — A division of professional services firm Deloitte, one of the “Big Four” accounting firms, will use the Polkadot-based Kilt blockchain to offer logistics and supply-chain services f...

[Headline]: Zodia Custody Looks to Drive Institutional Access to Polkadot Ecosystem
[Summary]: Cryptocurrency storage provider Zodia Custody, a subsidiary of Standard Chartered (STAN), is to provide institutional support for the Polkadot blockchain through a new partnership with one of the netw...

[Headline]: Polkadot Revamps Governance System, Removes ‘First Class Citizen’ Voting Groups
[Summary]: Polkadot, an interconnected network of public blockchains, streamlined its governance model to allow voting on multiple issues to take place simultaneously with everything being directly controlled by...

[Headline]: Polkadot Registers Trademark for Blockchain Communication Platform
[Summary]: Polkadot, which describes itself as a ""layer 0 blockchain,"" has filed a trademark registration for what appears to be a blockchain-based messaging application, according to a recent filing.

The phras...

From 2024-05-17 to 2024-05-24, DOT-USD's stock price increased from 7.20 to 7.24. News during this period are listed below:

[Headline]: Polkadot and Cosmos Gain in a Rocky Week for Crypto: CoinDesk Indices Market Update
[Summary]: CoinDesk Indices (CDI) presents its bi-weekly market update, highlighting the performance of leaders and laggards in the benchmark CoinDesk 20 Index (CD20) and the broad CoinDesk Market Index (CMI).

...

[Headline]: Deloitte Taps Polkadot Ecosystem's Kilt Blockchain for Digital Shipping Logistics
[Summary]: BANGALORE, India — A division of professional services firm Deloitte, one of the “Big Four” accounting firms, will use the Polkadot-based Kilt blockchain to offer logistics and supply-chain services f...

[Headline]: Zodia Custody Looks to Drive Institutional Access to Polkadot Ecosystem
[Summary]: Cryptocurrency storage provider Zodia Custody, a subsidiary of Standard Chartered (STAN), is to provide institutional support for the Polkadot blockchain through a new partnership with one of the netw...

[Headline]: Polkadot Revamps Governance System, Removes ‘First Class Citizen’ Voting Groups
[Summary]: Polkadot, an interconnected network of public blockchains, streamlined its governance model to allow voting on multiple issues to take place simultaneously with everything being directly controlled by...

[Headline]: Polkadot Registers Trademark for Blockchain Communication Platform
[Summary]: Polkadot, which describes itself as a ""layer 0 blockchain,"" has filed a trademark registration for what appears to be a blockchain-based messaging application, according to a recent filing.

The phras...

From 2024-05-24 to 2024-05-31, DOT-USD's stock price decreased from 7.24 to 6.99. News during this period are listed below:

[Headline]: Polkadot and Cosmos Gain in a Rocky Week for Crypto: CoinDesk Indices Market Update
[Summary]: CoinDesk Indices (CDI) presents its bi-weekly market update, highlighting the performance of leaders and laggards in the benchmark CoinDesk 20 Index (CD20) and the broad CoinDesk Market Index (CMI).

...

[Headline]: Deloitte Taps Polkadot Ecosystem's Kilt Blockchain for Digital Shipping Logistics
[Summary]: BANGALORE, India — A division of professional services firm Deloitte, one of the “Big Four” accounting firms, will use the Polkadot-based Kilt blockchain to offer logistics and supply-chain services f...

[Headline]: Zodia Custody Looks to Drive Institutional Access to Polkadot Ecosystem
[Summary]: Cryptocurrency storage provider Zodia Custody, a subsidiary of Standard Chartered (STAN), is to provide institutional support for the Polkadot blockchain through a new partnership with one of the netw...

[Headline]: Polkadot Revamps Governance System, Removes ‘First Class Citizen’ Voting Groups
[Summary]: Polkadot, an interconnected network of public blockchains, streamlined its governance model to allow voting on multiple issues to take place simultaneously with everything being directly controlled by...

[Headline]: Polkadot Registers Trademark for Blockchain Communication Platform
[Summary]: Polkadot, which describes itself as a ""layer 0 blockchain,"" has filed a trademark registration for what appears to be a blockchain-based messaging application, according to a recent filing.

The phras...



Based on all the information before 2024-05-31, let's first analyze the positive developments and potential concerns for DOT-USD. Come up with 2-4 most important factors respectively and keep them concise. Most factors should be inferred from cryptocurrencies related news. Then let's assume your prediction for next week (2024-05-31 to 2024-06-07) is down by 4-5%. Provide a summary analysis to support your prediction. The prediction result need to be inferred from your analysis at the end, and thus not appearing as a foundational factor of your analysis.","### ANALYSIS REQUEST 1

**[Positive Developments]:**
1. **Institutional Support**: Zodia Custody, a subsidiary of Standard Chartered, is providing institutional support for the Polkadot blockchain, which can drive more institutional investments.
2. **Governance Improvements**: Polkadot has streamlined its governance model, allowing for more efficient voting processes and decentralized control.
3. **Corporate Adoption**: Deloitte's use of the Polkadot-based Kilt blockchain for logistics and supply-chain services indicates growing corporate interest and adoption.
4. **Innovation**: Polkadot's registration of a trademark for a blockchain communication platform suggests ongoing innovation and expansion of use cases.

**[Potential Concerns]:**
1. **Market Volatility**: The broader crypto market has been volatile, as indicated by the ""rocky week"" mentioned in CoinDesk Indices Market Update.
2. **Price Decline**: Despite positive news, DOT-USD's price decreased from 7.24 to 6.99 in the recent week, suggesting potential market resistance or profit-taking.
3. **Regulatory Uncertainty**: The broader regulatory environment for cryptocurrencies remains uncertain, which could impact Polkadot's growth.

**[Prediction & Analysis]:**
Polkadot (DOT) has shown resilience with positive developments such as institutional support from Zodia Custody and corporate adoption by Deloitte. However, the recent price decline despite these positive news suggests that the market may be factoring in broader concerns such as market volatility and regulatory uncertainty. The governance improvements and innovation efforts are long-term positives, but they may not immediately translate into price gains. Given the current market dynamics and the recent price decline, it is likely that DOT-USD will face further downward pressure in the upcoming week. Investors may be cautious due to the broader market volatility and potential regulatory risks. Therefore, a prediction of a 4-5% decrease in the price of DOT-USD for the next week seems justified."
"[Cryptocurrency Introduction]: Polkadot (DOT) is a cryptocurrency . Polkadot has a current supply of 1,583,211,692.52535652. The last known price of Polkadot is 3.96570897 USD and is down -0.58 over the last 24 hours. It is currently trading on 914 active market(s) with $144,897,163.73 traded over the last 24 hours. More information can be found at https://polkadot.com.. It has a market capilization of 6394891776.

From 2024-05-17 to 2024-05-24, DOT-USD's stock price increased from 7.20 to 7.24. News during this period are listed below:

[Headline]: Polkadot and Cosmos Gain in a Rocky Week for Crypto: CoinDesk Indices Market Update
[Summary]: CoinDesk Indices (CDI) presents its bi-weekly market update, highlighting the performance of leaders and laggards in the benchmark CoinDesk 20 Index (CD20) and the broad CoinDesk Market Index (CMI).

...

[Headline]: Deloitte Taps Polkadot Ecosystem's Kilt Blockchain for Digital Shipping Logistics
[Summary]: BANGALORE, India — A division of professional services firm Deloitte, one of the “Big Four” accounting firms, will use the Polkadot-based Kilt blockchain to offer logistics and supply-chain services f...

[Headline]: Zodia Custody Looks to Drive Institutional Access to Polkadot Ecosystem
[Summary]: Cryptocurrency storage provider Zodia Custody, a subsidiary of Standard Chartered (STAN), is to provide institutional support for the Polkadot blockchain through a new partnership with one of the netw...

[Headline]: Polkadot Revamps Governance System, Removes ‘First Class Citizen’ Voting Groups
[Summary]: Polkadot, an interconnected network of public blockchains, streamlined its governance model to allow voting on multiple issues to take place simultaneously with everything being directly controlled by...

[Headline]: Polkadot Registers Trademark for Blockchain Communication Platform
[Summary]: Polkadot, which describes itself as a ""layer 0 blockchain,"" has filed a trademark registration for what appears to be a blockchain-based messaging application, according to a recent filing.

The phras...

From 2024-05-24 to 2024-05-31, DOT-USD's stock price decreased from 7.24 to 6.99. News during this period are listed below:

[Headline]: Polkadot and Cosmos Gain in a Rocky Week for Crypto: CoinDesk Indices Market Update
[Summary]: CoinDesk Indices (CDI) presents its bi-weekly market update, highlighting the performance of leaders and laggards in the benchmark CoinDesk 20 Index (CD20) and the broad CoinDesk Market Index (CMI).

...

[Headline]: Deloitte Taps Polkadot Ecosystem's Kilt Blockchain for Digital Shipping Logistics
[Summary]: BANGALORE, India — A division of professional services firm Deloitte, one of the “Big Four” accounting firms, will use the Polkadot-based Kilt blockchain to offer logistics and supply-chain services f...

[Headline]: Zodia Custody Looks to Drive Institutional Access to Polkadot Ecosystem
[Summary]: Cryptocurrency storage provider Zodia Custody, a subsidiary of Standard Chartered (STAN), is to provide institutional support for the Polkadot blockchain through a new partnership with one of the netw...

[Headline]: Polkadot Revamps Governance System, Removes ‘First Class Citizen’ Voting Groups
[Summary]: Polkadot, an interconnected network of public blockchains, streamlined its governance model to allow voting on multiple issues to take place simultaneously with everything being directly controlled by...

[Headline]: Polkadot Registers Trademark for Blockchain Communication Platform
[Summary]: Polkadot, which describes itself as a ""layer 0 blockchain,"" has filed a trademark registration for what appears to be a blockchain-based messaging application, according to a recent filing.

The phras...

From 2024-05-31 to 2024-06-07, DOT-USD's stock price decreased from 6.99 to 6.66. News during this period are listed below:

[Headline]: Polkadot and Cosmos Gain in a Rocky Week for Crypto: CoinDesk Indices Market Update
[Summary]: CoinDesk Indices (CDI) presents its bi-weekly market update, highlighting the performance of leaders and laggards in the benchmark CoinDesk 20 Index (CD20) and the broad CoinDesk Market Index (CMI).

...

[Headline]: Deloitte Taps Polkadot Ecosystem's Kilt Blockchain for Digital Shipping Logistics
[Summary]: BANGALORE, India — A division of professional services firm Deloitte, one of the “Big Four” accounting firms, will use the Polkadot-based Kilt blockchain to offer logistics and supply-chain services f...

[Headline]: Zodia Custody Looks to Drive Institutional Access to Polkadot Ecosystem
[Summary]: Cryptocurrency storage provider Zodia Custody, a subsidiary of Standard Chartered (STAN), is to provide institutional support for the Polkadot blockchain through a new partnership with one of the netw...

[Headline]: Polkadot Revamps Governance System, Removes ‘First Class Citizen’ Voting Groups
[Summary]: Polkadot, an interconnected network of public blockchains, streamlined its governance model to allow voting on multiple issues to take place simultaneously with everything being directly controlled by...

[Headline]: Polkadot Registers Trademark for Blockchain Communication Platform
[Summary]: Polkadot, which describes itself as a ""layer 0 blockchain,"" has filed a trademark registration for what appears to be a blockchain-based messaging application, according to a recent filing.

The phras...



Based on all the information before 2024-06-07, let's first analyze the positive developments and potential concerns for DOT-USD. Come up with 2-4 most important factors respectively and keep them concise. Most factors should be inferred from cryptocurrencies related news. Then let's assume your prediction for next week (2024-06-07 to 2024-06-14) is down by more than 5%. Provide a summary analysis to support your prediction. The prediction result need to be inferred from your analysis at the end, and thus not appearing as a foundational factor of your analysis.","### ANALYSIS REQUEST 2

**[Positive Developments]:**
1. **Institutional Support**: Zodia Custody's partnership to provide institutional support for the Polkadot blockchain is a significant positive development.
2. **Corporate Adoption**: Deloitte's integration of the Polkadot-based Kilt blockchain for logistics services highlights growing corporate interest.
3. **Governance Improvements**: Polkadot's revamped governance system streamlines decision-making processes, enhancing decentralization and efficiency.
4. **Innovation**: The trademark registration for a blockchain communication platform indicates Polkadot's commitment to innovation and expanding its ecosystem.

**[Potential Concerns]:**
1. **Market Volatility**: The crypto market remains volatile, which can impact Polkadot's price despite positive developments.
2. **Price Correction**: The recent price decline from 7.24 to 6.99 suggests a potential market correction or profit-taking by investors.
3. **Regulatory Risks**: The regulatory environment for cryptocurrencies is still uncertain, posing risks for Polkadot's growth and adoption.

**[Prediction & Analysis]:**
Polkadot (DOT) has seen significant positive developments, including institutional support and corporate adoption. However, the recent price decline and broader market volatility indicate that investors may be cautious. The positive news may already be priced in, and the market could be anticipating further corrections. Given the potential concerns and the recent price trend, a prediction of a more than 5% decrease in the price of DOT-USD for the next week is reasonable. The market may continue to be volatile, and investors might adopt a wait-and-see approach before committing more capital."
"[Cryptocurrency Introduction]: Polkadot (DOT) is a cryptocurrency . Polkadot has a current supply of 1,583,211,692.52535652. The last known price of Polkadot is 3.96570897 USD and is down -0.58 over the last 24 hours. It is currently trading on 914 active market(s) with $144,897,163.73 traded over the last 24 hours. More information can be found at https://polkadot.com.. It has a market capilization of 6394891776.

From 2024-05-17 to 2024-05-24, DOT-USD's stock price increased from 7.20 to 7.24. News during this period are listed below:

[Headline]: Polkadot and Cosmos Gain in a Rocky Week for Crypto: CoinDesk Indices Market Update
[Summary]: CoinDesk Indices (CDI) presents its bi-weekly market update, highlighting the performance of leaders and laggards in the benchmark CoinDesk 20 Index (CD20) and the broad CoinDesk Market Index (CMI).

...

[Headline]: Deloitte Taps Polkadot Ecosystem's Kilt Blockchain for Digital Shipping Logistics
[Summary]: BANGALORE, India — A division of professional services firm Deloitte, one of the “Big Four” accounting firms, will use the Polkadot-based Kilt blockchain to offer logistics and supply-chain services f...

[Headline]: Zodia Custody Looks to Drive Institutional Access to Polkadot Ecosystem
[Summary]: Cryptocurrency storage provider Zodia Custody, a subsidiary of Standard Chartered (STAN), is to provide institutional support for the Polkadot blockchain through a new partnership with one of the netw...

[Headline]: Polkadot Revamps Governance System, Removes ‘First Class Citizen’ Voting Groups
[Summary]: Polkadot, an interconnected network of public blockchains, streamlined its governance model to allow voting on multiple issues to take place simultaneously with everything being directly controlled by...

[Headline]: Polkadot Registers Trademark for Blockchain Communication Platform
[Summary]: Polkadot, which describes itself as a ""layer 0 blockchain,"" has filed a trademark registration for what appears to be a blockchain-based messaging application, according to a recent filing.

The phras...

From 2024-05-24 to 2024-05-31, DOT-USD's stock price decreased from 7.24 to 6.99. News during this period are listed below:

[Headline]: Polkadot and Cosmos Gain in a Rocky Week for Crypto: CoinDesk Indices Market Update
[Summary]: CoinDesk Indices (CDI) presents its bi-weekly market update, highlighting the performance of leaders and laggards in the benchmark CoinDesk 20 Index (CD20) and the broad CoinDesk Market Index (CMI).

...

[Headline]: Deloitte Taps Polkadot Ecosystem's Kilt Blockchain for Digital Shipping Logistics
[Summary]: BANGALORE, India — A division of professional services firm Deloitte, one of the “Big Four” accounting firms, will use the Polkadot-based Kilt blockchain to offer logistics and supply-chain services f...

[Headline]: Zodia Custody Looks to Drive Institutional Access to Polkadot Ecosystem
[Summary]: Cryptocurrency storage provider Zodia Custody, a subsidiary of Standard Chartered (STAN), is to provide institutional support for the Polkadot blockchain through a new partnership with one of the netw...

[Headline]: Polkadot Revamps Governance System, Removes ‘First Class Citizen’ Voting Groups
[Summary]: Polkadot, an interconnected network of public blockchains, streamlined its governance model to allow voting on multiple issues to take place simultaneously with everything being directly controlled by...

[Headline]: Polkadot Registers Trademark for Blockchain Communication Platform
[Summary]: Polkadot, which describes itself as a ""layer 0 blockchain,"" has filed a trademark registration for what appears to be a blockchain-based messaging application, according to a recent filing.

The phras...

From 2024-05-31 to 2024-06-07, DOT-USD's stock price decreased from 6.99 to 6.66. News during this period are listed below:

[Headline]: Polkadot and Cosmos Gain in a Rocky Week for Crypto: CoinDesk Indices Market Update
[Summary]: CoinDesk Indices (CDI) presents its bi-weekly market update, highlighting the performance of leaders and laggards in the benchmark CoinDesk 20 Index (CD20) and the broad CoinDesk Market Index (CMI).

...

[Headline]: Deloitte Taps Polkadot Ecosystem's Kilt Blockchain for Digital Shipping Logistics
[Summary]: BANGALORE, India — A division of professional services firm Deloitte, one of the “Big Four” accounting firms, will use the Polkadot-based Kilt blockchain to offer logistics and supply-chain services f...

[Headline]: Zodia Custody Looks to Drive Institutional Access to Polkadot Ecosystem
[Summary]: Cryptocurrency storage provider Zodia Custody, a subsidiary of Standard Chartered (STAN), is to provide institutional support for the Polkadot blockchain through a new partnership with one of the netw...

[Headline]: Polkadot Revamps Governance System, Removes ‘First Class Citizen’ Voting Groups
[Summary]: Polkadot, an interconnected network of public blockchains, streamlined its governance model to allow voting on multiple issues to take place simultaneously with everything being directly controlled by...

[Headline]: Polkadot Registers Trademark for Blockchain Communication Platform
[Summary]: Polkadot, which describes itself as a ""layer 0 blockchain,"" has filed a trademark registration for what appears to be a blockchain-based messaging application, according to a recent filing.

The phras...

From 2024-06-07 to 2024-06-14, DOT-USD's stock price decreased from 6.66 to 6.16. News during this period are listed below:

[Headline]: Polkadot and Cosmos Gain in a Rocky Week for Crypto: CoinDesk Indices Market Update
[Summary]: CoinDesk Indices (CDI) presents its bi-weekly market update, highlighting the performance of leaders and laggards in the benchmark CoinDesk 20 Index (CD20) and the broad CoinDesk Market Index (CMI).

...

[Headline]: Deloitte Taps Polkadot Ecosystem's Kilt Blockchain for Digital Shipping Logistics
[Summary]: BANGALORE, India — A division of professional services firm Deloitte, one of the “Big Four” accounting firms, will use the Polkadot-based Kilt blockchain to offer logistics and supply-chain services f...

[Headline]: Zodia Custody Looks to Drive Institutional Access to Polkadot Ecosystem
[Summary]: Cryptocurrency storage provider Zodia Custody, a subsidiary of Standard Chartered (STAN), is to provide institutional support for the Polkadot blockchain through a new partnership with one of the netw...

[Headline]: Polkadot Revamps Governance System, Removes ‘First Class Citizen’ Voting Groups
[Summary]: Polkadot, an interconnected network of public blockchains, streamlined its governance model to allow voting on multiple issues to take place simultaneously with everything being directly controlled by...

[Headline]: Polkadot Registers Trademark for Blockchain Communication Platform
[Summary]: Polkadot, which describes itself as a ""layer 0 blockchain,"" has filed a trademark registration for what appears to be a blockchain-based messaging application, according to a recent filing.

The phras...



Based on all the information before 2024-06-14, let's first analyze the positive developments and potential concerns for DOT-USD. Come up with 2-4 most important factors respectively and keep them concise. Most factors should be inferred from cryptocurrencies related news. Then let's assume your prediction for next week (2024-06-14 to 2024-06-21) is down by more than 5%. Provide a summary analysis to support your prediction. The prediction result need to be inferred from your analysis at the end, and thus not appearing as a foundational factor of your analysis.","### ANALYSIS REQUEST 3

**[Positive Developments]:**
1. **Institutional Support**: Zodia Custody's institutional support for the Polkadot blockchain is a significant positive development.
2. **Corporate Adoption**: Deloitte's use of the Polkadot-based Kilt blockchain for logistics services indicates growing corporate interest and adoption.
3. **Governance Improvements**: Polkadot's streamlined governance model enhances decision-making processes and decentralization.
4. **Innovation**: The trademark registration for a blockchain communication platform shows Polkadot's focus on innovation and ecosystem expansion.

**[Potential Concerns]:**
1. **Market Volatility**: The crypto market's volatility can impact Polkadot's price despite positive developments.
2. **Price Decline**: The recent price decline from 6.99 to 6.66 suggests a potential market correction or profit-taking by investors.
3. **Regulatory Uncertainty**: The regulatory environment for cryptocurrencies remains uncertain, posing risks for Polkadot's growth.

**[Prediction & Analysis]:**
Polkadot (DOT) has experienced a series of positive developments, including institutional support and corporate adoption. However, the recent price decline and broader market volatility indicate investor caution. The positive news may already be priced in, and the market could be anticipating further corrections. Given the potential concerns and the recent price trend, a prediction of a more than 5% decrease in the price of DOT-USD for the next week is justified. The market may continue to be volatile, and investors might adopt a wait-and-see approach before committing more capital."
"[Cryptocurrency Introduction]: Polkadot (DOT) is a cryptocurrency . Polkadot has a current supply of 1,583,211,692.52535652. The last known price of Polkadot is 3.96570897 USD and is down -0.58 over the last 24 hours. It is currently trading on 914 active market(s) with $144,897,163.73 traded over the last 24 hours. More information can be found at https://polkadot.com.. It has a market capilization of 6394891776.

From 2024-06-07 to 2024-06-14, DOT-USD's stock price decreased from 6.66 to 6.16. News during this period are listed below:

[Headline]: Polkadot and Cosmos Gain in a Rocky Week for Crypto: CoinDesk Indices Market Update
[Summary]: CoinDesk Indices (CDI) presents its bi-weekly market update, highlighting the performance of leaders and laggards in the benchmark CoinDesk 20 Index (CD20) and the broad CoinDesk Market Index (CMI).

...

[Headline]: Deloitte Taps Polkadot Ecosystem's Kilt Blockchain for Digital Shipping Logistics
[Summary]: BANGALORE, India — A division of professional services firm Deloitte, one of the “Big Four” accounting firms, will use the Polkadot-based Kilt blockchain to offer logistics and supply-chain services f...

[Headline]: Zodia Custody Looks to Drive Institutional Access to Polkadot Ecosystem
[Summary]: Cryptocurrency storage provider Zodia Custody, a subsidiary of Standard Chartered (STAN), is to provide institutional support for the Polkadot blockchain through a new partnership with one of the netw...

[Headline]: Polkadot Revamps Governance System, Removes ‘First Class Citizen’ Voting Groups
[Summary]: Polkadot, an interconnected network of public blockchains, streamlined its governance model to allow voting on multiple issues to take place simultaneously with everything being directly controlled by...

[Headline]: Polkadot Registers Trademark for Blockchain Communication Platform
[Summary]: Polkadot, which describes itself as a ""layer 0 blockchain,"" has filed a trademark registration for what appears to be a blockchain-based messaging application, according to a recent filing.

The phras...

From 2024-06-14 to 2024-06-21, DOT-USD's stock price decreased from 6.16 to 5.61. News during this period are listed below:

[Headline]: Polkadot and Cosmos Gain in a Rocky Week for Crypto: CoinDesk Indices Market Update
[Summary]: CoinDesk Indices (CDI) presents its bi-weekly market update, highlighting the performance of leaders and laggards in the benchmark CoinDesk 20 Index (CD20) and the broad CoinDesk Market Index (CMI).

...

[Headline]: Deloitte Taps Polkadot Ecosystem's Kilt Blockchain for Digital Shipping Logistics
[Summary]: BANGALORE, India — A division of professional services firm Deloitte, one of the “Big Four” accounting firms, will use the Polkadot-based Kilt blockchain to offer logistics and supply-chain services f...

[Headline]: Zodia Custody Looks to Drive Institutional Access to Polkadot Ecosystem
[Summary]: Cryptocurrency storage provider Zodia Custody, a subsidiary of Standard Chartered (STAN), is to provide institutional support for the Polkadot blockchain through a new partnership with one of the netw...

[Headline]: Polkadot Revamps Governance System, Removes ‘First Class Citizen’ Voting Groups
[Summary]: Polkadot, an interconnected network of public blockchains, streamlined its governance model to allow voting on multiple issues to take place simultaneously with everything being directly controlled by...

[Headline]: Polkadot Registers Trademark for Blockchain Communication Platform
[Summary]: Polkadot, which describes itself as a ""layer 0 blockchain,"" has filed a trademark registration for what appears to be a blockchain-based messaging application, according to a recent filing.

The phras...



Based on all the information before 2024-06-21, let's first analyze the positive developments and potential concerns for DOT-USD. Come up with 2-4 most important factors respectively and keep them concise. Most factors should be inferred from cryptocurrencies related news. Then let's assume your prediction for next week (2024-06-21 to 2024-06-28) is up by more than 5%. Provide a summary analysis to support your prediction. The prediction result need to be inferred from your analysis at the end, and thus not appearing as a foundational factor of your analysis.","### ANALYSIS REQUEST 4

**[Positive Developments]:**
1. **Institutional Support**: Zodia Custody's partnership to provide institutional support for the Polkadot blockchain is a significant positive development.
2. **Corporate Adoption**: Deloitte's integration of the Polkadot-based Kilt blockchain for logistics services highlights growing corporate interest.
3. **Governance Improvements**: Polkadot's revamped governance system streamlines decision-making processes, enhancing decentralization and efficiency.
4. **Innovation**: The trademark registration for a blockchain communication platform indicates Polkadot's commitment to innovation and expanding its ecosystem.

**[Potential Concerns]:**
1. **Market Volatility**: The crypto market remains volatile, which can impact Polkadot's price despite positive developments.
2. **Price Correction**: The recent price decline from 6.16 to 5.61 suggests a potential market correction or profit-taking by investors.
3. **Regulatory Risks**: The regulatory environment for cryptocurrencies is still uncertain, posing risks for Polkadot's growth and adoption.

**[Prediction & Analysis]:**
Polkadot (DOT) has seen significant positive developments, including institutional support and corporate adoption. However, the recent price decline and broader market volatility indicate that investors may be cautious. The positive news may already be priced in, and the market could be anticipating further corrections. Given the potential concerns and the recent price trend, a prediction of a more than 5% decrease in the price of DOT-USD for the next week is reasonable. The market may continue to be volatile, and investors might adopt a wait-and-see approach before committing more capital."
"[Cryptocurrency Introduction]: Polkadot (DOT) is a cryptocurrency . Polkadot has a current supply of 1,583,211,692.52535652. The last known price of Polkadot is 3.96570897 USD and is down -0.58 over the last 24 hours. It is currently trading on 914 active market(s) with $144,897,163.73 traded over the last 24 hours. More information can be found at https://polkadot.com.. It has a market capilization of 6394891776.

From 2024-06-21 to 2024-06-28, DOT-USD's stock price increased from 5.61 to 6.17. News during this period are listed below:

[Headline]: Polkadot and Cosmos Gain in a Rocky Week for Crypto: CoinDesk Indices Market Update
[Summary]: CoinDesk Indices (CDI) presents its bi-weekly market update, highlighting the performance of leaders and laggards in the benchmark CoinDesk 20 Index (CD20) and the broad CoinDesk Market Index (CMI).

...

[Headline]: Deloitte Taps Polkadot Ecosystem's Kilt Blockchain for Digital Shipping Logistics
[Summary]: BANGALORE, India — A division of professional services firm Deloitte, one of the “Big Four” accounting firms, will use the Polkadot-based Kilt blockchain to offer logistics and supply-chain services f...

[Headline]: Zodia Custody Looks to Drive Institutional Access to Polkadot Ecosystem
[Summary]: Cryptocurrency storage provider Zodia Custody, a subsidiary of Standard Chartered (STAN), is to provide institutional support for the Polkadot blockchain through a new partnership with one of the netw...

[Headline]: Polkadot Revamps Governance System, Removes ‘First Class Citizen’ Voting Groups
[Summary]: Polkadot, an interconnected network of public blockchains, streamlined its governance model to allow voting on multiple issues to take place simultaneously with everything being directly controlled by...

[Headline]: Polkadot Registers Trademark for Blockchain Communication Platform
[Summary]: Polkadot, which describes itself as a ""layer 0 blockchain,"" has filed a trademark registration for what appears to be a blockchain-based messaging application, according to a recent filing.

The phras...



Based on all the information before 2024-06-28, let's first analyze the positive developments and potential concerns for DOT-USD. Come up with 2-4 most important factors respectively and keep them concise. Most factors should be inferred from cryptocurrencies related news. Then let's assume your prediction for next week (2024-06-28 to 2024-07-05) is down by more than 5%. Provide a summary analysis to support your prediction. The prediction result need to be inferred from your analysis at the end, and thus not appearing as a foundational factor of your analysis.","### ANALYSIS REQUEST 5

**[Positive Developments]:**
1. **Institutional Support**: Zodia Custody's partnership to provide institutional support for the Polkadot blockchain is a significant positive development.
2. **Corporate Adoption**: Deloitte's use of the Polkadot-based Kilt blockchain for logistics services indicates growing corporate interest and adoption.
3. **Governance Improvements**: Polkadot's streamlined governance model enhances decision-making processes and decentralization.
4. **Innovation**: The trademark registration for a blockchain communication platform shows Polkadot's focus on innovation and ecosystem expansion.

**[Potential Concerns]:**
1. **Market Volatility**: The crypto market's volatility can impact Polkadot's price despite positive developments.
2. **Regulatory Uncertainty**: The regulatory environment for cryptocurrencies remains uncertain, posing risks for Polkadot's growth.
3. **Investor Sentiment**: Despite the recent price increase, investor sentiment may still be cautious due to broader market conditions.

**[Prediction & Analysis]:**
Polkadot (DOT) has experienced a series of positive developments, including institutional support and corporate adoption. The recent price increase from 5.61 to 6.17 suggests renewed investor interest. However, the broader market volatility and regulatory uncertainty could dampen this momentum. While the positive developments are encouraging, the market may still be cautious due to external factors. Given the potential concerns and the recent price trend, a prediction of a more than 5% decrease in the price of DOT-USD for the next week is justified. The market may continue to be volatile, and investors might adopt a wait-and-see approach before committing more capital."
"[Cryptocurrency Introduction]: Polkadot (DOT) is a cryptocurrency . Polkadot has a current supply of 1,583,211,692.52535652. The last known price of Polkadot is 3.96570897 USD and is down -0.58 over the last 24 hours. It is currently trading on 914 active market(s) with $144,897,163.73 traded over the last 24 hours. More information can be found at https://polkadot.com.. It has a market capilization of 6394891776.

From 2024-06-21 to 2024-06-28, DOT-USD's stock price increased from 5.61 to 6.17. News during this period are listed below:

[Headline]: Polkadot and Cosmos Gain in a Rocky Week for Crypto: CoinDesk Indices Market Update
[Summary]: CoinDesk Indices (CDI) presents its bi-weekly market update, highlighting the performance of leaders and laggards in the benchmark CoinDesk 20 Index (CD20) and the broad CoinDesk Market Index (CMI).

...

[Headline]: Deloitte Taps Polkadot Ecosystem's Kilt Blockchain for Digital Shipping Logistics
[Summary]: BANGALORE, India — A division of professional services firm Deloitte, one of the “Big Four” accounting firms, will use the Polkadot-based Kilt blockchain to offer logistics and supply-chain services f...

[Headline]: Zodia Custody Looks to Drive Institutional Access to Polkadot Ecosystem
[Summary]: Cryptocurrency storage provider Zodia Custody, a subsidiary of Standard Chartered (STAN), is to provide institutional support for the Polkadot blockchain through a new partnership with one of the netw...

[Headline]: Polkadot Revamps Governance System, Removes ‘First Class Citizen’ Voting Groups
[Summary]: Polkadot, an interconnected network of public blockchains, streamlined its governance model to allow voting on multiple issues to take place simultaneously with everything being directly controlled by...

[Headline]: Polkadot Registers Trademark for Blockchain Communication Platform
[Summary]: Polkadot, which describes itself as a ""layer 0 blockchain,"" has filed a trademark registration for what appears to be a blockchain-based messaging application, according to a recent filing.

The phras...

From 2024-06-28 to 2024-07-05, DOT-USD's stock price decreased from 6.17 to 5.67. News during this period are listed below:

[Headline]: The Protocol: 'Private Jet Brandization' Is One Way Polkadot Burnt Cash
[Summary]: June proved to be an incredibly ugly month in crypto markets (see our blood-red chart below), but wasn't completely devoid of decent blockchain tech stories. One obsession of crypto twitterati during ...

[Headline]: Polkadot’s $245M Treasury Would Last 2 Years at Current Spending Rate
[Summary]: Polkadot spent $87 million worth of DOT on various activities in the first half of this year, with marketing and outreach activities accounting for the largest portion of spending, totaling over $36 m...



Based on all the information before 2024-07-05, let's first analyze the positive developments and potential concerns for DOT-USD. Come up with 2-4 most important factors respectively and keep them concise. Most factors should be inferred from cryptocurrencies related news. Then let's assume your prediction for next week (2024-07-05 to 2024-07-12) is up by more than 5%. Provide a summary analysis to support your prediction. The prediction result need to be inferred from your analysis at the end, and thus not appearing as a foundational factor of your analysis.","**[Positive Developments]:**
1. **Institutional Adoption**: Deloitte's use of Polkadot's Kilt blockchain for logistics and Zodia Custody's institutional support indicate growing institutional interest.
2. **Governance Improvements**: Polkadot's governance system revamp streamlines decision-making processes, enhancing the network's efficiency.
3. **Market Performance**: Polkadot's inclusion in the CoinDesk Indices highlights its strong performance relative to other cryptocurrencies.

**[Potential Concerns]:**
1. **High Spending Rate**: Polkadot's significant spending on marketing and outreach raises concerns about the sustainability of its treasury.
2. **Market Volatility**: The broader crypto market's volatility could impact Polkadot's price, as seen in the 'Private Jet Brandization' article.

**[Prediction & Analysis]:**
Polkadot's institutional adoption and governance improvements indicate a strong foundation for growth. However, the high spending rate and market volatility present risks. Despite these concerns, the positive developments suggest that Polkadot is well-positioned to attract more institutional investors and improve its market standing. The governance improvements also enhance the network's long-term prospects. Therefore, a price increase of more than 5% next week is a reasonable prediction, barring any major market upheavals."
"[Cryptocurrency Introduction]: Polkadot (DOT) is a cryptocurrency . Polkadot has a current supply of 1,583,211,692.52535652. The last known price of Polkadot is 3.96570897 USD and is down -0.58 over the last 24 hours. It is currently trading on 914 active market(s) with $144,897,163.73 traded over the last 24 hours. More information can be found at https://polkadot.com.. It has a market capilization of 6394891776.

From 2024-07-05 to 2024-07-12, DOT-USD's stock price increased from 5.67 to 6.10. News during this period are listed below:

[Headline]: The Protocol: 'Private Jet Brandization' Is One Way Polkadot Burnt Cash
[Summary]: June proved to be an incredibly ugly month in crypto markets (see our blood-red chart below), but wasn't completely devoid of decent blockchain tech stories. One obsession of crypto twitterati during ...

[Headline]: Polkadot’s $245M Treasury Would Last 2 Years at Current Spending Rate
[Summary]: Polkadot spent $87 million worth of DOT on various activities in the first half of this year, with marketing and outreach activities accounting for the largest portion of spending, totaling over $36 m...

[Headline]: Polkadot and Cosmos Gain in a Rocky Week for Crypto: CoinDesk Indices Market Update
[Summary]: CoinDesk Indices (CDI) presents its bi-weekly market update, highlighting the performance of leaders and laggards in the benchmark CoinDesk 20 Index (CD20) and the broad CoinDesk Market Index (CMI).

...

[Headline]: Deloitte Taps Polkadot Ecosystem's Kilt Blockchain for Digital Shipping Logistics
[Summary]: BANGALORE, India — A division of professional services firm Deloitte, one of the “Big Four” accounting firms, will use the Polkadot-based Kilt blockchain to offer logistics and supply-chain services f...

[Headline]: Zodia Custody Looks to Drive Institutional Access to Polkadot Ecosystem
[Summary]: Cryptocurrency storage provider Zodia Custody, a subsidiary of Standard Chartered (STAN), is to provide institutional support for the Polkadot blockchain through a new partnership with one of the netw...



Based on all the information before 2024-07-12, let's first analyze the positive developments and potential concerns for DOT-USD. Come up with 2-4 most important factors respectively and keep them concise. Most factors should be inferred from cryptocurrencies related news. Then let's assume your prediction for next week (2024-07-12 to 2024-07-19) is up by 4-5%. Provide a summary analysis to support your prediction. The prediction result need to be inferred from your analysis at the end, and thus not appearing as a foundational factor of your analysis.","**[Positive Developments]:**
1. **Institutional Support**: Zodia Custody's partnership to provide institutional support for Polkadot indicates growing confidence in the network.
2. **Ecosystem Expansion**: Deloitte's use of the Polkadot-based Kilt blockchain for logistics demonstrates real-world application and validation of Polkadot's technology.

**[Potential Concerns]:**
1. **Treasury Depletion**: Polkadot's spending rate raises concerns about the longevity of its treasury, which could impact future development and stability.
2. **Market Sentiment**: The broader crypto market's sentiment remains volatile, which could affect Polkadot's price despite positive developments.

**[Prediction & Analysis]:**
The institutional support and ecosystem expansion indicate a growing interest in Polkadot's technology and potential. However, the concerns about treasury depletion and market sentiment present risks. Despite these concerns, the positive developments suggest that Polkadot is well-positioned to attract more institutional investors and expand its ecosystem. Therefore, a price increase of 4-5% next week is a reasonable prediction, assuming the market sentiment remains stable."
"[Cryptocurrency Introduction]: Polkadot (DOT) is a cryptocurrency . Polkadot has a current supply of 1,583,211,692.52535652. The last known price of Polkadot is 3.96570897 USD and is down -0.58 over the last 24 hours. It is currently trading on 914 active market(s) with $144,897,163.73 traded over the last 24 hours. More information can be found at https://polkadot.com.. It has a market capilization of 6394891776.

From 2024-07-12 to 2024-07-19, DOT-USD's stock price increased from 6.10 to 6.35. News during this period are listed below:

[Headline]: The Protocol: 'Private Jet Brandization' Is One Way Polkadot Burnt Cash
[Summary]: June proved to be an incredibly ugly month in crypto markets (see our blood-red chart below), but wasn't completely devoid of decent blockchain tech stories. One obsession of crypto twitterati during ...

[Headline]: Polkadot’s $245M Treasury Would Last 2 Years at Current Spending Rate
[Summary]: Polkadot spent $87 million worth of DOT on various activities in the first half of this year, with marketing and outreach activities accounting for the largest portion of spending, totaling over $36 m...

[Headline]: Polkadot and Cosmos Gain in a Rocky Week for Crypto: CoinDesk Indices Market Update
[Summary]: CoinDesk Indices (CDI) presents its bi-weekly market update, highlighting the performance of leaders and laggards in the benchmark CoinDesk 20 Index (CD20) and the broad CoinDesk Market Index (CMI).

...

[Headline]: Deloitte Taps Polkadot Ecosystem's Kilt Blockchain for Digital Shipping Logistics
[Summary]: BANGALORE, India — A division of professional services firm Deloitte, one of the “Big Four” accounting firms, will use the Polkadot-based Kilt blockchain to offer logistics and supply-chain services f...

[Headline]: Zodia Custody Looks to Drive Institutional Access to Polkadot Ecosystem
[Summary]: Cryptocurrency storage provider Zodia Custody, a subsidiary of Standard Chartered (STAN), is to provide institutional support for the Polkadot blockchain through a new partnership with one of the netw...



Based on all the information before 2024-07-19, let's first analyze the positive developments and potential concerns for DOT-USD. Come up with 2-4 most important factors respectively and keep them concise. Most factors should be inferred from cryptocurrencies related news. Then let's assume your prediction for next week (2024-07-19 to 2024-07-26) is down by more than 5%. Provide a summary analysis to support your prediction. The prediction result need to be inferred from your analysis at the end, and thus not appearing as a foundational factor of your analysis.","**[Positive Developments]:**
1. **Institutional Access**: Zodia Custody's partnership to drive institutional access to Polkadot indicates growing interest from institutional investors.
2. **Ecosystem Growth**: Deloitte's use of the Polkadot-based Kilt blockchain for logistics demonstrates the practical application of Polkadot's technology.

**[Potential Concerns]:**
1. **Sustainability of Treasury**: Polkadot's spending rate raises questions about the sustainability of its treasury, which could impact future development.
2. **Market Instability**: The broader crypto market's instability could impact Polkadot's price, despite positive developments.

**[Prediction & Analysis]:**
The institutional access and ecosystem growth indicate a strong foundation for Polkadot's future. However, the concerns about the sustainability of the treasury and market instability present risks. Despite these concerns, the positive developments suggest that Polkadot is well-positioned to attract more institutional investors and expand its ecosystem. However, given the market's recent volatility and the lack of new positive catalysts, a price decrease of more than 5% next week is a reasonable prediction."
"[Cryptocurrency Introduction]: Polkadot (DOT) is a cryptocurrency . Polkadot has a current supply of 1,583,211,692.52535652. The last known price of Polkadot is 3.96570897 USD and is down -0.58 over the last 24 hours. It is currently trading on 914 active market(s) with $144,897,163.73 traded over the last 24 hours. More information can be found at https://polkadot.com.. It has a market capilization of 6394891776.

From 2024-06-28 to 2024-07-05, DOT-USD's stock price decreased from 6.17 to 5.67. News during this period are listed below:

[Headline]: The Protocol: 'Private Jet Brandization' Is One Way Polkadot Burnt Cash
[Summary]: June proved to be an incredibly ugly month in crypto markets (see our blood-red chart below), but wasn't completely devoid of decent blockchain tech stories. One obsession of crypto twitterati during ...

[Headline]: Polkadot’s $245M Treasury Would Last 2 Years at Current Spending Rate
[Summary]: Polkadot spent $87 million worth of DOT on various activities in the first half of this year, with marketing and outreach activities accounting for the largest portion of spending, totaling over $36 m...

From 2024-07-05 to 2024-07-12, DOT-USD's stock price increased from 5.67 to 6.10. News during this period are listed below:

[Headline]: The Protocol: 'Private Jet Brandization' Is One Way Polkadot Burnt Cash
[Summary]: June proved to be an incredibly ugly month in crypto markets (see our blood-red chart below), but wasn't completely devoid of decent blockchain tech stories. One obsession of crypto twitterati during ...

[Headline]: Polkadot’s $245M Treasury Would Last 2 Years at Current Spending Rate
[Summary]: Polkadot spent $87 million worth of DOT on various activities in the first half of this year, with marketing and outreach activities accounting for the largest portion of spending, totaling over $36 m...

[Headline]: Polkadot and Cosmos Gain in a Rocky Week for Crypto: CoinDesk Indices Market Update
[Summary]: CoinDesk Indices (CDI) presents its bi-weekly market update, highlighting the performance of leaders and laggards in the benchmark CoinDesk 20 Index (CD20) and the broad CoinDesk Market Index (CMI).

...

[Headline]: Deloitte Taps Polkadot Ecosystem's Kilt Blockchain for Digital Shipping Logistics
[Summary]: BANGALORE, India — A division of professional services firm Deloitte, one of the “Big Four” accounting firms, will use the Polkadot-based Kilt blockchain to offer logistics and supply-chain services f...

[Headline]: Zodia Custody Looks to Drive Institutional Access to Polkadot Ecosystem
[Summary]: Cryptocurrency storage provider Zodia Custody, a subsidiary of Standard Chartered (STAN), is to provide institutional support for the Polkadot blockchain through a new partnership with one of the netw...

From 2024-07-12 to 2024-07-19, DOT-USD's stock price increased from 6.10 to 6.35. News during this period are listed below:

[Headline]: The Protocol: 'Private Jet Brandization' Is One Way Polkadot Burnt Cash
[Summary]: June proved to be an incredibly ugly month in crypto markets (see our blood-red chart below), but wasn't completely devoid of decent blockchain tech stories. One obsession of crypto twitterati during ...

[Headline]: Polkadot’s $245M Treasury Would Last 2 Years at Current Spending Rate
[Summary]: Polkadot spent $87 million worth of DOT on various activities in the first half of this year, with marketing and outreach activities accounting for the largest portion of spending, totaling over $36 m...

[Headline]: Polkadot and Cosmos Gain in a Rocky Week for Crypto: CoinDesk Indices Market Update
[Summary]: CoinDesk Indices (CDI) presents its bi-weekly market update, highlighting the performance of leaders and laggards in the benchmark CoinDesk 20 Index (CD20) and the broad CoinDesk Market Index (CMI).

...

[Headline]: Deloitte Taps Polkadot Ecosystem's Kilt Blockchain for Digital Shipping Logistics
[Summary]: BANGALORE, India — A division of professional services firm Deloitte, one of the “Big Four” accounting firms, will use the Polkadot-based Kilt blockchain to offer logistics and supply-chain services f...

[Headline]: Zodia Custody Looks to Drive Institutional Access to Polkadot Ecosystem
[Summary]: Cryptocurrency storage provider Zodia Custody, a subsidiary of Standard Chartered (STAN), is to provide institutional support for the Polkadot blockchain through a new partnership with one of the netw...

From 2024-07-19 to 2024-07-26, DOT-USD's stock price decreased from 6.35 to 5.87. News during this period are listed below:

[Headline]: The Protocol: 'Private Jet Brandization' Is One Way Polkadot Burnt Cash
[Summary]: June proved to be an incredibly ugly month in crypto markets (see our blood-red chart below), but wasn't completely devoid of decent blockchain tech stories. One obsession of crypto twitterati during ...

[Headline]: Polkadot’s $245M Treasury Would Last 2 Years at Current Spending Rate
[Summary]: Polkadot spent $87 million worth of DOT on various activities in the first half of this year, with marketing and outreach activities accounting for the largest portion of spending, totaling over $36 m...

[Headline]: Polkadot and Cosmos Gain in a Rocky Week for Crypto: CoinDesk Indices Market Update
[Summary]: CoinDesk Indices (CDI) presents its bi-weekly market update, highlighting the performance of leaders and laggards in the benchmark CoinDesk 20 Index (CD20) and the broad CoinDesk Market Index (CMI).

...

[Headline]: Deloitte Taps Polkadot Ecosystem's Kilt Blockchain for Digital Shipping Logistics
[Summary]: BANGALORE, India — A division of professional services firm Deloitte, one of the “Big Four” accounting firms, will use the Polkadot-based Kilt blockchain to offer logistics and supply-chain services f...

[Headline]: Zodia Custody Looks to Drive Institutional Access to Polkadot Ecosystem
[Summary]: Cryptocurrency storage provider Zodia Custody, a subsidiary of Standard Chartered (STAN), is to provide institutional support for the Polkadot blockchain through a new partnership with one of the netw...



Based on all the information before 2024-07-26, let's first analyze the positive developments and potential concerns for DOT-USD. Come up with 2-4 most important factors respectively and keep them concise. Most factors should be inferred from cryptocurrencies related news. Then let's assume your prediction for next week (2024-07-26 to 2024-08-02) is down by more than 5%. Provide a summary analysis to support your prediction. The prediction result need to be inferred from your analysis at the end, and thus not appearing as a foundational factor of your analysis.","**[Positive Developments]:**
1. **Institutional Interest**: Zodia Custody's partnership to provide institutional support for Polkadot indicates growing confidence in the network.
2. **Real-World Application**: Deloitte's use of the Polkadot-based Kilt blockchain for logistics demonstrates the practical application of Polkadot's technology.

**[Potential Concerns]:**
1. **Treasury Longevity**: Polkadot's spending rate raises concerns about the longevity of its treasury, which could impact future development and stability.
2. **Market Uncertainty**: The broader crypto market's uncertainty could impact Polkadot's price, despite positive developments.

**[Prediction & Analysis]:**
The institutional interest and real-world application indicate a strong foundation for Polkadot's growth. However, the concerns about treasury longevity and market uncertainty present risks. Despite these concerns, the positive developments suggest that Polkadot is well-positioned to attract more institutional investors and expand its ecosystem. However, given the recent market trends, a price decrease of more than 5% next week is a reasonable prediction."
"[Cryptocurrency Introduction]: Polkadot (DOT) is a cryptocurrency . Polkadot has a current supply of 1,583,211,692.52535652. The last known price of Polkadot is 3.96570897 USD and is down -0.58 over the last 24 hours. It is currently trading on 914 active market(s) with $144,897,163.73 traded over the last 24 hours. More information can be found at https://polkadot.com.. It has a market capilization of 6394891776.

From 2024-07-12 to 2024-07-19, DOT-USD's stock price increased from 6.10 to 6.35. News during this period are listed below:

[Headline]: The Protocol: 'Private Jet Brandization' Is One Way Polkadot Burnt Cash
[Summary]: June proved to be an incredibly ugly month in crypto markets (see our blood-red chart below), but wasn't completely devoid of decent blockchain tech stories. One obsession of crypto twitterati during ...

[Headline]: Polkadot’s $245M Treasury Would Last 2 Years at Current Spending Rate
[Summary]: Polkadot spent $87 million worth of DOT on various activities in the first half of this year, with marketing and outreach activities accounting for the largest portion of spending, totaling over $36 m...

[Headline]: Polkadot and Cosmos Gain in a Rocky Week for Crypto: CoinDesk Indices Market Update
[Summary]: CoinDesk Indices (CDI) presents its bi-weekly market update, highlighting the performance of leaders and laggards in the benchmark CoinDesk 20 Index (CD20) and the broad CoinDesk Market Index (CMI).

...

[Headline]: Deloitte Taps Polkadot Ecosystem's Kilt Blockchain for Digital Shipping Logistics
[Summary]: BANGALORE, India — A division of professional services firm Deloitte, one of the “Big Four” accounting firms, will use the Polkadot-based Kilt blockchain to offer logistics and supply-chain services f...

[Headline]: Zodia Custody Looks to Drive Institutional Access to Polkadot Ecosystem
[Summary]: Cryptocurrency storage provider Zodia Custody, a subsidiary of Standard Chartered (STAN), is to provide institutional support for the Polkadot blockchain through a new partnership with one of the netw...

From 2024-07-19 to 2024-07-26, DOT-USD's stock price decreased from 6.35 to 5.87. News during this period are listed below:

[Headline]: The Protocol: 'Private Jet Brandization' Is One Way Polkadot Burnt Cash
[Summary]: June proved to be an incredibly ugly month in crypto markets (see our blood-red chart below), but wasn't completely devoid of decent blockchain tech stories. One obsession of crypto twitterati during ...

[Headline]: Polkadot’s $245M Treasury Would Last 2 Years at Current Spending Rate
[Summary]: Polkadot spent $87 million worth of DOT on various activities in the first half of this year, with marketing and outreach activities accounting for the largest portion of spending, totaling over $36 m...

[Headline]: Polkadot and Cosmos Gain in a Rocky Week for Crypto: CoinDesk Indices Market Update
[Summary]: CoinDesk Indices (CDI) presents its bi-weekly market update, highlighting the performance of leaders and laggards in the benchmark CoinDesk 20 Index (CD20) and the broad CoinDesk Market Index (CMI).

...

[Headline]: Deloitte Taps Polkadot Ecosystem's Kilt Blockchain for Digital Shipping Logistics
[Summary]: BANGALORE, India — A division of professional services firm Deloitte, one of the “Big Four” accounting firms, will use the Polkadot-based Kilt blockchain to offer logistics and supply-chain services f...

[Headline]: Zodia Custody Looks to Drive Institutional Access to Polkadot Ecosystem
[Summary]: Cryptocurrency storage provider Zodia Custody, a subsidiary of Standard Chartered (STAN), is to provide institutional support for the Polkadot blockchain through a new partnership with one of the netw...

From 2024-07-26 to 2024-08-02, DOT-USD's stock price decreased from 5.87 to 5.12. News during this period are listed below:

[Headline]: The Protocol: 'Private Jet Brandization' Is One Way Polkadot Burnt Cash
[Summary]: June proved to be an incredibly ugly month in crypto markets (see our blood-red chart below), but wasn't completely devoid of decent blockchain tech stories. One obsession of crypto twitterati during ...

[Headline]: Polkadot’s $245M Treasury Would Last 2 Years at Current Spending Rate
[Summary]: Polkadot spent $87 million worth of DOT on various activities in the first half of this year, with marketing and outreach activities accounting for the largest portion of spending, totaling over $36 m...

[Headline]: Polkadot and Cosmos Gain in a Rocky Week for Crypto: CoinDesk Indices Market Update
[Summary]: CoinDesk Indices (CDI) presents its bi-weekly market update, highlighting the performance of leaders and laggards in the benchmark CoinDesk 20 Index (CD20) and the broad CoinDesk Market Index (CMI).

...

[Headline]: Deloitte Taps Polkadot Ecosystem's Kilt Blockchain for Digital Shipping Logistics
[Summary]: BANGALORE, India — A division of professional services firm Deloitte, one of the “Big Four” accounting firms, will use the Polkadot-based Kilt blockchain to offer logistics and supply-chain services f...

[Headline]: Zodia Custody Looks to Drive Institutional Access to Polkadot Ecosystem
[Summary]: Cryptocurrency storage provider Zodia Custody, a subsidiary of Standard Chartered (STAN), is to provide institutional support for the Polkadot blockchain through a new partnership with one of the netw...



Based on all the information before 2024-08-02, let's first analyze the positive developments and potential concerns for DOT-USD. Come up with 2-4 most important factors respectively and keep them concise. Most factors should be inferred from cryptocurrencies related news. Then let's assume your prediction for next week (2024-08-02 to 2024-08-09) is down by more than 5%. Provide a summary analysis to support your prediction. The prediction result need to be inferred from your analysis at the end, and thus not appearing as a foundational factor of your analysis.","**[Positive Developments]:**
1. **Institutional Support**: Zodia Custody's partnership to drive institutional access to Polkadot indicates growing interest from institutional investors.
2. **Ecosystem Validation**: Deloitte's use of the Polkadot-based Kilt blockchain for logistics demonstrates the validation of Polkadot's technology in real-world applications.

**[Potential Concerns]:**
1. **Treasury Sustainability**: Polkadot's spending rate raises questions about the sustainability of its treasury, which could impact future development.
2. **Market Volatility**: The broader crypto market's volatility could impact Polkadot's price, despite positive developments.

**[Prediction & Analysis]:**
The institutional support and ecosystem validation indicate a strong foundation for Polkadot's future. However, the concerns about treasury sustainability and market volatility present risks. Despite these concerns, the positive developments suggest that Polkadot is well-positioned to attract more institutional investors and expand its ecosystem. However, given the recent market trends and the lack of new positive catalysts, a price decrease of more than 5% next week is a reasonable prediction."
"[Cryptocurrency Introduction]: Polkadot (DOT) is a cryptocurrency . Polkadot has a current supply of 1,583,211,692.52535652. The last known price of Polkadot is 3.96570897 USD and is down -0.58 over the last 24 hours. It is currently trading on 914 active market(s) with $144,897,163.73 traded over the last 24 hours. More information can be found at https://polkadot.com.. It has a market capilization of 6394891776.

From 2024-07-12 to 2024-07-19, DOT-USD's stock price increased from 6.10 to 6.35. News during this period are listed below:

[Headline]: The Protocol: 'Private Jet Brandization' Is One Way Polkadot Burnt Cash
[Summary]: June proved to be an incredibly ugly month in crypto markets (see our blood-red chart below), but wasn't completely devoid of decent blockchain tech stories. One obsession of crypto twitterati during ...

[Headline]: Polkadot’s $245M Treasury Would Last 2 Years at Current Spending Rate
[Summary]: Polkadot spent $87 million worth of DOT on various activities in the first half of this year, with marketing and outreach activities accounting for the largest portion of spending, totaling over $36 m...

[Headline]: Polkadot and Cosmos Gain in a Rocky Week for Crypto: CoinDesk Indices Market Update
[Summary]: CoinDesk Indices (CDI) presents its bi-weekly market update, highlighting the performance of leaders and laggards in the benchmark CoinDesk 20 Index (CD20) and the broad CoinDesk Market Index (CMI).

...

[Headline]: Deloitte Taps Polkadot Ecosystem's Kilt Blockchain for Digital Shipping Logistics
[Summary]: BANGALORE, India — A division of professional services firm Deloitte, one of the “Big Four” accounting firms, will use the Polkadot-based Kilt blockchain to offer logistics and supply-chain services f...

[Headline]: Zodia Custody Looks to Drive Institutional Access to Polkadot Ecosystem
[Summary]: Cryptocurrency storage provider Zodia Custody, a subsidiary of Standard Chartered (STAN), is to provide institutional support for the Polkadot blockchain through a new partnership with one of the netw...

From 2024-07-19 to 2024-07-26, DOT-USD's stock price decreased from 6.35 to 5.87. News during this period are listed below:

[Headline]: The Protocol: 'Private Jet Brandization' Is One Way Polkadot Burnt Cash
[Summary]: June proved to be an incredibly ugly month in crypto markets (see our blood-red chart below), but wasn't completely devoid of decent blockchain tech stories. One obsession of crypto twitterati during ...

[Headline]: Polkadot’s $245M Treasury Would Last 2 Years at Current Spending Rate
[Summary]: Polkadot spent $87 million worth of DOT on various activities in the first half of this year, with marketing and outreach activities accounting for the largest portion of spending, totaling over $36 m...

[Headline]: Polkadot and Cosmos Gain in a Rocky Week for Crypto: CoinDesk Indices Market Update
[Summary]: CoinDesk Indices (CDI) presents its bi-weekly market update, highlighting the performance of leaders and laggards in the benchmark CoinDesk 20 Index (CD20) and the broad CoinDesk Market Index (CMI).

...

[Headline]: Deloitte Taps Polkadot Ecosystem's Kilt Blockchain for Digital Shipping Logistics
[Summary]: BANGALORE, India — A division of professional services firm Deloitte, one of the “Big Four” accounting firms, will use the Polkadot-based Kilt blockchain to offer logistics and supply-chain services f...

[Headline]: Zodia Custody Looks to Drive Institutional Access to Polkadot Ecosystem
[Summary]: Cryptocurrency storage provider Zodia Custody, a subsidiary of Standard Chartered (STAN), is to provide institutional support for the Polkadot blockchain through a new partnership with one of the netw...

From 2024-07-26 to 2024-08-02, DOT-USD's stock price decreased from 5.87 to 5.12. News during this period are listed below:

[Headline]: The Protocol: 'Private Jet Brandization' Is One Way Polkadot Burnt Cash
[Summary]: June proved to be an incredibly ugly month in crypto markets (see our blood-red chart below), but wasn't completely devoid of decent blockchain tech stories. One obsession of crypto twitterati during ...

[Headline]: Polkadot’s $245M Treasury Would Last 2 Years at Current Spending Rate
[Summary]: Polkadot spent $87 million worth of DOT on various activities in the first half of this year, with marketing and outreach activities accounting for the largest portion of spending, totaling over $36 m...

[Headline]: Polkadot and Cosmos Gain in a Rocky Week for Crypto: CoinDesk Indices Market Update
[Summary]: CoinDesk Indices (CDI) presents its bi-weekly market update, highlighting the performance of leaders and laggards in the benchmark CoinDesk 20 Index (CD20) and the broad CoinDesk Market Index (CMI).

...

[Headline]: Deloitte Taps Polkadot Ecosystem's Kilt Blockchain for Digital Shipping Logistics
[Summary]: BANGALORE, India — A division of professional services firm Deloitte, one of the “Big Four” accounting firms, will use the Polkadot-based Kilt blockchain to offer logistics and supply-chain services f...

[Headline]: Zodia Custody Looks to Drive Institutional Access to Polkadot Ecosystem
[Summary]: Cryptocurrency storage provider Zodia Custody, a subsidiary of Standard Chartered (STAN), is to provide institutional support for the Polkadot blockchain through a new partnership with one of the netw...

From 2024-08-02 to 2024-08-09, DOT-USD's stock price decreased from 5.12 to 4.79. News during this period are listed below:

[Headline]: The Protocol: 'Private Jet Brandization' Is One Way Polkadot Burnt Cash
[Summary]: June proved to be an incredibly ugly month in crypto markets (see our blood-red chart below), but wasn't completely devoid of decent blockchain tech stories. One obsession of crypto twitterati during ...

[Headline]: Polkadot’s $245M Treasury Would Last 2 Years at Current Spending Rate
[Summary]: Polkadot spent $87 million worth of DOT on various activities in the first half of this year, with marketing and outreach activities accounting for the largest portion of spending, totaling over $36 m...

[Headline]: Polkadot and Cosmos Gain in a Rocky Week for Crypto: CoinDesk Indices Market Update
[Summary]: CoinDesk Indices (CDI) presents its bi-weekly market update, highlighting the performance of leaders and laggards in the benchmark CoinDesk 20 Index (CD20) and the broad CoinDesk Market Index (CMI).

...

[Headline]: Deloitte Taps Polkadot Ecosystem's Kilt Blockchain for Digital Shipping Logistics
[Summary]: BANGALORE, India — A division of professional services firm Deloitte, one of the “Big Four” accounting firms, will use the Polkadot-based Kilt blockchain to offer logistics and supply-chain services f...

[Headline]: Zodia Custody Looks to Drive Institutional Access to Polkadot Ecosystem
[Summary]: Cryptocurrency storage provider Zodia Custody, a subsidiary of Standard Chartered (STAN), is to provide institutional support for the Polkadot blockchain through a new partnership with one of the netw...



Based on all the information before 2024-08-09, let's first analyze the positive developments and potential concerns for DOT-USD. Come up with 2-4 most important factors respectively and keep them concise. Most factors should be inferred from cryptocurrencies related news. Then let's assume your prediction for next week (2024-08-09 to 2024-08-16) is down by more than 5%. Provide a summary analysis to support your prediction. The prediction result need to be inferred from your analysis at the end, and thus not appearing as a foundational factor of your analysis.","### Analysis Request 1

**[Positive Developments]:**
1. **Institutional Support**: Zodia Custody, a subsidiary of Standard Chartered, is providing institutional support for the Polkadot blockchain, which can attract more institutional investors.
2. **Corporate Adoption**: Deloitte's use of the Polkadot-based Kilt blockchain for logistics and supply-chain services indicates growing corporate interest and practical applications.
3. **Market Performance**: Polkadot and Cosmos gained in a rocky week for crypto, showing relative strength in the market.

**[Potential Concerns]:**
1. **Treasury Spending**: Polkadot's treasury spending, particularly on marketing and outreach, is high, which could impact long-term sustainability.
2. **Market Sentiment**: The overall crypto market sentiment is volatile, which can negatively affect Polkadot's price.
3. **Cash Burn**: Reports of Polkadot's cash burn rate, including expenditures on private jets, raise concerns about financial management.

**[Prediction & Analysis]:**
Polkadot (DOT) has seen a steady decline in price over the past few weeks, despite some positive developments such as institutional support from Zodia Custody and corporate adoption by Deloitte. However, concerns about high treasury spending and a volatile market sentiment are likely to weigh heavily on the price. The news about Polkadot's cash burn rate, including non-essential expenditures, adds to the negative outlook. Given these factors, the market is likely to react negatively, leading to a predicted decrease of more than 5%."
"[Cryptocurrency Introduction]: Polkadot (DOT) is a cryptocurrency . Polkadot has a current supply of 1,583,211,692.52535652. The last known price of Polkadot is 3.96570897 USD and is down -0.58 over the last 24 hours. It is currently trading on 914 active market(s) with $144,897,163.73 traded over the last 24 hours. More information can be found at https://polkadot.com.. It has a market capilization of 6394891776.

From 2024-07-19 to 2024-07-26, DOT-USD's stock price decreased from 6.35 to 5.87. News during this period are listed below:

[Headline]: The Protocol: 'Private Jet Brandization' Is One Way Polkadot Burnt Cash
[Summary]: June proved to be an incredibly ugly month in crypto markets (see our blood-red chart below), but wasn't completely devoid of decent blockchain tech stories. One obsession of crypto twitterati during ...

[Headline]: Polkadot’s $245M Treasury Would Last 2 Years at Current Spending Rate
[Summary]: Polkadot spent $87 million worth of DOT on various activities in the first half of this year, with marketing and outreach activities accounting for the largest portion of spending, totaling over $36 m...

[Headline]: Polkadot and Cosmos Gain in a Rocky Week for Crypto: CoinDesk Indices Market Update
[Summary]: CoinDesk Indices (CDI) presents its bi-weekly market update, highlighting the performance of leaders and laggards in the benchmark CoinDesk 20 Index (CD20) and the broad CoinDesk Market Index (CMI).

...

[Headline]: Deloitte Taps Polkadot Ecosystem's Kilt Blockchain for Digital Shipping Logistics
[Summary]: BANGALORE, India — A division of professional services firm Deloitte, one of the “Big Four” accounting firms, will use the Polkadot-based Kilt blockchain to offer logistics and supply-chain services f...

[Headline]: Zodia Custody Looks to Drive Institutional Access to Polkadot Ecosystem
[Summary]: Cryptocurrency storage provider Zodia Custody, a subsidiary of Standard Chartered (STAN), is to provide institutional support for the Polkadot blockchain through a new partnership with one of the netw...

From 2024-07-26 to 2024-08-02, DOT-USD's stock price decreased from 5.87 to 5.12. News during this period are listed below:

[Headline]: The Protocol: 'Private Jet Brandization' Is One Way Polkadot Burnt Cash
[Summary]: June proved to be an incredibly ugly month in crypto markets (see our blood-red chart below), but wasn't completely devoid of decent blockchain tech stories. One obsession of crypto twitterati during ...

[Headline]: Polkadot’s $245M Treasury Would Last 2 Years at Current Spending Rate
[Summary]: Polkadot spent $87 million worth of DOT on various activities in the first half of this year, with marketing and outreach activities accounting for the largest portion of spending, totaling over $36 m...

[Headline]: Polkadot and Cosmos Gain in a Rocky Week for Crypto: CoinDesk Indices Market Update
[Summary]: CoinDesk Indices (CDI) presents its bi-weekly market update, highlighting the performance of leaders and laggards in the benchmark CoinDesk 20 Index (CD20) and the broad CoinDesk Market Index (CMI).

...

[Headline]: Deloitte Taps Polkadot Ecosystem's Kilt Blockchain for Digital Shipping Logistics
[Summary]: BANGALORE, India — A division of professional services firm Deloitte, one of the “Big Four” accounting firms, will use the Polkadot-based Kilt blockchain to offer logistics and supply-chain services f...

[Headline]: Zodia Custody Looks to Drive Institutional Access to Polkadot Ecosystem
[Summary]: Cryptocurrency storage provider Zodia Custody, a subsidiary of Standard Chartered (STAN), is to provide institutional support for the Polkadot blockchain through a new partnership with one of the netw...

From 2024-08-02 to 2024-08-09, DOT-USD's stock price decreased from 5.12 to 4.79. News during this period are listed below:

[Headline]: The Protocol: 'Private Jet Brandization' Is One Way Polkadot Burnt Cash
[Summary]: June proved to be an incredibly ugly month in crypto markets (see our blood-red chart below), but wasn't completely devoid of decent blockchain tech stories. One obsession of crypto twitterati during ...

[Headline]: Polkadot’s $245M Treasury Would Last 2 Years at Current Spending Rate
[Summary]: Polkadot spent $87 million worth of DOT on various activities in the first half of this year, with marketing and outreach activities accounting for the largest portion of spending, totaling over $36 m...

[Headline]: Polkadot and Cosmos Gain in a Rocky Week for Crypto: CoinDesk Indices Market Update
[Summary]: CoinDesk Indices (CDI) presents its bi-weekly market update, highlighting the performance of leaders and laggards in the benchmark CoinDesk 20 Index (CD20) and the broad CoinDesk Market Index (CMI).

...

[Headline]: Deloitte Taps Polkadot Ecosystem's Kilt Blockchain for Digital Shipping Logistics
[Summary]: BANGALORE, India — A division of professional services firm Deloitte, one of the “Big Four” accounting firms, will use the Polkadot-based Kilt blockchain to offer logistics and supply-chain services f...

[Headline]: Zodia Custody Looks to Drive Institutional Access to Polkadot Ecosystem
[Summary]: Cryptocurrency storage provider Zodia Custody, a subsidiary of Standard Chartered (STAN), is to provide institutional support for the Polkadot blockchain through a new partnership with one of the netw...

From 2024-08-09 to 2024-08-16, DOT-USD's stock price decreased from 4.79 to 4.30. News during this period are listed below:

[Headline]: The Protocol: 'Private Jet Brandization' Is One Way Polkadot Burnt Cash
[Summary]: June proved to be an incredibly ugly month in crypto markets (see our blood-red chart below), but wasn't completely devoid of decent blockchain tech stories. One obsession of crypto twitterati during ...

[Headline]: Polkadot’s $245M Treasury Would Last 2 Years at Current Spending Rate
[Summary]: Polkadot spent $87 million worth of DOT on various activities in the first half of this year, with marketing and outreach activities accounting for the largest portion of spending, totaling over $36 m...

[Headline]: Polkadot and Cosmos Gain in a Rocky Week for Crypto: CoinDesk Indices Market Update
[Summary]: CoinDesk Indices (CDI) presents its bi-weekly market update, highlighting the performance of leaders and laggards in the benchmark CoinDesk 20 Index (CD20) and the broad CoinDesk Market Index (CMI).

...

[Headline]: Deloitte Taps Polkadot Ecosystem's Kilt Blockchain for Digital Shipping Logistics
[Summary]: BANGALORE, India — A division of professional services firm Deloitte, one of the “Big Four” accounting firms, will use the Polkadot-based Kilt blockchain to offer logistics and supply-chain services f...

[Headline]: Zodia Custody Looks to Drive Institutional Access to Polkadot Ecosystem
[Summary]: Cryptocurrency storage provider Zodia Custody, a subsidiary of Standard Chartered (STAN), is to provide institutional support for the Polkadot blockchain through a new partnership with one of the netw...



Based on all the information before 2024-08-16, let's first analyze the positive developments and potential concerns for DOT-USD. Come up with 2-4 most important factors respectively and keep them concise. Most factors should be inferred from cryptocurrencies related news. Then let's assume your prediction for next week (2024-08-16 to 2024-08-23) is up by more than 5%. Provide a summary analysis to support your prediction. The prediction result need to be inferred from your analysis at the end, and thus not appearing as a foundational factor of your analysis.","### Analysis Request 2

**[Positive Developments]:**
1. **Institutional Support**: Zodia Custody's partnership with Polkadot can drive institutional access and investment.
2. **Corporate Adoption**: Deloitte's integration of the Kilt blockchain for logistics highlights Polkadot's practical use cases.
3. **Relative Market Strength**: Polkadot's relative gain in a rocky week for crypto indicates its resilience compared to other cryptocurrencies.

**[Potential Concerns]:**
1. **High Spending**: Polkadot's significant spending on marketing and outreach could be seen as unsustainable.
2. **Market Volatility**: The overall crypto market remains volatile, which can impact Polkadot's price.
3. **Financial Management**: Concerns about Polkadot's financial management, including high cash burn rates, are prominent in recent news.

**[Prediction & Analysis]:**
Despite the positive developments, the potential concerns surrounding Polkadot's high spending and financial management issues are significant. The overall market volatility adds to the uncertainty. However, the recent price decrease may have overshot, and the positive news about institutional support and corporate adoption could provide a floor. Given the oversold conditions and positive news, a rebound of more than 5% is predicted."
"[Cryptocurrency Introduction]: Polkadot (DOT) is a cryptocurrency . Polkadot has a current supply of 1,583,211,692.52535652. The last known price of Polkadot is 3.96570897 USD and is down -0.58 over the last 24 hours. It is currently trading on 914 active market(s) with $144,897,163.73 traded over the last 24 hours. More information can be found at https://polkadot.com.. It has a market capilization of 6394891776.

From 2024-08-09 to 2024-08-16, DOT-USD's stock price decreased from 4.79 to 4.30. News during this period are listed below:

[Headline]: The Protocol: 'Private Jet Brandization' Is One Way Polkadot Burnt Cash
[Summary]: June proved to be an incredibly ugly month in crypto markets (see our blood-red chart below), but wasn't completely devoid of decent blockchain tech stories. One obsession of crypto twitterati during ...

[Headline]: Polkadot’s $245M Treasury Would Last 2 Years at Current Spending Rate
[Summary]: Polkadot spent $87 million worth of DOT on various activities in the first half of this year, with marketing and outreach activities accounting for the largest portion of spending, totaling over $36 m...

[Headline]: Polkadot and Cosmos Gain in a Rocky Week for Crypto: CoinDesk Indices Market Update
[Summary]: CoinDesk Indices (CDI) presents its bi-weekly market update, highlighting the performance of leaders and laggards in the benchmark CoinDesk 20 Index (CD20) and the broad CoinDesk Market Index (CMI).

...

[Headline]: Deloitte Taps Polkadot Ecosystem's Kilt Blockchain for Digital Shipping Logistics
[Summary]: BANGALORE, India — A division of professional services firm Deloitte, one of the “Big Four” accounting firms, will use the Polkadot-based Kilt blockchain to offer logistics and supply-chain services f...

[Headline]: Zodia Custody Looks to Drive Institutional Access to Polkadot Ecosystem
[Summary]: Cryptocurrency storage provider Zodia Custody, a subsidiary of Standard Chartered (STAN), is to provide institutional support for the Polkadot blockchain through a new partnership with one of the netw...

From 2024-08-16 to 2024-08-23, DOT-USD's stock price increased from 4.30 to 4.90. News during this period are listed below:

[Headline]: The Protocol: 'Private Jet Brandization' Is One Way Polkadot Burnt Cash
[Summary]: June proved to be an incredibly ugly month in crypto markets (see our blood-red chart below), but wasn't completely devoid of decent blockchain tech stories. One obsession of crypto twitterati during ...

[Headline]: Polkadot’s $245M Treasury Would Last 2 Years at Current Spending Rate
[Summary]: Polkadot spent $87 million worth of DOT on various activities in the first half of this year, with marketing and outreach activities accounting for the largest portion of spending, totaling over $36 m...

[Headline]: Polkadot and Cosmos Gain in a Rocky Week for Crypto: CoinDesk Indices Market Update
[Summary]: CoinDesk Indices (CDI) presents its bi-weekly market update, highlighting the performance of leaders and laggards in the benchmark CoinDesk 20 Index (CD20) and the broad CoinDesk Market Index (CMI).

...

[Headline]: Deloitte Taps Polkadot Ecosystem's Kilt Blockchain for Digital Shipping Logistics
[Summary]: BANGALORE, India — A division of professional services firm Deloitte, one of the “Big Four” accounting firms, will use the Polkadot-based Kilt blockchain to offer logistics and supply-chain services f...

[Headline]: Zodia Custody Looks to Drive Institutional Access to Polkadot Ecosystem
[Summary]: Cryptocurrency storage provider Zodia Custody, a subsidiary of Standard Chartered (STAN), is to provide institutional support for the Polkadot blockchain through a new partnership with one of the netw...



Based on all the information before 2024-08-23, let's first analyze the positive developments and potential concerns for DOT-USD. Come up with 2-4 most important factors respectively and keep them concise. Most factors should be inferred from cryptocurrencies related news. Then let's assume your prediction for next week (2024-08-23 to 2024-08-30) is down by more than 5%. Provide a summary analysis to support your prediction. The prediction result need to be inferred from your analysis at the end, and thus not appearing as a foundational factor of your analysis.","### Analysis Request 3

**[Positive Developments]:**
1. **Institutional Support**: Continued institutional support from Zodia Custody can attract more institutional investors.
2. **Corporate Adoption**: Deloitte's use of the Kilt blockchain demonstrates Polkadot's growing corporate interest and practical applications.
3. **Market Performance**: Polkadot's gain in a rocky week for crypto shows its relative strength in the market.

**[Potential Concerns]:**
1. **Treasury Spending**: High treasury spending, particularly on marketing and outreach, raises sustainability concerns.
2. **Market Sentiment**: The overall crypto market sentiment remains volatile, which can negatively affect Polkadot's price.
3. **Cash Burn**: Reports of Polkadot's cash burn rate, including expenditures on private jets, raise concerns about financial management.

**[Prediction & Analysis]:**
Polkadot (DOT) has shown signs of recovery with a price increase from 4.30 to 4.90. However, the persistent concerns about high treasury spending and financial management issues are likely to resurface. The overall market volatility and negative sentiment could lead to a correction. Given these factors, a decrease of more than 5% is predicted."
"[Cryptocurrency Introduction]: Polkadot (DOT) is a cryptocurrency . Polkadot has a current supply of 1,583,211,692.52535652. The last known price of Polkadot is 3.96570897 USD and is down -0.58 over the last 24 hours. It is currently trading on 914 active market(s) with $144,897,163.73 traded over the last 24 hours. More information can be found at https://polkadot.com.. It has a market capilization of 6394891776.

From 2024-08-23 to 2024-08-30, DOT-USD's stock price decreased from 4.90 to 4.28. News during this period are listed below:

[Headline]: The Protocol: 'Private Jet Brandization' Is One Way Polkadot Burnt Cash
[Summary]: June proved to be an incredibly ugly month in crypto markets (see our blood-red chart below), but wasn't completely devoid of decent blockchain tech stories. One obsession of crypto twitterati during ...

[Headline]: Polkadot’s $245M Treasury Would Last 2 Years at Current Spending Rate
[Summary]: Polkadot spent $87 million worth of DOT on various activities in the first half of this year, with marketing and outreach activities accounting for the largest portion of spending, totaling over $36 m...

[Headline]: Polkadot and Cosmos Gain in a Rocky Week for Crypto: CoinDesk Indices Market Update
[Summary]: CoinDesk Indices (CDI) presents its bi-weekly market update, highlighting the performance of leaders and laggards in the benchmark CoinDesk 20 Index (CD20) and the broad CoinDesk Market Index (CMI).

...

[Headline]: Deloitte Taps Polkadot Ecosystem's Kilt Blockchain for Digital Shipping Logistics
[Summary]: BANGALORE, India — A division of professional services firm Deloitte, one of the “Big Four” accounting firms, will use the Polkadot-based Kilt blockchain to offer logistics and supply-chain services f...

[Headline]: Zodia Custody Looks to Drive Institutional Access to Polkadot Ecosystem
[Summary]: Cryptocurrency storage provider Zodia Custody, a subsidiary of Standard Chartered (STAN), is to provide institutional support for the Polkadot blockchain through a new partnership with one of the netw...



Based on all the information before 2024-08-30, let's first analyze the positive developments and potential concerns for DOT-USD. Come up with 2-4 most important factors respectively and keep them concise. Most factors should be inferred from cryptocurrencies related news. Then let's assume your prediction for next week (2024-08-30 to 2024-09-06) is down by more than 5%. Provide a summary analysis to support your prediction. The prediction result need to be inferred from your analysis at the end, and thus not appearing as a foundational factor of your analysis.","### Analysis Request 4

**[Positive Developments]:**
1. **Institutional Support**: Zodia Custody's partnership with Polkadot can drive institutional investment.
2. **Corporate Adoption**: Deloitte's integration of the Kilt blockchain for logistics highlights Polkadot's practical use cases.
3. **Relative Market Strength**: Polkadot's gain in a rocky week for crypto indicates its resilience compared to other cryptocurrencies.

**[Potential Concerns]:**
1. **High Spending**: Polkadot's significant spending on marketing and outreach could be seen as unsustainable.
2. **Market Volatility**: The overall crypto market remains volatile, which can impact Polkadot's price.
3. **Financial Management**: Concerns about Polkadot's financial management, including high cash burn rates, are prominent in recent news.

**[Prediction & Analysis]:**
The recent price decrease and persistent concerns about Polkadot's high spending and financial management issues are significant. The overall market volatility adds to the uncertainty. Given these factors, the market is likely to react negatively, leading to a predicted decrease of more than 5%."
"[Cryptocurrency Introduction]: Polkadot (DOT) is a cryptocurrency . Polkadot has a current supply of 1,583,211,692.52535652. The last known price of Polkadot is 3.96570897 USD and is down -0.58 over the last 24 hours. It is currently trading on 914 active market(s) with $144,897,163.73 traded over the last 24 hours. More information can be found at https://polkadot.com.. It has a market capilization of 6394891776.

From 2024-08-23 to 2024-08-30, DOT-USD's stock price decreased from 4.90 to 4.28. News during this period are listed below:

[Headline]: The Protocol: 'Private Jet Brandization' Is One Way Polkadot Burnt Cash
[Summary]: June proved to be an incredibly ugly month in crypto markets (see our blood-red chart below), but wasn't completely devoid of decent blockchain tech stories. One obsession of crypto twitterati during ...

[Headline]: Polkadot’s $245M Treasury Would Last 2 Years at Current Spending Rate
[Summary]: Polkadot spent $87 million worth of DOT on various activities in the first half of this year, with marketing and outreach activities accounting for the largest portion of spending, totaling over $36 m...

[Headline]: Polkadot and Cosmos Gain in a Rocky Week for Crypto: CoinDesk Indices Market Update
[Summary]: CoinDesk Indices (CDI) presents its bi-weekly market update, highlighting the performance of leaders and laggards in the benchmark CoinDesk 20 Index (CD20) and the broad CoinDesk Market Index (CMI).

...

[Headline]: Deloitte Taps Polkadot Ecosystem's Kilt Blockchain for Digital Shipping Logistics
[Summary]: BANGALORE, India — A division of professional services firm Deloitte, one of the “Big Four” accounting firms, will use the Polkadot-based Kilt blockchain to offer logistics and supply-chain services f...

[Headline]: Zodia Custody Looks to Drive Institutional Access to Polkadot Ecosystem
[Summary]: Cryptocurrency storage provider Zodia Custody, a subsidiary of Standard Chartered (STAN), is to provide institutional support for the Polkadot blockchain through a new partnership with one of the netw...

From 2024-08-30 to 2024-09-06, DOT-USD's stock price decreased from 4.28 to 3.96. News during this period are listed below:

[Headline]: The Protocol: 'Private Jet Brandization' Is One Way Polkadot Burnt Cash
[Summary]: June proved to be an incredibly ugly month in crypto markets (see our blood-red chart below), but wasn't completely devoid of decent blockchain tech stories. One obsession of crypto twitterati during ...

[Headline]: Polkadot’s $245M Treasury Would Last 2 Years at Current Spending Rate
[Summary]: Polkadot spent $87 million worth of DOT on various activities in the first half of this year, with marketing and outreach activities accounting for the largest portion of spending, totaling over $36 m...

[Headline]: Polkadot and Cosmos Gain in a Rocky Week for Crypto: CoinDesk Indices Market Update
[Summary]: CoinDesk Indices (CDI) presents its bi-weekly market update, highlighting the performance of leaders and laggards in the benchmark CoinDesk 20 Index (CD20) and the broad CoinDesk Market Index (CMI).

...

[Headline]: Deloitte Taps Polkadot Ecosystem's Kilt Blockchain for Digital Shipping Logistics
[Summary]: BANGALORE, India — A division of professional services firm Deloitte, one of the “Big Four” accounting firms, will use the Polkadot-based Kilt blockchain to offer logistics and supply-chain services f...

[Headline]: Zodia Custody Looks to Drive Institutional Access to Polkadot Ecosystem
[Summary]: Cryptocurrency storage provider Zodia Custody, a subsidiary of Standard Chartered (STAN), is to provide institutional support for the Polkadot blockchain through a new partnership with one of the netw...



Based on all the information before 2024-09-06, let's first analyze the positive developments and potential concerns for DOT-USD. Come up with 2-4 most important factors respectively and keep them concise. Most factors should be inferred from cryptocurrencies related news. Then let's assume your prediction for next week (2024-09-06 to 2024-09-13) is up by more than 5%. Provide a summary analysis to support your prediction. The prediction result need to be inferred from your analysis at the end, and thus not appearing as a foundational factor of your analysis.","### Analysis Request 5

**[Positive Developments]:**
1. **Institutional Support**: Continued institutional support from Zodia Custody can attract more institutional investors.
2. **Corporate Adoption**: Deloitte's use of the Kilt blockchain demonstrates Polkadot's growing corporate interest and practical applications.
3. **Market Performance**: Polkadot's gain in a rocky week for crypto shows its relative strength in the market.

**[Potential Concerns]:**
1. **Treasury Spending**: High treasury spending, particularly on marketing and outreach, raises sustainability concerns.
2. **Market Sentiment**: The overall crypto market sentiment remains volatile, which can negatively affect Polkadot's price.
3. **Cash Burn**: Reports of Polkadot's cash burn rate, including expenditures on private jets, raise concerns about financial management.

**[Prediction & Analysis]:**
Polkadot (DOT) has shown signs of stabilization with a smaller price decrease from 4.28 to 3.96. The positive developments, including institutional support and corporate adoption, are likely to outweigh the concerns about treasury spending and financial management in the short term. Given the stabilization and positive news, an increase of more than 5% is predicted."
"[Cryptocurrency Introduction]: Polkadot (DOT) is a cryptocurrency . Polkadot has a current supply of 1,583,211,692.52535652. The last known price of Polkadot is 3.96570897 USD and is down -0.58 over the last 24 hours. It is currently trading on 914 active market(s) with $144,897,163.73 traded over the last 24 hours. More information can be found at https://polkadot.com.. It has a market capilization of 6394891776.

From 2024-08-16 to 2024-08-23, DOT-USD's stock price increased from 4.30 to 4.90. News during this period are listed below:

[Headline]: The Protocol: 'Private Jet Brandization' Is One Way Polkadot Burnt Cash
[Summary]: June proved to be an incredibly ugly month in crypto markets (see our blood-red chart below), but wasn't completely devoid of decent blockchain tech stories. One obsession of crypto twitterati during ...

[Headline]: Polkadot’s $245M Treasury Would Last 2 Years at Current Spending Rate
[Summary]: Polkadot spent $87 million worth of DOT on various activities in the first half of this year, with marketing and outreach activities accounting for the largest portion of spending, totaling over $36 m...

[Headline]: Polkadot and Cosmos Gain in a Rocky Week for Crypto: CoinDesk Indices Market Update
[Summary]: CoinDesk Indices (CDI) presents its bi-weekly market update, highlighting the performance of leaders and laggards in the benchmark CoinDesk 20 Index (CD20) and the broad CoinDesk Market Index (CMI).

...

[Headline]: Deloitte Taps Polkadot Ecosystem's Kilt Blockchain for Digital Shipping Logistics
[Summary]: BANGALORE, India — A division of professional services firm Deloitte, one of the “Big Four” accounting firms, will use the Polkadot-based Kilt blockchain to offer logistics and supply-chain services f...

[Headline]: Zodia Custody Looks to Drive Institutional Access to Polkadot Ecosystem
[Summary]: Cryptocurrency storage provider Zodia Custody, a subsidiary of Standard Chartered (STAN), is to provide institutional support for the Polkadot blockchain through a new partnership with one of the netw...

From 2024-08-23 to 2024-08-30, DOT-USD's stock price decreased from 4.90 to 4.28. News during this period are listed below:

[Headline]: The Protocol: 'Private Jet Brandization' Is One Way Polkadot Burnt Cash
[Summary]: June proved to be an incredibly ugly month in crypto markets (see our blood-red chart below), but wasn't completely devoid of decent blockchain tech stories. One obsession of crypto twitterati during ...

[Headline]: Polkadot’s $245M Treasury Would Last 2 Years at Current Spending Rate
[Summary]: Polkadot spent $87 million worth of DOT on various activities in the first half of this year, with marketing and outreach activities accounting for the largest portion of spending, totaling over $36 m...

[Headline]: Polkadot and Cosmos Gain in a Rocky Week for Crypto: CoinDesk Indices Market Update
[Summary]: CoinDesk Indices (CDI) presents its bi-weekly market update, highlighting the performance of leaders and laggards in the benchmark CoinDesk 20 Index (CD20) and the broad CoinDesk Market Index (CMI).

...

[Headline]: Deloitte Taps Polkadot Ecosystem's Kilt Blockchain for Digital Shipping Logistics
[Summary]: BANGALORE, India — A division of professional services firm Deloitte, one of the “Big Four” accounting firms, will use the Polkadot-based Kilt blockchain to offer logistics and supply-chain services f...

[Headline]: Zodia Custody Looks to Drive Institutional Access to Polkadot Ecosystem
[Summary]: Cryptocurrency storage provider Zodia Custody, a subsidiary of Standard Chartered (STAN), is to provide institutional support for the Polkadot blockchain through a new partnership with one of the netw...

From 2024-08-30 to 2024-09-06, DOT-USD's stock price decreased from 4.28 to 3.96. News during this period are listed below:

[Headline]: The Protocol: 'Private Jet Brandization' Is One Way Polkadot Burnt Cash
[Summary]: June proved to be an incredibly ugly month in crypto markets (see our blood-red chart below), but wasn't completely devoid of decent blockchain tech stories. One obsession of crypto twitterati during ...

[Headline]: Polkadot’s $245M Treasury Would Last 2 Years at Current Spending Rate
[Summary]: Polkadot spent $87 million worth of DOT on various activities in the first half of this year, with marketing and outreach activities accounting for the largest portion of spending, totaling over $36 m...

[Headline]: Polkadot and Cosmos Gain in a Rocky Week for Crypto: CoinDesk Indices Market Update
[Summary]: CoinDesk Indices (CDI) presents its bi-weekly market update, highlighting the performance of leaders and laggards in the benchmark CoinDesk 20 Index (CD20) and the broad CoinDesk Market Index (CMI).

...

[Headline]: Deloitte Taps Polkadot Ecosystem's Kilt Blockchain for Digital Shipping Logistics
[Summary]: BANGALORE, India — A division of professional services firm Deloitte, one of the “Big Four” accounting firms, will use the Polkadot-based Kilt blockchain to offer logistics and supply-chain services f...

[Headline]: Zodia Custody Looks to Drive Institutional Access to Polkadot Ecosystem
[Summary]: Cryptocurrency storage provider Zodia Custody, a subsidiary of Standard Chartered (STAN), is to provide institutional support for the Polkadot blockchain through a new partnership with one of the netw...

From 2024-09-06 to 2024-09-13, DOT-USD's stock price increased from 3.96 to 4.43. News during this period are listed below:

[Headline]: The Protocol: 'Private Jet Brandization' Is One Way Polkadot Burnt Cash
[Summary]: June proved to be an incredibly ugly month in crypto markets (see our blood-red chart below), but wasn't completely devoid of decent blockchain tech stories. One obsession of crypto twitterati during ...

[Headline]: Polkadot’s $245M Treasury Would Last 2 Years at Current Spending Rate
[Summary]: Polkadot spent $87 million worth of DOT on various activities in the first half of this year, with marketing and outreach activities accounting for the largest portion of spending, totaling over $36 m...

[Headline]: Polkadot and Cosmos Gain in a Rocky Week for Crypto: CoinDesk Indices Market Update
[Summary]: CoinDesk Indices (CDI) presents its bi-weekly market update, highlighting the performance of leaders and laggards in the benchmark CoinDesk 20 Index (CD20) and the broad CoinDesk Market Index (CMI).

...

[Headline]: Deloitte Taps Polkadot Ecosystem's Kilt Blockchain for Digital Shipping Logistics
[Summary]: BANGALORE, India — A division of professional services firm Deloitte, one of the “Big Four” accounting firms, will use the Polkadot-based Kilt blockchain to offer logistics and supply-chain services f...

[Headline]: Zodia Custody Looks to Drive Institutional Access to Polkadot Ecosystem
[Summary]: Cryptocurrency storage provider Zodia Custody, a subsidiary of Standard Chartered (STAN), is to provide institutional support for the Polkadot blockchain through a new partnership with one of the netw...



Based on all the information before 2024-09-13, let's first analyze the positive developments and potential concerns for DOT-USD. Come up with 2-4 most important factors respectively and keep them concise. Most factors should be inferred from cryptocurrencies related news. Then let's assume your prediction for next week (2024-09-13 to 2024-09-20) is down by 1-2%. Provide a summary analysis to support your prediction. The prediction result need to be inferred from your analysis at the end, and thus not appearing as a foundational factor of your analysis.","**[Positive Developments]: **
1. **Institutional Support**: Zodia Custody, a subsidiary of Standard Chartered, announced a partnership to provide institutional support for the Polkadot blockchain, indicating growing institutional interest.
2. **Real-World Adoption**: Deloitte’s decision to use the Polkadot-based Kilt blockchain for digital shipping logistics demonstrates practical use cases and adoption by major corporations.
3. **Market Performance**: Polkadot and Cosmos gained in a rocky week for crypto, highlighting Polkadot's relative strength in a volatile market.

**[Potential Concerns]: **
1. **Treasury Spending**: Polkadot's treasury spending, particularly on marketing and outreach, raises questions about the sustainability of such expenditures.
2. **Market Volatility**: The overall crypto market volatility, as highlighted by the CoinDesk Indices, poses a risk to Polkadot’s price stability.

**[Prediction & Analysis]: **
Polkadot has shown resilience and institutional backing, which are positive indicators for its long-term growth. However, concerns about treasury spending and market volatility could dampen short-term price movements. Given the recent price decrease and the mixed signals from the market, a slight downward trend of 1-2% for the upcoming week is anticipated. The institutional support and real-world adoption are long-term positives, but immediate market volatility and spending concerns may weigh on the price in the short term."
"[Cryptocurrency Introduction]: Polkadot (DOT) is a cryptocurrency . Polkadot has a current supply of 1,583,211,692.52535652. The last known price of Polkadot is 3.96570897 USD and is down -0.58 over the last 24 hours. It is currently trading on 914 active market(s) with $144,897,163.73 traded over the last 24 hours. More information can be found at https://polkadot.com.. It has a market capilization of 6394891776.

From 2024-09-13 to 2024-09-20, DOT-USD's stock price decreased from 4.43 to 4.34. News during this period are listed below:

[Headline]: The Protocol: 'Private Jet Brandization' Is One Way Polkadot Burnt Cash
[Summary]: June proved to be an incredibly ugly month in crypto markets (see our blood-red chart below), but wasn't completely devoid of decent blockchain tech stories. One obsession of crypto twitterati during ...

[Headline]: Polkadot’s $245M Treasury Would Last 2 Years at Current Spending Rate
[Summary]: Polkadot spent $87 million worth of DOT on various activities in the first half of this year, with marketing and outreach activities accounting for the largest portion of spending, totaling over $36 m...

[Headline]: Polkadot and Cosmos Gain in a Rocky Week for Crypto: CoinDesk Indices Market Update
[Summary]: CoinDesk Indices (CDI) presents its bi-weekly market update, highlighting the performance of leaders and laggards in the benchmark CoinDesk 20 Index (CD20) and the broad CoinDesk Market Index (CMI).

...

[Headline]: Deloitte Taps Polkadot Ecosystem's Kilt Blockchain for Digital Shipping Logistics
[Summary]: BANGALORE, India — A division of professional services firm Deloitte, one of the “Big Four” accounting firms, will use the Polkadot-based Kilt blockchain to offer logistics and supply-chain services f...

[Headline]: Zodia Custody Looks to Drive Institutional Access to Polkadot Ecosystem
[Summary]: Cryptocurrency storage provider Zodia Custody, a subsidiary of Standard Chartered (STAN), is to provide institutional support for the Polkadot blockchain through a new partnership with one of the netw...



Based on all the information before 2024-09-20, let's first analyze the positive developments and potential concerns for DOT-USD. Come up with 2-4 most important factors respectively and keep them concise. Most factors should be inferred from cryptocurrencies related news. Then let's assume your prediction for next week (2024-09-20 to 2024-09-27) is up by more than 5%. Provide a summary analysis to support your prediction. The prediction result need to be inferred from your analysis at the end, and thus not appearing as a foundational factor of your analysis.","**[Positive Developments]: **
1. **Institutional Support**: Zodia Custody’s partnership to provide institutional support for Polkadot indicates growing confidence from major financial institutions.
2. **Corporate Adoption**: Deloitte’s use of the Polkadot-based Kilt blockchain for logistics shows real-world application and corporate endorsement.
3. **Relative Market Strength**: Polkadot’s gain in a rocky week for crypto, as reported by CoinDesk Indices, demonstrates its relative strength and potential as a safe haven within the crypto market.

**[Potential Concerns]: **
1. **Treasury Management**: Concerns about Polkadot’s treasury spending, especially on marketing, raise questions about financial management and sustainability.
2. **Market Sentiment**: The overall crypto market sentiment remains volatile, which could impact Polkadot’s price despite its relative strength.

**[Prediction & Analysis]: **
The institutional backing and real-world adoption are strong positive signals for Polkadot. Despite concerns about treasury management and market volatility, the overall sentiment and recent price decrease suggest a potential rebound. A bullish prediction of more than 5% for the upcoming week is justified by the growing institutional interest and Polkadot’s demonstrated resilience in a volatile market. The positive developments are likely to outweigh the concerns in the short term, leading to a price increase."
"[Cryptocurrency Introduction]: Polkadot (DOT) is a cryptocurrency . Polkadot has a current supply of 1,583,211,692.52535652. The last known price of Polkadot is 3.96570897 USD and is down -0.58 over the last 24 hours. It is currently trading on 914 active market(s) with $144,897,163.73 traded over the last 24 hours. More information can be found at https://polkadot.com.. It has a market capilization of 6394891776.

From 2024-09-20 to 2024-09-27, DOT-USD's stock price increased from 4.34 to 4.89. News during this period are listed below:

[Headline]: The Protocol: 'Private Jet Brandization' Is One Way Polkadot Burnt Cash
[Summary]: June proved to be an incredibly ugly month in crypto markets (see our blood-red chart below), but wasn't completely devoid of decent blockchain tech stories. One obsession of crypto twitterati during ...

[Headline]: Polkadot’s $245M Treasury Would Last 2 Years at Current Spending Rate
[Summary]: Polkadot spent $87 million worth of DOT on various activities in the first half of this year, with marketing and outreach activities accounting for the largest portion of spending, totaling over $36 m...

[Headline]: Polkadot and Cosmos Gain in a Rocky Week for Crypto: CoinDesk Indices Market Update
[Summary]: CoinDesk Indices (CDI) presents its bi-weekly market update, highlighting the performance of leaders and laggards in the benchmark CoinDesk 20 Index (CD20) and the broad CoinDesk Market Index (CMI).

...

[Headline]: Deloitte Taps Polkadot Ecosystem's Kilt Blockchain for Digital Shipping Logistics
[Summary]: BANGALORE, India — A division of professional services firm Deloitte, one of the “Big Four” accounting firms, will use the Polkadot-based Kilt blockchain to offer logistics and supply-chain services f...

[Headline]: Zodia Custody Looks to Drive Institutional Access to Polkadot Ecosystem
[Summary]: Cryptocurrency storage provider Zodia Custody, a subsidiary of Standard Chartered (STAN), is to provide institutional support for the Polkadot blockchain through a new partnership with one of the netw...



Based on all the information before 2024-09-27, let's first analyze the positive developments and potential concerns for DOT-USD. Come up with 2-4 most important factors respectively and keep them concise. Most factors should be inferred from cryptocurrencies related news. Then let's assume your prediction for next week (2024-09-27 to 2024-10-04) is down by more than 5%. Provide a summary analysis to support your prediction. The prediction result need to be inferred from your analysis at the end, and thus not appearing as a foundational factor of your analysis.","**[Positive Developments]: **
1. **Institutional Backing**: Continued support from Zodia Custody and other institutional players bolsters Polkadot’s credibility and potential for growth.
2. **Real-World Use Cases**: Deloitte’s integration of the Polkadot-based Kilt blockchain for logistics highlights practical applications and corporate adoption.
3. **Market Performance**: Polkadot’s gains in a volatile market, as noted by CoinDesk Indices, underscore its relative strength and investor confidence.

**[Potential Concerns]: **
1. **Financial Management**: Questions about Polkadot’s treasury spending and financial management could impact investor confidence.
2. **Market Uncertainty**: The ongoing volatility in the crypto market poses risks to Polkadot’s price stability.

**[Prediction & Analysis]: **
While Polkadot has shown strong institutional backing and real-world adoption, concerns about financial management and market uncertainty could lead to a correction. A bearish prediction of more than 5% for the upcoming week is warranted due to the potential for profit-taking after the recent price increase and the lingering concerns about treasury spending. The positive developments may not be enough to offset the immediate market risks and financial management issues."
"[Cryptocurrency Introduction]: Polkadot (DOT) is a cryptocurrency . Polkadot has a current supply of 1,583,211,692.52535652. The last known price of Polkadot is 3.96570897 USD and is down -0.58 over the last 24 hours. It is currently trading on 914 active market(s) with $144,897,163.73 traded over the last 24 hours. More information can be found at https://polkadot.com.. It has a market capilization of 6394891776.

From 2024-09-27 to 2024-10-04, DOT-USD's stock price decreased from 4.89 to 4.19. News during this period are listed below:

[Headline]: The Protocol: 'Private Jet Brandization' Is One Way Polkadot Burnt Cash
[Summary]: June proved to be an incredibly ugly month in crypto markets (see our blood-red chart below), but wasn't completely devoid of decent blockchain tech stories. One obsession of crypto twitterati during ...

[Headline]: Polkadot’s $245M Treasury Would Last 2 Years at Current Spending Rate
[Summary]: Polkadot spent $87 million worth of DOT on various activities in the first half of this year, with marketing and outreach activities accounting for the largest portion of spending, totaling over $36 m...

[Headline]: Polkadot and Cosmos Gain in a Rocky Week for Crypto: CoinDesk Indices Market Update
[Summary]: CoinDesk Indices (CDI) presents its bi-weekly market update, highlighting the performance of leaders and laggards in the benchmark CoinDesk 20 Index (CD20) and the broad CoinDesk Market Index (CMI).

...

[Headline]: Deloitte Taps Polkadot Ecosystem's Kilt Blockchain for Digital Shipping Logistics
[Summary]: BANGALORE, India — A division of professional services firm Deloitte, one of the “Big Four” accounting firms, will use the Polkadot-based Kilt blockchain to offer logistics and supply-chain services f...

[Headline]: Zodia Custody Looks to Drive Institutional Access to Polkadot Ecosystem
[Summary]: Cryptocurrency storage provider Zodia Custody, a subsidiary of Standard Chartered (STAN), is to provide institutional support for the Polkadot blockchain through a new partnership with one of the netw...



Based on all the information before 2024-10-04, let's first analyze the positive developments and potential concerns for DOT-USD. Come up with 2-4 most important factors respectively and keep them concise. Most factors should be inferred from cryptocurrencies related news. Then let's assume your prediction for next week (2024-10-04 to 2024-10-11) is down by 0-1%. Provide a summary analysis to support your prediction. The prediction result need to be inferred from your analysis at the end, and thus not appearing as a foundational factor of your analysis.","**[Positive Developments]: **
1. **Institutional Interest**: Zodia Custody’s support for Polkadot reflects growing institutional involvement and confidence.
2. **Practical Applications**: Deloitte’s use of Polkadot for logistics demonstrates real-world utility and corporate endorsement.
3. **Relative Market Strength**: Polkadot’s performance in a volatile market, as highlighted by CoinDesk Indices, indicates its resilience and potential as a safe haven.

**[Potential Concerns]: **
1. **Treasury Spending**: The high spending from Polkadot’s treasury, particularly on marketing, raises sustainability concerns.
2. **Market Volatility**: The overall crypto market volatility poses risks to Polkadot’s price stability.

**[Prediction & Analysis]: **
Polkadot’s institutional backing and real-world applications are positive indicators, but concerns about treasury spending and market volatility could lead to a slight correction. A prediction of down by 0-1% for the upcoming week is reasonable given the mixed signals from the market. The positive developments are likely to be offset by the immediate market risks and financial management concerns, resulting in a relatively stable price movement."
"[Cryptocurrency Introduction]: Polkadot (DOT) is a cryptocurrency . Polkadot has a current supply of 1,583,211,692.52535652. The last known price of Polkadot is 3.96570897 USD and is down -0.58 over the last 24 hours. It is currently trading on 914 active market(s) with $144,897,163.73 traded over the last 24 hours. More information can be found at https://polkadot.com.. It has a market capilization of 6394891776.

From 2024-09-13 to 2024-09-20, DOT-USD's stock price decreased from 4.43 to 4.34. News during this period are listed below:

[Headline]: The Protocol: 'Private Jet Brandization' Is One Way Polkadot Burnt Cash
[Summary]: June proved to be an incredibly ugly month in crypto markets (see our blood-red chart below), but wasn't completely devoid of decent blockchain tech stories. One obsession of crypto twitterati during ...

[Headline]: Polkadot’s $245M Treasury Would Last 2 Years at Current Spending Rate
[Summary]: Polkadot spent $87 million worth of DOT on various activities in the first half of this year, with marketing and outreach activities accounting for the largest portion of spending, totaling over $36 m...

[Headline]: Polkadot and Cosmos Gain in a Rocky Week for Crypto: CoinDesk Indices Market Update
[Summary]: CoinDesk Indices (CDI) presents its bi-weekly market update, highlighting the performance of leaders and laggards in the benchmark CoinDesk 20 Index (CD20) and the broad CoinDesk Market Index (CMI).

...

[Headline]: Deloitte Taps Polkadot Ecosystem's Kilt Blockchain for Digital Shipping Logistics
[Summary]: BANGALORE, India — A division of professional services firm Deloitte, one of the “Big Four” accounting firms, will use the Polkadot-based Kilt blockchain to offer logistics and supply-chain services f...

[Headline]: Zodia Custody Looks to Drive Institutional Access to Polkadot Ecosystem
[Summary]: Cryptocurrency storage provider Zodia Custody, a subsidiary of Standard Chartered (STAN), is to provide institutional support for the Polkadot blockchain through a new partnership with one of the netw...

From 2024-09-20 to 2024-09-27, DOT-USD's stock price increased from 4.34 to 4.89. News during this period are listed below:

[Headline]: The Protocol: 'Private Jet Brandization' Is One Way Polkadot Burnt Cash
[Summary]: June proved to be an incredibly ugly month in crypto markets (see our blood-red chart below), but wasn't completely devoid of decent blockchain tech stories. One obsession of crypto twitterati during ...

[Headline]: Polkadot’s $245M Treasury Would Last 2 Years at Current Spending Rate
[Summary]: Polkadot spent $87 million worth of DOT on various activities in the first half of this year, with marketing and outreach activities accounting for the largest portion of spending, totaling over $36 m...

[Headline]: Polkadot and Cosmos Gain in a Rocky Week for Crypto: CoinDesk Indices Market Update
[Summary]: CoinDesk Indices (CDI) presents its bi-weekly market update, highlighting the performance of leaders and laggards in the benchmark CoinDesk 20 Index (CD20) and the broad CoinDesk Market Index (CMI).

...

[Headline]: Deloitte Taps Polkadot Ecosystem's Kilt Blockchain for Digital Shipping Logistics
[Summary]: BANGALORE, India — A division of professional services firm Deloitte, one of the “Big Four” accounting firms, will use the Polkadot-based Kilt blockchain to offer logistics and supply-chain services f...

[Headline]: Zodia Custody Looks to Drive Institutional Access to Polkadot Ecosystem
[Summary]: Cryptocurrency storage provider Zodia Custody, a subsidiary of Standard Chartered (STAN), is to provide institutional support for the Polkadot blockchain through a new partnership with one of the netw...

From 2024-09-27 to 2024-10-04, DOT-USD's stock price decreased from 4.89 to 4.19. News during this period are listed below:

[Headline]: The Protocol: 'Private Jet Brandization' Is One Way Polkadot Burnt Cash
[Summary]: June proved to be an incredibly ugly month in crypto markets (see our blood-red chart below), but wasn't completely devoid of decent blockchain tech stories. One obsession of crypto twitterati during ...

[Headline]: Polkadot’s $245M Treasury Would Last 2 Years at Current Spending Rate
[Summary]: Polkadot spent $87 million worth of DOT on various activities in the first half of this year, with marketing and outreach activities accounting for the largest portion of spending, totaling over $36 m...

[Headline]: Polkadot and Cosmos Gain in a Rocky Week for Crypto: CoinDesk Indices Market Update
[Summary]: CoinDesk Indices (CDI) presents its bi-weekly market update, highlighting the performance of leaders and laggards in the benchmark CoinDesk 20 Index (CD20) and the broad CoinDesk Market Index (CMI).

...

[Headline]: Deloitte Taps Polkadot Ecosystem's Kilt Blockchain for Digital Shipping Logistics
[Summary]: BANGALORE, India — A division of professional services firm Deloitte, one of the “Big Four” accounting firms, will use the Polkadot-based Kilt blockchain to offer logistics and supply-chain services f...

[Headline]: Zodia Custody Looks to Drive Institutional Access to Polkadot Ecosystem
[Summary]: Cryptocurrency storage provider Zodia Custody, a subsidiary of Standard Chartered (STAN), is to provide institutional support for the Polkadot blockchain through a new partnership with one of the netw...

From 2024-10-04 to 2024-10-11, DOT-USD's stock price decreased from 4.19 to 4.17. News during this period are listed below:

[Headline]: The Protocol: 'Private Jet Brandization' Is One Way Polkadot Burnt Cash
[Summary]: June proved to be an incredibly ugly month in crypto markets (see our blood-red chart below), but wasn't completely devoid of decent blockchain tech stories. One obsession of crypto twitterati during ...

[Headline]: Polkadot’s $245M Treasury Would Last 2 Years at Current Spending Rate
[Summary]: Polkadot spent $87 million worth of DOT on various activities in the first half of this year, with marketing and outreach activities accounting for the largest portion of spending, totaling over $36 m...

[Headline]: Polkadot and Cosmos Gain in a Rocky Week for Crypto: CoinDesk Indices Market Update
[Summary]: CoinDesk Indices (CDI) presents its bi-weekly market update, highlighting the performance of leaders and laggards in the benchmark CoinDesk 20 Index (CD20) and the broad CoinDesk Market Index (CMI).

...

[Headline]: Deloitte Taps Polkadot Ecosystem's Kilt Blockchain for Digital Shipping Logistics
[Summary]: BANGALORE, India — A division of professional services firm Deloitte, one of the “Big Four” accounting firms, will use the Polkadot-based Kilt blockchain to offer logistics and supply-chain services f...

[Headline]: Zodia Custody Looks to Drive Institutional Access to Polkadot Ecosystem
[Summary]: Cryptocurrency storage provider Zodia Custody, a subsidiary of Standard Chartered (STAN), is to provide institutional support for the Polkadot blockchain through a new partnership with one of the netw...



Based on all the information before 2024-10-11, let's first analyze the positive developments and potential concerns for DOT-USD. Come up with 2-4 most important factors respectively and keep them concise. Most factors should be inferred from cryptocurrencies related news. Then let's assume your prediction for next week (2024-10-11 to 2024-10-18) is up by 3-4%. Provide a summary analysis to support your prediction. The prediction result need to be inferred from your analysis at the end, and thus not appearing as a foundational factor of your analysis.","**[Positive Developments]: **
1. **Institutional Support**: Continued backing from Zodia Custody and other institutional players strengthens Polkadot’s position in the market.
2. **Corporate Endorsement**: Deloitte’s adoption of Polkadot for logistics showcases its practical applications and corporate confidence.
3. **Market Resilience**: Polkadot’s performance in a volatile market, as noted by CoinDesk Indices, highlights its relative strength and investor trust.

**[Potential Concerns]: **
1. **Financial Sustainability**: Concerns about Polkadot’s treasury spending and financial management could impact market sentiment.
2. **Market Uncertainty**: The overall crypto market volatility poses risks to Polkadot’s price stability.

**[Prediction & Analysis]: **
The strong institutional support and real-world applications are positive indicators for Polkadot. Despite concerns about financial sustainability and market uncertainty, the overall sentiment and recent price movements suggest a potential rebound. A bullish prediction of 3-4% for the upcoming week is justified by the growing institutional interest and Polkadot’s demonstrated resilience in a volatile market. The positive developments are likely to outweigh the concerns in the short term, leading to a price increase."
"[Cryptocurrency Introduction]: Polkadot (DOT) is a cryptocurrency . Polkadot has a current supply of 1,583,211,692.52535652. The last known price of Polkadot is 3.96570897 USD and is down -0.58 over the last 24 hours. It is currently trading on 914 active market(s) with $144,897,163.73 traded over the last 24 hours. More information can be found at https://polkadot.com.. It has a market capilization of 6394891776.

From 2024-09-20 to 2024-09-27, DOT-USD's stock price increased from 4.34 to 4.89. News during this period are listed below:

[Headline]: The Protocol: 'Private Jet Brandization' Is One Way Polkadot Burnt Cash
[Summary]: June proved to be an incredibly ugly month in crypto markets (see our blood-red chart below), but wasn't completely devoid of decent blockchain tech stories. One obsession of crypto twitterati during ...

[Headline]: Polkadot’s $245M Treasury Would Last 2 Years at Current Spending Rate
[Summary]: Polkadot spent $87 million worth of DOT on various activities in the first half of this year, with marketing and outreach activities accounting for the largest portion of spending, totaling over $36 m...

[Headline]: Polkadot and Cosmos Gain in a Rocky Week for Crypto: CoinDesk Indices Market Update
[Summary]: CoinDesk Indices (CDI) presents its bi-weekly market update, highlighting the performance of leaders and laggards in the benchmark CoinDesk 20 Index (CD20) and the broad CoinDesk Market Index (CMI).

...

[Headline]: Deloitte Taps Polkadot Ecosystem's Kilt Blockchain for Digital Shipping Logistics
[Summary]: BANGALORE, India — A division of professional services firm Deloitte, one of the “Big Four” accounting firms, will use the Polkadot-based Kilt blockchain to offer logistics and supply-chain services f...

[Headline]: Zodia Custody Looks to Drive Institutional Access to Polkadot Ecosystem
[Summary]: Cryptocurrency storage provider Zodia Custody, a subsidiary of Standard Chartered (STAN), is to provide institutional support for the Polkadot blockchain through a new partnership with one of the netw...

From 2024-09-27 to 2024-10-04, DOT-USD's stock price decreased from 4.89 to 4.19. News during this period are listed below:

[Headline]: The Protocol: 'Private Jet Brandization' Is One Way Polkadot Burnt Cash
[Summary]: June proved to be an incredibly ugly month in crypto markets (see our blood-red chart below), but wasn't completely devoid of decent blockchain tech stories. One obsession of crypto twitterati during ...

[Headline]: Polkadot’s $245M Treasury Would Last 2 Years at Current Spending Rate
[Summary]: Polkadot spent $87 million worth of DOT on various activities in the first half of this year, with marketing and outreach activities accounting for the largest portion of spending, totaling over $36 m...

[Headline]: Polkadot and Cosmos Gain in a Rocky Week for Crypto: CoinDesk Indices Market Update
[Summary]: CoinDesk Indices (CDI) presents its bi-weekly market update, highlighting the performance of leaders and laggards in the benchmark CoinDesk 20 Index (CD20) and the broad CoinDesk Market Index (CMI).

...

[Headline]: Deloitte Taps Polkadot Ecosystem's Kilt Blockchain for Digital Shipping Logistics
[Summary]: BANGALORE, India — A division of professional services firm Deloitte, one of the “Big Four” accounting firms, will use the Polkadot-based Kilt blockchain to offer logistics and supply-chain services f...

[Headline]: Zodia Custody Looks to Drive Institutional Access to Polkadot Ecosystem
[Summary]: Cryptocurrency storage provider Zodia Custody, a subsidiary of Standard Chartered (STAN), is to provide institutional support for the Polkadot blockchain through a new partnership with one of the netw...

From 2024-10-04 to 2024-10-11, DOT-USD's stock price decreased from 4.19 to 4.17. News during this period are listed below:

[Headline]: The Protocol: 'Private Jet Brandization' Is One Way Polkadot Burnt Cash
[Summary]: June proved to be an incredibly ugly month in crypto markets (see our blood-red chart below), but wasn't completely devoid of decent blockchain tech stories. One obsession of crypto twitterati during ...

[Headline]: Polkadot’s $245M Treasury Would Last 2 Years at Current Spending Rate
[Summary]: Polkadot spent $87 million worth of DOT on various activities in the first half of this year, with marketing and outreach activities accounting for the largest portion of spending, totaling over $36 m...

[Headline]: Polkadot and Cosmos Gain in a Rocky Week for Crypto: CoinDesk Indices Market Update
[Summary]: CoinDesk Indices (CDI) presents its bi-weekly market update, highlighting the performance of leaders and laggards in the benchmark CoinDesk 20 Index (CD20) and the broad CoinDesk Market Index (CMI).

...

[Headline]: Deloitte Taps Polkadot Ecosystem's Kilt Blockchain for Digital Shipping Logistics
[Summary]: BANGALORE, India — A division of professional services firm Deloitte, one of the “Big Four” accounting firms, will use the Polkadot-based Kilt blockchain to offer logistics and supply-chain services f...

[Headline]: Zodia Custody Looks to Drive Institutional Access to Polkadot Ecosystem
[Summary]: Cryptocurrency storage provider Zodia Custody, a subsidiary of Standard Chartered (STAN), is to provide institutional support for the Polkadot blockchain through a new partnership with one of the netw...

From 2024-10-11 to 2024-10-18, DOT-USD's stock price increased from 4.17 to 4.31. News during this period are listed below:

[Headline]: The Protocol: 'Private Jet Brandization' Is One Way Polkadot Burnt Cash
[Summary]: June proved to be an incredibly ugly month in crypto markets (see our blood-red chart below), but wasn't completely devoid of decent blockchain tech stories. One obsession of crypto twitterati during ...

[Headline]: Polkadot’s $245M Treasury Would Last 2 Years at Current Spending Rate
[Summary]: Polkadot spent $87 million worth of DOT on various activities in the first half of this year, with marketing and outreach activities accounting for the largest portion of spending, totaling over $36 m...

[Headline]: Polkadot and Cosmos Gain in a Rocky Week for Crypto: CoinDesk Indices Market Update
[Summary]: CoinDesk Indices (CDI) presents its bi-weekly market update, highlighting the performance of leaders and laggards in the benchmark CoinDesk 20 Index (CD20) and the broad CoinDesk Market Index (CMI).

...

[Headline]: Deloitte Taps Polkadot Ecosystem's Kilt Blockchain for Digital Shipping Logistics
[Summary]: BANGALORE, India — A division of professional services firm Deloitte, one of the “Big Four” accounting firms, will use the Polkadot-based Kilt blockchain to offer logistics and supply-chain services f...

[Headline]: Zodia Custody Looks to Drive Institutional Access to Polkadot Ecosystem
[Summary]: Cryptocurrency storage provider Zodia Custody, a subsidiary of Standard Chartered (STAN), is to provide institutional support for the Polkadot blockchain through a new partnership with one of the netw...



Based on all the information before 2024-10-18, let's first analyze the positive developments and potential concerns for DOT-USD. Come up with 2-4 most important factors respectively and keep them concise. Most factors should be inferred from cryptocurrencies related news. Then let's assume your prediction for next week (2024-10-18 to 2024-10-25) is down by more than 5%. Provide a summary analysis to support your prediction. The prediction result need to be inferred from your analysis at the end, and thus not appearing as a foundational factor of your analysis.","**[Positive Developments]:
1. **Institutional Support**: Zodia Custody, a subsidiary of Standard Chartered, announced plans to provide institutional support for the Polkadot blockchain. This move could increase institutional access and investment in Polkadot.
2. **Strategic Partnerships**: Deloitte's decision to use the Polkadot-based Kilt blockchain for digital shipping logistics highlights the real-world applications and growing adoption of Polkadot's technology.
3. **Market Performance**: Polkadot and Cosmos gained in a rocky week for crypto, indicating relative strength and resilience in the market.

**[Potential Concerns]:
1. **Treasury Spending**: Polkadot spent $87 million worth of DOT in the first half of the year, with a significant portion allocated to marketing and outreach. This high spending rate could impact the long-term sustainability of the project's treasury.
2. **Market Volatility**: The crypto market's overall volatility, as indicated by the rocky week for crypto, poses a risk to Polkadot's price stability.
3. **Cash Burn Rate**: Criticisms surrounding Polkadot's spending habits, such as the 'Private Jet Brandization' controversy, raise concerns about the efficient use of funds.

**[Prediction & Analysis]:
Polkadot's price has been volatile, with gains followed by declines over the past few weeks. Despite positive developments like institutional support and strategic partnerships, concerns about treasury spending and market volatility persist. The recent downtrend and the ongoing market uncertainty suggest a potential further decline. Additionally, the lack of new significant catalysts and the existing concerns about financial management may contribute to a bearish sentiment. Therefore, it is reasonable to predict that Polkadot (DOT) could see a decrease of more than 5% in the upcoming week."
"[Cryptocurrency Introduction]: Polkadot (DOT) is a cryptocurrency . Polkadot has a current supply of 1,583,211,692.52535652. The last known price of Polkadot is 3.96570897 USD and is down -0.58 over the last 24 hours. It is currently trading on 914 active market(s) with $144,897,163.73 traded over the last 24 hours. More information can be found at https://polkadot.com.. It has a market capilization of 6394891776.

From 2024-10-11 to 2024-10-18, DOT-USD's stock price increased from 4.17 to 4.31. News during this period are listed below:

[Headline]: The Protocol: 'Private Jet Brandization' Is One Way Polkadot Burnt Cash
[Summary]: June proved to be an incredibly ugly month in crypto markets (see our blood-red chart below), but wasn't completely devoid of decent blockchain tech stories. One obsession of crypto twitterati during ...

[Headline]: Polkadot’s $245M Treasury Would Last 2 Years at Current Spending Rate
[Summary]: Polkadot spent $87 million worth of DOT on various activities in the first half of this year, with marketing and outreach activities accounting for the largest portion of spending, totaling over $36 m...

[Headline]: Polkadot and Cosmos Gain in a Rocky Week for Crypto: CoinDesk Indices Market Update
[Summary]: CoinDesk Indices (CDI) presents its bi-weekly market update, highlighting the performance of leaders and laggards in the benchmark CoinDesk 20 Index (CD20) and the broad CoinDesk Market Index (CMI).

...

[Headline]: Deloitte Taps Polkadot Ecosystem's Kilt Blockchain for Digital Shipping Logistics
[Summary]: BANGALORE, India — A division of professional services firm Deloitte, one of the “Big Four” accounting firms, will use the Polkadot-based Kilt blockchain to offer logistics and supply-chain services f...

[Headline]: Zodia Custody Looks to Drive Institutional Access to Polkadot Ecosystem
[Summary]: Cryptocurrency storage provider Zodia Custody, a subsidiary of Standard Chartered (STAN), is to provide institutional support for the Polkadot blockchain through a new partnership with one of the netw...

From 2024-10-18 to 2024-10-25, DOT-USD's stock price decreased from 4.31 to 3.99. News during this period are listed below:

[Headline]: The Protocol: 'Private Jet Brandization' Is One Way Polkadot Burnt Cash
[Summary]: June proved to be an incredibly ugly month in crypto markets (see our blood-red chart below), but wasn't completely devoid of decent blockchain tech stories. One obsession of crypto twitterati during ...

[Headline]: Polkadot’s $245M Treasury Would Last 2 Years at Current Spending Rate
[Summary]: Polkadot spent $87 million worth of DOT on various activities in the first half of this year, with marketing and outreach activities accounting for the largest portion of spending, totaling over $36 m...

[Headline]: Polkadot and Cosmos Gain in a Rocky Week for Crypto: CoinDesk Indices Market Update
[Summary]: CoinDesk Indices (CDI) presents its bi-weekly market update, highlighting the performance of leaders and laggards in the benchmark CoinDesk 20 Index (CD20) and the broad CoinDesk Market Index (CMI).

...

[Headline]: Deloitte Taps Polkadot Ecosystem's Kilt Blockchain for Digital Shipping Logistics
[Summary]: BANGALORE, India — A division of professional services firm Deloitte, one of the “Big Four” accounting firms, will use the Polkadot-based Kilt blockchain to offer logistics and supply-chain services f...

[Headline]: Zodia Custody Looks to Drive Institutional Access to Polkadot Ecosystem
[Summary]: Cryptocurrency storage provider Zodia Custody, a subsidiary of Standard Chartered (STAN), is to provide institutional support for the Polkadot blockchain through a new partnership with one of the netw...



Based on all the information before 2024-10-25, let's first analyze the positive developments and potential concerns for DOT-USD. Come up with 2-4 most important factors respectively and keep them concise. Most factors should be inferred from cryptocurrencies related news. Then let's assume your prediction for next week (2024-10-25 to 2024-11-01) is down by 2-3%. Provide a summary analysis to support your prediction. The prediction result need to be inferred from your analysis at the end, and thus not appearing as a foundational factor of your analysis.","[Positive Developments]:
ERROR: Could not parse response from Mistral batch

[Potential Concerns]:
1. Market volatility

[Prediction & Analysis]:
ERROR: Could not parse response from Mistral batch"
"[Cryptocurrency Introduction]: Polkadot (DOT) is a cryptocurrency . Polkadot has a current supply of 1,583,211,692.52535652. The last known price of Polkadot is 3.96570897 USD and is down -0.58 over the last 24 hours. It is currently trading on 914 active market(s) with $144,897,163.73 traded over the last 24 hours. More information can be found at https://polkadot.com.. It has a market capilization of 6394891776.

From 2024-10-11 to 2024-10-18, DOT-USD's stock price increased from 4.17 to 4.31. News during this period are listed below:

[Headline]: The Protocol: 'Private Jet Brandization' Is One Way Polkadot Burnt Cash
[Summary]: June proved to be an incredibly ugly month in crypto markets (see our blood-red chart below), but wasn't completely devoid of decent blockchain tech stories. One obsession of crypto twitterati during ...

[Headline]: Polkadot’s $245M Treasury Would Last 2 Years at Current Spending Rate
[Summary]: Polkadot spent $87 million worth of DOT on various activities in the first half of this year, with marketing and outreach activities accounting for the largest portion of spending, totaling over $36 m...

[Headline]: Polkadot and Cosmos Gain in a Rocky Week for Crypto: CoinDesk Indices Market Update
[Summary]: CoinDesk Indices (CDI) presents its bi-weekly market update, highlighting the performance of leaders and laggards in the benchmark CoinDesk 20 Index (CD20) and the broad CoinDesk Market Index (CMI).

...

[Headline]: Deloitte Taps Polkadot Ecosystem's Kilt Blockchain for Digital Shipping Logistics
[Summary]: BANGALORE, India — A division of professional services firm Deloitte, one of the “Big Four” accounting firms, will use the Polkadot-based Kilt blockchain to offer logistics and supply-chain services f...

[Headline]: Zodia Custody Looks to Drive Institutional Access to Polkadot Ecosystem
[Summary]: Cryptocurrency storage provider Zodia Custody, a subsidiary of Standard Chartered (STAN), is to provide institutional support for the Polkadot blockchain through a new partnership with one of the netw...

From 2024-10-18 to 2024-10-25, DOT-USD's stock price decreased from 4.31 to 3.99. News during this period are listed below:

[Headline]: The Protocol: 'Private Jet Brandization' Is One Way Polkadot Burnt Cash
[Summary]: June proved to be an incredibly ugly month in crypto markets (see our blood-red chart below), but wasn't completely devoid of decent blockchain tech stories. One obsession of crypto twitterati during ...

[Headline]: Polkadot’s $245M Treasury Would Last 2 Years at Current Spending Rate
[Summary]: Polkadot spent $87 million worth of DOT on various activities in the first half of this year, with marketing and outreach activities accounting for the largest portion of spending, totaling over $36 m...

[Headline]: Polkadot and Cosmos Gain in a Rocky Week for Crypto: CoinDesk Indices Market Update
[Summary]: CoinDesk Indices (CDI) presents its bi-weekly market update, highlighting the performance of leaders and laggards in the benchmark CoinDesk 20 Index (CD20) and the broad CoinDesk Market Index (CMI).

...

[Headline]: Deloitte Taps Polkadot Ecosystem's Kilt Blockchain for Digital Shipping Logistics
[Summary]: BANGALORE, India — A division of professional services firm Deloitte, one of the “Big Four” accounting firms, will use the Polkadot-based Kilt blockchain to offer logistics and supply-chain services f...

[Headline]: Zodia Custody Looks to Drive Institutional Access to Polkadot Ecosystem
[Summary]: Cryptocurrency storage provider Zodia Custody, a subsidiary of Standard Chartered (STAN), is to provide institutional support for the Polkadot blockchain through a new partnership with one of the netw...

From 2024-10-25 to 2024-11-01, DOT-USD's stock price decreased from 3.99 to 3.91. News during this period are listed below:

[Headline]: The Protocol: 'Private Jet Brandization' Is One Way Polkadot Burnt Cash
[Summary]: June proved to be an incredibly ugly month in crypto markets (see our blood-red chart below), but wasn't completely devoid of decent blockchain tech stories. One obsession of crypto twitterati during ...

[Headline]: Polkadot’s $245M Treasury Would Last 2 Years at Current Spending Rate
[Summary]: Polkadot spent $87 million worth of DOT on various activities in the first half of this year, with marketing and outreach activities accounting for the largest portion of spending, totaling over $36 m...

[Headline]: Polkadot and Cosmos Gain in a Rocky Week for Crypto: CoinDesk Indices Market Update
[Summary]: CoinDesk Indices (CDI) presents its bi-weekly market update, highlighting the performance of leaders and laggards in the benchmark CoinDesk 20 Index (CD20) and the broad CoinDesk Market Index (CMI).

...

[Headline]: Deloitte Taps Polkadot Ecosystem's Kilt Blockchain for Digital Shipping Logistics
[Summary]: BANGALORE, India — A division of professional services firm Deloitte, one of the “Big Four” accounting firms, will use the Polkadot-based Kilt blockchain to offer logistics and supply-chain services f...

[Headline]: Zodia Custody Looks to Drive Institutional Access to Polkadot Ecosystem
[Summary]: Cryptocurrency storage provider Zodia Custody, a subsidiary of Standard Chartered (STAN), is to provide institutional support for the Polkadot blockchain through a new partnership with one of the netw...



Based on all the information before 2024-11-01, let's first analyze the positive developments and potential concerns for DOT-USD. Come up with 2-4 most important factors respectively and keep them concise. Most factors should be inferred from cryptocurrencies related news. Then let's assume your prediction for next week (2024-11-01 to 2024-11-08) is up by more than 5%. Provide a summary analysis to support your prediction. The prediction result need to be inferred from your analysis at the end, and thus not appearing as a foundational factor of your analysis.","[Positive Developments]:
ERROR: Could not parse response from Mistral batch

[Potential Concerns]:
1. Market volatility

[Prediction & Analysis]:
ERROR: Could not parse response from Mistral batch"
"[Cryptocurrency Introduction]: Polkadot (DOT) is a cryptocurrency . Polkadot has a current supply of 1,583,211,692.52535652. The last known price of Polkadot is 3.96570897 USD and is down -0.58 over the last 24 hours. It is currently trading on 914 active market(s) with $144,897,163.73 traded over the last 24 hours. More information can be found at https://polkadot.com.. It has a market capilization of 6394891776.

From 2024-10-18 to 2024-10-25, DOT-USD's stock price decreased from 4.31 to 3.99. News during this period are listed below:

[Headline]: The Protocol: 'Private Jet Brandization' Is One Way Polkadot Burnt Cash
[Summary]: June proved to be an incredibly ugly month in crypto markets (see our blood-red chart below), but wasn't completely devoid of decent blockchain tech stories. One obsession of crypto twitterati during ...

[Headline]: Polkadot’s $245M Treasury Would Last 2 Years at Current Spending Rate
[Summary]: Polkadot spent $87 million worth of DOT on various activities in the first half of this year, with marketing and outreach activities accounting for the largest portion of spending, totaling over $36 m...

[Headline]: Polkadot and Cosmos Gain in a Rocky Week for Crypto: CoinDesk Indices Market Update
[Summary]: CoinDesk Indices (CDI) presents its bi-weekly market update, highlighting the performance of leaders and laggards in the benchmark CoinDesk 20 Index (CD20) and the broad CoinDesk Market Index (CMI).

...

[Headline]: Deloitte Taps Polkadot Ecosystem's Kilt Blockchain for Digital Shipping Logistics
[Summary]: BANGALORE, India — A division of professional services firm Deloitte, one of the “Big Four” accounting firms, will use the Polkadot-based Kilt blockchain to offer logistics and supply-chain services f...

[Headline]: Zodia Custody Looks to Drive Institutional Access to Polkadot Ecosystem
[Summary]: Cryptocurrency storage provider Zodia Custody, a subsidiary of Standard Chartered (STAN), is to provide institutional support for the Polkadot blockchain through a new partnership with one of the netw...

From 2024-10-25 to 2024-11-01, DOT-USD's stock price decreased from 3.99 to 3.91. News during this period are listed below:

[Headline]: The Protocol: 'Private Jet Brandization' Is One Way Polkadot Burnt Cash
[Summary]: June proved to be an incredibly ugly month in crypto markets (see our blood-red chart below), but wasn't completely devoid of decent blockchain tech stories. One obsession of crypto twitterati during ...

[Headline]: Polkadot’s $245M Treasury Would Last 2 Years at Current Spending Rate
[Summary]: Polkadot spent $87 million worth of DOT on various activities in the first half of this year, with marketing and outreach activities accounting for the largest portion of spending, totaling over $36 m...

[Headline]: Polkadot and Cosmos Gain in a Rocky Week for Crypto: CoinDesk Indices Market Update
[Summary]: CoinDesk Indices (CDI) presents its bi-weekly market update, highlighting the performance of leaders and laggards in the benchmark CoinDesk 20 Index (CD20) and the broad CoinDesk Market Index (CMI).

...

[Headline]: Deloitte Taps Polkadot Ecosystem's Kilt Blockchain for Digital Shipping Logistics
[Summary]: BANGALORE, India — A division of professional services firm Deloitte, one of the “Big Four” accounting firms, will use the Polkadot-based Kilt blockchain to offer logistics and supply-chain services f...

[Headline]: Zodia Custody Looks to Drive Institutional Access to Polkadot Ecosystem
[Summary]: Cryptocurrency storage provider Zodia Custody, a subsidiary of Standard Chartered (STAN), is to provide institutional support for the Polkadot blockchain through a new partnership with one of the netw...

From 2024-11-01 to 2024-11-08, DOT-USD's stock price increased from 3.91 to 4.33. News during this period are listed below:

[Headline]: The Protocol: 'Private Jet Brandization' Is One Way Polkadot Burnt Cash
[Summary]: June proved to be an incredibly ugly month in crypto markets (see our blood-red chart below), but wasn't completely devoid of decent blockchain tech stories. One obsession of crypto twitterati during ...

[Headline]: Polkadot’s $245M Treasury Would Last 2 Years at Current Spending Rate
[Summary]: Polkadot spent $87 million worth of DOT on various activities in the first half of this year, with marketing and outreach activities accounting for the largest portion of spending, totaling over $36 m...

[Headline]: Polkadot and Cosmos Gain in a Rocky Week for Crypto: CoinDesk Indices Market Update
[Summary]: CoinDesk Indices (CDI) presents its bi-weekly market update, highlighting the performance of leaders and laggards in the benchmark CoinDesk 20 Index (CD20) and the broad CoinDesk Market Index (CMI).

...

[Headline]: Deloitte Taps Polkadot Ecosystem's Kilt Blockchain for Digital Shipping Logistics
[Summary]: BANGALORE, India — A division of professional services firm Deloitte, one of the “Big Four” accounting firms, will use the Polkadot-based Kilt blockchain to offer logistics and supply-chain services f...

[Headline]: Zodia Custody Looks to Drive Institutional Access to Polkadot Ecosystem
[Summary]: Cryptocurrency storage provider Zodia Custody, a subsidiary of Standard Chartered (STAN), is to provide institutional support for the Polkadot blockchain through a new partnership with one of the netw...



Based on all the information before 2024-11-08, let's first analyze the positive developments and potential concerns for DOT-USD. Come up with 2-4 most important factors respectively and keep them concise. Most factors should be inferred from cryptocurrencies related news. Then let's assume your prediction for next week (2024-11-08 to 2024-11-15) is up by more than 5%. Provide a summary analysis to support your prediction. The prediction result need to be inferred from your analysis at the end, and thus not appearing as a foundational factor of your analysis.","[Positive Developments]:
ERROR: Could not parse response from Mistral batch

[Potential Concerns]:
1. Market volatility

[Prediction & Analysis]:
ERROR: Could not parse response from Mistral batch"
"[Cryptocurrency Introduction]: Polkadot (DOT) is a cryptocurrency . Polkadot has a current supply of 1,583,211,692.52535652. The last known price of Polkadot is 3.96570897 USD and is down -0.58 over the last 24 hours. It is currently trading on 914 active market(s) with $144,897,163.73 traded over the last 24 hours. More information can be found at https://polkadot.com.. It has a market capilization of 6394891776.

From 2024-10-25 to 2024-11-01, DOT-USD's stock price decreased from 3.99 to 3.91. News during this period are listed below:

[Headline]: The Protocol: 'Private Jet Brandization' Is One Way Polkadot Burnt Cash
[Summary]: June proved to be an incredibly ugly month in crypto markets (see our blood-red chart below), but wasn't completely devoid of decent blockchain tech stories. One obsession of crypto twitterati during ...

[Headline]: Polkadot’s $245M Treasury Would Last 2 Years at Current Spending Rate
[Summary]: Polkadot spent $87 million worth of DOT on various activities in the first half of this year, with marketing and outreach activities accounting for the largest portion of spending, totaling over $36 m...

[Headline]: Polkadot and Cosmos Gain in a Rocky Week for Crypto: CoinDesk Indices Market Update
[Summary]: CoinDesk Indices (CDI) presents its bi-weekly market update, highlighting the performance of leaders and laggards in the benchmark CoinDesk 20 Index (CD20) and the broad CoinDesk Market Index (CMI).

...

[Headline]: Deloitte Taps Polkadot Ecosystem's Kilt Blockchain for Digital Shipping Logistics
[Summary]: BANGALORE, India — A division of professional services firm Deloitte, one of the “Big Four” accounting firms, will use the Polkadot-based Kilt blockchain to offer logistics and supply-chain services f...

[Headline]: Zodia Custody Looks to Drive Institutional Access to Polkadot Ecosystem
[Summary]: Cryptocurrency storage provider Zodia Custody, a subsidiary of Standard Chartered (STAN), is to provide institutional support for the Polkadot blockchain through a new partnership with one of the netw...

From 2024-11-01 to 2024-11-08, DOT-USD's stock price increased from 3.91 to 4.33. News during this period are listed below:

[Headline]: The Protocol: 'Private Jet Brandization' Is One Way Polkadot Burnt Cash
[Summary]: June proved to be an incredibly ugly month in crypto markets (see our blood-red chart below), but wasn't completely devoid of decent blockchain tech stories. One obsession of crypto twitterati during ...

[Headline]: Polkadot’s $245M Treasury Would Last 2 Years at Current Spending Rate
[Summary]: Polkadot spent $87 million worth of DOT on various activities in the first half of this year, with marketing and outreach activities accounting for the largest portion of spending, totaling over $36 m...

[Headline]: Polkadot and Cosmos Gain in a Rocky Week for Crypto: CoinDesk Indices Market Update
[Summary]: CoinDesk Indices (CDI) presents its bi-weekly market update, highlighting the performance of leaders and laggards in the benchmark CoinDesk 20 Index (CD20) and the broad CoinDesk Market Index (CMI).

...

[Headline]: Deloitte Taps Polkadot Ecosystem's Kilt Blockchain for Digital Shipping Logistics
[Summary]: BANGALORE, India — A division of professional services firm Deloitte, one of the “Big Four” accounting firms, will use the Polkadot-based Kilt blockchain to offer logistics and supply-chain services f...

[Headline]: Zodia Custody Looks to Drive Institutional Access to Polkadot Ecosystem
[Summary]: Cryptocurrency storage provider Zodia Custody, a subsidiary of Standard Chartered (STAN), is to provide institutional support for the Polkadot blockchain through a new partnership with one of the netw...

From 2024-11-08 to 2024-11-15, DOT-USD's stock price increased from 4.33 to 5.14. News during this period are listed below:

[Headline]: The Protocol: 'Private Jet Brandization' Is One Way Polkadot Burnt Cash
[Summary]: June proved to be an incredibly ugly month in crypto markets (see our blood-red chart below), but wasn't completely devoid of decent blockchain tech stories. One obsession of crypto twitterati during ...

[Headline]: Polkadot’s $245M Treasury Would Last 2 Years at Current Spending Rate
[Summary]: Polkadot spent $87 million worth of DOT on various activities in the first half of this year, with marketing and outreach activities accounting for the largest portion of spending, totaling over $36 m...

[Headline]: Polkadot and Cosmos Gain in a Rocky Week for Crypto: CoinDesk Indices Market Update
[Summary]: CoinDesk Indices (CDI) presents its bi-weekly market update, highlighting the performance of leaders and laggards in the benchmark CoinDesk 20 Index (CD20) and the broad CoinDesk Market Index (CMI).

...

[Headline]: Deloitte Taps Polkadot Ecosystem's Kilt Blockchain for Digital Shipping Logistics
[Summary]: BANGALORE, India — A division of professional services firm Deloitte, one of the “Big Four” accounting firms, will use the Polkadot-based Kilt blockchain to offer logistics and supply-chain services f...

[Headline]: Zodia Custody Looks to Drive Institutional Access to Polkadot Ecosystem
[Summary]: Cryptocurrency storage provider Zodia Custody, a subsidiary of Standard Chartered (STAN), is to provide institutional support for the Polkadot blockchain through a new partnership with one of the netw...



Based on all the information before 2024-11-15, let's first analyze the positive developments and potential concerns for DOT-USD. Come up with 2-4 most important factors respectively and keep them concise. Most factors should be inferred from cryptocurrencies related news. Then let's assume your prediction for next week (2024-11-15 to 2024-11-22) is up by more than 5%. Provide a summary analysis to support your prediction. The prediction result need to be inferred from your analysis at the end, and thus not appearing as a foundational factor of your analysis.","[Positive Developments]:
ERROR: Could not parse response from Mistral batch

[Potential Concerns]:
1. Market volatility

[Prediction & Analysis]:
ERROR: Could not parse response from Mistral batch"
"[Cryptocurrency Introduction]: Polkadot (DOT) is a cryptocurrency . Polkadot has a current supply of 1,583,211,692.52535652. The last known price of Polkadot is 3.96570897 USD and is down -0.58 over the last 24 hours. It is currently trading on 914 active market(s) with $144,897,163.73 traded over the last 24 hours. More information can be found at https://polkadot.com.. It has a market capilization of 6394891776.

From 2024-11-15 to 2024-11-22, DOT-USD's stock price increased from 5.14 to 6.66. News during this period are listed below:

[Headline]: The Protocol: 'Private Jet Brandization' Is One Way Polkadot Burnt Cash
[Summary]: June proved to be an incredibly ugly month in crypto markets (see our blood-red chart below), but wasn't completely devoid of decent blockchain tech stories. One obsession of crypto twitterati during ...

[Headline]: Polkadot’s $245M Treasury Would Last 2 Years at Current Spending Rate
[Summary]: Polkadot spent $87 million worth of DOT on various activities in the first half of this year, with marketing and outreach activities accounting for the largest portion of spending, totaling over $36 m...

[Headline]: Polkadot and Cosmos Gain in a Rocky Week for Crypto: CoinDesk Indices Market Update
[Summary]: CoinDesk Indices (CDI) presents its bi-weekly market update, highlighting the performance of leaders and laggards in the benchmark CoinDesk 20 Index (CD20) and the broad CoinDesk Market Index (CMI).

...

[Headline]: Deloitte Taps Polkadot Ecosystem's Kilt Blockchain for Digital Shipping Logistics
[Summary]: BANGALORE, India — A division of professional services firm Deloitte, one of the “Big Four” accounting firms, will use the Polkadot-based Kilt blockchain to offer logistics and supply-chain services f...

[Headline]: Zodia Custody Looks to Drive Institutional Access to Polkadot Ecosystem
[Summary]: Cryptocurrency storage provider Zodia Custody, a subsidiary of Standard Chartered (STAN), is to provide institutional support for the Polkadot blockchain through a new partnership with one of the netw...



Based on all the information before 2024-11-22, let's first analyze the positive developments and potential concerns for DOT-USD. Come up with 2-4 most important factors respectively and keep them concise. Most factors should be inferred from cryptocurrencies related news. Then let's assume your prediction for next week (2024-11-22 to 2024-11-29) is up by more than 5%. Provide a summary analysis to support your prediction. The prediction result need to be inferred from your analysis at the end, and thus not appearing as a foundational factor of your analysis.","**[Positive Developments]:
1. **Institutional Support**: Zodia Custody, a subsidiary of Standard Chartered, announced a partnership to provide institutional support for the Polkadot blockchain. This development can drive more institutional investors to Polkadot, increasing its market cap and price. (Source: ""Zodia Custody Looks to Drive Institutional Access to Polkadot Ecosystem"")
2. **Real-world Use Cases**: Deloitte's use of Polkadot-based Kilt blockchain for logistics and supply-chain services, indicating real-world adoption and utility of the Polkadot ecosystem. (Source: ""Deloitte Taps Polkadot Ecosystem's Kilt Blockchain for Digital Shipping Logistics"")

**[Potential Concerns]:
1. **High Spending Rate**: Polkadot's treasury spent $87 million worth of DOT in the first half of the year, with marketing and outreach activities accounting for the largest portion. This high spending rate could lead to a faster depletion of the treasury, which might affect the project's longevity. (Source: ""Polkadot’s $245M Treasury Would Last 2 Years at Current Spending Rate"")

**[Prediction & Analysis]:
Polkadot's price increased from $5.14 to $6.66 (a 29.5% increase) during the week of 2024-11-15 to 2024-11-22. The positive developments, particularly the institutional support from Zodia Custody and real-world use cases from Deloitte, indicate growing adoption and trust in the Polkadot ecosystem. These factors suggest that Polkadot is gaining traction among both institutional and enterprise users. Despite the high spending rate from the treasury, the positive developments and the upward price momentum indicate that Polkadot could continue to see price increases in the upcoming week. Therefore, a price increase of more than 5% is plausible for the week of 2024-11-22 to 2024-11-29."
"[Cryptocurrency Introduction]: Polkadot (DOT) is a cryptocurrency . Polkadot has a current supply of 1,583,211,692.52535652. The last known price of Polkadot is 3.96570897 USD and is down -0.58 over the last 24 hours. It is currently trading on 914 active market(s) with $144,897,163.73 traded over the last 24 hours. More information can be found at https://polkadot.com.. It has a market capilization of 6394891776.

From 2024-11-22 to 2024-11-29, DOT-USD's stock price increased from 6.66 to 9.04. News during this period are listed below:

[Headline]: The Protocol: 'Private Jet Brandization' Is One Way Polkadot Burnt Cash
[Summary]: June proved to be an incredibly ugly month in crypto markets (see our blood-red chart below), but wasn't completely devoid of decent blockchain tech stories. One obsession of crypto twitterati during ...

[Headline]: Polkadot’s $245M Treasury Would Last 2 Years at Current Spending Rate
[Summary]: Polkadot spent $87 million worth of DOT on various activities in the first half of this year, with marketing and outreach activities accounting for the largest portion of spending, totaling over $36 m...

[Headline]: Polkadot and Cosmos Gain in a Rocky Week for Crypto: CoinDesk Indices Market Update
[Summary]: CoinDesk Indices (CDI) presents its bi-weekly market update, highlighting the performance of leaders and laggards in the benchmark CoinDesk 20 Index (CD20) and the broad CoinDesk Market Index (CMI).

...

[Headline]: Deloitte Taps Polkadot Ecosystem's Kilt Blockchain for Digital Shipping Logistics
[Summary]: BANGALORE, India — A division of professional services firm Deloitte, one of the “Big Four” accounting firms, will use the Polkadot-based Kilt blockchain to offer logistics and supply-chain services f...

[Headline]: Zodia Custody Looks to Drive Institutional Access to Polkadot Ecosystem
[Summary]: Cryptocurrency storage provider Zodia Custody, a subsidiary of Standard Chartered (STAN), is to provide institutional support for the Polkadot blockchain through a new partnership with one of the netw...



Based on all the information before 2024-11-29, let's first analyze the positive developments and potential concerns for DOT-USD. Come up with 2-4 most important factors respectively and keep them concise. Most factors should be inferred from cryptocurrencies related news. Then let's assume your prediction for next week (2024-11-29 to 2024-12-06) is up by more than 5%. Provide a summary analysis to support your prediction. The prediction result need to be inferred from your analysis at the end, and thus not appearing as a foundational factor of your analysis.","[Positive Developments]:
ERROR: Could not parse response from Mistral batch

[Potential Concerns]:
1. Market volatility

[Prediction & Analysis]:
ERROR: Could not parse response from Mistral batch"
"[Cryptocurrency Introduction]: Polkadot (DOT) is a cryptocurrency . Polkadot has a current supply of 1,583,211,692.52535652. The last known price of Polkadot is 3.96570897 USD and is down -0.58 over the last 24 hours. It is currently trading on 914 active market(s) with $144,897,163.73 traded over the last 24 hours. More information can be found at https://polkadot.com.. It has a market capilization of 6394891776.

From 2024-11-22 to 2024-11-29, DOT-USD's stock price increased from 6.66 to 9.04. News during this period are listed below:

[Headline]: The Protocol: 'Private Jet Brandization' Is One Way Polkadot Burnt Cash
[Summary]: June proved to be an incredibly ugly month in crypto markets (see our blood-red chart below), but wasn't completely devoid of decent blockchain tech stories. One obsession of crypto twitterati during ...

[Headline]: Polkadot’s $245M Treasury Would Last 2 Years at Current Spending Rate
[Summary]: Polkadot spent $87 million worth of DOT on various activities in the first half of this year, with marketing and outreach activities accounting for the largest portion of spending, totaling over $36 m...

[Headline]: Polkadot and Cosmos Gain in a Rocky Week for Crypto: CoinDesk Indices Market Update
[Summary]: CoinDesk Indices (CDI) presents its bi-weekly market update, highlighting the performance of leaders and laggards in the benchmark CoinDesk 20 Index (CD20) and the broad CoinDesk Market Index (CMI).

...

[Headline]: Deloitte Taps Polkadot Ecosystem's Kilt Blockchain for Digital Shipping Logistics
[Summary]: BANGALORE, India — A division of professional services firm Deloitte, one of the “Big Four” accounting firms, will use the Polkadot-based Kilt blockchain to offer logistics and supply-chain services f...

[Headline]: Zodia Custody Looks to Drive Institutional Access to Polkadot Ecosystem
[Summary]: Cryptocurrency storage provider Zodia Custody, a subsidiary of Standard Chartered (STAN), is to provide institutional support for the Polkadot blockchain through a new partnership with one of the netw...

From 2024-11-29 to 2024-12-06, DOT-USD's stock price increased from 9.04 to 10.71. News during this period are listed below:

[Headline]: The Protocol: 'Private Jet Brandization' Is One Way Polkadot Burnt Cash
[Summary]: June proved to be an incredibly ugly month in crypto markets (see our blood-red chart below), but wasn't completely devoid of decent blockchain tech stories. One obsession of crypto twitterati during ...

[Headline]: Polkadot’s $245M Treasury Would Last 2 Years at Current Spending Rate
[Summary]: Polkadot spent $87 million worth of DOT on various activities in the first half of this year, with marketing and outreach activities accounting for the largest portion of spending, totaling over $36 m...

[Headline]: Polkadot and Cosmos Gain in a Rocky Week for Crypto: CoinDesk Indices Market Update
[Summary]: CoinDesk Indices (CDI) presents its bi-weekly market update, highlighting the performance of leaders and laggards in the benchmark CoinDesk 20 Index (CD20) and the broad CoinDesk Market Index (CMI).

...

[Headline]: Deloitte Taps Polkadot Ecosystem's Kilt Blockchain for Digital Shipping Logistics
[Summary]: BANGALORE, India — A division of professional services firm Deloitte, one of the “Big Four” accounting firms, will use the Polkadot-based Kilt blockchain to offer logistics and supply-chain services f...

[Headline]: Zodia Custody Looks to Drive Institutional Access to Polkadot Ecosystem
[Summary]: Cryptocurrency storage provider Zodia Custody, a subsidiary of Standard Chartered (STAN), is to provide institutional support for the Polkadot blockchain through a new partnership with one of the netw...



Based on all the information before 2024-12-06, let's first analyze the positive developments and potential concerns for DOT-USD. Come up with 2-4 most important factors respectively and keep them concise. Most factors should be inferred from cryptocurrencies related news. Then let's assume your prediction for next week (2024-12-06 to 2024-12-13) is down by more than 5%. Provide a summary analysis to support your prediction. The prediction result need to be inferred from your analysis at the end, and thus not appearing as a foundational factor of your analysis.","[Positive Developments]:
ERROR: Could not parse response from Mistral batch

[Potential Concerns]:
1. Market volatility

[Prediction & Analysis]:
ERROR: Could not parse response from Mistral batch"
"[Cryptocurrency Introduction]: Polkadot (DOT) is a cryptocurrency . Polkadot has a current supply of 1,583,211,692.52535652. The last known price of Polkadot is 3.96570897 USD and is down -0.58 over the last 24 hours. It is currently trading on 914 active market(s) with $144,897,163.73 traded over the last 24 hours. More information can be found at https://polkadot.com.. It has a market capilization of 6394891776.

From 2024-11-22 to 2024-11-29, DOT-USD's stock price increased from 6.66 to 9.04. News during this period are listed below:

[Headline]: The Protocol: 'Private Jet Brandization' Is One Way Polkadot Burnt Cash
[Summary]: June proved to be an incredibly ugly month in crypto markets (see our blood-red chart below), but wasn't completely devoid of decent blockchain tech stories. One obsession of crypto twitterati during ...

[Headline]: Polkadot’s $245M Treasury Would Last 2 Years at Current Spending Rate
[Summary]: Polkadot spent $87 million worth of DOT on various activities in the first half of this year, with marketing and outreach activities accounting for the largest portion of spending, totaling over $36 m...

[Headline]: Polkadot and Cosmos Gain in a Rocky Week for Crypto: CoinDesk Indices Market Update
[Summary]: CoinDesk Indices (CDI) presents its bi-weekly market update, highlighting the performance of leaders and laggards in the benchmark CoinDesk 20 Index (CD20) and the broad CoinDesk Market Index (CMI).

...

[Headline]: Deloitte Taps Polkadot Ecosystem's Kilt Blockchain for Digital Shipping Logistics
[Summary]: BANGALORE, India — A division of professional services firm Deloitte, one of the “Big Four” accounting firms, will use the Polkadot-based Kilt blockchain to offer logistics and supply-chain services f...

[Headline]: Zodia Custody Looks to Drive Institutional Access to Polkadot Ecosystem
[Summary]: Cryptocurrency storage provider Zodia Custody, a subsidiary of Standard Chartered (STAN), is to provide institutional support for the Polkadot blockchain through a new partnership with one of the netw...

From 2024-11-29 to 2024-12-06, DOT-USD's stock price increased from 9.04 to 10.71. News during this period are listed below:

[Headline]: The Protocol: 'Private Jet Brandization' Is One Way Polkadot Burnt Cash
[Summary]: June proved to be an incredibly ugly month in crypto markets (see our blood-red chart below), but wasn't completely devoid of decent blockchain tech stories. One obsession of crypto twitterati during ...

[Headline]: Polkadot’s $245M Treasury Would Last 2 Years at Current Spending Rate
[Summary]: Polkadot spent $87 million worth of DOT on various activities in the first half of this year, with marketing and outreach activities accounting for the largest portion of spending, totaling over $36 m...

[Headline]: Polkadot and Cosmos Gain in a Rocky Week for Crypto: CoinDesk Indices Market Update
[Summary]: CoinDesk Indices (CDI) presents its bi-weekly market update, highlighting the performance of leaders and laggards in the benchmark CoinDesk 20 Index (CD20) and the broad CoinDesk Market Index (CMI).

...

[Headline]: Deloitte Taps Polkadot Ecosystem's Kilt Blockchain for Digital Shipping Logistics
[Summary]: BANGALORE, India — A division of professional services firm Deloitte, one of the “Big Four” accounting firms, will use the Polkadot-based Kilt blockchain to offer logistics and supply-chain services f...

[Headline]: Zodia Custody Looks to Drive Institutional Access to Polkadot Ecosystem
[Summary]: Cryptocurrency storage provider Zodia Custody, a subsidiary of Standard Chartered (STAN), is to provide institutional support for the Polkadot blockchain through a new partnership with one of the netw...

From 2024-12-06 to 2024-12-13, DOT-USD's stock price decreased from 10.71 to 9.09. News during this period are listed below:

[Headline]: The Protocol: 'Private Jet Brandization' Is One Way Polkadot Burnt Cash
[Summary]: June proved to be an incredibly ugly month in crypto markets (see our blood-red chart below), but wasn't completely devoid of decent blockchain tech stories. One obsession of crypto twitterati during ...

[Headline]: Polkadot’s $245M Treasury Would Last 2 Years at Current Spending Rate
[Summary]: Polkadot spent $87 million worth of DOT on various activities in the first half of this year, with marketing and outreach activities accounting for the largest portion of spending, totaling over $36 m...

[Headline]: Polkadot and Cosmos Gain in a Rocky Week for Crypto: CoinDesk Indices Market Update
[Summary]: CoinDesk Indices (CDI) presents its bi-weekly market update, highlighting the performance of leaders and laggards in the benchmark CoinDesk 20 Index (CD20) and the broad CoinDesk Market Index (CMI).

...

[Headline]: Deloitte Taps Polkadot Ecosystem's Kilt Blockchain for Digital Shipping Logistics
[Summary]: BANGALORE, India — A division of professional services firm Deloitte, one of the “Big Four” accounting firms, will use the Polkadot-based Kilt blockchain to offer logistics and supply-chain services f...

[Headline]: Zodia Custody Looks to Drive Institutional Access to Polkadot Ecosystem
[Summary]: Cryptocurrency storage provider Zodia Custody, a subsidiary of Standard Chartered (STAN), is to provide institutional support for the Polkadot blockchain through a new partnership with one of the netw...



Based on all the information before 2024-12-13, let's first analyze the positive developments and potential concerns for DOT-USD. Come up with 2-4 most important factors respectively and keep them concise. Most factors should be inferred from cryptocurrencies related news. Then let's assume your prediction for next week (2024-12-13 to 2024-12-20) is down by more than 5%. Provide a summary analysis to support your prediction. The prediction result need to be inferred from your analysis at the end, and thus not appearing as a foundational factor of your analysis.","[Positive Developments]:
ERROR: Could not parse response from Mistral batch

[Potential Concerns]:
1. Market volatility

[Prediction & Analysis]:
ERROR: Could not parse response from Mistral batch"
"[Cryptocurrency Introduction]: Polkadot (DOT) is a cryptocurrency . Polkadot has a current supply of 1,583,211,692.52535652. The last known price of Polkadot is 3.96570897 USD and is down -0.58 over the last 24 hours. It is currently trading on 914 active market(s) with $144,897,163.73 traded over the last 24 hours. More information can be found at https://polkadot.com.. It has a market capilization of 6394891776.

From 2024-11-29 to 2024-12-06, DOT-USD's stock price increased from 9.04 to 10.71. News during this period are listed below:

[Headline]: The Protocol: 'Private Jet Brandization' Is One Way Polkadot Burnt Cash
[Summary]: June proved to be an incredibly ugly month in crypto markets (see our blood-red chart below), but wasn't completely devoid of decent blockchain tech stories. One obsession of crypto twitterati during ...

[Headline]: Polkadot’s $245M Treasury Would Last 2 Years at Current Spending Rate
[Summary]: Polkadot spent $87 million worth of DOT on various activities in the first half of this year, with marketing and outreach activities accounting for the largest portion of spending, totaling over $36 m...

[Headline]: Polkadot and Cosmos Gain in a Rocky Week for Crypto: CoinDesk Indices Market Update
[Summary]: CoinDesk Indices (CDI) presents its bi-weekly market update, highlighting the performance of leaders and laggards in the benchmark CoinDesk 20 Index (CD20) and the broad CoinDesk Market Index (CMI).

...

[Headline]: Deloitte Taps Polkadot Ecosystem's Kilt Blockchain for Digital Shipping Logistics
[Summary]: BANGALORE, India — A division of professional services firm Deloitte, one of the “Big Four” accounting firms, will use the Polkadot-based Kilt blockchain to offer logistics and supply-chain services f...

[Headline]: Zodia Custody Looks to Drive Institutional Access to Polkadot Ecosystem
[Summary]: Cryptocurrency storage provider Zodia Custody, a subsidiary of Standard Chartered (STAN), is to provide institutional support for the Polkadot blockchain through a new partnership with one of the netw...

From 2024-12-06 to 2024-12-13, DOT-USD's stock price decreased from 10.71 to 9.09. News during this period are listed below:

[Headline]: The Protocol: 'Private Jet Brandization' Is One Way Polkadot Burnt Cash
[Summary]: June proved to be an incredibly ugly month in crypto markets (see our blood-red chart below), but wasn't completely devoid of decent blockchain tech stories. One obsession of crypto twitterati during ...

[Headline]: Polkadot’s $245M Treasury Would Last 2 Years at Current Spending Rate
[Summary]: Polkadot spent $87 million worth of DOT on various activities in the first half of this year, with marketing and outreach activities accounting for the largest portion of spending, totaling over $36 m...

[Headline]: Polkadot and Cosmos Gain in a Rocky Week for Crypto: CoinDesk Indices Market Update
[Summary]: CoinDesk Indices (CDI) presents its bi-weekly market update, highlighting the performance of leaders and laggards in the benchmark CoinDesk 20 Index (CD20) and the broad CoinDesk Market Index (CMI).

...

[Headline]: Deloitte Taps Polkadot Ecosystem's Kilt Blockchain for Digital Shipping Logistics
[Summary]: BANGALORE, India — A division of professional services firm Deloitte, one of the “Big Four” accounting firms, will use the Polkadot-based Kilt blockchain to offer logistics and supply-chain services f...

[Headline]: Zodia Custody Looks to Drive Institutional Access to Polkadot Ecosystem
[Summary]: Cryptocurrency storage provider Zodia Custody, a subsidiary of Standard Chartered (STAN), is to provide institutional support for the Polkadot blockchain through a new partnership with one of the netw...

From 2024-12-13 to 2024-12-20, DOT-USD's stock price decreased from 9.09 to 7.29. News during this period are listed below:

[Headline]: The Protocol: 'Private Jet Brandization' Is One Way Polkadot Burnt Cash
[Summary]: June proved to be an incredibly ugly month in crypto markets (see our blood-red chart below), but wasn't completely devoid of decent blockchain tech stories. One obsession of crypto twitterati during ...

[Headline]: Polkadot’s $245M Treasury Would Last 2 Years at Current Spending Rate
[Summary]: Polkadot spent $87 million worth of DOT on various activities in the first half of this year, with marketing and outreach activities accounting for the largest portion of spending, totaling over $36 m...

[Headline]: Polkadot and Cosmos Gain in a Rocky Week for Crypto: CoinDesk Indices Market Update
[Summary]: CoinDesk Indices (CDI) presents its bi-weekly market update, highlighting the performance of leaders and laggards in the benchmark CoinDesk 20 Index (CD20) and the broad CoinDesk Market Index (CMI).

...

[Headline]: Deloitte Taps Polkadot Ecosystem's Kilt Blockchain for Digital Shipping Logistics
[Summary]: BANGALORE, India — A division of professional services firm Deloitte, one of the “Big Four” accounting firms, will use the Polkadot-based Kilt blockchain to offer logistics and supply-chain services f...

[Headline]: Zodia Custody Looks to Drive Institutional Access to Polkadot Ecosystem
[Summary]: Cryptocurrency storage provider Zodia Custody, a subsidiary of Standard Chartered (STAN), is to provide institutional support for the Polkadot blockchain through a new partnership with one of the netw...



Based on all the information before 2024-12-20, let's first analyze the positive developments and potential concerns for DOT-USD. Come up with 2-4 most important factors respectively and keep them concise. Most factors should be inferred from cryptocurrencies related news. Then let's assume your prediction for next week (2024-12-20 to 2024-12-27) is down by more than 5%. Provide a summary analysis to support your prediction. The prediction result need to be inferred from your analysis at the end, and thus not appearing as a foundational factor of your analysis.","[Positive Developments]:
ERROR: Could not parse response from Mistral batch

[Potential Concerns]:
1. Market volatility

[Prediction & Analysis]:
ERROR: Could not parse response from Mistral batch"
"[Cryptocurrency Introduction]: Polkadot (DOT) is a cryptocurrency . Polkadot has a current supply of 1,583,211,692.52535652. The last known price of Polkadot is 3.96570897 USD and is down -0.58 over the last 24 hours. It is currently trading on 914 active market(s) with $144,897,163.73 traded over the last 24 hours. More information can be found at https://polkadot.com.. It has a market capilization of 6394891776.

From 2024-12-13 to 2024-12-20, DOT-USD's stock price decreased from 9.09 to 7.29. News during this period are listed below:

[Headline]: The Protocol: 'Private Jet Brandization' Is One Way Polkadot Burnt Cash
[Summary]: June proved to be an incredibly ugly month in crypto markets (see our blood-red chart below), but wasn't completely devoid of decent blockchain tech stories. One obsession of crypto twitterati during ...

[Headline]: Polkadot’s $245M Treasury Would Last 2 Years at Current Spending Rate
[Summary]: Polkadot spent $87 million worth of DOT on various activities in the first half of this year, with marketing and outreach activities accounting for the largest portion of spending, totaling over $36 m...

[Headline]: Polkadot and Cosmos Gain in a Rocky Week for Crypto: CoinDesk Indices Market Update
[Summary]: CoinDesk Indices (CDI) presents its bi-weekly market update, highlighting the performance of leaders and laggards in the benchmark CoinDesk 20 Index (CD20) and the broad CoinDesk Market Index (CMI).

...

[Headline]: Deloitte Taps Polkadot Ecosystem's Kilt Blockchain for Digital Shipping Logistics
[Summary]: BANGALORE, India — A division of professional services firm Deloitte, one of the “Big Four” accounting firms, will use the Polkadot-based Kilt blockchain to offer logistics and supply-chain services f...

[Headline]: Zodia Custody Looks to Drive Institutional Access to Polkadot Ecosystem
[Summary]: Cryptocurrency storage provider Zodia Custody, a subsidiary of Standard Chartered (STAN), is to provide institutional support for the Polkadot blockchain through a new partnership with one of the netw...

From 2024-12-20 to 2024-12-27, DOT-USD's stock price decreased from 7.29 to 6.90. News during this period are listed below:

[Headline]: The Protocol: 'Private Jet Brandization' Is One Way Polkadot Burnt Cash
[Summary]: June proved to be an incredibly ugly month in crypto markets (see our blood-red chart below), but wasn't completely devoid of decent blockchain tech stories. One obsession of crypto twitterati during ...

[Headline]: Polkadot’s $245M Treasury Would Last 2 Years at Current Spending Rate
[Summary]: Polkadot spent $87 million worth of DOT on various activities in the first half of this year, with marketing and outreach activities accounting for the largest portion of spending, totaling over $36 m...

[Headline]: Polkadot and Cosmos Gain in a Rocky Week for Crypto: CoinDesk Indices Market Update
[Summary]: CoinDesk Indices (CDI) presents its bi-weekly market update, highlighting the performance of leaders and laggards in the benchmark CoinDesk 20 Index (CD20) and the broad CoinDesk Market Index (CMI).

...

[Headline]: Deloitte Taps Polkadot Ecosystem's Kilt Blockchain for Digital Shipping Logistics
[Summary]: BANGALORE, India — A division of professional services firm Deloitte, one of the “Big Four” accounting firms, will use the Polkadot-based Kilt blockchain to offer logistics and supply-chain services f...

[Headline]: Zodia Custody Looks to Drive Institutional Access to Polkadot Ecosystem
[Summary]: Cryptocurrency storage provider Zodia Custody, a subsidiary of Standard Chartered (STAN), is to provide institutional support for the Polkadot blockchain through a new partnership with one of the netw...



Based on all the information before 2024-12-27, let's first analyze the positive developments and potential concerns for DOT-USD. Come up with 2-4 most important factors respectively and keep them concise. Most factors should be inferred from cryptocurrencies related news. Then let's assume your prediction for next week (2024-12-27 to 2025-01-03) is down by 3-4%. Provide a summary analysis to support your prediction. The prediction result need to be inferred from your analysis at the end, and thus not appearing as a foundational factor of your analysis.","### Analysis Request 1

[Positive Developments]:
1. **Institutional Adoption**: Deloitte's use of Polkadot's Kilt blockchain for digital shipping logistics indicates growing institutional interest and practical applications of Polkadot's technology.
2. **Custody Support**: Zodia Custody's partnership to provide institutional support for Polkadot suggests increased confidence from traditional financial institutions.
3. **Market Performance**: Polkadot's inclusion in the CoinDesk Indices Market Update highlights its status as a notable player in the crypto market.

[Potential Concerns]:
1. **Treasury Spending**: Reports of Polkadot's significant treasury spending, particularly on marketing, raise concerns about financial sustainability.
2. **Market Sentiment**: The overall bearish sentiment in the crypto market, as indicated by the ""blood-red chart,"" could negatively impact Polkadot's price.
3. **Price Trend**: The consistent decrease in DOT-USD's price over the past weeks suggests a downtrend that may continue.

[Prediction & Analysis]:
The recent institutional adoptions and partnerships are positive signs for Polkadot's long-term potential. However, the significant treasury spending and the overall bearish market sentiment are concerning. The consistent price decrease over the past weeks indicates a weak market position. Given these factors, the market may continue to react negatively, leading to a further decrease in DOT-USD's price. Therefore, a downward trend of 3-4% for the upcoming week is a reasonable prediction."
