prompt,answer
"[Cryptocurrency Introduction]: Ethereum (ETH) is a cryptocurrency . Ethereum has a current supply of 120,723,694.21201035. The last known price of Ethereum is 2,480.80462336 USD and is down -0.37 over the last 24 hours. It is currently trading on 10322 active market(s) with $13,955,399,765.77 traded over the last 24 hours. More information can be found at https://www.ethereum.org/.. It has a market capilization of 306510036992.

From 2024-01-05 to 2024-01-12, ETH-USD's stock price increased from 2268.65 to 2524.46. News during this period are listed below:

[Headline]: Ethereum's Vitalik Buterin Proposes Gas Limit Increase
[Summary]: Ethereum co-founder Vitalik Buterin suggested raising the network's gas limit by 33% on Wednesday – a move that would raise the network's transaction capacity and could reduce fees for end-users, but ...

[Headline]: Bitcoin ETF Fever Drives Ethereum to 32-Month Low Versus BTC
[Summary]: Ethereum's ether [ETH] has slumped to its lowest price versus bitcoin [BTC] since April 2021 as crypto investors obsess over the expected approval of bitcoin ETFs in the U.S.

ETH has lost 43% of its ...

[Headline]: Ethereum Validators Forced to Wait Days to Unstake Amid Celsius Withdraws
[Summary]: Ethereum's validators are stuck waiting several days to withdraw their staked ether (ETH), and the defunct crypto lender Celsius may be partially to blame for the backlog.

Validators stake ETH to hel...



Based on all the information before 2024-01-12, let's first analyze the positive developments and potential concerns for ETH-USD. Come up with 2-4 most important factors respectively and keep them concise. Most factors should be inferred from cryptocurrencies related news. Then let's assume your prediction for next week (2024-01-12 to 2024-01-19) is down by 1-2%. Provide a summary analysis to support your prediction. The prediction result need to be inferred from your analysis at the end, and thus not appearing as a foundational factor of your analysis.","**[Positive Developments]: **
1. **Increased Transaction Capacity**: Ethereum co-founder Vitalik Buterin proposed raising the network's gas limit by 33%, which could increase transaction capacity and reduce fees for end-users.
2. ** Market Dominance**: Despite the focus on Bitcoin ETFs, Ethereum maintains its market position and has a large, active market with a high trading volume of $13,955,399,765.77 over the last 24 hours.

**[Potential Concerns]: **
1. **ETF Focus**: The market's focus on Bitcoin ETFs has led to a 43% loss in ETH's value against BTC, which could indicate a shift in investor interest.
2. **Validator Delays**: Ethereum validators face delays in unstaking their ETH due to a backlog potentially caused by the defunct crypto lender Celsius, which could affect investor confidence.

**[Prediction & Analysis]: **
Ethereum's price increased from $2,268.65 to $2,524.46 over the past week, indicating a 11.28% gain. However, the market's focus on Bitcoin ETFs and validator delays could lead to a slight correction. The proposed gas limit increase may not be enough to offset these concerns in the short term. Therefore, we predict a slight downturn of 1-2% for the upcoming week. The high trading volume and active market could help mitigate a more significant drop."
"[Cryptocurrency Introduction]: Ethereum (ETH) is a cryptocurrency . Ethereum has a current supply of 120,723,694.21201035. The last known price of Ethereum is 2,480.80462336 USD and is down -0.37 over the last 24 hours. It is currently trading on 10322 active market(s) with $13,955,399,765.77 traded over the last 24 hours. More information can be found at https://www.ethereum.org/.. It has a market capilization of 306510036992.

From 2024-01-05 to 2024-01-12, ETH-USD's stock price increased from 2268.65 to 2524.46. News during this period are listed below:

[Headline]: Ethereum's Vitalik Buterin Proposes Gas Limit Increase
[Summary]: Ethereum co-founder Vitalik Buterin suggested raising the network's gas limit by 33% on Wednesday – a move that would raise the network's transaction capacity and could reduce fees for end-users, but ...

[Headline]: Bitcoin ETF Fever Drives Ethereum to 32-Month Low Versus BTC
[Summary]: Ethereum's ether [ETH] has slumped to its lowest price versus bitcoin [BTC] since April 2021 as crypto investors obsess over the expected approval of bitcoin ETFs in the U.S.

ETH has lost 43% of its ...

[Headline]: Ethereum Validators Forced to Wait Days to Unstake Amid Celsius Withdraws
[Summary]: Ethereum's validators are stuck waiting several days to withdraw their staked ether (ETH), and the defunct crypto lender Celsius may be partially to blame for the backlog.

Validators stake ETH to hel...

From 2024-01-12 to 2024-01-19, ETH-USD's stock price decreased from 2524.46 to 2489.50. News during this period are listed below:

[Headline]: Bitcoin Could See Growth in Layer-2 Ecosystem, Drawing on Ethereum's Experience: Report
[Summary]: Bitcoin, which suffered last year from congestion as the oldest blockchain got bogged down with experiments in NFTs and tokens, could see growth of auxiliary layer-2 networks to address the network's ...

[Headline]: The Protocol: MetaMask's Secret Weapon and Ethereum's Dencun Debacle 
[Summary]: Last month, our feature in The Protocol highlighted how the blockchain design principle of ""intents"" was gaining ascendancy among developers on the industry's cutting edge. This week our Sam Kessler i...

[Headline]: Bitcoin and Ethereum to Lead Altcoins Higher in 2024
[Summary]: Last week’s approval of spot bitcoin exchange traded funds (ETFs) was quite an event. For a brief few days our industry was the belle of the financial ball, with over $4.5 billion trading on Thursday’...

[Headline]: MetaMask's Secret Project Could Shake Up How Ethereum Works
[Summary]: MetaMask is testing a ""transaction routing"" feature that could turn the biggest Ethereum wallet into an ""intent-centric"" protocol – meaning users will be able to lean on third parties to find the best...

[Headline]: Ethereum’s Dencun Upgrade Goes Live, But Fails to Finalize on Testnet
[Summary]: Ethereum’s much-awaited Dencun upgrade went live on the Goerli testnet earlier Wednesday but failed to finalize in the expected time.

The upgrade was pushed at 6:32 UTC, blockchain data shows, but di...



Based on all the information before 2024-01-19, let's first analyze the positive developments and potential concerns for ETH-USD. Come up with 2-4 most important factors respectively and keep them concise. Most factors should be inferred from cryptocurrencies related news. Then let's assume your prediction for next week (2024-01-19 to 2024-01-26) is down by more than 5%. Provide a summary analysis to support your prediction. The prediction result need to be inferred from your analysis at the end, and thus not appearing as a foundational factor of your analysis.","**[Positive Developments]: **
1. **Institutional Interest**: BlackRock's plan to follow their Bitcoin ETF with an Ethereum ETF indicates growing institutional interest in ETH.
2. **Network Upgrades**: Ethereum's Dencun upgrade went live on the Goerli testnet, demonstrating continued innovation and continued network development.

**[Potential Concerns]: **
1. **Upgrade Failure**: The Dencun upgrade failed to finalize as expected on the testnet, which could raise concerns about the network's ability to successfully implement future upgrades.
2. **Market Sentiment**: The approval of spot Bitcoin ETFs has shifted market sentiment, which could lead to a decrease in interest in Ethereum in the short term.

**[Prediction & Analysis]: **
Despite institutional interest and network upgrades, the failed Dencun upgrade and shift in market sentiment could lead to a more significant correction. Ethereum's price decreased from $2,524.46 to $2,489.50 over the past week, and we predict a further downturn of more than 5% for the upcoming week. The successful deployment of future upgrades and renewed market focus could help mitigate this trend in the future."
"[Cryptocurrency Introduction]: Ethereum (ETH) is a cryptocurrency . Ethereum has a current supply of 120,723,694.21201035. The last known price of Ethereum is 2,480.80462336 USD and is down -0.37 over the last 24 hours. It is currently trading on 10322 active market(s) with $13,955,399,765.77 traded over the last 24 hours. More information can be found at https://www.ethereum.org/.. It has a market capilization of 306510036992.

From 2024-01-05 to 2024-01-12, ETH-USD's stock price increased from 2268.65 to 2524.46. News during this period are listed below:

[Headline]: Ethereum's Vitalik Buterin Proposes Gas Limit Increase
[Summary]: Ethereum co-founder Vitalik Buterin suggested raising the network's gas limit by 33% on Wednesday – a move that would raise the network's transaction capacity and could reduce fees for end-users, but ...

[Headline]: Bitcoin ETF Fever Drives Ethereum to 32-Month Low Versus BTC
[Summary]: Ethereum's ether [ETH] has slumped to its lowest price versus bitcoin [BTC] since April 2021 as crypto investors obsess over the expected approval of bitcoin ETFs in the U.S.

ETH has lost 43% of its ...

[Headline]: Ethereum Validators Forced to Wait Days to Unstake Amid Celsius Withdraws
[Summary]: Ethereum's validators are stuck waiting several days to withdraw their staked ether (ETH), and the defunct crypto lender Celsius may be partially to blame for the backlog.

Validators stake ETH to hel...

From 2024-01-12 to 2024-01-19, ETH-USD's stock price decreased from 2524.46 to 2489.50. News during this period are listed below:

[Headline]: The Protocol: MetaMask's Secret Weapon and Ethereum's Dencun Debacle 
[Summary]: Last month, our feature in The Protocol highlighted how the blockchain design principle of ""intents"" was gaining ascendancy among developers on the industry's cutting edge. This week our Sam Kessler i...

[Headline]: Bitcoin and Ethereum to Lead Altcoins Higher in 2024
[Summary]: Last week’s approval of spot bitcoin exchange traded funds (ETFs) was quite an event. For a brief few days our industry was the belle of the financial ball, with over $4.5 billion trading on Thursday’...

[Headline]: MetaMask's Secret Project Could Shake Up How Ethereum Works
[Summary]: MetaMask is testing a ""transaction routing"" feature that could turn the biggest Ethereum wallet into an ""intent-centric"" protocol – meaning users will be able to lean on third parties to find the best...

[Headline]: Ethereum’s Dencun Upgrade Goes Live, But Fails to Finalize on Testnet
[Summary]: Ethereum’s much-awaited Dencun upgrade went live on the Goerli testnet earlier Wednesday but failed to finalize in the expected time.

The upgrade was pushed at 6:32 UTC, blockchain data shows, but di...

[Headline]: BlackRock Wants to Follow Bitcoin ETF With an Ethereum ETF. Marketing It Might Not Be So Simple
[Summary]: Not long after the debut of BlackRock’s bitcoin exchange-traded fund (ETF), the asset manager’s CEO Larry Fink effectively began the marketing drive for a second spot ETF product with the underlying c...

From 2024-01-19 to 2024-01-26, ETH-USD's stock price decreased from 2489.50 to 2267.20. News during this period are listed below:

[Headline]: Ethereum Developers Set Timeline for Final ‘Dencun’ Testnet Upgrades
[Summary]: Ethereum developers planning for the blockchain's biggest upgrade in a year, known as Dencun, have confirmed in a blog post the dates for making the changes on two key test networks – theoretically th...

[Headline]: Axiom, Protocol for Historical Ethereum Data, Raises $20M, Led by Paradigm, Standard Crypto
[Summary]: Axiom, a protocol that allows smart contract developers to access historical data from Ethereum and then perform intensive computations off-chain, has raised $20 million in a Series A funding round le...

[Headline]: The Protocol: Ethereum Developers Warn on 'Diversity Problem'
[Summary]: In this week's issue, we're covering crypto developers' renewed focus on the Ethereum blockchain's controversial overreliance on a single software ""client"" called Geth, and the grumbles of crypto user...

[Headline]: Ethereum Interoperability Hub Polymer Raises $23M Series A Funding From Marquee Investors
[Summary]: Polymer Labs has raised $23 million in Series A funding to advance the building of its Ethereum-based interoperability hub.

The funding round was co-led by Blockchain Capital, Maven 11, and Distribut...

[Headline]: Bug That Took Down 8% of Ethereum's Validators Sparks Worries About Even Bigger Outage
[Summary]: Ethereum just had one of those moments where the big story is what didn't go wrong.

A bug in Ethereum's Nethermind client software – used by validators of the blockchain to interact with the network ...



Based on all the information before 2024-01-26, let's first analyze the positive developments and potential concerns for ETH-USD. Come up with 2-4 most important factors respectively and keep them concise. Most factors should be inferred from cryptocurrencies related news. Then let's assume your prediction for next week (2024-01-26 to 2024-02-02) is up by 1-2%. Provide a summary analysis to support your prediction. The prediction result need to be inferred from your analysis at the end, and thus not appearing as a foundational factor of your analysis.","**[Positive Developments]: **
1. **Funding Rounds**: Axiom and Polymer Labs raised significant funding ($20M and $23M respectively) for their Ethereum-based projects, indicating strong investment interest.
2. **Network Upgrades**: Ethereum developers have set a timeline for final ‘Dencun’ testnet upgrades, demonstrating the network's ongoing development.

**[Potential Concerns]: **
1. **Validator Bug**: A bug in Ethereum's Nethermind client software caused 8% of validators to go down, raising concerns about network stability.
2. **Diversity Problem**: Ethereum developers warned about the network's overreliance on a single software client, which could pose security risks.

**[Prediction & Analysis]: **
Ethereum's price decreased from $2,489.50 to $2,267.20 over the past week, indicating an 8.92% loss. While funding rounds and network upgrades are positive indicators, the validator bug and diversity problem could lead to a further downturn. However, the market may have already priced in these concerns, leading to a slight recovery of 1-2% in the upcoming week as investors look to capitalize on oversold conditions."
"[Cryptocurrency Introduction]: Ethereum (ETH) is a cryptocurrency . Ethereum has a current supply of 120,723,694.21201035. The last known price of Ethereum is 2,480.80462336 USD and is down -0.37 over the last 24 hours. It is currently trading on 10322 active market(s) with $13,955,399,765.77 traded over the last 24 hours. More information can be found at https://www.ethereum.org/.. It has a market capilization of 306510036992.

From 2024-01-26 to 2024-02-02, ETH-USD's stock price increased from 2267.20 to 2308.04. News during this period are listed below:

[Headline]: Superstate Debuts Tokenized Short-Term Treasury Fund on Ethereum to Compete for Zero-Yield Stablecoins
[Summary]: Blockchain-based asset-management firm Superstate debuted its first tokenized U.S. Treasury fund offering on the Ethereum {{ETH}} blockchain, the company said Thursday in a press release.

Superstate ...

[Headline]: Market Manipulation May Have Hit Majority of New Ethereum Tokens in 2023: Chainalysis 
[Summary]: A big upside of creating financial markets on permissionless networks: there are no rules. That may be the downside, too.

Data released Thursday by on-chain sleuthing firm Chainalysis suggests that 5...

[Headline]: Inside the 'Private Mempools' Where Ethereum Traders Hide From Front-Running Bots
[Summary]: Ethereum is swarming with bots that are programmed to front-run transactions. The bots exploit the brief window of time between when transactions are submitted, and when they're officially finalized, ...

[Headline]: Ethereum's 'Dencun' Upgrade Goes Live on Second Testnet, With Just One Remaining
[Summary]: The Ethereum blockchain's biggest upgrade since early 2023 went live on the second of three test networks, bringing the much-anticipated ""Dencun"" project and its ""proto-danksharding"" feature a step cl...



Based on all the information before 2024-02-02, let's first analyze the positive developments and potential concerns for ETH-USD. Come up with 2-4 most important factors respectively and keep them concise. Most factors should be inferred from cryptocurrencies related news. Then let's assume your prediction for next week (2024-02-02 to 2024-02-09) is up by more than 5%. Provide a summary analysis to support your prediction. The prediction result need to be inferred from your analysis at the end, and thus not appearing as a foundational factor of your analysis.","**[Positive Developments]: **
1. **Dencun Upgrade**: Ethereum's Dencun upgrade went live on the second testnet, bringing the network one step closer to improved layer-2 transaction costs and data availability.
2. **New Products**: Superstate debuted a tokenized short-term Treasury fund on Ethereum, expanding the network's use cases and potential user base.

**[Potential Concerns]: **
1. **Market Manipulation**: Chainalysis data suggests that market manipulation may have hit a majority of new Ethereum tokens in 2023, which could raise concerns about the network's security and investor trust.
2. **Front-Running Bots**: The prevalence of front-running bots on Ethereum could lead to increased transaction costs and decreased user satisfaction.

**[Prediction & Analysis]: **
Ethereum's price increased from $2,267.20 to $2,308.04 over the past week, indicating a 1.79% gain. With the Dencun upgrade progressing and new products being launched, we predict a further upturn of more than 5% for the upcoming week. The market manipulation concerns and front-running bots could pose challenges, but the positive developments could outweigh these concerns in the short term as investors look to capitalize on the network's growth potential."
"[Cryptocurrency Introduction]: Ethereum (ETH) is a cryptocurrency . Ethereum has a current supply of 120,723,694.21201035. The last known price of Ethereum is 2,480.80462336 USD and is down -0.37 over the last 24 hours. It is currently trading on 10322 active market(s) with $13,955,399,765.77 traded over the last 24 hours. More information can be found at https://www.ethereum.org/.. It has a market capilization of 306510036992.

From 2024-01-12 to 2024-01-19, ETH-USD's stock price decreased from 2524.46 to 2489.50. News during this period are listed below:

[Headline]: Bitcoin Could See Growth in Layer-2 Ecosystem, Drawing on Ethereum's Experience: Report
[Summary]: Bitcoin, which suffered last year from congestion as the oldest blockchain got bogged down with experiments in NFTs and tokens, could see growth of auxiliary layer-2 networks to address the network's ...

[Headline]: Bitcoin and Ethereum to Lead Altcoins Higher in 2024
[Summary]: Last week’s approval of spot bitcoin exchange traded funds (ETFs) was quite an event. For a brief few days our industry was the belle of the financial ball, with over $4.5 billion trading on Thursday’...

[Headline]: MetaMask's Secret Project Could Shake Up How Ethereum Works
[Summary]: MetaMask is testing a ""transaction routing"" feature that could turn the biggest Ethereum wallet into an ""intent-centric"" protocol – meaning users will be able to lean on third parties to find the best...

[Headline]: Ethereum’s Dencun Upgrade Goes Live, But Fails to Finalize on Testnet
[Summary]: Ethereum’s much-awaited Dencun upgrade went live on the Goerli testnet earlier Wednesday but failed to finalize in the expected time.

The upgrade was pushed at 6:32 UTC, blockchain data shows, but di...

[Headline]: BlackRock Wants to Follow Bitcoin ETF With an Ethereum ETF. Marketing It Might Not Be So Simple
[Summary]: Not long after the debut of BlackRock’s bitcoin exchange-traded fund (ETF), the asset manager’s CEO Larry Fink effectively began the marketing drive for a second spot ETF product with the underlying c...

From 2024-01-19 to 2024-01-26, ETH-USD's stock price decreased from 2489.50 to 2267.20. News during this period are listed below:

[Headline]: Ethereum Developers Set Timeline for Final ‘Dencun’ Testnet Upgrades
[Summary]: Ethereum developers planning for the blockchain's biggest upgrade in a year, known as Dencun, have confirmed in a blog post the dates for making the changes on two key test networks – theoretically th...

[Headline]: Axiom, Protocol for Historical Ethereum Data, Raises $20M, Led by Paradigm, Standard Crypto
[Summary]: Axiom, a protocol that allows smart contract developers to access historical data from Ethereum and then perform intensive computations off-chain, has raised $20 million in a Series A funding round le...

[Headline]: The Protocol: Ethereum Developers Warn on 'Diversity Problem'
[Summary]: In this week's issue, we're covering crypto developers' renewed focus on the Ethereum blockchain's controversial overreliance on a single software ""client"" called Geth, and the grumbles of crypto user...

[Headline]: Ethereum Interoperability Hub Polymer Raises $23M Series A Funding From Marquee Investors
[Summary]: Polymer Labs has raised $23 million in Series A funding to advance the building of its Ethereum-based interoperability hub.

The funding round was co-led by Blockchain Capital, Maven 11, and Distribut...

[Headline]: Bug That Took Down 8% of Ethereum's Validators Sparks Worries About Even Bigger Outage
[Summary]: Ethereum just had one of those moments where the big story is what didn't go wrong.

A bug in Ethereum's Nethermind client software – used by validators of the blockchain to interact with the network ...

From 2024-01-26 to 2024-02-02, ETH-USD's stock price increased from 2267.20 to 2308.04. News during this period are listed below:

[Headline]: Superstate Debuts Tokenized Short-Term Treasury Fund on Ethereum to Compete for Zero-Yield Stablecoins
[Summary]: Blockchain-based asset-management firm Superstate debuted its first tokenized U.S. Treasury fund offering on the Ethereum {{ETH}} blockchain, the company said Thursday in a press release.

Superstate ...

[Headline]: Market Manipulation May Have Hit Majority of New Ethereum Tokens in 2023: Chainalysis 
[Summary]: A big upside of creating financial markets on permissionless networks: there are no rules. That may be the downside, too.

Data released Thursday by on-chain sleuthing firm Chainalysis suggests that 5...

[Headline]: Inside the 'Private Mempools' Where Ethereum Traders Hide From Front-Running Bots
[Summary]: Ethereum is swarming with bots that are programmed to front-run transactions. The bots exploit the brief window of time between when transactions are submitted, and when they're officially finalized, ...

[Headline]: Ethereum's 'Dencun' Upgrade Goes Live on Second Testnet, With Just One Remaining
[Summary]: The Ethereum blockchain's biggest upgrade since early 2023 went live on the second of three test networks, bringing the much-anticipated ""Dencun"" project and its ""proto-danksharding"" feature a step cl...

From 2024-02-02 to 2024-02-09, ETH-USD's stock price increased from 2308.04 to 2487.52. News during this period are listed below:

[Headline]: Polygon Releases 'Type 1 Prover,' Claiming Milestone Set by Ethereum's Vitalik Buterin
[Summary]: The ""Type 1 prover"" has been cast as a technological feat that essentially makes layer-2 networks nearly equivalent to main ""layer-1"" blockchains like Ethereum.

Polygon is betting that more networks ...

[Headline]: Ethereum Developers Target March 13 for Milestone 'Dencun' Upgrade on Mainnet 
[Summary]: The Dencun upgrade is designed to reduce costs for layer-2 transactions and data availability on Ethereum, in the blockchain's biggest changes since April 2023.

The upgrade was successfully deployed ...

[Headline]: Protocol Village: Metis, Ethereum Layer 2, Launches 'Liquid Staking Blitz' 
[Summary]: Feb. 7: Layer-2 network Metis launched the ""Metis Liquid Staking Blitz (LSB), an initiative to bolster their LSD ecosystem and accelerate the growth of LSDs and LSD-focused products on their Layer 2 n...

[Headline]: 'Absolute Essentials of Ethereum' by Paul Dylan-Ennis: An Excerpt
[Summary]: Blockchain governance refers to the coordination mechanisms that allow blockchain stakeholders to make legitimate decisions. It is traditionally split up into two broad areas: on-chain governance and ...

[Headline]: Ethereum's Dencun Upgrade Reaches Final ‘Holesky’ Testnet, Starting Countdown to Data 'Blobs'
[Summary]: The final dress rehearsal for Ethereum’s upcoming Dencun upgrade occurred Wednesday, as the blockchain's biggest changes in almost a year took place on the Holesky test network.

The test simulated “p...



Based on all the information before 2024-02-09, let's first analyze the positive developments and potential concerns for ETH-USD. Come up with 2-4 most important factors respectively and keep them concise. Most factors should be inferred from cryptocurrencies related news. Then let's assume your prediction for next week (2024-02-09 to 2024-02-16) is up by more than 5%. Provide a summary analysis to support your prediction. The prediction result need to be inferred from your analysis at the end, and thus not appearing as a foundational factor of your analysis.","**[Positive Developments]: **
1. **Dencun Upgrade**: Ethereum developers targeted March 13 for the milestone 'Dencun' upgrade on the mainnet, which aims to reduce costs for layer-2 transactions and data availability.
2. **Layer-2 Growth**: Polygon's release of the 'Type 1 prover' and Metis's launch of the 'Liquid Staking Blitz' indicate growing interest and innovation in Ethereum's layer-2 ecosystem.

**[Potential Concerns]: **
1. **Upgrade Risks**: The Dencun upgrade's success is not guaranteed, and any failures or delays could lead to market volatility.
2. **Market Competition**: The growth of other layer-1 blockchains and layer-2 networks could pose a threat to Ethereum's market dominance.

**[Prediction & Analysis]: **
Ethereum's price increased from $2,308.04 to $2,487.52 over the past week, indicating a 7.77% gain. With the Dencun upgrade on the horizon and growing interest in the layer-2 ecosystem, we predict a further upturn of more than 5% for the upcoming week. The upgrade risks and market competition could pose challenges, but the positive developments and investor anticipation of the upgrade could drive the market higher in the short term."
"[Cryptocurrency Introduction]: Ethereum (ETH) is a cryptocurrency . Ethereum has a current supply of 120,723,694.21201035. The last known price of Ethereum is 2,480.80462336 USD and is down -0.37 over the last 24 hours. It is currently trading on 10322 active market(s) with $13,955,399,765.77 traded over the last 24 hours. More information can be found at https://www.ethereum.org/.. It has a market capilization of 306510036992.

From 2024-01-26 to 2024-02-02, ETH-USD's stock price increased from 2267.20 to 2308.04. News during this period are listed below:

[Headline]: Superstate Debuts Tokenized Short-Term Treasury Fund on Ethereum to Compete for Zero-Yield Stablecoins
[Summary]: Blockchain-based asset-management firm Superstate debuted its first tokenized U.S. Treasury fund offering on the Ethereum {{ETH}} blockchain, the company said Thursday in a press release.

Superstate ...

[Headline]: Market Manipulation May Have Hit Majority of New Ethereum Tokens in 2023: Chainalysis 
[Summary]: A big upside of creating financial markets on permissionless networks: there are no rules. That may be the downside, too.

Data released Thursday by on-chain sleuthing firm Chainalysis suggests that 5...

[Headline]: Inside the 'Private Mempools' Where Ethereum Traders Hide From Front-Running Bots
[Summary]: Ethereum is swarming with bots that are programmed to front-run transactions. The bots exploit the brief window of time between when transactions are submitted, and when they're officially finalized, ...

[Headline]: Ethereum's 'Dencun' Upgrade Goes Live on Second Testnet, With Just One Remaining
[Summary]: The Ethereum blockchain's biggest upgrade since early 2023 went live on the second of three test networks, bringing the much-anticipated ""Dencun"" project and its ""proto-danksharding"" feature a step cl...

From 2024-02-02 to 2024-02-09, ETH-USD's stock price increased from 2308.04 to 2487.52. News during this period are listed below:

[Headline]: Polygon Releases 'Type 1 Prover,' Claiming Milestone Set by Ethereum's Vitalik Buterin
[Summary]: The ""Type 1 prover"" has been cast as a technological feat that essentially makes layer-2 networks nearly equivalent to main ""layer-1"" blockchains like Ethereum.

Polygon is betting that more networks ...

[Headline]: Ethereum Developers Target March 13 for Milestone 'Dencun' Upgrade on Mainnet 
[Summary]: The Dencun upgrade is designed to reduce costs for layer-2 transactions and data availability on Ethereum, in the blockchain's biggest changes since April 2023.

The upgrade was successfully deployed ...

[Headline]: 'Absolute Essentials of Ethereum' by Paul Dylan-Ennis: An Excerpt
[Summary]: Blockchain governance refers to the coordination mechanisms that allow blockchain stakeholders to make legitimate decisions. It is traditionally split up into two broad areas: on-chain governance and ...

[Headline]: Ethereum's Dencun Upgrade Reaches Final ‘Holesky’ Testnet, Starting Countdown to Data 'Blobs'
[Summary]: The final dress rehearsal for Ethereum’s upcoming Dencun upgrade occurred Wednesday, as the blockchain's biggest changes in almost a year took place on the Holesky test network.

The test simulated “p...

[Headline]: Web Registry GoDaddy, Ethereum Name Service Connect Domain Names With Crypto Wallets
[Summary]: Ethereum Name Service (ENS), a domain name protocol that runs atop of Ethereum, reached an agreement with GoDaddy to allow users to link internet domains to their ENS addresses for free.

Web3 adoptio...

From 2024-02-09 to 2024-02-16, ETH-USD's stock price increased from 2487.52 to 2803.69. News during this period are listed below:

[Headline]: The Protocol: Bitcoin's OP_CAT, Fake Ethereum Tokens, Starknet's Airdrop
[Summary]: We love to write about blockchain tech, and we hope you love The Protocol newsletter. Not sure how else to say this but: We ♥️ our readers.

In this week's issue:

ERC-404 tokens take over Ethereum. B...

[Headline]: Protocol Village: Sommelier Expands to Ethereum Layer-2s Via Axelar, Starting With Arbitrum
[Summary]: Feb. 14: Sommelier, a DeFi platform offering yield-generating vaults, is expanding to Ethereum layer 2s via Axelar's cross-chain messaging. According to the team: ""This allows accessing new opportunit...

[Headline]: Ethereum Developers Create 'DN-404' Tokens After ERC-404s Send Network Fees Surging
[Summary]: The sudden hype over ERC-404 tokens has spurred millions of dollars in trading volumes since its start in early February, but has seemingly caused Ethereum network fees known as ""gas"" to spike to eigh...

[Headline]: Ethereum Validator Entry Queue Signals Renewed Interest in Staking
[Summary]: The waitlist for new Ethereum validators is now the longest since early October.

The renewed interest in staking is noteworthy as the yield on staked ether remains below 4%.

The Ethereum network is ...

[Headline]: Ethereum Has Gatekeepers (for Good Reason)
[Summary]: When I first started seeing references to ERC-404 tokens on social media early this week, I thought it was a funny joke — a non-existent token referencing the error message you sometimes see while sur...



Based on all the information before 2024-02-16, let's first analyze the positive developments and potential concerns for ETH-USD. Come up with 2-4 most important factors respectively and keep them concise. Most factors should be inferred from cryptocurrencies related news. Then let's assume your prediction for next week (2024-02-16 to 2024-02-23) is up by 4-5%. Provide a summary analysis to support your prediction. The prediction result need to be inferred from your analysis at the end, and thus not appearing as a foundational factor of your analysis.","**[Positive Developments]:
1. **Dencun Upgrade Progress**: The successful deployment of the Dencun upgrade on testnets and the scheduling of the mainnet upgrade for March 13 indicate significant technological advancements for Ethereum. This upgrade aims to reduce costs for layer-2 transactions and enhance data availability.
2. **Increased Staking Interest**: The lengthening queue for new Ethereum validators signals renewed interest in staking, which is positive for the network's security and decentralization.
3. **Institutional Adoption**: The agreement between GoDaddy and Ethereum Name Service (ENS) to link internet domains with crypto wallets suggests growing institutional adoption and Web3 integration.

**[Potential Concerns]:
1. **Market Manipulation**: Reports of market manipulation in new Ethereum tokens raise concerns about the integrity of the market and potential regulatory scrutiny.
2. **Network Congestion**: The surge in ERC-404 tokens has led to increased network fees, which could deter users and developers from engaging with the Ethereum network.
3. **Front-Running Bots**: The prevalence of front-running bots on Ethereum highlights potential security and fairness issues, which could impact user trust.

**[Prediction & Analysis]:
Ethereum's price has shown resilience and upward momentum over the past few weeks, driven by positive news around the Dencun upgrade and increased staking interest. The successful deployment of the upgrade on testnets and the anticipation of the mainnet upgrade have likely contributed to the bullish sentiment. Additionally, growing institutional adoption, as evidenced by the GoDaddy-ENS agreement, suggests that mainstream companies are increasingly recognizing the value of integrating with Ethereum.

However, concerns about market manipulation, network congestion, and front-running bots could temper this optimism. These issues highlight potential vulnerabilities in the Ethereum ecosystem that could impact its long-term sustainability and user trust. Nevertheless, the positive developments appear to outweigh these concerns in the short term.

Given the upcoming Dencun upgrade and the continued interest in staking, it is reasonable to expect that Ethereum's price will continue to rise in the upcoming week. The technological advancements and institutional adoption are likely to drive demand for ETH, leading to a price increase of around 4-5%. Therefore, the prediction for the upcoming week (2024-02-16 to 2024-02-23) is a price increase of approximately 4-5%."
"[Cryptocurrency Introduction]: Ethereum (ETH) is a cryptocurrency . Ethereum has a current supply of 120,723,694.21201035. The last known price of Ethereum is 2,480.80462336 USD and is down -0.37 over the last 24 hours. It is currently trading on 10322 active market(s) with $13,955,399,765.77 traded over the last 24 hours. More information can be found at https://www.ethereum.org/.. It has a market capilization of 306510036992.

From 2024-02-02 to 2024-02-09, ETH-USD's stock price increased from 2308.04 to 2487.52. News during this period are listed below:

[Headline]: Polygon Releases 'Type 1 Prover,' Claiming Milestone Set by Ethereum's Vitalik Buterin
[Summary]: The ""Type 1 prover"" has been cast as a technological feat that essentially makes layer-2 networks nearly equivalent to main ""layer-1"" blockchains like Ethereum.

Polygon is betting that more networks ...

[Headline]: Protocol Village: Metis, Ethereum Layer 2, Launches 'Liquid Staking Blitz' 
[Summary]: Feb. 7: Layer-2 network Metis launched the ""Metis Liquid Staking Blitz (LSB), an initiative to bolster their LSD ecosystem and accelerate the growth of LSDs and LSD-focused products on their Layer 2 n...

[Headline]: Ethereum's Dencun Upgrade Reaches Final ‘Holesky’ Testnet, Starting Countdown to Data 'Blobs'
[Summary]: The final dress rehearsal for Ethereum’s upcoming Dencun upgrade occurred Wednesday, as the blockchain's biggest changes in almost a year took place on the Holesky test network.

The test simulated “p...

[Headline]: Web Registry GoDaddy, Ethereum Name Service Connect Domain Names With Crypto Wallets
[Summary]: Ethereum Name Service (ENS), a domain name protocol that runs atop of Ethereum, reached an agreement with GoDaddy to allow users to link internet domains to their ENS addresses for free.

Web3 adoptio...

[Headline]: Apparent 'Insiders’ Make Millions After Grabbing Ethereum Version of Dogwifhat 
[Summary]: Many crypto wallets pocketed over $1.3 million over the weekend after picking up an ample supply of the Ethereum version of meme coin dogwifhat (WIF).

As such, the Ethereum version of dogwifhat isn’t...

From 2024-02-09 to 2024-02-16, ETH-USD's stock price increased from 2487.52 to 2803.69. News during this period are listed below:

[Headline]: The Protocol: Bitcoin's OP_CAT, Fake Ethereum Tokens, Starknet's Airdrop
[Summary]: We love to write about blockchain tech, and we hope you love The Protocol newsletter. Not sure how else to say this but: We ♥️ our readers.

In this week's issue:

ERC-404 tokens take over Ethereum. B...

[Headline]: Protocol Village: Sommelier Expands to Ethereum Layer-2s Via Axelar, Starting With Arbitrum
[Summary]: Feb. 14: Sommelier, a DeFi platform offering yield-generating vaults, is expanding to Ethereum layer 2s via Axelar's cross-chain messaging. According to the team: ""This allows accessing new opportunit...

[Headline]: Franklin Templeton Joins Ethereum ETF Race
[Summary]: Franklin Templeton has applied for a spot Ethereum exchange-traded fund (ETF), a filing with the Securities and Exchange Commission (SEC) shows.

The asset manager joins BlackRock, Fidelity, Ark and 2...

[Headline]: Ethereum Validator Entry Queue Signals Renewed Interest in Staking
[Summary]: The waitlist for new Ethereum validators is now the longest since early October.

The renewed interest in staking is noteworthy as the yield on staked ether remains below 4%.

The Ethereum network is ...

[Headline]: Ethereum Has Gatekeepers (for Good Reason)
[Summary]: When I first started seeing references to ERC-404 tokens on social media early this week, I thought it was a funny joke — a non-existent token referencing the error message you sometimes see while sur...

From 2024-02-16 to 2024-02-23, ETH-USD's stock price increased from 2803.69 to 2921.66. News during this period are listed below:

[Headline]: S&P Global Just Made Ethereum's Centralization Risk a TradFi Concern
[Summary]: In a recent note, S&P Global warned about the concentration risk present in Ethereum as Ether rallied in anticipation of a possible Ether exchange-traded fund (ETF).

""U.S. spot ether ETFs that incorp...

[Headline]: Vitalik Buterin Floats Idea of AI-Based Code Audits, Ethereum Project Developers Back Him Up
[Summary]: Ethereum co-founder Vitalik Buterin suggested using AI to improve code audits and reduce bugs in blockchain projects.

AI-assisted code audits can adapt and learn from new information, making them mor...

[Headline]: Former Fidelity International Digital Assets Executive Joins Advisory Board of Ethereum L2 Layer N
[Summary]: Layer N, a roll-up network designed to scale financial applications on Ethereum, announced today the appointment of Hong Kong-based former Fidelity International executive Luc Froehlich to its advisor...

[Headline]: Liquid Restaking Tokens or 'LRTs' Revived Ethereum DeFi. Can the Hype Last?
[Summary]: Decentralized finance (DeFi) on Ethereum has seen a resurgence with the rise of ""liquid restaking tokens,"" or LRTs.

LRTs are built on top of EigenLayer, the ""restaking"" protocol that lets networks ta...



Based on all the information before 2024-02-23, let's first analyze the positive developments and potential concerns for ETH-USD. Come up with 2-4 most important factors respectively and keep them concise. Most factors should be inferred from cryptocurrencies related news. Then let's assume your prediction for next week (2024-02-23 to 2024-03-01) is up by more than 5%. Provide a summary analysis to support your prediction. The prediction result need to be inferred from your analysis at the end, and thus not appearing as a foundational factor of your analysis.","**[Positive Developments]:
1. **Institutional Interest**: Franklin Templeton joining the Ethereum ETF race indicates growing institutional interest, which could drive demand for ETH.
2. **Layer-2 Expansion**: Sommelier's expansion to Ethereum layer-2s via Axelar and Polygon's release of the 'Type 1 Prover' demonstrate the network's growing scalability and functionality.
3. **Dencun Upgrade**: The final testnet deployment of the Dencun upgrade signals impending technological advancements that could enhance Ethereum's efficiency and scalability.

**[Potential Concerns]:
1. **Centralization Risk**: S&P Global's warning about concentration risk in Ethereum highlights a potential vulnerability that could impact the network's decentralization and security.
2. **Meme Token Volatility**: The surge in meme tokens like PEPE and WIF could introduce volatility and distort the broader Ethereum market.
3. **Regulatory Uncertainty**: The anticipation of an Ether ETF faces regulatory hurdles, which could dampen institutional demand and market enthusiasm.

**[Prediction & Analysis]:
Ethereum's price has been on an upward trajectory, supported by institutional interest and technological advancements. The entry of Franklin Templeton into the Ethereum ETF race and the expansion of layer-2 solutions suggest that there is significant demand for Ethereum's capabilities. The Dencun upgrade, expected to enhance the network's efficiency, is also a positive catalyst for price growth.

However, concerns about centralization risk and regulatory uncertainty could temper this optimism. The warning from S&P Global about concentration risk highlights a potential vulnerability that could impact Ethereum's long-term viability. Additionally, the volatility introduced by meme tokens could distort the market and introduce unwanted price fluctuations.

Despite these concerns, the positive developments appear to outweigh the potential downsides in the short term. The institutional interest and technological advancements are likely to drive demand for ETH, leading to a price increase. Therefore, the prediction for the upcoming week (2024-02-23 to 2024-03-01) is a price increase of more than 5%."
"[Cryptocurrency Introduction]: Ethereum (ETH) is a cryptocurrency . Ethereum has a current supply of 120,723,694.21201035. The last known price of Ethereum is 2,480.80462336 USD and is down -0.37 over the last 24 hours. It is currently trading on 10322 active market(s) with $13,955,399,765.77 traded over the last 24 hours. More information can be found at https://www.ethereum.org/.. It has a market capilization of 306510036992.

From 2024-02-16 to 2024-02-23, ETH-USD's stock price increased from 2803.69 to 2921.66. News during this period are listed below:

[Headline]: S&P Global Just Made Ethereum's Centralization Risk a TradFi Concern
[Summary]: In a recent note, S&P Global warned about the concentration risk present in Ethereum as Ether rallied in anticipation of a possible Ether exchange-traded fund (ETF).

""U.S. spot ether ETFs that incorp...

[Headline]: Vitalik Buterin Floats Idea of AI-Based Code Audits, Ethereum Project Developers Back Him Up
[Summary]: Ethereum co-founder Vitalik Buterin suggested using AI to improve code audits and reduce bugs in blockchain projects.

AI-assisted code audits can adapt and learn from new information, making them mor...

[Headline]: Former Fidelity International Digital Assets Executive Joins Advisory Board of Ethereum L2 Layer N
[Summary]: Layer N, a roll-up network designed to scale financial applications on Ethereum, announced today the appointment of Hong Kong-based former Fidelity International executive Luc Froehlich to its advisor...

[Headline]: Liquid Restaking Tokens or 'LRTs' Revived Ethereum DeFi. Can the Hype Last?
[Summary]: Decentralized finance (DeFi) on Ethereum has seen a resurgence with the rise of ""liquid restaking tokens,"" or LRTs.

LRTs are built on top of EigenLayer, the ""restaking"" protocol that lets networks ta...

From 2024-02-23 to 2024-03-01, ETH-USD's stock price increased from 2921.66 to 3435.05. News during this period are listed below:

[Headline]: Think Beyond Bitcoin: Ethereum’s Use Cases and Latest Technology
[Summary]: Michael recently authored The Ethereum Investment Framework, a comprehensive report designed to be the industry standard for evaluating the Ethereum ecosystem. CoinDesk Indices contributed an article ...

[Headline]: What to Expect From Ethereum’s Cancun-Deneb Upgrade
[Summary]: The Ethereum blockchain has seen significant upgrades in recent times, enhancing its scalability, efficiency, and security. These improvements address the blockchain trilemma — the challenge of balanc...

[Headline]: Coinbase Adds 2 Software Programs for Ethereum Staking, to Reduce Concentration Risks
[Summary]: Coinbase said its Ethereum staking program, which has previously relied only on the Geth execution client software, plans to eventually distribute its usage evenly between Geth and two additional opti...

[Headline]: PEPE and WIF Jump 50%, Putting Ethereum and Solana Meme Coins in Focus
[Summary]: Prominent meme tokens on Ethereum and Solana ecosystems, such as PEPE and WIF, have rallied significantly, gaining up to 51% in the past 24 hours.

The surge in meme coins is seen as a way to bet on t...

[Headline]: Avail, an Ethereum Data Network to Rival Celestia, Raises $27M In Seed Round
[Summary]: Avail, among a handful of new ""data availability"" blockchain projects designed to handle transaction data produced by the increasingly sprawling networks, announced on Monday a $27 million fundraising...



Based on all the information before 2024-03-01, let's first analyze the positive developments and potential concerns for ETH-USD. Come up with 2-4 most important factors respectively and keep them concise. Most factors should be inferred from cryptocurrencies related news. Then let's assume your prediction for next week (2024-03-01 to 2024-03-08) is up by more than 5%. Provide a summary analysis to support your prediction. The prediction result need to be inferred from your analysis at the end, and thus not appearing as a foundational factor of your analysis.","**[Positive Developments]:
1. **Dencun Upgrade**: The successful Dencun upgrade has led to lower fees for layer-2 blockchains, making Ethereum more attractive for developers and users.
2. **Institutional Staking**: Coinbase's addition of new software programs for Ethereum staking aims to reduce concentration risks and enhance the network's security.
3. **Investment Framework**: The comprehensive report on Ethereum's use cases and technology by Michael provides a bullish outlook and could attract more investors.

**[Potential Concerns]:
1. **Meme Token Speculation**: The significant rally in meme tokens like PEPE and WIF could lead to market bubbles and increased volatility.
2. **Regulatory Scrutiny**: The anticipation of an Ether ETF and the warnings from S&P Global about centralization risk could attract regulatory attention, potentially impacting market sentiment.
3. **Network Competition**: The presence of developers from other ecosystems like Bitcoin and Solana at Ethereum conferences suggests increasing competition, which could dilute Ethereum's market share.

**[Prediction & Analysis]:
Ethereum's price has shown strong upward momentum, driven by the successful Dencun upgrade and growing institutional interest. The upgrade has resulted in lower fees for layer-2 blockchains, making Ethereum more competitive and user-friendly. Additionally, Coinbase's efforts to diversify its staking software and the comprehensive investment framework by Michael provide a bullish outlook for the network.

However, the speculation in meme tokens and potential regulatory scrutiny could introduce volatility and uncertainty. The significant rally in meme tokens could lead to market bubbles, while regulatory attention could impact market sentiment. Furthermore, increasing competition from other ecosystems could dilute Ethereum's market share.

Despite these concerns, the positive developments are likely to drive demand for ETH in the short term. The technological advancements and institutional interest are expected to outweigh the potential downsides, leading to a price increase. Therefore, the prediction for the upcoming week (2024-03-01 to 2024-03-08) is a price increase of more than 5%."
"[Cryptocurrency Introduction]: Ethereum (ETH) is a cryptocurrency . Ethereum has a current supply of 120,723,694.21201035. The last known price of Ethereum is 2,480.80462336 USD and is down -0.37 over the last 24 hours. It is currently trading on 10322 active market(s) with $13,955,399,765.77 traded over the last 24 hours. More information can be found at https://www.ethereum.org/.. It has a market capilization of 306510036992.

From 2024-02-09 to 2024-02-16, ETH-USD's stock price increased from 2487.52 to 2803.69. News during this period are listed below:

[Headline]: The Protocol: Bitcoin's OP_CAT, Fake Ethereum Tokens, Starknet's Airdrop
[Summary]: We love to write about blockchain tech, and we hope you love The Protocol newsletter. Not sure how else to say this but: We ♥️ our readers.

In this week's issue:

ERC-404 tokens take over Ethereum. B...

[Headline]: Protocol Village: Sommelier Expands to Ethereum Layer-2s Via Axelar, Starting With Arbitrum
[Summary]: Feb. 14: Sommelier, a DeFi platform offering yield-generating vaults, is expanding to Ethereum layer 2s via Axelar's cross-chain messaging. According to the team: ""This allows accessing new opportunit...

[Headline]: Crypto Custodian Taurus Enlists Lido to Bring Liquid Ethereum Staking to Swiss Banks
[Summary]: Swiss-based FINMA-regulated banks can now offer liquid staking via Taurus and Lido.

Taurus is working with Deutsche Bank and Santander.

Banks allowing their customers to earn an income from holding ...

[Headline]: Ethereum Developers Create 'DN-404' Tokens After ERC-404s Send Network Fees Surging
[Summary]: The sudden hype over ERC-404 tokens has spurred millions of dollars in trading volumes since its start in early February, but has seemingly caused Ethereum network fees known as ""gas"" to spike to eigh...

[Headline]: Ethereum Validator Entry Queue Signals Renewed Interest in Staking
[Summary]: The waitlist for new Ethereum validators is now the longest since early October.

The renewed interest in staking is noteworthy as the yield on staked ether remains below 4%.

The Ethereum network is ...

From 2024-02-16 to 2024-02-23, ETH-USD's stock price increased from 2803.69 to 2921.66. News during this period are listed below:

[Headline]: S&P Global Just Made Ethereum's Centralization Risk a TradFi Concern
[Summary]: In a recent note, S&P Global warned about the concentration risk present in Ethereum as Ether rallied in anticipation of a possible Ether exchange-traded fund (ETF).

""U.S. spot ether ETFs that incorp...

[Headline]: Vitalik Buterin Floats Idea of AI-Based Code Audits, Ethereum Project Developers Back Him Up
[Summary]: Ethereum co-founder Vitalik Buterin suggested using AI to improve code audits and reduce bugs in blockchain projects.

AI-assisted code audits can adapt and learn from new information, making them mor...

[Headline]: Former Fidelity International Digital Assets Executive Joins Advisory Board of Ethereum L2 Layer N
[Summary]: Layer N, a roll-up network designed to scale financial applications on Ethereum, announced today the appointment of Hong Kong-based former Fidelity International executive Luc Froehlich to its advisor...

[Headline]: Liquid Restaking Tokens or 'LRTs' Revived Ethereum DeFi. Can the Hype Last?
[Summary]: Decentralized finance (DeFi) on Ethereum has seen a resurgence with the rise of ""liquid restaking tokens,"" or LRTs.

LRTs are built on top of EigenLayer, the ""restaking"" protocol that lets networks ta...

From 2024-02-23 to 2024-03-01, ETH-USD's stock price increased from 2921.66 to 3435.05. News during this period are listed below:

[Headline]: Think Beyond Bitcoin: Ethereum’s Use Cases and Latest Technology
[Summary]: Michael recently authored The Ethereum Investment Framework, a comprehensive report designed to be the industry standard for evaluating the Ethereum ecosystem. CoinDesk Indices contributed an article ...

[Headline]: What to Expect From Ethereum’s Cancun-Deneb Upgrade
[Summary]: The Ethereum blockchain has seen significant upgrades in recent times, enhancing its scalability, efficiency, and security. These improvements address the blockchain trilemma — the challenge of balanc...

[Headline]: Coinbase Adds 2 Software Programs for Ethereum Staking, to Reduce Concentration Risks
[Summary]: Coinbase said its Ethereum staking program, which has previously relied only on the Geth execution client software, plans to eventually distribute its usage evenly between Geth and two additional opti...

[Headline]: PEPE and WIF Jump 50%, Putting Ethereum and Solana Meme Coins in Focus
[Summary]: Prominent meme tokens on Ethereum and Solana ecosystems, such as PEPE and WIF, have rallied significantly, gaining up to 51% in the past 24 hours.

The surge in meme coins is seen as a way to bet on t...

[Headline]: Avail, an Ethereum Data Network to Rival Celestia, Raises $27M In Seed Round
[Summary]: Avail, among a handful of new ""data availability"" blockchain projects designed to handle transaction data produced by the increasingly sprawling networks, announced on Monday a $27 million fundraising...

From 2024-03-01 to 2024-03-08, ETH-USD's stock price increased from 3435.05 to 3892.06. News during this period are listed below:

[Headline]: Crypto for Advisors: Ethereum Staking
[Summary]: The Ethereum network generates over $1 million daily in transaction revenue, up 35% from one year ago. Participants can stake their asset to be a validator and earn revenue or yield. ETH's all-time hi...

[Headline]: Ethereum’s Dencun Upgrade Could Mean Near-Zero Fees for Layer-2 Blockchains: Fidelity Digital Assets
[Summary]: The Dencun upgrade is scheduled for March 13.

It is expected to result in lower fees for users of layer-2 networks.

It allows Ethereum to act as a proper database for other blockchains.

The Ethereu...

[Headline]: Ethereum Fees Set to Drop for Arbitrum, Polygon, Starknet, Base. But How Much?
[Summary]: Ethereum's milestone Dencun upgrade, expected next week, is expected to result in lower costs for layer-2 blockchains to stash data on the main blockchain – a reduction that's likely to be passed alon...

[Headline]: Bitcoiners, Solana Acolytes Crash Ethereum Conference in Denver – for a Reason
[Summary]: Last week's ETHDenver conference, originally focused on the Ethereum blockchain, drew a presence from developers and teams focused on other ecosystems, including Bitcoin, Solana and Polkadot.

The dra...

[Headline]: Taiko, an 'Ethereum-Equivalent ZK Rollup,' Raises $15M
[Summary]: Taiko has raised $15 million in a series A fundraising, bringing its lifetime outside investment total to $37 million.

Project claims to be an ""Ethereum-equivalent ZK rollup"" with ""based sequencing"" ...



Based on all the information before 2024-03-08, let's first analyze the positive developments and potential concerns for ETH-USD. Come up with 2-4 most important factors respectively and keep them concise. Most factors should be inferred from cryptocurrencies related news. Then let's assume your prediction for next week (2024-03-08 to 2024-03-15) is down by 4-5%. Provide a summary analysis to support your prediction. The prediction result need to be inferred from your analysis at the end, and thus not appearing as a foundational factor of your analysis.","**[Positive Developments]:
1. **Dencun Upgrade**: The Dencun upgrade is expected to result in near-zero fees for layer-2 blockchains, enhancing Ethereum's scalability and efficiency.
2. **Institutional Staking**: Swiss banks offering liquid Ethereum staking via Taurus and Lido suggests growing institutional adoption and demand for ETH.
3. **Layer-2 Innovation**: The expansion of DeFi platforms like Sommelier to Ethereum layer-2s and the raise of $15M in a series by Taiko indicate continued innovation and growth in the Ethereum ecosystem.

**[Potential Concerns]:
1. **Meme Token Volatility**: The surge in meme tokens like PEPE and WIF could introduce market bubbles and increased volatility, impacting Ethereum's price stability.
2. **Network Congestion**: The hype over ERC-404 tokens has led to increased network fees, which could deter users and developers from engaging with the Ethereum network.
3. **Regulatory Uncertainty**: The anticipation of an Ether ETF and the warnings from S&P Global about centralization risk could attract regulatory attention, potentially impacting market sentiment.

**[Prediction & Analysis]:
Ethereum's price has been on an upward trajectory, supported by the anticipated Dencun upgrade and growing institutional adoption. The upgrade is expected to enhance the network's scalability and efficiency, making Ethereum more competitive. Additionally, the expansion of DeFi platforms to layer-2 solutions and the raise of Taiko indicates continued innovation and growth in the Ethereum ecosystem.

However, the volatility introduced by meme tokens and potential regulatory scrutiny could temper this optimism. The surge in meme tokens could lead to market bubbles, while regulatory attention could impact market sentiment. Furthermore, the increased network fees due to the hype over ERC-404 tokens could deter users and developers from engaging with the Ethereum network.

Despite these concerns, the positive developments are likely to drive demand for ETH in the short term. The technological advancements and institutional adoption are expected to outweigh the potential downsides, leading to a price increase. However, given the potential volatility and regulatory uncertainty, the price increase is expected to be modest. Therefore, the prediction for the upcoming week (2024-03-08 to 2024-03-15) is a price decrease of approximately 4-5%."
"[Cryptocurrency Introduction]: Ethereum (ETH) is a cryptocurrency . Ethereum has a current supply of 120,723,694.21201035. The last known price of Ethereum is 2,480.80462336 USD and is down -0.37 over the last 24 hours. It is currently trading on 10322 active market(s) with $13,955,399,765.77 traded over the last 24 hours. More information can be found at https://www.ethereum.org/.. It has a market capilization of 306510036992.

From 2024-02-23 to 2024-03-01, ETH-USD's stock price increased from 2921.66 to 3435.05. News during this period are listed below:

[Headline]: Think Beyond Bitcoin: Ethereum’s Use Cases and Latest Technology
[Summary]: Michael recently authored The Ethereum Investment Framework, a comprehensive report designed to be the industry standard for evaluating the Ethereum ecosystem. CoinDesk Indices contributed an article ...

[Headline]: What to Expect From Ethereum’s Cancun-Deneb Upgrade
[Summary]: The Ethereum blockchain has seen significant upgrades in recent times, enhancing its scalability, efficiency, and security. These improvements address the blockchain trilemma — the challenge of balanc...

[Headline]: Coinbase Adds 2 Software Programs for Ethereum Staking, to Reduce Concentration Risks
[Summary]: Coinbase said its Ethereum staking program, which has previously relied only on the Geth execution client software, plans to eventually distribute its usage evenly between Geth and two additional opti...

[Headline]: PEPE and WIF Jump 50%, Putting Ethereum and Solana Meme Coins in Focus
[Summary]: Prominent meme tokens on Ethereum and Solana ecosystems, such as PEPE and WIF, have rallied significantly, gaining up to 51% in the past 24 hours.

The surge in meme coins is seen as a way to bet on t...

[Headline]: Avail, an Ethereum Data Network to Rival Celestia, Raises $27M In Seed Round
[Summary]: Avail, among a handful of new ""data availability"" blockchain projects designed to handle transaction data produced by the increasingly sprawling networks, announced on Monday a $27 million fundraising...

From 2024-03-01 to 2024-03-08, ETH-USD's stock price increased from 3435.05 to 3892.06. News during this period are listed below:

[Headline]: Crypto for Advisors: Ethereum Staking
[Summary]: The Ethereum network generates over $1 million daily in transaction revenue, up 35% from one year ago. Participants can stake their asset to be a validator and earn revenue or yield. ETH's all-time hi...

[Headline]: Ethereum’s Dencun Upgrade Could Mean Near-Zero Fees for Layer-2 Blockchains: Fidelity Digital Assets
[Summary]: The Dencun upgrade is scheduled for March 13.

It is expected to result in lower fees for users of layer-2 networks.

It allows Ethereum to act as a proper database for other blockchains.

The Ethereu...

[Headline]: Ethereum Fees Set to Drop for Arbitrum, Polygon, Starknet, Base. But How Much?
[Summary]: Ethereum's milestone Dencun upgrade, expected next week, is expected to result in lower costs for layer-2 blockchains to stash data on the main blockchain – a reduction that's likely to be passed alon...

[Headline]: Bitcoiners, Solana Acolytes Crash Ethereum Conference in Denver – for a Reason
[Summary]: Last week's ETHDenver conference, originally focused on the Ethereum blockchain, drew a presence from developers and teams focused on other ecosystems, including Bitcoin, Solana and Polkadot.

The dra...

[Headline]: Taiko, an 'Ethereum-Equivalent ZK Rollup,' Raises $15M
[Summary]: Taiko has raised $15 million in a series A fundraising, bringing its lifetime outside investment total to $37 million.

Project claims to be an ""Ethereum-equivalent ZK rollup"" with ""based sequencing"" ...

From 2024-03-08 to 2024-03-15, ETH-USD's stock price decreased from 3892.06 to 3735.22. News during this period are listed below:

[Headline]: Layer 2 Blockchains Become Cheaper After Ethereum's Dencun Upgrade
[Summary]: The average transaction costs on layer solutions like Optimism and Base slide after Ethereum’s Dencun upgrade.

The upgrade allows layer 2 solutions to store data in “blobs” instead of the expensive c...

[Headline]: Developers Upload Script of Jerry Seinfeld’s ‘Bee Movie’ on Ethereum as Gas Fees Plunge After Dencun
[Summary]: Ethereum’s Dencun upgrade has significantly reduced data fees, allowing developers to post the Bee Movie script on the blockchain at a much lower cost.

The new “blobs” feature is designed for layer 2...

[Headline]: The Protocol: Is Ethereum's Dencun Update All It's Cracked Up To Be?
[Summary]: The main news this week centers around today's Ethereum upgrade, Dencun, which marks the blockchain's biggest technical shift in over a year. As CoinDesk's Margaux Nijkerk reports, the upgrade could h...

[Headline]: Ethereum Finalizes 'Dencun' Upgrade, in Landmark Move to Reduce Data Fees 
[Summary]: Ethereum, the second-biggest blockchain after Bitcoin, activated its much-anticipated ""Dencun"" upgrade, a move to spur growth on so-called layer-2 networks like Arbitrum and Polygon, by reducing their...

[Headline]: 5 Things to Know About Ethereum's Latest, Greatest Upgrade: Dencun
[Summary]: Dencun, the largest Ethereum upgrade since the network switched to proof-of-stake (PoS) 18 months ago, is set to go live sometime tomorrow. Some developers have referred to the release as a cheap for ...



Based on all the information before 2024-03-15, let's first analyze the positive developments and potential concerns for ETH-USD. Come up with 2-4 most important factors respectively and keep them concise. Most factors should be inferred from cryptocurrencies related news. Then let's assume your prediction for next week (2024-03-15 to 2024-03-22) is down by more than 5%. Provide a summary analysis to support your prediction. The prediction result need to be inferred from your analysis at the end, and thus not appearing as a foundational factor of your analysis.","**[Positive Developments]:
1. **Dencun Upgrade**: The successful Dencun upgrade has led to lower fees for layer-2 blockchains, enhancing Ethereum's scalability and efficiency.
2. **Investment Framework**: The comprehensive report on Ethereum's use cases and technology by Michael provides a bullish outlook and could attract more investors.
3. **Institutional Staking**: Coinbase's addition of new software programs for Ethereum staking aims to reduce concentration risks and enhance the network's security.

**[Potential Concerns]:
1. **Meme Token Speculation**: The significant rally in meme tokens like PEPE and WIF could lead to market bubbles and increased volatility.
2. **Regulatory Scrutiny**: The warnings from S&P Global about centralization risk and the anticipation of an Ether ETF could attract regulatory attention, potentially impacting market sentiment.
3. **Network Competition**: The presence of developers from other ecosystems like Bitcoin and Solana at Ethereum conferences suggests increasing competition, which could dilute Ethereum's market share.

**[Prediction & Analysis]:
Ethereum's price has shown strong upward momentum, driven by the successful Dencun upgrade and growing institutional interest. The upgrade has resulted in lower fees for layer-2 blockchains, making Ethereum more competitive and user-friendly. Additionally, the comprehensive investment framework by Michael and Coinbase's efforts to diversify its staking software provide a bullish outlook for the network.

However, the speculation in meme tokens and potential regulatory scrutiny could introduce volatility and uncertainty. The significant rally in meme tokens could lead to market bubbles, while regulatory attention could impact market sentiment. Furthermore, increasing competition from other ecosystems could dilute Ethereum's market share.

Given these factors, the market may experience a correction as investors take profits and reassess the potential risks. The concerns about meme token speculation, regulatory scrutiny, and network competition are likely to weigh on market sentiment, leading to a price decrease. Therefore, the prediction for the upcoming week (2024-03-15 to 2024-03-22) is a price decrease of more than 5%."
"[Cryptocurrency Introduction]: Ethereum (ETH) is a cryptocurrency . Ethereum has a current supply of 120,723,694.21201035. The last known price of Ethereum is 2,480.80462336 USD and is down -0.37 over the last 24 hours. It is currently trading on 10322 active market(s) with $13,955,399,765.77 traded over the last 24 hours. More information can be found at https://www.ethereum.org/.. It has a market capilization of 306510036992.

From 2024-03-15 to 2024-03-22, ETH-USD's stock price decreased from 3735.22 to 3333.69. News during this period are listed below:

[Headline]: Crypto for Advisors: Understanding The Ethereum Economy
[Summary]: Numerous other applications, known as layer-2 or L2 protocols, are being built in addition to Ethereum's functionality. Research analysts Christopher Jensen and David Alderman from Franklin Templeton ...

[Headline]: Ethereum Foundation Faces Inquiry From a Government; Fortune Says SEC Investigating ETH 
[Summary]: The Ethereum Foundation – the Swiss non-profit organization at the heart of the Ethereum ecosystem – is facing questions from an unnamed ""state authority,"" according to the group's website's GitHub re...

[Headline]: Starknet, an Ethereum Layer 2, Plans 'Parallel Execution' to Mimic Solana's Speed Feature 
[Summary]: Starknet's 2024 road map calls for the addition of parallel transactions starting in the second quarter.

Developers behind the project also released plans for measures to cut fees.

Starknet is the b...

[Headline]: Solana Leapfrogs Ethereum on DEX Volume
[Summary]: Solana-based decentralized exchanges have been busier than their Ethereum counterparts over the past seven days.

The meme coin frenzy seems to have catalyzed higher volumes on Solana.

Solana also bo...

[Headline]: Solana Meme Coin Slerf Clocks Higher Trading Volume Than All of Ethereum
[Summary]: A Solana-based meme coin, Slerf, has surpassed all Ethereum-based exchanges in trading volume within its first day of existence.

Slerf's popularity surged after its developer said they accidentally s...



Based on all the information before 2024-03-22, let's first analyze the positive developments and potential concerns for ETH-USD. Come up with 2-4 most important factors respectively and keep them concise. Most factors should be inferred from cryptocurrencies related news. Then let's assume your prediction for next week (2024-03-22 to 2024-03-29) is up by more than 5%. Provide a summary analysis to support your prediction. The prediction result need to be inferred from your analysis at the end, and thus not appearing as a foundational factor of your analysis.","**[Positive Developments]:
1. **Layer-2 Expansion**: Starknet's plans to introduce parallel execution and fee reductions, along with the growth of various L2 protocols, indicate a strong ecosystem development ([Headline 3]).
2. **Infrastructure Improvements**: Continuous improvements and upgrades, such as those planned by Starknet, reflect ongoing innovation and scaling efforts ([Headline 3]).

**[Potential Concerns]:
1. **Regulatory Scrutiny**: The Ethereum Foundation facing inquiries from a government authority raises concerns about potential regulatory risks ([Headline 2]).
2. **Market Competition**: Solana's surge in DEX volume and the popularity of Solana-based meme coins highlight increasing competition that could divert attention and capital from Ethereum ([Headline 4], [Headline 5]).

**[Prediction & Analysis]:
The recent decline in ETH's price can be attributed to regulatory concerns and increased competition from other blockchains like Solana. However, the ongoing developments in Layer-2 solutions and infrastructure improvements suggest a robust foundation for future growth. The Ethereum ecosystem's resilience and continuous innovation are likely to attract investors, leading to a price increase. Despite the regulatory scrutiny, the market often views such events as temporary setbacks rather than long-term impediments. Therefore, we predict that ETH-USD will rise by more than 5% next week as the market recognizes the underlying strength and potential of Ethereum's technological advancements."
"[Cryptocurrency Introduction]: Ethereum (ETH) is a cryptocurrency . Ethereum has a current supply of 120,723,694.21201035. The last known price of Ethereum is 2,480.80462336 USD and is down -0.37 over the last 24 hours. It is currently trading on 10322 active market(s) with $13,955,399,765.77 traded over the last 24 hours. More information can be found at https://www.ethereum.org/.. It has a market capilization of 306510036992.

From 2024-03-01 to 2024-03-08, ETH-USD's stock price increased from 3435.05 to 3892.06. News during this period are listed below:

[Headline]: Crypto for Advisors: Ethereum Staking
[Summary]: The Ethereum network generates over $1 million daily in transaction revenue, up 35% from one year ago. Participants can stake their asset to be a validator and earn revenue or yield. ETH's all-time hi...

[Headline]: Ethereum’s Dencun Upgrade Could Mean Near-Zero Fees for Layer-2 Blockchains: Fidelity Digital Assets
[Summary]: The Dencun upgrade is scheduled for March 13.

It is expected to result in lower fees for users of layer-2 networks.

It allows Ethereum to act as a proper database for other blockchains.

The Ethereu...

[Headline]: Ethereum Fees Set to Drop for Arbitrum, Polygon, Starknet, Base. But How Much?
[Summary]: Ethereum's milestone Dencun upgrade, expected next week, is expected to result in lower costs for layer-2 blockchains to stash data on the main blockchain – a reduction that's likely to be passed alon...

[Headline]: Bitcoiners, Solana Acolytes Crash Ethereum Conference in Denver – for a Reason
[Summary]: Last week's ETHDenver conference, originally focused on the Ethereum blockchain, drew a presence from developers and teams focused on other ecosystems, including Bitcoin, Solana and Polkadot.

The dra...

[Headline]: Taiko, an 'Ethereum-Equivalent ZK Rollup,' Raises $15M
[Summary]: Taiko has raised $15 million in a series A fundraising, bringing its lifetime outside investment total to $37 million.

Project claims to be an ""Ethereum-equivalent ZK rollup"" with ""based sequencing"" ...

From 2024-03-08 to 2024-03-15, ETH-USD's stock price decreased from 3892.06 to 3735.22. News during this period are listed below:

[Headline]: Layer 2 Blockchains Become Cheaper After Ethereum's Dencun Upgrade
[Summary]: The average transaction costs on layer solutions like Optimism and Base slide after Ethereum’s Dencun upgrade.

The upgrade allows layer 2 solutions to store data in “blobs” instead of the expensive c...

[Headline]: Debating Dencun: Will Ethereum's Big Update Help or Harm the Network?
[Summary]: Ethereum's biggest update in over a year, Dencun, finally arrived on Wednesday after years of planning. It's seen as a good thing. But maybe not universally so.

Proto-danksharding, the main change co...

[Headline]: Blast Blockchain Locks Up Amid Ethereum's Dencun Upgrade
[Summary]: Blast, the recently launched layer-2 blockchain, froze up for about an hour Wednesday amid Ethereum's major Dencun upgrade.

Blast, which is built atop Ethereum and therefore intrinsically linked to i...

[Headline]: Ethereum Finalizes 'Dencun' Upgrade, in Landmark Move to Reduce Data Fees 
[Summary]: Ethereum, the second-biggest blockchain after Bitcoin, activated its much-anticipated ""Dencun"" upgrade, a move to spur growth on so-called layer-2 networks like Arbitrum and Polygon, by reducing their...

[Headline]: Where Did We Go Wrong With Ethereum Scaling?
[Summary]: Coming off the heels of ETH Denver, the rollup ecosystem is buzzing over the several new and exciting ideas discussed in the Mile High City to address the growing state fragmentation issue in the roll...

From 2024-03-15 to 2024-03-22, ETH-USD's stock price decreased from 3735.22 to 3333.69. News during this period are listed below:

[Headline]: Crypto for Advisors: Understanding The Ethereum Economy
[Summary]: Numerous other applications, known as layer-2 or L2 protocols, are being built in addition to Ethereum's functionality. Research analysts Christopher Jensen and David Alderman from Franklin Templeton ...

[Headline]: NBA All-Star Tyrese Haliburton Talks Ethereum and Potentially Receiving Salary in Crypto
[Summary]: Professional basketball player and NBA All-Star Tyrese Haliburton has said that he would consider giving a portion of his salary to his brother to trade cryptocurrencies.

The 24-year-old Indiana Pace...

[Headline]: Ethereum Foundation Faces Inquiry From a Government; Fortune Says SEC Investigating ETH 
[Summary]: The Ethereum Foundation – the Swiss non-profit organization at the heart of the Ethereum ecosystem – is facing questions from an unnamed ""state authority,"" according to the group's website's GitHub re...

[Headline]: Solana Leapfrogs Ethereum on DEX Volume
[Summary]: Solana-based decentralized exchanges have been busier than their Ethereum counterparts over the past seven days.

The meme coin frenzy seems to have catalyzed higher volumes on Solana.

Solana also bo...

[Headline]: Solana Meme Coin Slerf Clocks Higher Trading Volume Than All of Ethereum
[Summary]: A Solana-based meme coin, Slerf, has surpassed all Ethereum-based exchanges in trading volume within its first day of existence.

Slerf's popularity surged after its developer said they accidentally s...

From 2024-03-22 to 2024-03-29, ETH-USD's stock price increased from 3333.69 to 3511.81. News during this period are listed below:

[Headline]: Ethereum Hit by 'Blobscriptions' in First Stress Test of Blockchain's New Data System
[Summary]: The Ethereum blockchain just a couple weeks ago completed a landmark upgrade to create a dedicated space for storing data – known as ""blobs,"" under a plan to reduce fees while also relieving congestio...

[Headline]: Ethereum's Rising Validator Count Is Causing Concerns, Fidelity Digital Assets Says
[Summary]: Ethereum’s active validator set has risen by 74%, Fidelity Digital Assets wrote.

Too many validators is causing concerns about bandwidth risks and centralization.

More validators is normally viewed ...

[Headline]: BOB, a 'Hybrid' Layer-2 Blockchain Mixing Bitcoin and Ethereum, Raises $10M 
[Summary]: BOB's (""Build on Bitcoin"") aim is to roll out the first Bitcoin layer-2 network that's compatible with the Ethereum Virtual Machine (EVM) standard.

The seed round was led by Castle Island Ventures.

...

[Headline]: AI Bot 'Syntax' From Spectral Labs Could Help Non-Coders Write Ethereum Apps
[Summary]: Spectral Labs, a crypto development firm focused on artificial intelligence, wants to make it easier for non-programmers to build on blockchains. On Tuesday the company will launch Syntax, an AI app t...

[Headline]: BlackRock Seeing Only 'A Little Bit' of Demand for Ethereum from Clients, Head of Digital Assets Says
[Summary]: The asset management giant BlackRock's (BLK) clients have some interest in Ethereum {{ETH}} but less than bitcoin {{BTC}}, head of digital assets Robert Mitchnick said.

""I can say that for our client...



Based on all the information before 2024-03-29, let's first analyze the positive developments and potential concerns for ETH-USD. Come up with 2-4 most important factors respectively and keep them concise. Most factors should be inferred from cryptocurrencies related news. Then let's assume your prediction for next week (2024-03-29 to 2024-04-05) is down by more than 5%. Provide a summary analysis to support your prediction. The prediction result need to be inferred from your analysis at the end, and thus not appearing as a foundational factor of your analysis.","**[Positive Developments]:
1. **Dencun Upgrade**: The Dencun upgrade has led to lower fees for Layer-2 networks, making Ethereum more attractive for users and developers ([Headline 2], [Headline 3], [Headline 6]).
2. **Ecosystem Growth**: The Ethereum network's daily transaction revenue has increased, and new Layer-2 projects like Taiko are raising significant funds, indicating a thriving ecosystem ([Headline 1], [Headline 5]).
3. **Increased Adoption**: The ETHDenver conference drew participants from various blockchain ecosystems, showcasing Ethereum's broad appeal and potential for further adoption ([Headline 4]).

**[Potential Concerns]:
1. **Technical Issues**: The Blast blockchain's temporary freeze during the Dencun upgrade highlights potential technical risks and the need for stability ([Headline 7]).
2. **Regulatory Concerns**: The Ethereum Foundation facing inquiries from a government authority raises concerns about potential regulatory risks ([Headline 9]).
3. **Market Competition**: Solana's surge in DEX volume and the popularity of Solana-based meme coins highlight increasing competition that could divert attention and capital from Ethereum ([Headline 11], [Headline 12]).

**[Prediction & Analysis]:
Despite the recent price decrease, Ethereum's fundamentals remain strong. The Dencun upgrade has made the network more efficient and attractive, while the ecosystem continues to grow with new projects and increased adoption. However, regulatory concerns and technical issues pose potential risks. Additionally, the rising competition from Solana could divert market attention. Given these factors, we predict that ETH-USD will decrease by more than 5% next week as investors weigh the potential risks against the positive developments."
"[Cryptocurrency Introduction]: Ethereum (ETH) is a cryptocurrency . Ethereum has a current supply of 120,723,694.21201035. The last known price of Ethereum is 2,480.80462336 USD and is down -0.37 over the last 24 hours. It is currently trading on 10322 active market(s) with $13,955,399,765.77 traded over the last 24 hours. More information can be found at https://www.ethereum.org/.. It has a market capilization of 306510036992.

From 2024-03-29 to 2024-04-05, ETH-USD's stock price decreased from 3511.81 to 3318.89. News during this period are listed below:

[Headline]: Protocol Village: Cosmos-Based Picasso Network Claims to Enable First IBC-Ethereum Connection
[Summary]: April 3: Picasso Network, a Cosmos-rooted interoperability network, announced an integration between the IBC (Inter-Blockchain Communication Protocol) and Ethereum, ""enabling seamless asset and data t...

[Headline]: Ethereum Layer 2s Could Rocket to $1T Base Valuation by 2030, VanEck Says
[Summary]: Investment firm VanEck predicts Ethereum layer 2 networks to be valued at over $1 trillion by 2030 but remains “generally bearish” on the long-term prospects of several such networks.

The firm evalua...

[Headline]: Far Out Sci-Fi Ideas Inspired by New Ethereum Token Designs
[Summary]: In the previous bear market cycle, the question in people's minds was “whether blockchain is useful at all”? Then we witnessed the power of Uniswap, along with the flourishing vitality of decentralize...

[Headline]: Ethereum Could Face 'Hidden Risks' From Ballooning Restaking Market: Coinbase
[Summary]: EigenLayer is now the second largest DeFi protocol with $12.4 billion in TVL, the report said.

Restaking and liquid restaking tokens could pose additional risks compared to existing staking products....

[Headline]: Bitcoin Lightning Exchange FixedFloat Sees 'Suspicious' Transfers of $3M to Ethereum, Tron
[Summary]: “Suspicious” transactions totaling over $3 million were sent out of Bitcoin Lightning-based exchange FixedFloat in the past 24 hours, security firm CertiK told CoinDesk in an email.

CertiK said funds...



Based on all the information before 2024-04-05, let's first analyze the positive developments and potential concerns for ETH-USD. Come up with 2-4 most important factors respectively and keep them concise. Most factors should be inferred from cryptocurrencies related news. Then let's assume your prediction for next week (2024-04-05 to 2024-04-12) is down by 2-3%. Provide a summary analysis to support your prediction. The prediction result need to be inferred from your analysis at the end, and thus not appearing as a foundational factor of your analysis.","**[Positive Developments]:
1. **Interoperability Advancements**: Picasso Network's integration with Ethereum enables seamless asset and data transfers, enhancing Ethereum's interoperability ([Headline 1]).
2. **Layer-2 Growth**: VanEck's prediction of a $1 trillion valuation for Ethereum Layer-2 networks by 2030 highlights the long-term potential of the ecosystem ([Headline 2]).

**[Potential Concerns]:
1. **Restaking Risks**: Coinbase's warning about hidden risks from the ballooning restaking market raises concerns about the stability and security of Ethereum's staking ecosystem ([Headline 4]).
2. **Security Concerns**: Suspicious transactions involving Ethereum and other blockchains highlight potential security vulnerabilities ([Headline 5]).

**[Prediction & Analysis]:
Ethereum's interoperability advancements and the long-term potential of its Layer-2 networks are positive indicators of the ecosystem's growth. However, concerns about restaking risks and security vulnerabilities could dampen investor enthusiasm. Given these factors, we predict that ETH-USD will decrease by 2-3% next week as the market weighs the potential risks against the positive developments. The slight decrease reflects a cautious investor sentiment amidst a mix of positive and concerning factors."
"[Cryptocurrency Introduction]: Ethereum (ETH) is a cryptocurrency . Ethereum has a current supply of 120,723,694.21201035. The last known price of Ethereum is 2,480.80462336 USD and is down -0.37 over the last 24 hours. It is currently trading on 10322 active market(s) with $13,955,399,765.77 traded over the last 24 hours. More information can be found at https://www.ethereum.org/.. It has a market capilization of 306510036992.

From 2024-03-22 to 2024-03-29, ETH-USD's stock price increased from 3333.69 to 3511.81. News during this period are listed below:

[Headline]: Ethereum Hit by 'Blobscriptions' in First Stress Test of Blockchain's New Data System
[Summary]: The Ethereum blockchain just a couple weeks ago completed a landmark upgrade to create a dedicated space for storing data – known as ""blobs,"" under a plan to reduce fees while also relieving congestio...

[Headline]: Ethereum's Rising Validator Count Is Causing Concerns, Fidelity Digital Assets Says
[Summary]: Ethereum’s active validator set has risen by 74%, Fidelity Digital Assets wrote.

Too many validators is causing concerns about bandwidth risks and centralization.

More validators is normally viewed ...

[Headline]: BOB, a 'Hybrid' Layer-2 Blockchain Mixing Bitcoin and Ethereum, Raises $10M 
[Summary]: BOB's (""Build on Bitcoin"") aim is to roll out the first Bitcoin layer-2 network that's compatible with the Ethereum Virtual Machine (EVM) standard.

The seed round was led by Castle Island Ventures.

...

[Headline]: AI Bot 'Syntax' From Spectral Labs Could Help Non-Coders Write Ethereum Apps
[Summary]: Spectral Labs, a crypto development firm focused on artificial intelligence, wants to make it easier for non-programmers to build on blockchains. On Tuesday the company will launch Syntax, an AI app t...

[Headline]: BlackRock Seeing Only 'A Little Bit' of Demand for Ethereum from Clients, Head of Digital Assets Says
[Summary]: The asset management giant BlackRock's (BLK) clients have some interest in Ethereum {{ETH}} but less than bitcoin {{BTC}}, head of digital assets Robert Mitchnick said.

""I can say that for our client...

From 2024-03-29 to 2024-04-05, ETH-USD's stock price decreased from 3511.81 to 3318.89. News during this period are listed below:

[Headline]: Protocol Village: Cosmos-Based Picasso Network Claims to Enable First IBC-Ethereum Connection
[Summary]: April 3: Picasso Network, a Cosmos-rooted interoperability network, announced an integration between the IBC (Inter-Blockchain Communication Protocol) and Ethereum, ""enabling seamless asset and data t...

[Headline]: Ethereum Layer 2s Could Rocket to $1T Base Valuation by 2030, VanEck Says
[Summary]: Investment firm VanEck predicts Ethereum layer 2 networks to be valued at over $1 trillion by 2030 but remains “generally bearish” on the long-term prospects of several such networks.

The firm evalua...

[Headline]: Far Out Sci-Fi Ideas Inspired by New Ethereum Token Designs
[Summary]: In the previous bear market cycle, the question in people's minds was “whether blockchain is useful at all”? Then we witnessed the power of Uniswap, along with the flourishing vitality of decentralize...

[Headline]: Ethereum Could Face 'Hidden Risks' From Ballooning Restaking Market: Coinbase
[Summary]: EigenLayer is now the second largest DeFi protocol with $12.4 billion in TVL, the report said.

Restaking and liquid restaking tokens could pose additional risks compared to existing staking products....

[Headline]: Bitcoin Lightning Exchange FixedFloat Sees 'Suspicious' Transfers of $3M to Ethereum, Tron
[Summary]: “Suspicious” transactions totaling over $3 million were sent out of Bitcoin Lightning-based exchange FixedFloat in the past 24 hours, security firm CertiK told CoinDesk in an email.

CertiK said funds...

From 2024-04-05 to 2024-04-12, ETH-USD's stock price decreased from 3318.89 to 3243.03. News during this period are listed below:

[Headline]: Former Ethereum Adviser Intends to Sue U.S. Government for $9.6B Over Dropped Extortion Charges
[Summary]: Steven Nerayoff, a former adviser to the Ethereum network, is seeking $9.6 billion in damages from the U.S. government stemming from a 2019 case against him that was later dropped.

Lawyers for Nerayo...

[Headline]: VanEck CEO Says Transaction Fee Is Bigger Story Than Bitcoin or Ethereum ETFs
[Summary]: The CEO of VanEck – the global investment firm whose Bitcoin Trust (HODL) is among the almost dozen spot bitcoin ETFs – thinks the cryptocurrency industry should focus more on transaction fees and not...

[Headline]: EigenLayer and EigenDA Launch on Ethereum Mainnet
[Summary]: EigenLayer, a ""restaking"" service for Ethereum that has already racked up $12 billion in user deposits, announced today that it is officially launching to the blockchain's mainnet. The launch comes al...

[Headline]: What the Ethereum Community's Staking Argument Is Really About
[Summary]: When is a discussion about the issuance curve of staking rewards in Ethereum not really a discussion about the issuance curve of staking rewards in Ethereum? When it’s really about Ethereum governance...

[Headline]: Ethereum Foundation Researchers' Proposal to Slow ETH Issuance Draws Pushback
[Summary]: The Ethereum Foundation researchers' original goal was partly to keep the liquid-staking industry's dominance from growing even further – by reducing the incentives for new stakers.

But the proposal ...



Based on all the information before 2024-04-12, let's first analyze the positive developments and potential concerns for ETH-USD. Come up with 2-4 most important factors respectively and keep them concise. Most factors should be inferred from cryptocurrencies related news. Then let's assume your prediction for next week (2024-04-12 to 2024-04-19) is down by more than 5%. Provide a summary analysis to support your prediction. The prediction result need to be inferred from your analysis at the end, and thus not appearing as a foundational factor of your analysis.","**[Positive Developments]:
1. **Innovation in Layer-2 Solutions**: The development of hybrid Layer-2 blockchains like BOB, which combines Bitcoin and Ethereum, showcases ongoing innovation and expansion of the Ethereum ecosystem ([Headline 3]).
2. **AI Integration**: The launch of AI bots like Syntax from Spectral Labs makes it easier for non-programmers to build on Ethereum, potentially attracting a broader range of developers and users ([Headline 4]).

**[Potential Concerns]:
1. **Validator Concerns**: The rising number of validators on Ethereum has raised concerns about bandwidth risks and centralization, which could impact the network's stability and security ([Headline 2]).
2. **Security Risks**: The detection of suspicious transactions involving Ethereum highlights potential security vulnerabilities that could undermine investor confidence ([Headline 7]).

**[Prediction & Analysis]:
The integration of AI and the development of innovative Layer-2 solutions are positive indicators of Ethereum's ongoing growth and potential. However, concerns about validator centralization and security risks could dampen market sentiment. Given these factors, we predict that ETH-USD will decrease by 2-3% next week. The slight decrease reflects a cautious investor sentiment amidst a mix of positive developments and potential concerns."
"[Cryptocurrency Introduction]: Ethereum (ETH) is a cryptocurrency . Ethereum has a current supply of 120,723,694.21201035. The last known price of Ethereum is 2,480.80462336 USD and is down -0.37 over the last 24 hours. It is currently trading on 10322 active market(s) with $13,955,399,765.77 traded over the last 24 hours. More information can be found at https://www.ethereum.org/.. It has a market capilization of 306510036992.

From 2024-03-22 to 2024-03-29, ETH-USD's stock price increased from 3333.69 to 3511.81. News during this period are listed below:

[Headline]: Ethereum Hit by 'Blobscriptions' in First Stress Test of Blockchain's New Data System
[Summary]: The Ethereum blockchain just a couple weeks ago completed a landmark upgrade to create a dedicated space for storing data – known as ""blobs,"" under a plan to reduce fees while also relieving congestio...

[Headline]: Ethereum's Rising Validator Count Is Causing Concerns, Fidelity Digital Assets Says
[Summary]: Ethereum’s active validator set has risen by 74%, Fidelity Digital Assets wrote.

Too many validators is causing concerns about bandwidth risks and centralization.

More validators is normally viewed ...

[Headline]: BOB, a 'Hybrid' Layer-2 Blockchain Mixing Bitcoin and Ethereum, Raises $10M 
[Summary]: BOB's (""Build on Bitcoin"") aim is to roll out the first Bitcoin layer-2 network that's compatible with the Ethereum Virtual Machine (EVM) standard.

The seed round was led by Castle Island Ventures.

...

[Headline]: AI Bot 'Syntax' From Spectral Labs Could Help Non-Coders Write Ethereum Apps
[Summary]: Spectral Labs, a crypto development firm focused on artificial intelligence, wants to make it easier for non-programmers to build on blockchains. On Tuesday the company will launch Syntax, an AI app t...

[Headline]: BlackRock Seeing Only 'A Little Bit' of Demand for Ethereum from Clients, Head of Digital Assets Says
[Summary]: The asset management giant BlackRock's (BLK) clients have some interest in Ethereum {{ETH}} but less than bitcoin {{BTC}}, head of digital assets Robert Mitchnick said.

""I can say that for our client...

From 2024-03-29 to 2024-04-05, ETH-USD's stock price decreased from 3511.81 to 3318.89. News during this period are listed below:

[Headline]: Protocol Village: Cosmos-Based Picasso Network Claims to Enable First IBC-Ethereum Connection
[Summary]: April 3: Picasso Network, a Cosmos-rooted interoperability network, announced an integration between the IBC (Inter-Blockchain Communication Protocol) and Ethereum, ""enabling seamless asset and data t...

[Headline]: Ethereum Layer 2s Could Rocket to $1T Base Valuation by 2030, VanEck Says
[Summary]: Investment firm VanEck predicts Ethereum layer 2 networks to be valued at over $1 trillion by 2030 but remains “generally bearish” on the long-term prospects of several such networks.

The firm evalua...

[Headline]: Far Out Sci-Fi Ideas Inspired by New Ethereum Token Designs
[Summary]: In the previous bear market cycle, the question in people's minds was “whether blockchain is useful at all”? Then we witnessed the power of Uniswap, along with the flourishing vitality of decentralize...

[Headline]: Ethereum Could Face 'Hidden Risks' From Ballooning Restaking Market: Coinbase
[Summary]: EigenLayer is now the second largest DeFi protocol with $12.4 billion in TVL, the report said.

Restaking and liquid restaking tokens could pose additional risks compared to existing staking products....

[Headline]: Bitcoin Lightning Exchange FixedFloat Sees 'Suspicious' Transfers of $3M to Ethereum, Tron
[Summary]: “Suspicious” transactions totaling over $3 million were sent out of Bitcoin Lightning-based exchange FixedFloat in the past 24 hours, security firm CertiK told CoinDesk in an email.

CertiK said funds...

From 2024-04-05 to 2024-04-12, ETH-USD's stock price decreased from 3318.89 to 3243.03. News during this period are listed below:

[Headline]: Ethereum's Next Upgrade, 'Pectra,' Could Include Relief for Institutional Stakers, Wallet UX Improvements
[Summary]: Ethereum developers, fresh off the successful Dencun upgrade, which enabled a major change to make it cheaper to transact on layer-2 blockchains, are moving ahead in planning the blockchain's next imp...

[Headline]: Former Ethereum Adviser Intends to Sue U.S. Government for $9.6B Over Dropped Extortion Charges
[Summary]: Steven Nerayoff, a former adviser to the Ethereum network, is seeking $9.6 billion in damages from the U.S. government stemming from a 2019 case against him that was later dropped.

Lawyers for Nerayo...

[Headline]: VanEck CEO Says Transaction Fee Is Bigger Story Than Bitcoin or Ethereum ETFs
[Summary]: The CEO of VanEck – the global investment firm whose Bitcoin Trust (HODL) is among the almost dozen spot bitcoin ETFs – thinks the cryptocurrency industry should focus more on transaction fees and not...

[Headline]: EigenLayer and EigenDA Launch on Ethereum Mainnet
[Summary]: EigenLayer, a ""restaking"" service for Ethereum that has already racked up $12 billion in user deposits, announced today that it is officially launching to the blockchain's mainnet. The launch comes al...

[Headline]: Ethereum Foundation Researchers' Proposal to Slow ETH Issuance Draws Pushback
[Summary]: The Ethereum Foundation researchers' original goal was partly to keep the liquid-staking industry's dominance from growing even further – by reducing the incentives for new stakers.

But the proposal ...

From 2024-04-12 to 2024-04-19, ETH-USD's stock price decreased from 3243.03 to 3059.28. News during this period are listed below:

[Headline]: ‘It Can Be Said With Confidence the SEC Is Investigating Ethereum’: Consensys’ Bill Hughes Talks Crypto Law
[Summary]: Last month, news broke that the U.S. Securities and Exchange Commission (SEC) had subpoenaed the Ethereum Foundation in a seeming first move in preparing a potential lawsuit. At this point, all the wo...



Based on all the information before 2024-04-19, let's first analyze the positive developments and potential concerns for ETH-USD. Come up with 2-4 most important factors respectively and keep them concise. Most factors should be inferred from cryptocurrencies related news. Then let's assume your prediction for next week (2024-04-19 to 2024-04-26) is up by 2-3%. Provide a summary analysis to support your prediction. The prediction result need to be inferred from your analysis at the end, and thus not appearing as a foundational factor of your analysis.","**[Positive Developments]:
1. **Upcoming Upgrades**: Ethereum's next upgrade, 'Pectra,' is expected to bring relief for institutional stakers and improve wallet user experience, indicating continuous improvement and innovation ([Headline 1]).
2. **Ecosystem Expansion**: The launch of EigenLayer and EigenDA on the Ethereum mainnet showcases the growth and diversity of the Ethereum ecosystem ([Headline 4]).

**[Potential Concerns]:
1. **Regulatory Uncertainty**: The SEC's investigation into Ethereum and the lawsuit filed by a former Ethereum adviser against the U.S. government highlight regulatory risks that could impact market sentiment ([Headline 2], [Headline 6]).
2. **Market Uncertainty**: VanEck's focus on transaction fees rather than ETFs indicates a shift in market priorities, which could affect Ethereum's appeal ([Headline 3]).
3. **Community Governance Issues**: The debate surrounding Ethereum's staking argument and the proposal to slow ETH issuance reveal underlying governance challenges that could impact the network's stability ([Headline 5], [Headline 6]).

**[Prediction & Analysis]:
While Ethereum's upcoming upgrades and ecosystem expansion are positive indicators of growth, regulatory uncertainty and market shifts pose significant concerns. The regulatory risks, in particular, could weigh heavily on investor sentiment. However, Ethereum's resilience and continuous innovation are likely to mitigate some of these concerns. Given these factors, we predict that ETH-USD will increase by 2-3% next week. The modest increase reflects a balanced market sentiment, with investors acknowledging both the potential risks and the positive developments."
"[Cryptocurrency Introduction]: Ethereum (ETH) is a cryptocurrency . Ethereum has a current supply of 120,723,694.21201035. The last known price of Ethereum is 2,480.80462336 USD and is down -0.37 over the last 24 hours. It is currently trading on 10322 active market(s) with $13,955,399,765.77 traded over the last 24 hours. More information can be found at https://www.ethereum.org/.. It has a market capilization of 306510036992.

From 2024-03-29 to 2024-04-05, ETH-USD's stock price decreased from 3511.81 to 3318.89. News during this period are listed below:

[Headline]: Protocol Village: Cosmos-Based Picasso Network Claims to Enable First IBC-Ethereum Connection
[Summary]: April 3: Picasso Network, a Cosmos-rooted interoperability network, announced an integration between the IBC (Inter-Blockchain Communication Protocol) and Ethereum, ""enabling seamless asset and data t...

[Headline]: Ethereum Layer 2s Could Rocket to $1T Base Valuation by 2030, VanEck Says
[Summary]: Investment firm VanEck predicts Ethereum layer 2 networks to be valued at over $1 trillion by 2030 but remains “generally bearish” on the long-term prospects of several such networks.

The firm evalua...

[Headline]: Far Out Sci-Fi Ideas Inspired by New Ethereum Token Designs
[Summary]: In the previous bear market cycle, the question in people's minds was “whether blockchain is useful at all”? Then we witnessed the power of Uniswap, along with the flourishing vitality of decentralize...

[Headline]: Ethereum Could Face 'Hidden Risks' From Ballooning Restaking Market: Coinbase
[Summary]: EigenLayer is now the second largest DeFi protocol with $12.4 billion in TVL, the report said.

Restaking and liquid restaking tokens could pose additional risks compared to existing staking products....

[Headline]: Bitcoin Lightning Exchange FixedFloat Sees 'Suspicious' Transfers of $3M to Ethereum, Tron
[Summary]: “Suspicious” transactions totaling over $3 million were sent out of Bitcoin Lightning-based exchange FixedFloat in the past 24 hours, security firm CertiK told CoinDesk in an email.

CertiK said funds...

From 2024-04-05 to 2024-04-12, ETH-USD's stock price decreased from 3318.89 to 3243.03. News during this period are listed below:

[Headline]: Ethereum's Next Upgrade, 'Pectra,' Could Include Relief for Institutional Stakers, Wallet UX Improvements
[Summary]: Ethereum developers, fresh off the successful Dencun upgrade, which enabled a major change to make it cheaper to transact on layer-2 blockchains, are moving ahead in planning the blockchain's next imp...

[Headline]: Former Ethereum Adviser Intends to Sue U.S. Government for $9.6B Over Dropped Extortion Charges
[Summary]: Steven Nerayoff, a former adviser to the Ethereum network, is seeking $9.6 billion in damages from the U.S. government stemming from a 2019 case against him that was later dropped.

Lawyers for Nerayo...

[Headline]: EigenLayer and EigenDA Launch on Ethereum Mainnet
[Summary]: EigenLayer, a ""restaking"" service for Ethereum that has already racked up $12 billion in user deposits, announced today that it is officially launching to the blockchain's mainnet. The launch comes al...

[Headline]: What the Ethereum Community's Staking Argument Is Really About
[Summary]: When is a discussion about the issuance curve of staking rewards in Ethereum not really a discussion about the issuance curve of staking rewards in Ethereum? When it’s really about Ethereum governance...

[Headline]: Ethereum Foundation Researchers' Proposal to Slow ETH Issuance Draws Pushback
[Summary]: The Ethereum Foundation researchers' original goal was partly to keep the liquid-staking industry's dominance from growing even further – by reducing the incentives for new stakers.

But the proposal ...

From 2024-04-12 to 2024-04-19, ETH-USD's stock price decreased from 3243.03 to 3059.28. News during this period are listed below:

[Headline]: ‘It Can Be Said With Confidence the SEC Is Investigating Ethereum’: Consensys’ Bill Hughes Talks Crypto Law
[Summary]: Last month, news broke that the U.S. Securities and Exchange Commission (SEC) had subpoenaed the Ethereum Foundation in a seeming first move in preparing a potential lawsuit. At this point, all the wo...

From 2024-04-19 to 2024-04-26, ETH-USD's stock price increased from 3059.28 to 3130.16. News during this period are listed below:

[Headline]: Consensys Sues SEC Over ‘Unlawful Seizure Of Authority’ Over Ethereum
[Summary]: Ethereum developer Consensys has filed a lawsuit against the U.S. Securities and Exchange Commission, striking back against what the company calls an “unlawful seizure of authority” over Ethereum by t...

[Headline]: EigenLayer-Powered Aligned Layer Raises $20M to Make ZK Proofs Faster, Cheaper on Ethereum
[Summary]: Aligned Layer aims to help engineers avoid bottlenecks when proving their code.

The $20 million Series A was led by Hack VC.

Aligned Layer is an EigenLayer ""actively validated service"" (AVS).

Ether...



Based on all the information before 2024-04-26, let's first analyze the positive developments and potential concerns for ETH-USD. Come up with 2-4 most important factors respectively and keep them concise. Most factors should be inferred from cryptocurrencies related news. Then let's assume your prediction for next week (2024-04-26 to 2024-05-03) is down by 0-1%. Provide a summary analysis to support your prediction. The prediction result need to be inferred from your analysis at the end, and thus not appearing as a foundational factor of your analysis.","### ANALYSIS REQUEST 1

**[Positive Developments]:**
1. **Interoperability Advancements**: Picasso Network's integration between IBC and Ethereum enables seamless asset and data transfer, enhancing Ethereum's interoperability.
2. **Layer 2 Growth**: VanEck's prediction of Ethereum layer 2 networks reaching a $1 trillion valuation by 2030 highlights significant growth potential.
3. **Technological Innovations**: The upcoming 'Pectra' upgrade aims to improve institutional staking and wallet user experience, indicating continuous technological advancements.
4. **EigenLayer Launch**: The launch of EigenLayer on Ethereum's mainnet, with $12 billion in user deposits, showcases strong community support and financial backing.

**[Potential Concerns]:**
1. **Regulatory Pressure**: The SEC's investigation into Ethereum and Consensys' lawsuit against the SEC indicate growing regulatory scrutiny, which could impact market sentiment.
2. **Restaking Risks**: Concerns about the restaking market, including potential risks associated with liquid restaking tokens, could affect Ethereum's staking ecosystem.
3. **Governance Issues**: The debate over the issuance curve of staking rewards and Ethereum Foundation researchers' proposal to slow ETH issuance highlight internal governance challenges.
4. **Legal Disputes**: Former Ethereum adviser Steven Nerayoff's lawsuit against the U.S. government adds to the legal uncertainties surrounding Ethereum.

**[Prediction & Analysis]:**
The recent regulatory pressures and internal governance issues are likely to weigh on Ethereum's price in the short term. The SEC's investigation and the lawsuit by Consensys against the SEC have introduced significant uncertainty, which could dampen investor enthusiasm. Additionally, the debates over staking rewards and the proposal to slow ETH issuance indicate underlying tensions within the Ethereum community. These factors, combined with the potential risks associated with the restaking market, suggest a cautious outlook. Despite positive developments such as the launch of EigenLayer and technological upgrades, the regulatory and governance concerns are expected to dominate market sentiment, leading to a slight decrease in Ethereum's price by 0-1% over the next week."
"[Cryptocurrency Introduction]: Ethereum (ETH) is a cryptocurrency . Ethereum has a current supply of 120,723,694.21201035. The last known price of Ethereum is 2,480.80462336 USD and is down -0.37 over the last 24 hours. It is currently trading on 10322 active market(s) with $13,955,399,765.77 traded over the last 24 hours. More information can be found at https://www.ethereum.org/.. It has a market capilization of 306510036992.

From 2024-04-05 to 2024-04-12, ETH-USD's stock price decreased from 3318.89 to 3243.03. News during this period are listed below:

[Headline]: Ethereum's Next Upgrade, 'Pectra,' Could Include Relief for Institutional Stakers, Wallet UX Improvements
[Summary]: Ethereum developers, fresh off the successful Dencun upgrade, which enabled a major change to make it cheaper to transact on layer-2 blockchains, are moving ahead in planning the blockchain's next imp...

[Headline]: Former Ethereum Adviser Intends to Sue U.S. Government for $9.6B Over Dropped Extortion Charges
[Summary]: Steven Nerayoff, a former adviser to the Ethereum network, is seeking $9.6 billion in damages from the U.S. government stemming from a 2019 case against him that was later dropped.

Lawyers for Nerayo...

[Headline]: VanEck CEO Says Transaction Fee Is Bigger Story Than Bitcoin or Ethereum ETFs
[Summary]: The CEO of VanEck – the global investment firm whose Bitcoin Trust (HODL) is among the almost dozen spot bitcoin ETFs – thinks the cryptocurrency industry should focus more on transaction fees and not...

[Headline]: What the Ethereum Community's Staking Argument Is Really About
[Summary]: When is a discussion about the issuance curve of staking rewards in Ethereum not really a discussion about the issuance curve of staking rewards in Ethereum? When it’s really about Ethereum governance...

[Headline]: Ethereum Foundation Researchers' Proposal to Slow ETH Issuance Draws Pushback
[Summary]: The Ethereum Foundation researchers' original goal was partly to keep the liquid-staking industry's dominance from growing even further – by reducing the incentives for new stakers.

But the proposal ...

From 2024-04-12 to 2024-04-19, ETH-USD's stock price decreased from 3243.03 to 3059.28. News during this period are listed below:

[Headline]: ‘It Can Be Said With Confidence the SEC Is Investigating Ethereum’: Consensys’ Bill Hughes Talks Crypto Law
[Summary]: Last month, news broke that the U.S. Securities and Exchange Commission (SEC) had subpoenaed the Ethereum Foundation in a seeming first move in preparing a potential lawsuit. At this point, all the wo...

From 2024-04-19 to 2024-04-26, ETH-USD's stock price increased from 3059.28 to 3130.16. News during this period are listed below:

[Headline]: Consensys Sues SEC Over ‘Unlawful Seizure Of Authority’ Over Ethereum
[Summary]: Ethereum developer Consensys has filed a lawsuit against the U.S. Securities and Exchange Commission, striking back against what the company calls an “unlawful seizure of authority” over Ethereum by t...

[Headline]: EigenLayer-Powered Aligned Layer Raises $20M to Make ZK Proofs Faster, Cheaper on Ethereum
[Summary]: Aligned Layer aims to help engineers avoid bottlenecks when proving their code.

The $20 million Series A was led by Hack VC.

Aligned Layer is an EigenLayer ""actively validated service"" (AVS).

Ether...

From 2024-04-26 to 2024-05-03, ETH-USD's stock price decreased from 3130.16 to 3103.54. News during this period are listed below:

[Headline]: Bitcoin's Ethereum-Style Programmability Could Come in 12 Months, Rootstock Founder Says
[Summary]: Rootstock's new plan to bring programmability to Bitcoin could unfold over the next 12 months.

The project could lead to the development of layer-2 networks atop Bitcoin without requiring any major c...

[Headline]: Restaking 'Gold Rush' Spreads to Solana From Ethereum, With Jito and Others Joining In
[Summary]: Restaking, an already hot service on the Ethereum blockchain, is now entering the Solana ecosystem, bringing profit-making opportunities but also risks.

Jito, a Solana-based project, is building a re...

[Headline]: House's McHenry Accuses SEC Chief Gensler of Misleading Congress on Ethereum
[Summary]: U.S. Securities and Exchange Commission (SEC) Chair Gary Gensler has been accused of misleading Congress by Rep. Patrick McHenry, the chairman of the House Financial Services Committee, who said Gensl...



Based on all the information before 2024-05-03, let's first analyze the positive developments and potential concerns for ETH-USD. Come up with 2-4 most important factors respectively and keep them concise. Most factors should be inferred from cryptocurrencies related news. Then let's assume your prediction for next week (2024-05-03 to 2024-05-10) is down by more than 5%. Provide a summary analysis to support your prediction. The prediction result need to be inferred from your analysis at the end, and thus not appearing as a foundational factor of your analysis.","### ANALYSIS REQUEST 2

**[Positive Developments]:**
1. **Technological Upgrades**: The upcoming 'Pectra' upgrade aims to improve institutional staking and wallet user experience, showcasing Ethereum's commitment to technological advancements.
2. **Community Support**: The launch of EigenLayer on Ethereum's mainnet, with significant financial backing, demonstrates strong community support and innovation.
3. **Legal Defense**: Consensys' lawsuit against the SEC indicates a proactive stance in defending Ethereum's regulatory status, which could bolster investor confidence.

**[Potential Concerns]:**
1. **Regulatory Uncertainty**: The SEC's investigation into Ethereum and accusations against SEC Chair Gary Gensler highlight growing regulatory scrutiny, which could impact market sentiment.
2. **Restaking Risks**: The spread of restaking services to other ecosystems, such as Solana, introduces potential risks and competition for Ethereum's restaking market.
3. **Legal Disputes**: Former Ethereum adviser Steven Nerayoff's lawsuit against the U.S. government adds to the legal uncertainties surrounding Ethereum.

**[Prediction & Analysis]:**
The increasing regulatory uncertainty and legal disputes are expected to significantly impact Ethereum's price in the short term. The SEC's investigation and the lawsuit by Consensys against the SEC have introduced substantial uncertainty, which could lead to a more significant decrease in Ethereum's price. Additionally, the spread of restaking services to other ecosystems introduces competition and potential risks, further weighing on market sentiment. Despite positive developments such as the 'Pectra' upgrade and community support for EigenLayer, the regulatory and legal concerns are likely to dominate, leading to a decrease in Ethereum's price by more than 5% over the next week."
"[Cryptocurrency Introduction]: Ethereum (ETH) is a cryptocurrency . Ethereum has a current supply of 120,723,694.21201035. The last known price of Ethereum is 2,480.80462336 USD and is down -0.37 over the last 24 hours. It is currently trading on 10322 active market(s) with $13,955,399,765.77 traded over the last 24 hours. More information can be found at https://www.ethereum.org/.. It has a market capilization of 306510036992.

From 2024-04-19 to 2024-04-26, ETH-USD's stock price increased from 3059.28 to 3130.16. News during this period are listed below:

[Headline]: Consensys Sues SEC Over ‘Unlawful Seizure Of Authority’ Over Ethereum
[Summary]: Ethereum developer Consensys has filed a lawsuit against the U.S. Securities and Exchange Commission, striking back against what the company calls an “unlawful seizure of authority” over Ethereum by t...

[Headline]: EigenLayer-Powered Aligned Layer Raises $20M to Make ZK Proofs Faster, Cheaper on Ethereum
[Summary]: Aligned Layer aims to help engineers avoid bottlenecks when proving their code.

The $20 million Series A was led by Hack VC.

Aligned Layer is an EigenLayer ""actively validated service"" (AVS).

Ether...

From 2024-04-26 to 2024-05-03, ETH-USD's stock price decreased from 3130.16 to 3103.54. News during this period are listed below:

[Headline]: Bitcoin's Ethereum-Style Programmability Could Come in 12 Months, Rootstock Founder Says
[Summary]: Rootstock's new plan to bring programmability to Bitcoin could unfold over the next 12 months.

The project could lead to the development of layer-2 networks atop Bitcoin without requiring any major c...

[Headline]: Restaking 'Gold Rush' Spreads to Solana From Ethereum, With Jito and Others Joining In
[Summary]: Restaking, an already hot service on the Ethereum blockchain, is now entering the Solana ecosystem, bringing profit-making opportunities but also risks.

Jito, a Solana-based project, is building a re...

[Headline]: House's McHenry Accuses SEC Chief Gensler of Misleading Congress on Ethereum
[Summary]: U.S. Securities and Exchange Commission (SEC) Chair Gary Gensler has been accused of misleading Congress by Rep. Patrick McHenry, the chairman of the House Financial Services Committee, who said Gensl...

From 2024-05-03 to 2024-05-10, ETH-USD's stock price decreased from 3103.54 to 2909.79. News during this period are listed below:

[Headline]: Sexual Misconduct Allegations Lead Founder of Ethereum Layer-2 Chain 'Eclipse' to Step Back
[Summary]: Neel Somani, the founder and CEO of Ethereum scaling company Eclipse, said on Thursday that he would be stepping back from his role as a ""public face"" for the company in response to a recent slate of ...

[Headline]: Restaking Is Hot in Ethereum and Entering Solana. Should We Worry?
[Summary]: If you're reading this ensconced in a traditional finance career, you know the deal: If money is idle, make it do more work.

Are you, for instance, a broker with collateral quietly sitting in a vault...

[Headline]: Ethereum Developers Target Ease of Crypto Wallets With 'EIP-3074' 
[Summary]: As blockchain teams strive for the holy grail of mainstream adoption, making crypto wallets easier to use is suddenly at the top of the agenda.

Ethereum developers have been moving along with their d...

[Headline]: Popular Crypto Wallet MetaMask Rolls Out 'Smart Transactions' to Combat Ethereum Front-Running
[Summary]: MetaMask, the most popular crypto wallet for Ethereum, is rolling out a new feature this week designed to help users avoid the consequences of maximal extractable value, or MEV.

The optional new feat...



Based on all the information before 2024-05-10, let's first analyze the positive developments and potential concerns for ETH-USD. Come up with 2-4 most important factors respectively and keep them concise. Most factors should be inferred from cryptocurrencies related news. Then let's assume your prediction for next week (2024-05-10 to 2024-05-17) is up by more than 5%. Provide a summary analysis to support your prediction. The prediction result need to be inferred from your analysis at the end, and thus not appearing as a foundational factor of your analysis.","### ANALYSIS REQUEST 3

**[Positive Developments]:**
1. **Technological Innovations**: Ethereum developers are focusing on improving crypto wallets with 'EIP-3074', aiming to enhance user experience and adoption.
2. **Community Support**: The launch of EigenLayer and the raise of $20 million by Aligned Layer demonstrate strong community support and financial backing for Ethereum's ecosystem.
3. **Wallet Improvements**: MetaMask's rollout of 'Smart Transactions' to combat front-running showcases Ethereum's commitment to addressing market inefficiencies and improving user experience.

**[Potential Concerns]:**
1. **Regulatory Pressure**: The SEC's investigation into Ethereum and accusations against SEC Chair Gary Gensler highlight growing regulatory scrutiny, which could impact market sentiment.
2. **Restaking Risks**: The spread of restaking services to other ecosystems, such as Solana, introduces potential risks and competition for Ethereum's restaking market.
3. **Leadership Changes**: The stepping back of Eclipse's founder due to allegations could introduce uncertainty and leadership challenges within the Ethereum community.

**[Prediction & Analysis]:**
The recent technological innovations and community support are expected to drive a positive price movement for Ethereum in the short term. The focus on improving crypto wallets and addressing market inefficiencies, along with strong financial backing for projects like Aligned Layer, indicates a robust and innovative ecosystem. Despite regulatory pressures and potential risks associated with the restaking market, the positive developments are likely to outweigh the concerns, leading to an increase in Ethereum's price by more than 5% over the next week."
"[Cryptocurrency Introduction]: Ethereum (ETH) is a cryptocurrency . Ethereum has a current supply of 120,723,694.21201035. The last known price of Ethereum is 2,480.80462336 USD and is down -0.37 over the last 24 hours. It is currently trading on 10322 active market(s) with $13,955,399,765.77 traded over the last 24 hours. More information can be found at https://www.ethereum.org/.. It has a market capilization of 306510036992.

From 2024-05-10 to 2024-05-17, ETH-USD's stock price increased from 2909.79 to 3094.12. News during this period are listed below:

[Headline]: How MIT Brothers Allegedly Cheated a Noxious-But-Accepted Ethereum Practice for $25M
[Summary]: They had it all planned out.

In late 2022, the brothers Peraire-Bueno – twenty-something graduates of Massachusetts Institute of Technology who had turned their sights on blockchain – embarked on an ...

[Headline]: What the DOJ’s First MEV Lawsuit Means for Ethereum
[Summary]: The U.S. Department of Justice charged two brothers with orchestrating an attack on Ethereum trading bots, charging them with conspiracy to commit wire fraud, wire fraud and conspiracy to commit money...

[Headline]: Brothers Accused of $25M Ethereum Exploit as U.S. Reveals Fraud Charges
[Summary]: Two brothers have been arrested by the U.S. Department of Justice for attacking the Ethereum blockchain and stealing $25 million of cryptocurrency during a 12-second exploit, according to an indictmen...

[Headline]: Exploring Ethereum's Staking Expansion: Potential for Growth and Innovation 
[Summary]: Ethereum is the largest proof-of-stake network by market cap. Currently,32.5 million ($99 billion) ETH has been staked, and the amount of staked ETH has grown by 78% since Ethereum’s Shanghai Upgrade ...

[Headline]: Vitalik Buterin's Ethereum Wallet Proposal, Scribbled in 22 Minutes, Gets Positive Reviews
[Summary]: After a technical proposal to improve Ethereum wallets met with some opposition, a familiar figure swooped in last week to devise an alternative: none other than Vitalik Buterin, the blockchain's co-f...



Based on all the information before 2024-05-17, let's first analyze the positive developments and potential concerns for ETH-USD. Come up with 2-4 most important factors respectively and keep them concise. Most factors should be inferred from cryptocurrencies related news. Then let's assume your prediction for next week (2024-05-17 to 2024-05-24) is up by more than 5%. Provide a summary analysis to support your prediction. The prediction result need to be inferred from your analysis at the end, and thus not appearing as a foundational factor of your analysis.","### ANALYSIS REQUEST 4

**[Positive Developments]:**
1. **Staking Expansion**: The growth of staked ETH and the exploration of staking expansion highlight Ethereum's strong and growing staking ecosystem.
2. **Community Innovation**: Vitalik Buterin's proposal for improving Ethereum wallets received positive reviews, demonstrating ongoing innovation and community support.
3. **Regulatory Clarity**: The DOJ's lawsuit against the brothers accused of a $25 million Ethereum exploit could bring regulatory clarity and enhance market trust.

**[Potential Concerns]:**
1. **Regulatory Uncertainty**: The DOJ's lawsuit and the arrest of the brothers accused of the Ethereum exploit introduce regulatory uncertainty and potential market volatility.
2. **Security Concerns**: The $25 million Ethereum exploit highlights security vulnerabilities within the Ethereum ecosystem, which could impact investor confidence.

**[Prediction & Analysis]:**
The recent focus on staking expansion and community innovation is expected to drive a positive price movement for Ethereum in the short term. The growth of staked ETH and Vitalik Buterin's proposal for improving wallets demonstrate a strong and innovative ecosystem. Despite regulatory uncertainties and security concerns, the positive developments are likely to outweigh the concerns, leading to an increase in Ethereum's price by more than 5% over the next week."
"[Cryptocurrency Introduction]: Ethereum (ETH) is a cryptocurrency . Ethereum has a current supply of 120,723,694.21201035. The last known price of Ethereum is 2,480.80462336 USD and is down -0.37 over the last 24 hours. It is currently trading on 10322 active market(s) with $13,955,399,765.77 traded over the last 24 hours. More information can be found at https://www.ethereum.org/.. It has a market capilization of 306510036992.

From 2024-05-17 to 2024-05-24, ETH-USD's stock price increased from 3094.12 to 3726.93. News during this period are listed below:

[Headline]: BlackRock, Grayscale, Bitwise File Updated 19B Forms in Rush for Ethereum ETF
[Summary]: BlackRock, Grayscale, and Bitwise filed amended 19b-4 forms with the SEC for their proposed spot ether ETFs, removing staking provisions.

This change was likely made to avoid regulatory roadblocks. S...

[Headline]: Bitcoin Is Coming to Ethereum Stalwart MetaMask: Sources
[Summary]: MetaMask, the most-used Ethereum wallet, is working to integrate native bitcoin (BTC), according to two people familiar with the matter.

Access could arrive within the next month, one person said, wh...

[Headline]: Layer-2 Network Starknet Gets Ethereum Virtual Machine With Zero-Knowledge Proofs
[Summary]: StarkWare, the main developer firm behind the layer-2 blockchain Starknet, shared Wednesday plans for its own zero-knowledge rollup compatible with the existing Ethereum infrastructure, a setup common...

[Headline]: Second Ethereum Foundation Researcher Acknowledges Advisory Deal Paid in EIGEN
[Summary]: Dankrad Feist, namesake of the Ethereum data-storage method of ""danksharding,"" disclosed in a post on X that he has taken on an advisory role at EigenFoundation, which supports the pioneering restakin...

[Headline]: ZkSync, Ethereum Layer-2 Network, Hints at Airdrop By End of June
[Summary]: ZkSync has said that the upcoming v24 upgrade will be the last before handing over network governance to the community.

The layer-2 blockchain has $141 million in total value locked (TVL).

Zero-know...



Based on all the information before 2024-05-24, let's first analyze the positive developments and potential concerns for ETH-USD. Come up with 2-4 most important factors respectively and keep them concise. Most factors should be inferred from cryptocurrencies related news. Then let's assume your prediction for next week (2024-05-24 to 2024-05-31) is up by 0-1%. Provide a summary analysis to support your prediction. The prediction result need to be inferred from your analysis at the end, and thus not appearing as a foundational factor of your analysis.","### ANALYSIS REQUEST 5

**[Positive Developments]:**
1. **ETF Filings**: BlackRock, Grayscale, and Bitwise filed amended 19b-4 forms for their proposed spot ether ETFs, indicating growing institutional interest and potential regulatory approval.
2. **Technological Integrations**: MetaMask's integration of native bitcoin (BTC) and Starknet's plans for an Ethereum Virtual Machine with zero-knowledge proofs showcase Ethereum's commitment to technological advancements and interoperability.
3. **Layer-2 Growth**: ZkSync's hint at an airdrop and Starknet's plans for a zero-knowledge rollup highlight the growth and innovation within Ethereum's layer-2 ecosystem.

**[Potential Concerns]:**
1. **Regulatory Uncertainty**: The amended ETF filings and the involvement of major institutions like BlackRock introduce regulatory uncertainty and potential market volatility.
2. **Market Competition**: The integration of native bitcoin (BTC) into MetaMask and the growth of layer-2 networks could introduce competition and market fragmentation.

**[Prediction & Analysis]:**
The recent institutional interest and technological integrations are expected to support Ethereum's price in the short term. The ETF filings by major institutions and the focus on layer-2 growth and interoperability demonstrate a strong and innovative ecosystem. However, the regulatory uncertainties and potential market competition are likely to temper the price movement, leading to a slight increase in Ethereum's price by 0-1% over the next week."
"[Cryptocurrency Introduction]: Ethereum (ETH) is a cryptocurrency . Ethereum has a current supply of 120,723,694.21201035. The last known price of Ethereum is 2,480.80462336 USD and is down -0.37 over the last 24 hours. It is currently trading on 10322 active market(s) with $13,955,399,765.77 traded over the last 24 hours. More information can be found at https://www.ethereum.org/.. It has a market capilization of 306510036992.

From 2024-05-03 to 2024-05-10, ETH-USD's stock price decreased from 3103.54 to 2909.79. News during this period are listed below:

[Headline]: Sexual Misconduct Allegations Lead Founder of Ethereum Layer-2 Chain 'Eclipse' to Step Back
[Summary]: Neel Somani, the founder and CEO of Ethereum scaling company Eclipse, said on Thursday that he would be stepping back from his role as a ""public face"" for the company in response to a recent slate of ...

[Headline]: Restaking Is Hot in Ethereum and Entering Solana. Should We Worry?
[Summary]: If you're reading this ensconced in a traditional finance career, you know the deal: If money is idle, make it do more work.

Are you, for instance, a broker with collateral quietly sitting in a vault...

[Headline]: Ethereum Developers Target Ease of Crypto Wallets With 'EIP-3074' 
[Summary]: As blockchain teams strive for the holy grail of mainstream adoption, making crypto wallets easier to use is suddenly at the top of the agenda.

Ethereum developers have been moving along with their d...

[Headline]: Popular Crypto Wallet MetaMask Rolls Out 'Smart Transactions' to Combat Ethereum Front-Running
[Summary]: MetaMask, the most popular crypto wallet for Ethereum, is rolling out a new feature this week designed to help users avoid the consequences of maximal extractable value, or MEV.

The optional new feat...

From 2024-05-10 to 2024-05-17, ETH-USD's stock price increased from 2909.79 to 3094.12. News during this period are listed below:

[Headline]: How MIT Brothers Allegedly Cheated a Noxious-But-Accepted Ethereum Practice for $25M
[Summary]: They had it all planned out.

In late 2022, the brothers Peraire-Bueno – twenty-something graduates of Massachusetts Institute of Technology who had turned their sights on blockchain – embarked on an ...

[Headline]: What the DOJ’s First MEV Lawsuit Means for Ethereum
[Summary]: The U.S. Department of Justice charged two brothers with orchestrating an attack on Ethereum trading bots, charging them with conspiracy to commit wire fraud, wire fraud and conspiracy to commit money...

[Headline]: Brothers Accused of $25M Ethereum Exploit as U.S. Reveals Fraud Charges
[Summary]: Two brothers have been arrested by the U.S. Department of Justice for attacking the Ethereum blockchain and stealing $25 million of cryptocurrency during a 12-second exploit, according to an indictmen...

[Headline]: Exploring Ethereum's Staking Expansion: Potential for Growth and Innovation 
[Summary]: Ethereum is the largest proof-of-stake network by market cap. Currently,32.5 million ($99 billion) ETH has been staked, and the amount of staked ETH has grown by 78% since Ethereum’s Shanghai Upgrade ...

[Headline]: Vitalik Buterin's Ethereum Wallet Proposal, Scribbled in 22 Minutes, Gets Positive Reviews
[Summary]: After a technical proposal to improve Ethereum wallets met with some opposition, a familiar figure swooped in last week to devise an alternative: none other than Vitalik Buterin, the blockchain's co-f...

From 2024-05-17 to 2024-05-24, ETH-USD's stock price increased from 3094.12 to 3726.93. News during this period are listed below:

[Headline]: Ethereum ETF Approval Could Spur 60% Rally as ETH Buying Increases
[Summary]: The approval of spot ether exchange-traded funds (ETF) in the U.S. could lead to a significant rise in the token's value, mirroring the market reaction seen with bitcoin ETFs.

Bitcoin rose to over $7...

[Headline]: The Protocol: EIGEN Riches Tempt Ethereum Devs, Even as ETF Approval Nears
[Summary]: A sudden jolt of optimism over the prospect that U.S. regulators might soon approve spot Ethereum ETFs has sent the ETH price soaring – up 21% this week in its best performance since August 2021.

But...

[Headline]: Layer-2 Network Starknet Gets Ethereum Virtual Machine With Zero-Knowledge Proofs
[Summary]: StarkWare, the main developer firm behind the layer-2 blockchain Starknet, shared Wednesday plans for its own zero-knowledge rollup compatible with the existing Ethereum infrastructure, a setup common...

[Headline]: Second Ethereum Foundation Researcher Acknowledges Advisory Deal Paid in EIGEN
[Summary]: Dankrad Feist, namesake of the Ethereum data-storage method of ""danksharding,"" disclosed in a post on X that he has taken on an advisory role at EigenFoundation, which supports the pioneering restakin...

[Headline]: ZkSync, Ethereum Layer-2 Network, Hints at Airdrop By End of June
[Summary]: ZkSync has said that the upcoming v24 upgrade will be the last before handing over network governance to the community.

The layer-2 blockchain has $141 million in total value locked (TVL).

Zero-know...

From 2024-05-24 to 2024-05-31, ETH-USD's stock price increased from 3726.93 to 3760.03. News during this period are listed below:

[Headline]: BlackRock Amends Ethereum ETF Application; Bloomberg’s Balchunas Sees ETF Going Live By June
[Summary]: Bloomberg analyst Eric Balchunas called the updated S-1 a “good sign,” adding that a launch by the end of June was “a legit possibility.”

On Tuesday, BlackRock became the largest publicly traded bitc...

[Headline]: Ethereum-Based Domain Protocol ENS Seeks Own L2, Possibly With ZK Rollups
[Summary]: Ethereum Name Service (ENS) Labs, the company behind the ENS domain name protocol, proposed Tuesday to go through a complete architectural redesign that would turn the network into a layer-2 blockchai...

[Headline]: Ethereum Meme Coins PEPE, MOG Hit Lifetime Highs on Ether ETF Filing Approvals
[Summary]: Two Ethereum ecosystem tokens, PEPE and MOG, climbed to new highs on the back of U.S. ether ETF filings approvals, with traders treating them as beta bets.

Open interest in futures for the tokens inc...



Based on all the information before 2024-05-31, let's first analyze the positive developments and potential concerns for ETH-USD. Come up with 2-4 most important factors respectively and keep them concise. Most factors should be inferred from cryptocurrencies related news. Then let's assume your prediction for next week (2024-05-31 to 2024-06-07) is down by 2-3%. Provide a summary analysis to support your prediction. The prediction result need to be inferred from your analysis at the end, and thus not appearing as a foundational factor of your analysis.","### ANALYSIS REQUEST 1

**[Positive Developments]:**
1. **Ethereum ETF Approval:** The potential approval of spot ether ETFs in the U.S. could lead to a significant rise in ETH's value, similar to the market reaction seen with bitcoin ETFs.
2. **Layer-2 Networks Expansion:** Starknet's integration of the Ethereum Virtual Machine with zero-knowledge proofs and ZkSync's hint at an airdrop indicate growing ecosystem development.
3. **Technical Improvements:** Vitalik Buterin's proposal for improving Ethereum wallets and MetaMask's new features to combat front-running show continuous technical advancements.
4. **Increased Staking:** The growth in staked ETH by 78% since the Shanghai Upgrade demonstrates increasing community engagement and network security.

**[Potential Concerns]:**
1. **Regulatory Actions:** The DOJ's lawsuit against brothers for an Ethereum trading bot exploit raises concerns about regulatory scrutiny.
2. **Market Sentiment:** The steep drop in ETH's price from 2024-05-03 to 2024-05-10 could indicate bearish market sentiment.
3. **Internal Controversies:** The stepping back of Eclipse's founder due to sexual misconduct allegations could affect project stability and investor confidence.

**[Prediction & Analysis]:**
The upcoming week (2024-05-31 to 2024-06-07) is likely to see a slight correction in ETH's price, down by 2-3%. Despite the positive developments such as the potential ETH ETF approval and technical improvements, the regulatory concerns and recent market volatility could dampen investor enthusiasm. The internal controversies and the DOJ's actions add to the cautious sentiment, which may lead to a short-term price pullback."
"[Cryptocurrency Introduction]: Ethereum (ETH) is a cryptocurrency . Ethereum has a current supply of 120,723,694.21201035. The last known price of Ethereum is 2,480.80462336 USD and is down -0.37 over the last 24 hours. It is currently trading on 10322 active market(s) with $13,955,399,765.77 traded over the last 24 hours. More information can be found at https://www.ethereum.org/.. It has a market capilization of 306510036992.

From 2024-05-24 to 2024-05-31, ETH-USD's stock price increased from 3726.93 to 3760.03. News during this period are listed below:

[Headline]: BlackRock Amends Ethereum ETF Application; Bloomberg’s Balchunas Sees ETF Going Live By June
[Summary]: Bloomberg analyst Eric Balchunas called the updated S-1 a “good sign,” adding that a launch by the end of June was “a legit possibility.”

On Tuesday, BlackRock became the largest publicly traded bitc...

[Headline]: Ethereum-Based Domain Protocol ENS Seeks Own L2, Possibly With ZK Rollups
[Summary]: Ethereum Name Service (ENS) Labs, the company behind the ENS domain name protocol, proposed Tuesday to go through a complete architectural redesign that would turn the network into a layer-2 blockchai...

[Headline]: Ethereum Meme Coins PEPE, MOG Hit Lifetime Highs on Ether ETF Filing Approvals
[Summary]: Two Ethereum ecosystem tokens, PEPE and MOG, climbed to new highs on the back of U.S. ether ETF filings approvals, with traders treating them as beta bets.

Open interest in futures for the tokens inc...

From 2024-05-31 to 2024-06-07, ETH-USD's stock price decreased from 3760.03 to 3678.63. News during this period are listed below:

[Headline]: BlackRock Amends Ethereum ETF Application; Bloomberg’s Balchunas Sees ETF Going Live By June
[Summary]: Bloomberg analyst Eric Balchunas called the updated S-1 a “good sign,” adding that a launch by the end of June was “a legit possibility.”

On Tuesday, BlackRock became the largest publicly traded bitc...

[Headline]: Ethereum-Based Domain Protocol ENS Seeks Own L2, Possibly With ZK Rollups
[Summary]: Ethereum Name Service (ENS) Labs, the company behind the ENS domain name protocol, proposed Tuesday to go through a complete architectural redesign that would turn the network into a layer-2 blockchai...

[Headline]: Ethereum Meme Coins PEPE, MOG Hit Lifetime Highs on Ether ETF Filing Approvals
[Summary]: Two Ethereum ecosystem tokens, PEPE and MOG, climbed to new highs on the back of U.S. ether ETF filings approvals, with traders treating them as beta bets.

Open interest in futures for the tokens inc...

[Headline]: Ethereum ETF Approval Could Spur 60% Rally as ETH Buying Increases
[Summary]: The approval of spot ether exchange-traded funds (ETF) in the U.S. could lead to a significant rise in the token's value, mirroring the market reaction seen with bitcoin ETFs.

Bitcoin rose to over $7...

[Headline]: BlackRock, Grayscale, Bitwise File Updated 19B Forms in Rush for Ethereum ETF
[Summary]: BlackRock, Grayscale, and Bitwise filed amended 19b-4 forms with the SEC for their proposed spot ether ETFs, removing staking provisions.

This change was likely made to avoid regulatory roadblocks. S...



Based on all the information before 2024-06-07, let's first analyze the positive developments and potential concerns for ETH-USD. Come up with 2-4 most important factors respectively and keep them concise. Most factors should be inferred from cryptocurrencies related news. Then let's assume your prediction for next week (2024-06-07 to 2024-06-14) is down by more than 5%. Provide a summary analysis to support your prediction. The prediction result need to be inferred from your analysis at the end, and thus not appearing as a foundational factor of your analysis.","### ANALYSIS REQUEST 2

**[Positive Developments]:**
1. **ETF Approval Optimism:** BlackRock's amended Ethereum ETF application and Bloomberg's analyst Eric Balchunas seeing a launch by the end of June as a ""legit possibility"" boost market optimism.
2. **Ecosystem Growth:** The rise of Ethereum meme coins PEPE and MOG to lifetime highs indicates strong ecosystem activity and speculative interest.
3. **Technological Advancements:** Ethereum Name Service (ENS) Labs' proposal to redesign the network into a layer-2 blockchain shows continuous innovation.

**[Potential Concerns]:**
1. **Regulatory Hurdles:** The removal of staking provisions from ETF applications by BlackRock, Grayscale, and Bitwise to avoid regulatory roadblocks suggests ongoing regulatory challenges.
2. **Market Correction:** The recent decrease in ETH's price from 2024-05-31 to 2024-06-07 indicates a potential market correction, which could continue.
3. **Speculative Bubble:** The hype around meme coins and ETF approvals might be creating a speculative bubble, which could burst and lead to a significant price drop.

**[Prediction & Analysis]:**
The next week (2024-06-07 to 2024-06-14) is likely to see a more substantial correction, down by more than 5%. While the optimism around ETF approvals and ecosystem growth is positive, the regulatory hurdles and potential speculative bubble pose significant risks. The recent market correction and the cautious approach by major players like BlackRock indicate a bearish sentiment, which could lead to a more pronounced price decline."
"[Cryptocurrency Introduction]: Ethereum (ETH) is a cryptocurrency . Ethereum has a current supply of 120,723,694.21201035. The last known price of Ethereum is 2,480.80462336 USD and is down -0.37 over the last 24 hours. It is currently trading on 10322 active market(s) with $13,955,399,765.77 traded over the last 24 hours. More information can be found at https://www.ethereum.org/.. It has a market capilization of 306510036992.

From 2024-05-17 to 2024-05-24, ETH-USD's stock price increased from 3094.12 to 3726.93. News during this period are listed below:

[Headline]: BlackRock, Grayscale, Bitwise File Updated 19B Forms in Rush for Ethereum ETF
[Summary]: BlackRock, Grayscale, and Bitwise filed amended 19b-4 forms with the SEC for their proposed spot ether ETFs, removing staking provisions.

This change was likely made to avoid regulatory roadblocks. S...

[Headline]: The Protocol: EIGEN Riches Tempt Ethereum Devs, Even as ETF Approval Nears
[Summary]: A sudden jolt of optimism over the prospect that U.S. regulators might soon approve spot Ethereum ETFs has sent the ETH price soaring – up 21% this week in its best performance since August 2021.

But...

[Headline]: Bitcoin Is Coming to Ethereum Stalwart MetaMask: Sources
[Summary]: MetaMask, the most-used Ethereum wallet, is working to integrate native bitcoin (BTC), according to two people familiar with the matter.

Access could arrive within the next month, one person said, wh...

[Headline]: Layer-2 Network Starknet Gets Ethereum Virtual Machine With Zero-Knowledge Proofs
[Summary]: StarkWare, the main developer firm behind the layer-2 blockchain Starknet, shared Wednesday plans for its own zero-knowledge rollup compatible with the existing Ethereum infrastructure, a setup common...

[Headline]: Second Ethereum Foundation Researcher Acknowledges Advisory Deal Paid in EIGEN
[Summary]: Dankrad Feist, namesake of the Ethereum data-storage method of ""danksharding,"" disclosed in a post on X that he has taken on an advisory role at EigenFoundation, which supports the pioneering restakin...

From 2024-05-24 to 2024-05-31, ETH-USD's stock price increased from 3726.93 to 3760.03. News during this period are listed below:

[Headline]: BlackRock Amends Ethereum ETF Application; Bloomberg’s Balchunas Sees ETF Going Live By June
[Summary]: Bloomberg analyst Eric Balchunas called the updated S-1 a “good sign,” adding that a launch by the end of June was “a legit possibility.”

On Tuesday, BlackRock became the largest publicly traded bitc...

[Headline]: Ethereum-Based Domain Protocol ENS Seeks Own L2, Possibly With ZK Rollups
[Summary]: Ethereum Name Service (ENS) Labs, the company behind the ENS domain name protocol, proposed Tuesday to go through a complete architectural redesign that would turn the network into a layer-2 blockchai...

[Headline]: Ethereum Meme Coins PEPE, MOG Hit Lifetime Highs on Ether ETF Filing Approvals
[Summary]: Two Ethereum ecosystem tokens, PEPE and MOG, climbed to new highs on the back of U.S. ether ETF filings approvals, with traders treating them as beta bets.

Open interest in futures for the tokens inc...

From 2024-05-31 to 2024-06-07, ETH-USD's stock price decreased from 3760.03 to 3678.63. News during this period are listed below:

[Headline]: BlackRock Amends Ethereum ETF Application; Bloomberg’s Balchunas Sees ETF Going Live By June
[Summary]: Bloomberg analyst Eric Balchunas called the updated S-1 a “good sign,” adding that a launch by the end of June was “a legit possibility.”

On Tuesday, BlackRock became the largest publicly traded bitc...

[Headline]: Ethereum-Based Domain Protocol ENS Seeks Own L2, Possibly With ZK Rollups
[Summary]: Ethereum Name Service (ENS) Labs, the company behind the ENS domain name protocol, proposed Tuesday to go through a complete architectural redesign that would turn the network into a layer-2 blockchai...

[Headline]: Ethereum Meme Coins PEPE, MOG Hit Lifetime Highs on Ether ETF Filing Approvals
[Summary]: Two Ethereum ecosystem tokens, PEPE and MOG, climbed to new highs on the back of U.S. ether ETF filings approvals, with traders treating them as beta bets.

Open interest in futures for the tokens inc...

[Headline]: Ethereum ETF Approval Could Spur 60% Rally as ETH Buying Increases
[Summary]: The approval of spot ether exchange-traded funds (ETF) in the U.S. could lead to a significant rise in the token's value, mirroring the market reaction seen with bitcoin ETFs.

Bitcoin rose to over $7...

[Headline]: BlackRock, Grayscale, Bitwise File Updated 19B Forms in Rush for Ethereum ETF
[Summary]: BlackRock, Grayscale, and Bitwise filed amended 19b-4 forms with the SEC for their proposed spot ether ETFs, removing staking provisions.

This change was likely made to avoid regulatory roadblocks. S...

From 2024-06-07 to 2024-06-14, ETH-USD's stock price decreased from 3678.63 to 3480.27. News during this period are listed below:

[Headline]: Protocol Village: Aethir, for Sourcing GPUs, Launches Decentralized Cloud on Ethereum
[Summary]: June 12: Aethir, a blockchain project to source underutilized graphical processing units (GPUs) for intensive tasks like AI model training and gaming, launched its decentralized cloud compute network ...

[Headline]: What ETF Approval Could Mean for Ethereum
[Summary]: The SEC recent approval of ETH ETFs might eventually prove a more important event for Ethereum than it was for Bitcoin. Bitcoin’s dominance, niche, and value proposition as a store of value are well-e...

[Headline]: MetaMask Adds 'Pooled Staking' for Cheaper Ethereum Validation
[Summary]: MetaMask, the most popular wallet for Ethereum, will roll out a ""pooled staking"" feature to its users beginning this week, in a move that would make it cheaper to contribute to the blockchain network'...



Based on all the information before 2024-06-14, let's first analyze the positive developments and potential concerns for ETH-USD. Come up with 2-4 most important factors respectively and keep them concise. Most factors should be inferred from cryptocurrencies related news. Then let's assume your prediction for next week (2024-06-14 to 2024-06-21) is up by 1-2%. Provide a summary analysis to support your prediction. The prediction result need to be inferred from your analysis at the end, and thus not appearing as a foundational factor of your analysis.","### ANALYSIS REQUEST 3

**[Positive Developments]:**
1. **ETF Approval Momentum:** The rush for Ethereum ETFs by major players like BlackRock, Grayscale, and Bitwise, along with the removal of staking provisions to avoid regulatory roadblocks, indicates strong institutional interest.
2. **Ecosystem Expansion:** The integration of native bitcoin (BTC) into MetaMask and the development of layer-2 networks like Starknet show a growing and diversifying ecosystem.
3. **Technical Innovations:** Vitalik Buterin's involvement in improving Ethereum wallets and the advent of pooled staking features in MetaMask demonstrate continuous technical advancements.

**[Potential Concerns]:**
1. **Regulatory Uncertainty:** The amended 19b-4 forms and the cautious approach by institutions highlight ongoing regulatory uncertainty, which could affect market sentiment.
2. **Market Volatility:** The recent price fluctuations and the speculative interest in meme coins suggest high market volatility, which could lead to sudden price movements.
3. **Competition:** The involvement of Ethereum developers in other projects like EigenFoundation could dilute focus and resources from Ethereum's core development.

**[Prediction & Analysis]:**
The upcoming week (2024-06-14 to 2024-06-21) is likely to see a modest increase in ETH's price, up by 1-2%. The strong institutional interest and technical innovations are positive indicators. However, the regulatory uncertainty and market volatility could temper the price increase. The competition from other projects and the cautious approach by institutions suggest a balanced market outlook, leading to a slight price appreciation."
"[Cryptocurrency Introduction]: Ethereum (ETH) is a cryptocurrency . Ethereum has a current supply of 120,723,694.21201035. The last known price of Ethereum is 2,480.80462336 USD and is down -0.37 over the last 24 hours. It is currently trading on 10322 active market(s) with $13,955,399,765.77 traded over the last 24 hours. More information can be found at https://www.ethereum.org/.. It has a market capilization of 306510036992.

From 2024-06-14 to 2024-06-21, ETH-USD's stock price increased from 3480.27 to 3516.08. News during this period are listed below:

[Headline]: SEC Ends Probe Into Consensys, Won't Sue Over Ethereum
[Summary]: The SEC told Consensys' lawyers it wasn't recommending an enforcement action after ending an investigation into the company.

The ether price rose after the news.

The price of ether {{ETH}} rose afte...



Based on all the information before 2024-06-21, let's first analyze the positive developments and potential concerns for ETH-USD. Come up with 2-4 most important factors respectively and keep them concise. Most factors should be inferred from cryptocurrencies related news. Then let's assume your prediction for next week (2024-06-21 to 2024-06-28) is down by 4-5%. Provide a summary analysis to support your prediction. The prediction result need to be inferred from your analysis at the end, and thus not appearing as a foundational factor of your analysis.","### ANALYSIS REQUEST 4

**[Positive Developments]:**
1. **Regulatory Clarity:** The SEC ending its probe into Consensys without recommending enforcement action provides regulatory clarity and boosts market confidence.
2. **Ecosystem Innovations:** The launch of Aethir's decentralized cloud compute network on Ethereum and MetaMask's addition of pooled staking features indicate a vibrant and innovative ecosystem.
3. **Institutional Interest:** The continued push for Ethereum ETFs by major players like BlackRock shows strong institutional interest and potential inflows of capital.

**[Potential Concerns]:**
1. **Market Correction:** The recent price decrease from 2024-06-14 to 2024-06-21 suggests a potential market correction, which could continue.
2. **Regulatory Risks:** Despite the SEC's decision on Consensys, ongoing regulatory risks and scrutiny could affect market sentiment.
3. **Competition:** The launch of new projects and the focus on layer-2 solutions could divert attention and resources from Ethereum's core development.

**[Prediction & Analysis]:**
The next week (2024-06-21 to 2024-06-28) is likely to see a moderate correction, down by 4-5%. While the regulatory clarity and ecosystem innovations are positive, the recent market correction and ongoing regulatory risks pose significant concerns. The competition from new projects and the cautious market sentiment suggest a bearish outlook, which could lead to a price decline."
"[Cryptocurrency Introduction]: Ethereum (ETH) is a cryptocurrency . Ethereum has a current supply of 120,723,694.21201035. The last known price of Ethereum is 2,480.80462336 USD and is down -0.37 over the last 24 hours. It is currently trading on 10322 active market(s) with $13,955,399,765.77 traded over the last 24 hours. More information can be found at https://www.ethereum.org/.. It has a market capilization of 306510036992.

From 2024-05-31 to 2024-06-07, ETH-USD's stock price decreased from 3760.03 to 3678.63. News during this period are listed below:

[Headline]: BlackRock Amends Ethereum ETF Application; Bloomberg’s Balchunas Sees ETF Going Live By June
[Summary]: Bloomberg analyst Eric Balchunas called the updated S-1 a “good sign,” adding that a launch by the end of June was “a legit possibility.”

On Tuesday, BlackRock became the largest publicly traded bitc...

[Headline]: Ethereum-Based Domain Protocol ENS Seeks Own L2, Possibly With ZK Rollups
[Summary]: Ethereum Name Service (ENS) Labs, the company behind the ENS domain name protocol, proposed Tuesday to go through a complete architectural redesign that would turn the network into a layer-2 blockchai...

[Headline]: Ethereum Meme Coins PEPE, MOG Hit Lifetime Highs on Ether ETF Filing Approvals
[Summary]: Two Ethereum ecosystem tokens, PEPE and MOG, climbed to new highs on the back of U.S. ether ETF filings approvals, with traders treating them as beta bets.

Open interest in futures for the tokens inc...

[Headline]: Ethereum ETF Approval Could Spur 60% Rally as ETH Buying Increases
[Summary]: The approval of spot ether exchange-traded funds (ETF) in the U.S. could lead to a significant rise in the token's value, mirroring the market reaction seen with bitcoin ETFs.

Bitcoin rose to over $7...

[Headline]: BlackRock, Grayscale, Bitwise File Updated 19B Forms in Rush for Ethereum ETF
[Summary]: BlackRock, Grayscale, and Bitwise filed amended 19b-4 forms with the SEC for their proposed spot ether ETFs, removing staking provisions.

This change was likely made to avoid regulatory roadblocks. S...

From 2024-06-07 to 2024-06-14, ETH-USD's stock price decreased from 3678.63 to 3480.27. News during this period are listed below:

[Headline]: Protocol Village: Aethir, for Sourcing GPUs, Launches Decentralized Cloud on Ethereum
[Summary]: June 12: Aethir, a blockchain project to source underutilized graphical processing units (GPUs) for intensive tasks like AI model training and gaming, launched its decentralized cloud compute network ...

[Headline]: What ETF Approval Could Mean for Ethereum
[Summary]: The SEC recent approval of ETH ETFs might eventually prove a more important event for Ethereum than it was for Bitcoin. Bitcoin’s dominance, niche, and value proposition as a store of value are well-e...

[Headline]: MetaMask Adds 'Pooled Staking' for Cheaper Ethereum Validation
[Summary]: MetaMask, the most popular wallet for Ethereum, will roll out a ""pooled staking"" feature to its users beginning this week, in a move that would make it cheaper to contribute to the blockchain network'...

From 2024-06-14 to 2024-06-21, ETH-USD's stock price increased from 3480.27 to 3516.08. News during this period are listed below:

[Headline]: SEC Ends Probe Into Consensys, Won't Sue Over Ethereum
[Summary]: The SEC told Consensys' lawyers it wasn't recommending an enforcement action after ending an investigation into the company.

The ether price rose after the news.

The price of ether {{ETH}} rose afte...

From 2024-06-21 to 2024-06-28, ETH-USD's stock price decreased from 3516.08 to 3373.64. News during this period are listed below:

[Headline]: SEC Ends Probe Into Consensys, Won't Sue Over Ethereum
[Summary]: The SEC told Consensys' lawyers it wasn't recommending an enforcement action after ending an investigation into the company.

The ether price rose after the news.

The price of ether {{ETH}} rose afte...

[Headline]: Protocol Village: Aethir, for Sourcing GPUs, Launches Decentralized Cloud on Ethereum
[Summary]: June 12: Aethir, a blockchain project to source underutilized graphical processing units (GPUs) for intensive tasks like AI model training and gaming, launched its decentralized cloud compute network ...

[Headline]: What ETF Approval Could Mean for Ethereum
[Summary]: The SEC recent approval of ETH ETFs might eventually prove a more important event for Ethereum than it was for Bitcoin. Bitcoin’s dominance, niche, and value proposition as a store of value are well-e...

[Headline]: MetaMask Adds 'Pooled Staking' for Cheaper Ethereum Validation
[Summary]: MetaMask, the most popular wallet for Ethereum, will roll out a ""pooled staking"" feature to its users beginning this week, in a move that would make it cheaper to contribute to the blockchain network'...

[Headline]: BlackRock Amends Ethereum ETF Application; Bloomberg’s Balchunas Sees ETF Going Live By June
[Summary]: Bloomberg analyst Eric Balchunas called the updated S-1 a “good sign,” adding that a launch by the end of June was “a legit possibility.”

On Tuesday, BlackRock became the largest publicly traded bitc...



Based on all the information before 2024-06-28, let's first analyze the positive developments and potential concerns for ETH-USD. Come up with 2-4 most important factors respectively and keep them concise. Most factors should be inferred from cryptocurrencies related news. Then let's assume your prediction for next week (2024-06-28 to 2024-07-05) is down by more than 5%. Provide a summary analysis to support your prediction. The prediction result need to be inferred from your analysis at the end, and thus not appearing as a foundational factor of your analysis.","### ANALYSIS REQUEST 5

**[Positive Developments]:**
1. **ETF Approval Optimism:** The optimism around Ethereum ETF approvals, with analysts like Eric Balchunas seeing a launch by the end of June as a ""legit possibility,"" boosts market sentiment.
2. **Ecosystem Growth:** The rise of meme coins PEPE and MOG to lifetime highs and the launch of new projects like Aethir indicate a thriving ecosystem.
3. **Technological Advancements:** MetaMask's addition of pooled staking features and the redesign of ENS Labs into a layer-2 blockchain show continuous technological progress.

**[Potential Concerns]:**
1. **Regulatory Hurdles:** The amended 19b-4 forms and the cautious approach by institutions highlight ongoing regulatory challenges, which could affect market confidence.
2. **Market Volatility:** The recent price fluctuations and the speculative interest in meme coins suggest high market volatility, which could lead to sudden price movements.
3. **Speculative Bubble:** The hype around ETF approvals and meme coins might be creating a speculative bubble, which could burst and lead to a significant price drop.

**[Prediction & Analysis]:**
The upcoming week (2024-06-28 to 2024-07-05) is likely to see a substantial correction, down by more than 5%. While the optimism around ETF approvals and ecosystem growth is positive, the regulatory hurdles and potential speculative bubble pose significant risks. The recent market volatility and the cautious approach by institutions suggest a bearish sentiment, which could lead to a more pronounced price decline."
"[Cryptocurrency Introduction]: Ethereum (ETH) is a cryptocurrency . Ethereum has a current supply of 120,723,694.21201035. The last known price of Ethereum is 2,480.80462336 USD and is down -0.37 over the last 24 hours. It is currently trading on 10322 active market(s) with $13,955,399,765.77 traded over the last 24 hours. More information can be found at https://www.ethereum.org/.. It has a market capilization of 306510036992.

From 2024-06-07 to 2024-06-14, ETH-USD's stock price decreased from 3678.63 to 3480.27. News during this period are listed below:

[Headline]: Protocol Village: Aethir, for Sourcing GPUs, Launches Decentralized Cloud on Ethereum
[Summary]: June 12: Aethir, a blockchain project to source underutilized graphical processing units (GPUs) for intensive tasks like AI model training and gaming, launched its decentralized cloud compute network ...

[Headline]: What ETF Approval Could Mean for Ethereum
[Summary]: The SEC recent approval of ETH ETFs might eventually prove a more important event for Ethereum than it was for Bitcoin. Bitcoin’s dominance, niche, and value proposition as a store of value are well-e...

[Headline]: MetaMask Adds 'Pooled Staking' for Cheaper Ethereum Validation
[Summary]: MetaMask, the most popular wallet for Ethereum, will roll out a ""pooled staking"" feature to its users beginning this week, in a move that would make it cheaper to contribute to the blockchain network'...

From 2024-06-14 to 2024-06-21, ETH-USD's stock price increased from 3480.27 to 3516.08. News during this period are listed below:

[Headline]: SEC Ends Probe Into Consensys, Won't Sue Over Ethereum
[Summary]: The SEC told Consensys' lawyers it wasn't recommending an enforcement action after ending an investigation into the company.

The ether price rose after the news.

The price of ether {{ETH}} rose afte...

From 2024-06-21 to 2024-06-28, ETH-USD's stock price decreased from 3516.08 to 3373.64. News during this period are listed below:

[Headline]: SEC Ends Probe Into Consensys, Won't Sue Over Ethereum
[Summary]: The SEC told Consensys' lawyers it wasn't recommending an enforcement action after ending an investigation into the company.

The ether price rose after the news.

The price of ether {{ETH}} rose afte...

[Headline]: Protocol Village: Aethir, for Sourcing GPUs, Launches Decentralized Cloud on Ethereum
[Summary]: June 12: Aethir, a blockchain project to source underutilized graphical processing units (GPUs) for intensive tasks like AI model training and gaming, launched its decentralized cloud compute network ...

[Headline]: What ETF Approval Could Mean for Ethereum
[Summary]: The SEC recent approval of ETH ETFs might eventually prove a more important event for Ethereum than it was for Bitcoin. Bitcoin’s dominance, niche, and value proposition as a store of value are well-e...

[Headline]: MetaMask Adds 'Pooled Staking' for Cheaper Ethereum Validation
[Summary]: MetaMask, the most popular wallet for Ethereum, will roll out a ""pooled staking"" feature to its users beginning this week, in a move that would make it cheaper to contribute to the blockchain network'...

[Headline]: BlackRock Amends Ethereum ETF Application; Bloomberg’s Balchunas Sees ETF Going Live By June
[Summary]: Bloomberg analyst Eric Balchunas called the updated S-1 a “good sign,” adding that a launch by the end of June was “a legit possibility.”

On Tuesday, BlackRock became the largest publicly traded bitc...

From 2024-06-28 to 2024-07-05, ETH-USD's stock price decreased from 3373.64 to 2981.60. News during this period are listed below:

[Headline]: Ethereum Builder Consensys Buys Wallet Guard to Strengthen MetaMask Security
[Summary]: The entire Wallet Guard team will join Consensys within the MetaMask Product Safety Team.

The acquisition follows the integration of Blockaid security alerts into MetaMask.

Consensys, the Ethereum-f...

[Headline]: Pump.Fun Overtakes Ethereum With $2M in Daily Revenue to Take No. 1 Position
[Summary]: Pump.fun became the largest revenue generator of any blockchain or protocol over the past 24 hours, data shows.

11,528 tokens were deployed on Monday, bringing the cumulative total up to 1.2 million....

[Headline]: Bitcoin Could Get Ethereum-Style Restaking as Startup Lombard Raises $16M
[Summary]: ""Restaking"" is all the rage in Ethereum blockchain circles. It allows users to earn interest by leveraging their staked assets to help secure other blockchain apps. Even developers on other ecosystems...

[Headline]: Ethereum Products See Highest Outflows Since 2022 Ahead of Ether ETFs
[Summary]: Professional investors withdrew over $120 million from ether {{ETH}}-tracked exchange-traded products in the past two weeks, crypto firm CoinShares said in a Monday report.

Such products recorded $60...



Based on all the information before 2024-07-05, let's first analyze the positive developments and potential concerns for ETH-USD. Come up with 2-4 most important factors respectively and keep them concise. Most factors should be inferred from cryptocurrencies related news. Then let's assume your prediction for next week (2024-07-05 to 2024-07-12) is up by more than 5%. Provide a summary analysis to support your prediction. The prediction result need to be inferred from your analysis at the end, and thus not appearing as a foundational factor of your analysis.","**[Positive Developments]:
1. **SEC Approval of ETH ETFs**: The SEC's approval of Ethereum ETFs could significantly boost institutional investment in ETH, as it provides a more accessible and regulated way to invest in the cryptocurrency.
2. **MetaMask's Pooled Staking**: This feature makes it cheaper and more accessible for users to participate in Ethereum's staking process, potentially increasing demand for ETH.
3. **Consensys Acquisition**: Consensys' acquisition of Wallet Guard strengthens the security of MetaMask, which could enhance user trust and adoption.
4. **Aethir's Decentralized Cloud**: The launch of Aethir's decentralized cloud compute network on Ethereum expands the blockchain's use cases and could drive more traffic and demand for ETH.

**[Potential Concerns]:
1. **ETF Outflows**: The significant outflows from Ethereum-tracked exchange-traded products indicate that some institutional investors are reducing their exposure to ETH.
2. **Golem's ETH Transfers**: Golem's transfer of $100 million worth of ETH to exchanges could increase selling pressure and negatively impact the price.
3. **Pump.Fun's Revenue Surpasses Ethereum**: The rise of Pump.Fun and other competitors could potentially divert investment and user attention away from Ethereum.
4. **Regulatory Uncertainty**: Despite the SEC's approval of ETH ETFs, ongoing regulatory scrutiny and uncertainty could still pose risks to the market.

**[Prediction & Analysis]:
The approval of ETH ETFs and MetaMask's pooled staking feature are significant positive developments that could increase demand for ETH and drive up its price. However, the considerable ETF outflows and Golem's ETH transfers to exchanges suggest that some investors are taking profits or reducing their exposure, which could create selling pressure. Despite this, the overall trajectory of Ethereum, with its expanding use cases and increasing accessibility, points to a bullish trend. Additionally, the recent price decrease could attract buyers looking for an opportunity to enter the market at a lower price point. Therefore, we predict that the price of ETH-USD will increase by more than 5% in the upcoming week (2024-07-05 to 2024-07-12)."
"[Cryptocurrency Introduction]: Ethereum (ETH) is a cryptocurrency . Ethereum has a current supply of 120,723,694.21201035. The last known price of Ethereum is 2,480.80462336 USD and is down -0.37 over the last 24 hours. It is currently trading on 10322 active market(s) with $13,955,399,765.77 traded over the last 24 hours. More information can be found at https://www.ethereum.org/.. It has a market capilization of 306510036992.

From 2024-06-28 to 2024-07-05, ETH-USD's stock price decreased from 3373.64 to 2981.60. News during this period are listed below:

[Headline]: Ethereum Builder Consensys Buys Wallet Guard to Strengthen MetaMask Security
[Summary]: The entire Wallet Guard team will join Consensys within the MetaMask Product Safety Team.

The acquisition follows the integration of Blockaid security alerts into MetaMask.

Consensys, the Ethereum-f...

[Headline]: Pump.Fun Overtakes Ethereum With $2M in Daily Revenue to Take No. 1 Position
[Summary]: Pump.fun became the largest revenue generator of any blockchain or protocol over the past 24 hours, data shows.

11,528 tokens were deployed on Monday, bringing the cumulative total up to 1.2 million....

[Headline]: Bitcoin Could Get Ethereum-Style Restaking as Startup Lombard Raises $16M
[Summary]: ""Restaking"" is all the rage in Ethereum blockchain circles. It allows users to earn interest by leveraging their staked assets to help secure other blockchain apps. Even developers on other ecosystems...

[Headline]: Ethereum Products See Highest Outflows Since 2022 Ahead of Ether ETFs
[Summary]: Professional investors withdrew over $120 million from ether {{ETH}}-tracked exchange-traded products in the past two weeks, crypto firm CoinShares said in a Monday report.

Such products recorded $60...

From 2024-07-05 to 2024-07-12, ETH-USD's stock price increased from 2981.60 to 3134.16. News during this period are listed below:

[Headline]: Starknet, Layer-2 Chain on Ethereum, to Open Staking By End of Year
[Summary]: Layer-2 network Starknet will open staking on its ecosystem by the end of 2024, the developer firm StarkWare shared on Wednesday. The news was announced at the Ethereum Community Conference in Brussel...

[Headline]: Vitalik Buterin Reflects On Strengths, Weaknesses of Ethereum, 'Hardening' the Blockchain
[Summary]: BRUSSELS – Ethereum co-founder Vitalik Buterin gave a keynote talk about hardening the Ethereum blockchain as a base layer, in front of a packed room full of an estimated 1,100 attendees, at a develop...

[Headline]: MEV Has Spread to Bitcoin, in Subtler Forms Than on Ethereum
[Summary]: Arbitrage opportunities exist in traditional finance and in crypto, but in the latter they are more pronounced due to the visibility of pending transactions and slow settlement times.


Although less ...

[Headline]: Blockchain Startup Rome Raises $9M to Serve Ethereum Layer-2s Through Solana
[Summary]: Rome, a crypto startup project aiming to use Solana as an auxiliary network to provide services to layer-2 blockchains built atop Ethereum, emerged from stealth and announced it has raised $9 million ...

[Headline]: Ethereum ICO-Era Stalwart Golem Sent $100M Ether to Exchanges in the Past Month
[Summary]: Golem, an Ethereum-based project, has transferred over $100 million worth of ether (ETH) to exchanges in the past month, potentially increasing selling pressure in the market.

Golem raised millions o...



Based on all the information before 2024-07-12, let's first analyze the positive developments and potential concerns for ETH-USD. Come up with 2-4 most important factors respectively and keep them concise. Most factors should be inferred from cryptocurrencies related news. Then let's assume your prediction for next week (2024-07-12 to 2024-07-19) is up by more than 5%. Provide a summary analysis to support your prediction. The prediction result need to be inferred from your analysis at the end, and thus not appearing as a foundational factor of your analysis.","**[Positive Developments]:
1. **Starknet Staking Announcement**: The upcoming launch of staking on the Layer-2 network Starknet could attract more users and investors to the Ethereum ecosystem.
2. **Vitalik Buterin's Reflections**: Ethereum co-founder Vitalik Buterin's keynote address on strengthening the Ethereum blockchain reassures investors and validates the project's long-term vision.
3. **Rome's Fundraising**: The startup Rome raised $9 million to serve Ethereum Layer-2s through Solana, indicating growing interest and investment in the Ethereum ecosystem.
4. **Galaxy's Acquisition**: Galaxy Digital's acquisition of CryptoManufaktur's assets expands its Ethereum staking portfolio, signaling institutional confidence in Ethereum's staking potential.

**[Potential Concerns]:
1. **Golem's ETH Transfers**: The transfer of a significant amount of ETH to exchanges by Golem could create selling pressure and negatively impact the price.
2. **MEV Spread**: The spread of Maximal Extractable Value (MEV) strategies to Bitcoin, albeit in subtler forms, could indicate that similar arbitrage opportunities are being exploited on Ethereum, potentially affecting the market dynamics.
3. **CrowdStrike and BSoD Meme Tokens**: The issuance of meme tokens on Ethereum amid a global internet outage could be seen as a distraction or a sign of market froth, potentially diverting attention from more substantive developments.
4. **Ethereum ETFs Underwhelming Demand**: Predictions of underwhelming demand for Ethereum ETFs due to the lack of staking features could dampen institutional interest and investment.

**[Prediction & Analysis]:
The announcement of Starknet staking and Vitalik Buterin's reflections on Ethereum's strengths provide a strong foundation for continued growth and investment in the Ethereum ecosystem. Additionally, Galaxy Digital's acquisition and Rome's fundraising indicate institutional and startup confidence in Ethereum's potential. However, Golem's ETH transfers and the potential for MEV strategies to affect market dynamics present some concerns. Despite these concerns, the positive developments and the overall market sentiment suggest a bullish trend. Therefore, we predict that the price of ETH-USD will increase by more than 5% in the upcoming week (2024-07-12 to 2024-07-19)."
"[Cryptocurrency Introduction]: Ethereum (ETH) is a cryptocurrency . Ethereum has a current supply of 120,723,694.21201035. The last known price of Ethereum is 2,480.80462336 USD and is down -0.37 over the last 24 hours. It is currently trading on 10322 active market(s) with $13,955,399,765.77 traded over the last 24 hours. More information can be found at https://www.ethereum.org/.. It has a market capilization of 306510036992.

From 2024-06-28 to 2024-07-05, ETH-USD's stock price decreased from 3373.64 to 2981.60. News during this period are listed below:

[Headline]: Ethereum Builder Consensys Buys Wallet Guard to Strengthen MetaMask Security
[Summary]: The entire Wallet Guard team will join Consensys within the MetaMask Product Safety Team.

The acquisition follows the integration of Blockaid security alerts into MetaMask.

Consensys, the Ethereum-f...

[Headline]: Pump.Fun Overtakes Ethereum With $2M in Daily Revenue to Take No. 1 Position
[Summary]: Pump.fun became the largest revenue generator of any blockchain or protocol over the past 24 hours, data shows.

11,528 tokens were deployed on Monday, bringing the cumulative total up to 1.2 million....

[Headline]: Bitcoin Could Get Ethereum-Style Restaking as Startup Lombard Raises $16M
[Summary]: ""Restaking"" is all the rage in Ethereum blockchain circles. It allows users to earn interest by leveraging their staked assets to help secure other blockchain apps. Even developers on other ecosystems...

[Headline]: Ethereum Products See Highest Outflows Since 2022 Ahead of Ether ETFs
[Summary]: Professional investors withdrew over $120 million from ether {{ETH}}-tracked exchange-traded products in the past two weeks, crypto firm CoinShares said in a Monday report.

Such products recorded $60...

From 2024-07-05 to 2024-07-12, ETH-USD's stock price increased from 2981.60 to 3134.16. News during this period are listed below:

[Headline]: Starknet, Layer-2 Chain on Ethereum, to Open Staking By End of Year
[Summary]: Layer-2 network Starknet will open staking on its ecosystem by the end of 2024, the developer firm StarkWare shared on Wednesday. The news was announced at the Ethereum Community Conference in Brussel...

[Headline]: Vitalik Buterin Reflects On Strengths, Weaknesses of Ethereum, 'Hardening' the Blockchain
[Summary]: BRUSSELS – Ethereum co-founder Vitalik Buterin gave a keynote talk about hardening the Ethereum blockchain as a base layer, in front of a packed room full of an estimated 1,100 attendees, at a develop...

[Headline]: MEV Has Spread to Bitcoin, in Subtler Forms Than on Ethereum
[Summary]: Arbitrage opportunities exist in traditional finance and in crypto, but in the latter they are more pronounced due to the visibility of pending transactions and slow settlement times.


Although less ...

[Headline]: Blockchain Startup Rome Raises $9M to Serve Ethereum Layer-2s Through Solana
[Summary]: Rome, a crypto startup project aiming to use Solana as an auxiliary network to provide services to layer-2 blockchains built atop Ethereum, emerged from stealth and announced it has raised $9 million ...

[Headline]: Ethereum ICO-Era Stalwart Golem Sent $100M Ether to Exchanges in the Past Month
[Summary]: Golem, an Ethereum-based project, has transferred over $100 million worth of ether (ETH) to exchanges in the past month, potentially increasing selling pressure in the market.

Golem raised millions o...

From 2024-07-12 to 2024-07-19, ETH-USD's stock price increased from 3134.16 to 3505.73. News during this period are listed below:

[Headline]: Galaxy Buys Almost All of CryptoManufaktur's Assets, Expanding Ethereum Staking Portfolio
[Summary]: Galaxy Digital, the publicly traded crypto firm led by Michael Novogratz, has acquired substantially all the assets of blockchain node operator CryptoManufaktur LLC, in a deal that will grow the compa...

[Headline]: CrowdStrike, Windows BSoD Meme Tokens Populate Solana and Ethereum Amid Global Internet Outage
[Summary]: Dozens of new crypto tokens themed after internet services company CrowdStrike and the popular Microsoft “Blue Screen of Death” (BSoD) error were issued on Ethereum and Solana blockchains amid a repor...

[Headline]: Starknet, Layer-2 Chain on Ethereum, to Open Staking By End of Year
[Summary]: Layer-2 network Starknet will open staking on its ecosystem by the end of 2024, the developer firm StarkWare shared on Wednesday. The news was announced at the Ethereum Community Conference in Brussel...

[Headline]: Vitalik Buterin Reflects On Strengths, Weaknesses of Ethereum, 'Hardening' the Blockchain
[Summary]: BRUSSELS – Ethereum co-founder Vitalik Buterin gave a keynote talk about hardening the Ethereum blockchain as a base layer, in front of a packed room full of an estimated 1,100 attendees, at a develop...

[Headline]: MEV Has Spread to Bitcoin, in Subtler Forms Than on Ethereum
[Summary]: Arbitrage opportunities exist in traditional finance and in crypto, but in the latter they are more pronounced due to the visibility of pending transactions and slow settlement times.


Although less ...



Based on all the information before 2024-07-19, let's first analyze the positive developments and potential concerns for ETH-USD. Come up with 2-4 most important factors respectively and keep them concise. Most factors should be inferred from cryptocurrencies related news. Then let's assume your prediction for next week (2024-07-19 to 2024-07-26) is down by more than 5%. Provide a summary analysis to support your prediction. The prediction result need to be inferred from your analysis at the end, and thus not appearing as a foundational factor of your analysis.","**[Positive Developments]:
1. **Galaxy's Acquisition**: Galaxy Digital's acquisition of CryptoManufaktur's assets expands its Ethereum staking portfolio, indicating strong institutional interest and investment in Ethereum.
2. **Starknet Staking Announcement**: The upcoming launch of staking on Starknet, a Layer-2 network on Ethereum, could attract more users and investors to the ecosystem.
3. **Vitalik Buterin's Reflections**: Ethereum co-founder Vitalik Buterin's keynote address on hardening the Ethereum blockchain reassures investors and validates the project's long-term vision and development.
4. **Rome's Fundraising**: The startup Rome raised $9 million to serve Ethereum Layer-2s through Solana, signaling growing interest and investment in the Ethereum ecosystem.

**[Potential Concerns]:
1. **Ethereum ETFs Underwhelming Demand**: Predictions of underwhelming demand for Ethereum ETFs due to the lack of staking features could dampen institutional interest and investment.
2. **Ethereum's Highest Inflationary Period**: Fidelity's report on Ethereum experiencing its highest period of inflation in the second quarter raises concerns about the cryptocurrency's economic model and long-term sustainability.
3. **CrowdStrike and BSoD Meme Tokens**: The issuance of meme tokens on Ethereum amid a global internet outage could be seen as a distraction or a sign of market froth, potentially diverting attention from more substantive developments.
4. **MEV Spread**: The spread of Maximal Extractable Value (MEV) strategies to Bitcoin, albeit in subtler forms, could indicate that similar arbitrage opportunities are being exploited on Ethereum, potentially affecting the market dynamics.

**[Prediction & Analysis]:
While Galaxy Digital's acquisition and the announcement of Starknet staking are significant positive developments for Ethereum, the predictions of underwhelming demand for Ethereum ETFs and the report of Ethereum's highest inflationary period raise concerns about institutional interest and the cryptocurrency's economic model. Additionally, the issuance of meme tokens and the spread of MEV strategies could potentially distract from more substantive developments and affect market dynamics. Despite the positive developments, these concerns could weigh on the market and lead to a decrease in price. Therefore, we predict that the price of ETH-USD will decrease by more than 5% in the upcoming week (2024-07-19 to 2024-07-26)."
"[Cryptocurrency Introduction]: Ethereum (ETH) is a cryptocurrency . Ethereum has a current supply of 120,723,694.21201035. The last known price of Ethereum is 2,480.80462336 USD and is down -0.37 over the last 24 hours. It is currently trading on 10322 active market(s) with $13,955,399,765.77 traded over the last 24 hours. More information can be found at https://www.ethereum.org/.. It has a market capilization of 306510036992.

From 2024-06-28 to 2024-07-05, ETH-USD's stock price decreased from 3373.64 to 2981.60. News during this period are listed below:

[Headline]: Ethereum Builder Consensys Buys Wallet Guard to Strengthen MetaMask Security
[Summary]: The entire Wallet Guard team will join Consensys within the MetaMask Product Safety Team.

The acquisition follows the integration of Blockaid security alerts into MetaMask.

Consensys, the Ethereum-f...

[Headline]: Pump.Fun Overtakes Ethereum With $2M in Daily Revenue to Take No. 1 Position
[Summary]: Pump.fun became the largest revenue generator of any blockchain or protocol over the past 24 hours, data shows.

11,528 tokens were deployed on Monday, bringing the cumulative total up to 1.2 million....

[Headline]: Bitcoin Could Get Ethereum-Style Restaking as Startup Lombard Raises $16M
[Summary]: ""Restaking"" is all the rage in Ethereum blockchain circles. It allows users to earn interest by leveraging their staked assets to help secure other blockchain apps. Even developers on other ecosystems...

[Headline]: Ethereum Products See Highest Outflows Since 2022 Ahead of Ether ETFs
[Summary]: Professional investors withdrew over $120 million from ether {{ETH}}-tracked exchange-traded products in the past two weeks, crypto firm CoinShares said in a Monday report.

Such products recorded $60...

From 2024-07-05 to 2024-07-12, ETH-USD's stock price increased from 2981.60 to 3134.16. News during this period are listed below:

[Headline]: Starknet, Layer-2 Chain on Ethereum, to Open Staking By End of Year
[Summary]: Layer-2 network Starknet will open staking on its ecosystem by the end of 2024, the developer firm StarkWare shared on Wednesday. The news was announced at the Ethereum Community Conference in Brussel...

[Headline]: Vitalik Buterin Reflects On Strengths, Weaknesses of Ethereum, 'Hardening' the Blockchain
[Summary]: BRUSSELS – Ethereum co-founder Vitalik Buterin gave a keynote talk about hardening the Ethereum blockchain as a base layer, in front of a packed room full of an estimated 1,100 attendees, at a develop...

[Headline]: MEV Has Spread to Bitcoin, in Subtler Forms Than on Ethereum
[Summary]: Arbitrage opportunities exist in traditional finance and in crypto, but in the latter they are more pronounced due to the visibility of pending transactions and slow settlement times.


Although less ...

[Headline]: Blockchain Startup Rome Raises $9M to Serve Ethereum Layer-2s Through Solana
[Summary]: Rome, a crypto startup project aiming to use Solana as an auxiliary network to provide services to layer-2 blockchains built atop Ethereum, emerged from stealth and announced it has raised $9 million ...

[Headline]: Ethereum ICO-Era Stalwart Golem Sent $100M Ether to Exchanges in the Past Month
[Summary]: Golem, an Ethereum-based project, has transferred over $100 million worth of ether (ETH) to exchanges in the past month, potentially increasing selling pressure in the market.

Golem raised millions o...

From 2024-07-12 to 2024-07-19, ETH-USD's stock price increased from 3134.16 to 3505.73. News during this period are listed below:

[Headline]: Galaxy Buys Almost All of CryptoManufaktur's Assets, Expanding Ethereum Staking Portfolio
[Summary]: Galaxy Digital, the publicly traded crypto firm led by Michael Novogratz, has acquired substantially all the assets of blockchain node operator CryptoManufaktur LLC, in a deal that will grow the compa...

[Headline]: CrowdStrike, Windows BSoD Meme Tokens Populate Solana and Ethereum Amid Global Internet Outage
[Summary]: Dozens of new crypto tokens themed after internet services company CrowdStrike and the popular Microsoft “Blue Screen of Death” (BSoD) error were issued on Ethereum and Solana blockchains amid a repor...

[Headline]: Starknet, Layer-2 Chain on Ethereum, to Open Staking By End of Year
[Summary]: Layer-2 network Starknet will open staking on its ecosystem by the end of 2024, the developer firm StarkWare shared on Wednesday. The news was announced at the Ethereum Community Conference in Brussel...

[Headline]: Vitalik Buterin Reflects On Strengths, Weaknesses of Ethereum, 'Hardening' the Blockchain
[Summary]: BRUSSELS – Ethereum co-founder Vitalik Buterin gave a keynote talk about hardening the Ethereum blockchain as a base layer, in front of a packed room full of an estimated 1,100 attendees, at a develop...

[Headline]: MEV Has Spread to Bitcoin, in Subtler Forms Than on Ethereum
[Summary]: Arbitrage opportunities exist in traditional finance and in crypto, but in the latter they are more pronounced due to the visibility of pending transactions and slow settlement times.


Although less ...

From 2024-07-19 to 2024-07-26, ETH-USD's stock price decreased from 3505.73 to 3275.95. News during this period are listed below:

[Headline]: The Protocol: Ethereum ETFs Aren't Blockchain, but Buyers Ape In
[Summary]: We're headed to the Bitcoin Nashville conference this week and looking forward to a lot of deep discussions about building on the original blockchain – as well as hearing what former President Donald ...

[Headline]: Bitcoin ETFs Have Proven Popular, Ethereum ETFs Could Demonstrate Crypto’s True Investment Value 
[Summary]: Authors' views and opinions are their own and not associated with CoinDesk Indices.

The cryptocurrency industry is going mainstream.

In the U.S., the post-Sam Bankman Fried era of regulatory hostili...

[Headline]: Ethereum-Based Protocol Alkimiya Creates Market for Hedging Bitcoin Fees
[Summary]: Blockchain protocol Alkimiya launched, introducing a tool that allows users to hedge against volatile Bitcoin {{BTC}} transaction fee rates.

The hardest part might be getting hardline bitcoiners – so...

[Headline]: Ethereum Experienced Its Highest Inflationary Period in the Last Quarter: Fidelity
[Summary]: Fidelity noted that the Ethereum network experienced its highest period of inflation in the second quarter.

Layer 2 transactions increased 20% since the Dencun upgrade in March, the report said.

Eth...

[Headline]: Ethereum ETFs Could See Underwhelming Demand, Partly Due to Lack of Staking, Two Research Firms Predict
[Summary]: Initial demand for the spot ether ETFs could be less than anticipated in part because the funds cannot stake their ETH, Wintermute and Kaiko predict.

Wintermute sees roughly 62% less inflows over the...



Based on all the information before 2024-07-26, let's first analyze the positive developments and potential concerns for ETH-USD. Come up with 2-4 most important factors respectively and keep them concise. Most factors should be inferred from cryptocurrencies related news. Then let's assume your prediction for next week (2024-07-26 to 2024-08-02) is down by more than 5%. Provide a summary analysis to support your prediction. The prediction result need to be inferred from your analysis at the end, and thus not appearing as a foundational factor of your analysis.","**[Positive Developments]:
1. **Ethereum ETFs Approval**: The SEC's approval of Ethereum ETFs allows Americans access to a second major cryptocurrency via easy-to-trade vehicles, potentially increasing demand for ETH.
2. **Ethereum-Based Protocol Alkimiya**: The launch of Alkimiya introduces a tool for hedging against volatile Bitcoin transaction fees, expanding Ethereum's use cases and potential user base.
3. **Staking in Ethereum ETFs**: The debut of spot ether ETFs in the U.S. highlights the growing mainstream interest in Ethereum, even though staking is not initially allowed.
4. **Popcat and Mog Surge**: The surge of meme coins like Popcat and Mog on Ethereum demonstrates the network's versatility and ability to support diverse types of tokens and use cases.

**[Potential Concerns]:
1. **Ethereum ETFs Lack of Staking**: The absence of staking in the newly approved Ethereum ETFs represents a disadvantage, as it does not allow investors to generate income from their holdings.
2. **Ethereum's Highest Inflationary Period**: Fidelity's report on Ethereum's highest period of inflation raises concerns about the cryptocurrency's economic model and long-term sustainability.
3. **The Protocol's Critique**: The Protocol's article suggests that Ethereum ETFs might not fully represent the potential of blockchain technology, which could dampen investor enthusiasm.
4. **Regulatory Uncertainty**: Ongoing regulatory scrutiny and uncertainty, as highlighted in the article about Bitcoin ETFs, could pose risks to the broader cryptocurrency market, including Ethereum.

**[Prediction & Analysis]:
The approval of Ethereum ETFs and the launch of innovative protocols like Alkimiya are significant positive developments that could increase demand for ETH. However, the lack of staking in Ethereum ETFs and the report of Ethereum's highest inflationary period raise concerns about the cryptocurrency's economic model and investor appeal. Additionally, regulatory uncertainty and critiques of Ethereum ETFs could dampen market sentiment. Despite the positive developments, these concerns could lead to a decrease in price. Therefore, we predict that the price of ETH-USD will decrease by more than 5% in the upcoming week (2024-07-26 to 2024-08-02)."
"[Cryptocurrency Introduction]: Ethereum (ETH) is a cryptocurrency . Ethereum has a current supply of 120,723,694.21201035. The last known price of Ethereum is 2,480.80462336 USD and is down -0.37 over the last 24 hours. It is currently trading on 10322 active market(s) with $13,955,399,765.77 traded over the last 24 hours. More information can be found at https://www.ethereum.org/.. It has a market capilization of 306510036992.

From 2024-07-12 to 2024-07-19, ETH-USD's stock price increased from 3134.16 to 3505.73. News during this period are listed below:

[Headline]: Galaxy Buys Almost All of CryptoManufaktur's Assets, Expanding Ethereum Staking Portfolio
[Summary]: Galaxy Digital, the publicly traded crypto firm led by Michael Novogratz, has acquired substantially all the assets of blockchain node operator CryptoManufaktur LLC, in a deal that will grow the compa...

[Headline]: CrowdStrike, Windows BSoD Meme Tokens Populate Solana and Ethereum Amid Global Internet Outage
[Summary]: Dozens of new crypto tokens themed after internet services company CrowdStrike and the popular Microsoft “Blue Screen of Death” (BSoD) error were issued on Ethereum and Solana blockchains amid a repor...

[Headline]: Starknet, Layer-2 Chain on Ethereum, to Open Staking By End of Year
[Summary]: Layer-2 network Starknet will open staking on its ecosystem by the end of 2024, the developer firm StarkWare shared on Wednesday. The news was announced at the Ethereum Community Conference in Brussel...

[Headline]: Vitalik Buterin Reflects On Strengths, Weaknesses of Ethereum, 'Hardening' the Blockchain
[Summary]: BRUSSELS – Ethereum co-founder Vitalik Buterin gave a keynote talk about hardening the Ethereum blockchain as a base layer, in front of a packed room full of an estimated 1,100 attendees, at a develop...

[Headline]: MEV Has Spread to Bitcoin, in Subtler Forms Than on Ethereum
[Summary]: Arbitrage opportunities exist in traditional finance and in crypto, but in the latter they are more pronounced due to the visibility of pending transactions and slow settlement times.


Although less ...

From 2024-07-19 to 2024-07-26, ETH-USD's stock price decreased from 3505.73 to 3275.95. News during this period are listed below:

[Headline]: Staking in Ethereum ETFs Might Be a Question of When, Not If
[Summary]: Spot ether exchange-traded funds successfully debuted in the U.S. on Tuesday, but regulators didn't let the ETFs generate income for investors by staking their ETH.

The absence represents a disadvant...

[Headline]: Bitcoin ETFs Have Proven Popular, Ethereum ETFs Could Demonstrate Crypto’s True Investment Value 
[Summary]: Authors' views and opinions are their own and not associated with CoinDesk Indices.

The cryptocurrency industry is going mainstream.

In the U.S., the post-Sam Bankman Fried era of regulatory hostili...

[Headline]: Ethereum-Based Protocol Alkimiya Creates Market for Hedging Bitcoin Fees
[Summary]: Blockchain protocol Alkimiya launched, introducing a tool that allows users to hedge against volatile Bitcoin {{BTC}} transaction fee rates.

The hardest part might be getting hardline bitcoiners – so...

[Headline]: Ethereum ETFs Approved by SEC, Bringing Popular Funds to Second-Largest Cryptocurrency
[Summary]: U.S. regulators have given final approval for spot exchange-traded funds that hold Ethereum's ether {{ETH}}, giving Americans access to a second major cryptocurrency via the easy-to-trade vehicles.

T...

[Headline]: Popcat Crosses $1B, Mog Rallies as Solana, Ethereum Beta Bets Gain Favor
[Summary]: Meme coins popcat (POPCAT) and mog (MOG) surged over the weekend, driven by the cat-themed narrative and their use as beta bets by some traders.

POPCAT briefly topped $1 billion capitalization to eme...

From 2024-07-26 to 2024-08-02, ETH-USD's stock price decreased from 3275.95 to 2986.01. News during this period are listed below:

[Headline]: Lloyd’s of London-Backed Insurance Policies Can Now Be Paid for in Crypto on Ethereum
[Summary]: Evertas and Nayms use a public blockchain to help coordinate between brokers, insurers and the insured.

The partnership allows customers to pay in USDC or native crypto, or to place policies complete...



Based on all the information before 2024-08-02, let's first analyze the positive developments and potential concerns for ETH-USD. Come up with 2-4 most important factors respectively and keep them concise. Most factors should be inferred from cryptocurrencies related news. Then let's assume your prediction for next week (2024-08-02 to 2024-08-09) is down by more than 5%. Provide a summary analysis to support your prediction. The prediction result need to be inferred from your analysis at the end, and thus not appearing as a foundational factor of your analysis.","**[Positive Developments]:
1. **Ethereum ETFs Approval**: The SEC's approval of Ethereum ETFs provides a more accessible and regulated way for institutional investors to gain exposure to ETH, potentially increasing demand.
2. **Lloyd’s of London-Backed Insurance**: The partnership between Evertas and Nayms allows customers to pay for insurance policies in USDC or native crypto, demonstrating real-world use cases for Ethereum.
3. **Staking in Ethereum ETFs**: The debut of spot ether ETFs in the U.S. highlights the growing mainstream interest in Ethereum, even though staking is not initially allowed.
4. **Popcat and Mog Surge**: The surge of meme coins like Popcat and Mog on Ethereum demonstrates the network's versatility and ability to support diverse types of tokens and use cases.

**[Potential Concerns]:
1. **Ethereum ETFs Lack of Staking**: The absence of staking in the newly approved Ethereum ETFs represents a disadvantage, as it does not allow investors to generate income from their holdings.
2. **Ethereum ETFs Underwhelming Demand**: Predictions of underwhelming demand for Ethereum ETFs due to the lack of staking features could dampen institutional interest and investment.
3. **Ethereum's Highest Inflationary Period**: Fidelity's report on Ethereum's highest period of inflation raises concerns about the cryptocurrency's economic model and long-term sustainability.
4. **Regulatory Uncertainty**: Ongoing regulatory scrutiny and uncertainty could pose risks to the broader cryptocurrency market, including Ethereum.

**[Prediction & Analysis]:
The approval of Ethereum ETFs and the Lloyd’s of London-backed insurance policies demonstrate Ethereum's growing real-world use cases and mainstream interest. However, the lack of staking in Ethereum ETFs, predictions of underwhelming demand, and the report of Ethereum's highest inflationary period raise concerns about the cryptocurrency's economic model and investor appeal. Additionally, regulatory uncertainty could dampen market sentiment. Despite the positive developments, these concerns could lead to a decrease in price. Therefore, we predict that the price of ETH-USD will decrease by more than 5% in the upcoming week (2024-08-02 to 2024-08-09)."
"[Cryptocurrency Introduction]: Ethereum (ETH) is a cryptocurrency . Ethereum has a current supply of 120,723,694.21201035. The last known price of Ethereum is 2,480.80462336 USD and is down -0.37 over the last 24 hours. It is currently trading on 10322 active market(s) with $13,955,399,765.77 traded over the last 24 hours. More information can be found at https://www.ethereum.org/.. It has a market capilization of 306510036992.

From 2024-07-26 to 2024-08-02, ETH-USD's stock price decreased from 3275.95 to 2986.01. News during this period are listed below:

[Headline]: Lloyd’s of London-Backed Insurance Policies Can Now Be Paid for in Crypto on Ethereum
[Summary]: Evertas and Nayms use a public blockchain to help coordinate between brokers, insurers and the insured.

The partnership allows customers to pay in USDC or native crypto, or to place policies complete...

From 2024-08-02 to 2024-08-09, ETH-USD's stock price decreased from 2986.01 to 2599.60. News during this period are listed below:

[Headline]: Ethereum Entities Largely Complied With Tornado Cash Sanctions, NY Fed Paper Says
[Summary]: A new report from the NY Fed said Ethereum block builders have largely cooperated with sanctions on Tornado Cash.

Block validators that are immediately downstream of a transaction are likely to coope...

[Headline]: Ethereum ETFs Scored $49M Inflows as ETH Plunged 
[Summary]: Despite a sharp 20% drop in price, U.S.-listed spot ether exchange-traded funds (ETFs) saw net inflows of nearly $49 million on Monday, indicating strong demand.

Meanwhile, some pointed to the resili...



Based on all the information before 2024-08-09, let's first analyze the positive developments and potential concerns for ETH-USD. Come up with 2-4 most important factors respectively and keep them concise. Most factors should be inferred from cryptocurrencies related news. Then let's assume your prediction for next week (2024-08-09 to 2024-08-16) is down by 0-1%. Provide a summary analysis to support your prediction. The prediction result need to be inferred from your analysis at the end, and thus not appearing as a foundational factor of your analysis.","REPORT 1 ===

**[Positive Developments]:**
1. **Institutional Adoption**: Lloyd’s of London-backed insurance policies can now be paid for in crypto on Ethereum, indicating growing institutional acceptance.
2. **ETF Inflows**: Despite a price drop, Ethereum ETFs saw significant inflows of nearly $49 million, demonstrating strong demand.

**[Potential Concerns]:**
1. **Regulatory Compliance**: Ethereum entities' compliance with Tornado Cash sanctions could signal increased regulatory scrutiny.
2. **Price Volatility**: The sharp 20% drop in ETH's price indicates high market volatility and potential investor caution.

**[Prediction & Analysis]:**
The recent price drop and regulatory compliance news suggest a cautious market sentiment. However, the strong ETF inflows indicate sustained institutional interest. Despite these mixed signals, the market is likely to remain volatile. Given the current climate, a slight downward trend of 0-1% is expected as investors may adopt a wait-and-see approach amid regulatory uncertainties and price fluctuations."
"[Cryptocurrency Introduction]: Ethereum (ETH) is a cryptocurrency . Ethereum has a current supply of 120,723,694.21201035. The last known price of Ethereum is 2,480.80462336 USD and is down -0.37 over the last 24 hours. It is currently trading on 10322 active market(s) with $13,955,399,765.77 traded over the last 24 hours. More information can be found at https://www.ethereum.org/.. It has a market capilization of 306510036992.

From 2024-08-02 to 2024-08-09, ETH-USD's stock price decreased from 2986.01 to 2599.60. News during this period are listed below:

[Headline]: Ethereum Entities Largely Complied With Tornado Cash Sanctions, NY Fed Paper Says
[Summary]: A new report from the NY Fed said Ethereum block builders have largely cooperated with sanctions on Tornado Cash.

Block validators that are immediately downstream of a transaction are likely to coope...

[Headline]: Ethereum ETFs Scored $49M Inflows as ETH Plunged 
[Summary]: Despite a sharp 20% drop in price, U.S.-listed spot ether exchange-traded funds (ETFs) saw net inflows of nearly $49 million on Monday, indicating strong demand.

Meanwhile, some pointed to the resili...

From 2024-08-09 to 2024-08-16, ETH-USD's stock price decreased from 2599.60 to 2593.19. News during this period are listed below:

[Headline]: As Restaking Takes Shape on Solana, Ethereum's Renzo Jumps in With 'ezSOL'
[Summary]: Early efforts on the Solana blockchain to develop a framework for ""restaking"" – a way of securing new protocols and applications without having to spin up additional validator networks – appear to be ...

[Headline]: Ethereum-Based Swell Imports Wrapped Bitcoin to Serve as Liquid Restaking Token
[Summary]: SwBTC generates yield using wBTC – the token pegged 1:1 to BTC that can be put to work in the Ethereum network while retaining the value of the world's largest cryptocurrency.

Swell's aim is to exten...

[Headline]: Ethereum Set for Overhaul of Crucial Programming Standard With 'EVM Object Format'
[Summary]: The new EVM Object Format (EOF) proposal aims to make the de facto industry standard Ethereum Virtual Machine more developer-friendly.

Concerns were raised by some developers that the risk of impleme...

[Headline]: Ripple Begins Testing Its Stablecoin on Ethereum and XRP Ledger
[Summary]: Ripple's new stablecoin is being tested on Ethereum and XRP Ledger.

RLUSD isn't tradeable yet as it still has to get regulatory approval.

Ripple, the enterprise-focused blockchain service closely re...



Based on all the information before 2024-08-16, let's first analyze the positive developments and potential concerns for ETH-USD. Come up with 2-4 most important factors respectively and keep them concise. Most factors should be inferred from cryptocurrencies related news. Then let's assume your prediction for next week (2024-08-16 to 2024-08-23) is up by more than 5%. Provide a summary analysis to support your prediction. The prediction result need to be inferred from your analysis at the end, and thus not appearing as a foundational factor of your analysis.","REPORT 2 ===

**[Positive Developments]:**
1. **ETF Inflows**: Ethereum ETFs saw net inflows of nearly $49 million despite a price drop, showing robust demand.
2. **Technological Advancements**: The introduction of the EVM Object Format aims to make Ethereum more developer-friendly, which could attract more projects and developers to the platform.

**[Potential Concerns]:**
1. **Regulatory Compliance**: Compliance with Tornado Cash sanctions indicates increasing regulatory oversight, which could impact market sentiment.
2. ** Competition**: Developments on other blockchains, such as restaking on Solana, could pose competitive threats to Ethereum.

**[Prediction & Analysis]:**
The strong ETF inflows and technological advancements suggest a positive outlook for Ethereum. However, regulatory compliance and competition from other blockchains present challenges. Despite these concerns, the inflows indicate strong institutional interest, which could drive the price up by more than 5% as market participants recognize Ethereum's long-term potential and increasing adoption."
"[Cryptocurrency Introduction]: Ethereum (ETH) is a cryptocurrency . Ethereum has a current supply of 120,723,694.21201035. The last known price of Ethereum is 2,480.80462336 USD and is down -0.37 over the last 24 hours. It is currently trading on 10322 active market(s) with $13,955,399,765.77 traded over the last 24 hours. More information can be found at https://www.ethereum.org/.. It has a market capilization of 306510036992.

From 2024-08-09 to 2024-08-16, ETH-USD's stock price decreased from 2599.60 to 2593.19. News during this period are listed below:

[Headline]: As Restaking Takes Shape on Solana, Ethereum's Renzo Jumps in With 'ezSOL'
[Summary]: Early efforts on the Solana blockchain to develop a framework for ""restaking"" – a way of securing new protocols and applications without having to spin up additional validator networks – appear to be ...

[Headline]: Ethereum-Based Swell Imports Wrapped Bitcoin to Serve as Liquid Restaking Token
[Summary]: SwBTC generates yield using wBTC – the token pegged 1:1 to BTC that can be put to work in the Ethereum network while retaining the value of the world's largest cryptocurrency.

Swell's aim is to exten...

[Headline]: Ethereum Set for Overhaul of Crucial Programming Standard With 'EVM Object Format'
[Summary]: The new EVM Object Format (EOF) proposal aims to make the de facto industry standard Ethereum Virtual Machine more developer-friendly.

Concerns were raised by some developers that the risk of impleme...

[Headline]: Ripple Begins Testing Its Stablecoin on Ethereum and XRP Ledger
[Summary]: Ripple's new stablecoin is being tested on Ethereum and XRP Ledger.

RLUSD isn't tradeable yet as it still has to get regulatory approval.

Ripple, the enterprise-focused blockchain service closely re...

From 2024-08-16 to 2024-08-23, ETH-USD's stock price increased from 2593.19 to 2764.45. News during this period are listed below:

[Headline]: BlackRock’s ETHA Becomes First Ethereum ETF to Cross $1B in Net Inflows
[Summary]: BlackRock's iShares Ethereum Trust (ETHA) has surpassed $1 billion in cumulative net inflows, making it the first among 11 issuers to reach this milestone.

Ethereum ETFs as a whole have seen cumulati...

[Headline]: Dark Pools Dominate Ethereum as Private Transactions Surge – at Least by One Measure
[Summary]: A growing number of sophisticated Ethereum users are choosing to transact privately on the blockchain – relying on so-called dark pools to avoid trading bots set up to front-run transactions, but pote...

[Headline]: Record Drop in Ethereum Gas Fees Marks Historically Bullish Signal For ETH, Analyst Says
[Summary]: Ethereum's gas fees plummeted to a five-year low earlier this week, with some attributing the drop to users and applications migrating to trendier blockchains.

Analyst Ryan Lee suggests that historic...



Based on all the information before 2024-08-23, let's first analyze the positive developments and potential concerns for ETH-USD. Come up with 2-4 most important factors respectively and keep them concise. Most factors should be inferred from cryptocurrencies related news. Then let's assume your prediction for next week (2024-08-23 to 2024-08-30) is down by more than 5%. Provide a summary analysis to support your prediction. The prediction result need to be inferred from your analysis at the end, and thus not appearing as a foundational factor of your analysis.","REPORT 3 ===

**[Positive Developments]:**
1. **ETF Milestone**: BlackRock's ETHA becoming the first Ethereum ETF to cross $1 billion in net inflows is a significant achievement, highlighting strong institutional demand.
2. **Gas Fees**: The record drop in Ethereum gas fees is historically a bullish signal, suggesting potential increased activity and adoption.

**[Potential Concerns]:**
1. **Dark Pools**: The surge in private transactions through dark pools could indicate concerns about transparency and potential regulatory scrutiny.
2. ** Competition**: Continued developments on other blockchains, such as Ripple testing its stablecoin on Ethereum, could divert attention and investment away from Ethereum.

**[Prediction & Analysis]:**
While the ETF milestone and drop in gas fees are positive indicators, the increase in dark pool transactions and competition from other blockchains present concerns. These factors could lead to a decrease in price as investors consider alternative opportunities and potential regulatory risks. Therefore, a downward trend of more than 5% is expected as these concerns weigh on market sentiment."
"[Cryptocurrency Introduction]: Ethereum (ETH) is a cryptocurrency . Ethereum has a current supply of 120,723,694.21201035. The last known price of Ethereum is 2,480.80462336 USD and is down -0.37 over the last 24 hours. It is currently trading on 10322 active market(s) with $13,955,399,765.77 traded over the last 24 hours. More information can be found at https://www.ethereum.org/.. It has a market capilization of 306510036992.

From 2024-08-16 to 2024-08-23, ETH-USD's stock price increased from 2593.19 to 2764.45. News during this period are listed below:

[Headline]: BlackRock’s ETHA Becomes First Ethereum ETF to Cross $1B in Net Inflows
[Summary]: BlackRock's iShares Ethereum Trust (ETHA) has surpassed $1 billion in cumulative net inflows, making it the first among 11 issuers to reach this milestone.

Ethereum ETFs as a whole have seen cumulati...

[Headline]: Dark Pools Dominate Ethereum as Private Transactions Surge – at Least by One Measure
[Summary]: A growing number of sophisticated Ethereum users are choosing to transact privately on the blockchain – relying on so-called dark pools to avoid trading bots set up to front-run transactions, but pote...

[Headline]: Record Drop in Ethereum Gas Fees Marks Historically Bullish Signal For ETH, Analyst Says
[Summary]: Ethereum's gas fees plummeted to a five-year low earlier this week, with some attributing the drop to users and applications migrating to trendier blockchains.

Analyst Ryan Lee suggests that historic...

From 2024-08-23 to 2024-08-30, ETH-USD's stock price decreased from 2764.45 to 2525.82. News during this period are listed below:

[Headline]: BlackRock Lists Ethereum ETF on Brazilian Stock Exchange
[Summary]: The ether ETF will trade under the ticker code ETHA39 as a Brazilian depositary receipt, a certificate that represents shares of foreign companies.

In March, BlackRock’s iShares Bitcoin Trust ETF (IB...



Based on all the information before 2024-08-30, let's first analyze the positive developments and potential concerns for ETH-USD. Come up with 2-4 most important factors respectively and keep them concise. Most factors should be inferred from cryptocurrencies related news. Then let's assume your prediction for next week (2024-08-30 to 2024-09-06) is down by more than 5%. Provide a summary analysis to support your prediction. The prediction result need to be inferred from your analysis at the end, and thus not appearing as a foundational factor of your analysis.","REPORT 4 ===

**[Positive Developments]:**
1. **ETF Milestone**: BlackRock's ETHA crossing $1 billion in net inflows demonstrates strong institutional interest and adoption.
2. **Gas Fees**: The record drop in Ethereum gas fees is historically a bullish signal, suggesting potential increased activity and adoption.

**[Potential Concerns]:**
1. **Dark Pools**: The surge in private transactions through dark pools could indicate concerns about transparency and potential regulatory scrutiny.
2. **Market Volatility**: The recent price increase might be followed by a correction, indicating high market volatility.

**[Prediction & Analysis]:**
The positive developments of the ETF milestone and drop in gas fees are countered by concerns about dark pool transactions and market volatility. These factors could lead to a decrease in price as investors consider potential regulatory risks and market corrections. Therefore, a downward trend of more than 5% is expected as these concerns influence market behavior."
"[Cryptocurrency Introduction]: Ethereum (ETH) is a cryptocurrency . Ethereum has a current supply of 120,723,694.21201035. The last known price of Ethereum is 2,480.80462336 USD and is down -0.37 over the last 24 hours. It is currently trading on 10322 active market(s) with $13,955,399,765.77 traded over the last 24 hours. More information can be found at https://www.ethereum.org/.. It has a market capilization of 306510036992.

From 2024-08-23 to 2024-08-30, ETH-USD's stock price decreased from 2764.45 to 2525.82. News during this period are listed below:

[Headline]: BlackRock Lists Ethereum ETF on Brazilian Stock Exchange
[Summary]: The ether ETF will trade under the ticker code ETHA39 as a Brazilian depositary receipt, a certificate that represents shares of foreign companies.

In March, BlackRock’s iShares Bitcoin Trust ETF (IB...

From 2024-08-30 to 2024-09-06, ETH-USD's stock price decreased from 2525.82 to 2223.88. News during this period are listed below:

[Headline]: How Ethereum 2.0 Can Transform DeFi
[Summary]: The SEC’s decision in June to drop charges against Ethereum was a milestone in the platform’s journey toward maturity and greater acceptance in the financial world.

For those who didn’t follow the ca...

[Headline]: Ripple Will Soon Add Ethereum Compatible Smart Contracts to XRP Ledger
[Summary]: Ripple will add Ethereum-compatible smart contracts via a new sidechain to XRP Ledger, expanding its functionality beyond basic transactions.

This development includes using the Axelar network for cr...



Based on all the information before 2024-09-06, let's first analyze the positive developments and potential concerns for ETH-USD. Come up with 2-4 most important factors respectively and keep them concise. Most factors should be inferred from cryptocurrencies related news. Then let's assume your prediction for next week (2024-09-06 to 2024-09-13) is up by more than 5%. Provide a summary analysis to support your prediction. The prediction result need to be inferred from your analysis at the end, and thus not appearing as a foundational factor of your analysis.","REPORT 5 ===

**[Positive Developments]:**
1. **ETF Listing**: BlackRock listing an Ethereum ETF on the Brazilian Stock Exchange expands accessibility and institutional adoption.
2. **Technological Integration**: Ripple adding Ethereum-compatible smart contracts to XRP Ledger showcases Ethereum's technological prowess and potential for integration with other platforms.

**[Potential Concerns]:**
1. **Price Volatility**: The recent price decrease indicates high market volatility and potential investor caution.
2. **Regulatory Uncertainty**: The evolving regulatory landscape, as seen in the SEC's decisions, could impact market sentiment and investment decisions.

**[Prediction & Analysis]:**
The ETF listing and technological integration are positive developments for Ethereum, indicating growing adoption and technological recognition. However, price volatility and regulatory uncertainty present challenges. Despite these concerns, the positive developments suggest a bullish outlook, with a potential price increase of more than 5% as market participants recognize Ethereum's long-term potential and increasing institutional adoption."
"[Cryptocurrency Introduction]: Ethereum (ETH) is a cryptocurrency . Ethereum has a current supply of 120,723,694.21201035. The last known price of Ethereum is 2,480.80462336 USD and is down -0.37 over the last 24 hours. It is currently trading on 10322 active market(s) with $13,955,399,765.77 traded over the last 24 hours. More information can be found at https://www.ethereum.org/.. It has a market capilization of 306510036992.

From 2024-08-30 to 2024-09-06, ETH-USD's stock price decreased from 2525.82 to 2223.88. News during this period are listed below:

[Headline]: How Ethereum 2.0 Can Transform DeFi
[Summary]: The SEC’s decision in June to drop charges against Ethereum was a milestone in the platform’s journey toward maturity and greater acceptance in the financial world.

For those who didn’t follow the ca...

[Headline]: Ripple Will Soon Add Ethereum Compatible Smart Contracts to XRP Ledger
[Summary]: Ripple will add Ethereum-compatible smart contracts via a new sidechain to XRP Ledger, expanding its functionality beyond basic transactions.

This development includes using the Axelar network for cr...

From 2024-09-06 to 2024-09-13, ETH-USD's stock price increased from 2223.88 to 2441.61. News during this period are listed below:

[Headline]: Ethereum's Vitalik Buterin Amps Up Pressure on Layer-2 Networks to Decentralize Further
[Summary]: There's the bully pulpit. And then the silent treatment.

Ethereum co-founder Vitalik Buterin wrote on X that he will be weighing in on layer 2 networks differently in his public posts from now on – o...

[Headline]: Build-on-Bitcoin Trend Imports Another Concept from Ethereum: the DAO
[Summary]: RootstockCollective has been unveiled as the first DAO on Bitcoin layer-2 Rootstock.

The DAO will allow holders of Rootstock token RIF to earn voting rights through staking their tokens.

NFTs arrive...

[Headline]: Are Ethereum Staking Yields Too High?
[Summary]: Staking has grown in popularity in recent years due to the availability of staking-as-a-service, pooled staking, and the growth of liquid re-staking. As of July 2024, Ethereum's security budget amount...

[Headline]: Ethereum Foundation's Main Wallet Down to About $650M, Top Official Says
[Summary]: The Ethereum Foundation, the main non-profit organization supporting the Ethereum blockchain, is set to release an updated financial report “soon,” according to a top official who also revealed that t...



Based on all the information before 2024-09-13, let's first analyze the positive developments and potential concerns for ETH-USD. Come up with 2-4 most important factors respectively and keep them concise. Most factors should be inferred from cryptocurrencies related news. Then let's assume your prediction for next week (2024-09-13 to 2024-09-20) is up by 4-5%. Provide a summary analysis to support your prediction. The prediction result need to be inferred from your analysis at the end, and thus not appearing as a foundational factor of your analysis.","### ANALYSIS REQUEST 1

**[Positive Developments]:**
1. **Regulatory Clarity**: The SEC’s decision to drop charges against Ethereum in June has provided regulatory clarity, which is crucial for institutional investment and broader acceptance.
2. **Technological Advancements**: Ripple's addition of Ethereum-compatible smart contracts to the XRP Ledger expands Ethereum's functionality and interoperability, potentially attracting more developers and projects.
3. **Community Engagement**: Vitalik Buterin's emphasis on further decentralization of layer-2 networks shows a proactive approach to addressing scalability and security issues, which are key concerns for the Ethereum community.

**[Potential Concerns]:**
1. **Staking Yields**: The debate over whether Ethereum staking yields are too high could lead to adjustments that affect the attractiveness of staking, potentially reducing the number of validators and impacting network security.
2. **Financial Stability**: The Ethereum Foundation's main wallet being down to about $650M raises questions about the financial stability and long-term sustainability of the project, especially in funding future developments and ecosystem support.

**[Prediction & Analysis]:**
The recent positive developments, including regulatory clarity and technological advancements, are likely to drive institutional interest and developer activity. However, concerns about staking yields and financial stability could temper these gains. Overall, the bullish sentiment from regulatory and technological advancements is expected to outweigh the concerns, leading to a modest price increase. Therefore, a prediction of a 4-5% increase in ETH-USD price for the upcoming week is reasonable."
"[Cryptocurrency Introduction]: Ethereum (ETH) is a cryptocurrency . Ethereum has a current supply of 120,723,694.21201035. The last known price of Ethereum is 2,480.80462336 USD and is down -0.37 over the last 24 hours. It is currently trading on 10322 active market(s) with $13,955,399,765.77 traded over the last 24 hours. More information can be found at https://www.ethereum.org/.. It has a market capilization of 306510036992.

From 2024-08-23 to 2024-08-30, ETH-USD's stock price decreased from 2764.45 to 2525.82. News during this period are listed below:

[Headline]: BlackRock Lists Ethereum ETF on Brazilian Stock Exchange
[Summary]: The ether ETF will trade under the ticker code ETHA39 as a Brazilian depositary receipt, a certificate that represents shares of foreign companies.

In March, BlackRock’s iShares Bitcoin Trust ETF (IB...

From 2024-08-30 to 2024-09-06, ETH-USD's stock price decreased from 2525.82 to 2223.88. News during this period are listed below:

[Headline]: How Ethereum 2.0 Can Transform DeFi
[Summary]: The SEC’s decision in June to drop charges against Ethereum was a milestone in the platform’s journey toward maturity and greater acceptance in the financial world.

For those who didn’t follow the ca...

[Headline]: Ripple Will Soon Add Ethereum Compatible Smart Contracts to XRP Ledger
[Summary]: Ripple will add Ethereum-compatible smart contracts via a new sidechain to XRP Ledger, expanding its functionality beyond basic transactions.

This development includes using the Axelar network for cr...

From 2024-09-06 to 2024-09-13, ETH-USD's stock price increased from 2223.88 to 2441.61. News during this period are listed below:

[Headline]: Ethereum's Vitalik Buterin Amps Up Pressure on Layer-2 Networks to Decentralize Further
[Summary]: There's the bully pulpit. And then the silent treatment.

Ethereum co-founder Vitalik Buterin wrote on X that he will be weighing in on layer 2 networks differently in his public posts from now on – o...

[Headline]: Build-on-Bitcoin Trend Imports Another Concept from Ethereum: the DAO
[Summary]: RootstockCollective has been unveiled as the first DAO on Bitcoin layer-2 Rootstock.

The DAO will allow holders of Rootstock token RIF to earn voting rights through staking their tokens.

NFTs arrive...

[Headline]: Are Ethereum Staking Yields Too High?
[Summary]: Staking has grown in popularity in recent years due to the availability of staking-as-a-service, pooled staking, and the growth of liquid re-staking. As of July 2024, Ethereum's security budget amount...

[Headline]: Ethereum Foundation's Main Wallet Down to About $650M, Top Official Says
[Summary]: The Ethereum Foundation, the main non-profit organization supporting the Ethereum blockchain, is set to release an updated financial report “soon,” according to a top official who also revealed that t...

From 2024-09-13 to 2024-09-20, ETH-USD's stock price increased from 2441.61 to 2561.07. News during this period are listed below:

[Headline]: Ethereum Developers Confirm Plan to Split 'Pectra' Upgrade In Two
[Summary]: Ethereum developers agreed on Thursday to split their upcoming hard fork, Pectra, into two packages, in a move to make the massive upgrade less unwieldy and reduce the risk of missteps or bugs.

The d...

[Headline]: Ethereum Devs Poised to Split Blockchain's Next Big Upgrade, 'Pectra,' in Two   
[Summary]: It's only been six months since Ethereum, the dominant smart-contract blockchain, had its last major upgrade. But there are so many developer priorities for what to tackle next that there's a growing ...

[Headline]: Ethereum Is the Microsoft of Blockchains, ETH Underperformance May Reverse Into Year-End: Bitwise
[Summary]: Despite recent underperformance, ether is potentially a contrarian bet into the year-end, the report said.

Bitwise noted that the majority of stablecoins are issued on the Ethereum blockchain and mor...

[Headline]: First Neiro on Ethereum, Related to Dogecoin, Rockets 700% on Binance Spot Listing
[Summary]: The announcement of Binance listing First Neiro on Ethereum (NEIRO) for spot trading triggered a massive 700% price surge, catapulting its market cap from $15 million to $146 million in a day, with tr...



Based on all the information before 2024-09-20, let's first analyze the positive developments and potential concerns for ETH-USD. Come up with 2-4 most important factors respectively and keep them concise. Most factors should be inferred from cryptocurrencies related news. Then let's assume your prediction for next week (2024-09-20 to 2024-09-27) is up by more than 5%. Provide a summary analysis to support your prediction. The prediction result need to be inferred from your analysis at the end, and thus not appearing as a foundational factor of your analysis.","### ANALYSIS REQUEST 2

**[Positive Developments]:**
1. **Institutional Interest**: BlackRock listing an Ethereum ETF on the Brazilian Stock Exchange indicates growing institutional interest and broader market accessibility.
2. **Technological Advancements**: Ripple's addition of Ethereum-compatible smart contracts to the XRP Ledger expands Ethereum's functionality and interoperability, potentially attracting more developers and projects.
3. **Community Engagement**: Vitalik Buterin's emphasis on further decentralization of layer-2 networks shows a proactive approach to addressing scalability and security issues, which are key concerns for the Ethereum community.

**[Potential Concerns]:**
1. **Market Competition**: The introduction of DAOs on Bitcoin's layer-2 Rootstock could divert some attention and investment away from Ethereum, increasing competitive pressure.
2. **Financial Stability**: The Ethereum Foundation's main wallet being down to about $650M raises questions about the financial stability and long-term sustainability of the project, especially in funding future developments and ecosystem support.

**[Prediction & Analysis]:**
The combination of institutional interest and technological advancements is likely to drive demand for Ethereum. However, market competition and financial stability concerns could limit the upside. Given the strong fundamentals and growing institutional involvement, a prediction of a more than 5% increase in ETH-USD price for the upcoming week is justified."
"[Cryptocurrency Introduction]: Ethereum (ETH) is a cryptocurrency . Ethereum has a current supply of 120,723,694.21201035. The last known price of Ethereum is 2,480.80462336 USD and is down -0.37 over the last 24 hours. It is currently trading on 10322 active market(s) with $13,955,399,765.77 traded over the last 24 hours. More information can be found at https://www.ethereum.org/.. It has a market capilization of 306510036992.

From 2024-09-20 to 2024-09-27, ETH-USD's stock price increased from 2561.07 to 2695.90. News during this period are listed below:

[Headline]: Wall Street Titan Guggenheim Tokenizes $20M of Commercial Paper on Ethereum
[Summary]: Guggenheim Treasury Services and blockchain platform Zeconomy issued $20 million of tokenized commercial paper on the Ethereum blockchain.

Zeconomy CEO Giacinto Cosenza said he sees ""massive demand"" ...

[Headline]: Ethereum's Changing Landscape
[Summary]: Ethereum’s ability to host a wide-range of applications and assets has been evident for years, but the investment case for its native token, ETH, has become increasingly complex. In the wake of key pr...

[Headline]: Visa to Help Banks Issue Fiat-Backed Tokens on Ethereum Via New Tokenized Asset Platform 
[Summary]: Visa has developed a new product to help banks issue fiat-backed tokens on the Ethereum network.

One of the first financial institutions to use the platform will be Spanish bank BBVA, who expects to ...

[Headline]: Bitcoin ETFs Remove Nearly Five Times Daily Supply as Ethereum ETFs See Strong Rebound
[Summary]: Bitcoin ETFs recorded $136 million in inflows, with BlackRock’s IBIT contributing $98.9 million, equivalent to 1,548 BTC.

Ether ETFs saw $62.5 million in inflows, led by BlackRock’s ETHA with $59.3 m...

[Headline]: Ethereum ETFs Record Biggest Outflows Since July in Sign of Low Institutional Appeal
[Summary]: Ether ETFs experienced the largest outflows since July, with over $79 million exiting on Monday.

The outflows were predominantly from Grayscale’s Ethereum Trust (ETHE), while Bitwise's ETHW saw minor...



Based on all the information before 2024-09-27, let's first analyze the positive developments and potential concerns for ETH-USD. Come up with 2-4 most important factors respectively and keep them concise. Most factors should be inferred from cryptocurrencies related news. Then let's assume your prediction for next week (2024-09-27 to 2024-10-04) is down by more than 5%. Provide a summary analysis to support your prediction. The prediction result need to be inferred from your analysis at the end, and thus not appearing as a foundational factor of your analysis.","### ANALYSIS REQUEST 3

**[Positive Developments]:**
1. **Institutional Adoption**: Guggenheim's tokenization of commercial paper on Ethereum and Visa's plan to help banks issue fiat-backed tokens indicate significant institutional adoption and real-world use cases.
2. **Technological Advancements**: The split of the 'Pectra' upgrade into two packages shows a strategic approach to managing complex upgrades, reducing the risk of errors and enhancing network stability.
3. **Market Sentiment**: Bitwise's report comparing Ethereum to the Microsoft of blockchains suggests a positive market sentiment and potential for a contrarian bet into the year-end.

**[Potential Concerns]:**
1. **Institutional Outflows**: The significant outflows from Ethereum ETFs, particularly from Grayscale's Ethereum Trust, indicate waning institutional interest and potential liquidity issues.
2. **Market Competition**: SocGen's decision to move its euro stablecoin to Solana after flopping on Ethereum highlights competitive pressures and potential limitations of the Ethereum network.

**[Prediction & Analysis]:**
While institutional adoption and technological advancements are positive signs, the significant institutional outflows and competitive pressures raise concerns about market sentiment and liquidity. These factors are likely to weigh on the price, leading to a prediction of a more than 5% decrease in ETH-USD price for the upcoming week."
"[Cryptocurrency Introduction]: Ethereum (ETH) is a cryptocurrency . Ethereum has a current supply of 120,723,694.21201035. The last known price of Ethereum is 2,480.80462336 USD and is down -0.37 over the last 24 hours. It is currently trading on 10322 active market(s) with $13,955,399,765.77 traded over the last 24 hours. More information can be found at https://www.ethereum.org/.. It has a market capilization of 306510036992.

From 2024-09-06 to 2024-09-13, ETH-USD's stock price increased from 2223.88 to 2441.61. News during this period are listed below:

[Headline]: Ethereum's Vitalik Buterin Amps Up Pressure on Layer-2 Networks to Decentralize Further
[Summary]: There's the bully pulpit. And then the silent treatment.

Ethereum co-founder Vitalik Buterin wrote on X that he will be weighing in on layer 2 networks differently in his public posts from now on – o...

[Headline]: Build-on-Bitcoin Trend Imports Another Concept from Ethereum: the DAO
[Summary]: RootstockCollective has been unveiled as the first DAO on Bitcoin layer-2 Rootstock.

The DAO will allow holders of Rootstock token RIF to earn voting rights through staking their tokens.

NFTs arrive...

[Headline]: Are Ethereum Staking Yields Too High?
[Summary]: Staking has grown in popularity in recent years due to the availability of staking-as-a-service, pooled staking, and the growth of liquid re-staking. As of July 2024, Ethereum's security budget amount...

[Headline]: Ethereum Foundation's Main Wallet Down to About $650M, Top Official Says
[Summary]: The Ethereum Foundation, the main non-profit organization supporting the Ethereum blockchain, is set to release an updated financial report “soon,” according to a top official who also revealed that t...

From 2024-09-13 to 2024-09-20, ETH-USD's stock price increased from 2441.61 to 2561.07. News during this period are listed below:

[Headline]: Ethereum Developers Confirm Plan to Split 'Pectra' Upgrade In Two
[Summary]: Ethereum developers agreed on Thursday to split their upcoming hard fork, Pectra, into two packages, in a move to make the massive upgrade less unwieldy and reduce the risk of missteps or bugs.

The d...

[Headline]: Ethereum Devs Poised to Split Blockchain's Next Big Upgrade, 'Pectra,' in Two   
[Summary]: It's only been six months since Ethereum, the dominant smart-contract blockchain, had its last major upgrade. But there are so many developer priorities for what to tackle next that there's a growing ...

[Headline]: Ethereum Is the Microsoft of Blockchains, ETH Underperformance May Reverse Into Year-End: Bitwise
[Summary]: Despite recent underperformance, ether is potentially a contrarian bet into the year-end, the report said.

Bitwise noted that the majority of stablecoins are issued on the Ethereum blockchain and mor...

[Headline]: First Neiro on Ethereum, Related to Dogecoin, Rockets 700% on Binance Spot Listing
[Summary]: The announcement of Binance listing First Neiro on Ethereum (NEIRO) for spot trading triggered a massive 700% price surge, catapulting its market cap from $15 million to $146 million in a day, with tr...

From 2024-09-20 to 2024-09-27, ETH-USD's stock price increased from 2561.07 to 2695.90. News during this period are listed below:

[Headline]: Wall Street Titan Guggenheim Tokenizes $20M of Commercial Paper on Ethereum
[Summary]: Guggenheim Treasury Services and blockchain platform Zeconomy issued $20 million of tokenized commercial paper on the Ethereum blockchain.

Zeconomy CEO Giacinto Cosenza said he sees ""massive demand"" ...

[Headline]: Visa to Help Banks Issue Fiat-Backed Tokens on Ethereum Via New Tokenized Asset Platform 
[Summary]: Visa has developed a new product to help banks issue fiat-backed tokens on the Ethereum network.

One of the first financial institutions to use the platform will be Spanish bank BBVA, who expects to ...

[Headline]: Bitcoin ETFs Remove Nearly Five Times Daily Supply as Ethereum ETFs See Strong Rebound
[Summary]: Bitcoin ETFs recorded $136 million in inflows, with BlackRock’s IBIT contributing $98.9 million, equivalent to 1,548 BTC.

Ether ETFs saw $62.5 million in inflows, led by BlackRock’s ETHA with $59.3 m...

[Headline]: Ethereum ETFs Record Biggest Outflows Since July in Sign of Low Institutional Appeal
[Summary]: Ether ETFs experienced the largest outflows since July, with over $79 million exiting on Monday.

The outflows were predominantly from Grayscale’s Ethereum Trust (ETHE), while Bitwise's ETHW saw minor...

[Headline]: SocGen's Crypto Unit Takes Euro Stablecoin to Solana After Flopping on Ethereum
[Summary]: SINGAPORE – SG Forge, a subsidiary of Societe Generale, will roll out euro stablecoin EUR CoinVertible (EURCV) on the Solana blockchain, the French financial services firm said Friday.

SG Forge launc...

From 2024-09-27 to 2024-10-04, ETH-USD's stock price decreased from 2695.90 to 2414.79. News during this period are listed below:

[Headline]: Wall Street Titan Guggenheim Tokenizes $20M of Commercial Paper on Ethereum
[Summary]: Guggenheim Treasury Services and blockchain platform Zeconomy issued $20 million of tokenized commercial paper on the Ethereum blockchain.

Zeconomy CEO Giacinto Cosenza said he sees ""massive demand"" ...

[Headline]: Ethereum's Changing Landscape
[Summary]: Ethereum’s ability to host a wide-range of applications and assets has been evident for years, but the investment case for its native token, ETH, has become increasingly complex. In the wake of key pr...

[Headline]: Visa to Help Banks Issue Fiat-Backed Tokens on Ethereum Via New Tokenized Asset Platform 
[Summary]: Visa has developed a new product to help banks issue fiat-backed tokens on the Ethereum network.

One of the first financial institutions to use the platform will be Spanish bank BBVA, who expects to ...

[Headline]: Bitcoin ETFs Remove Nearly Five Times Daily Supply as Ethereum ETFs See Strong Rebound
[Summary]: Bitcoin ETFs recorded $136 million in inflows, with BlackRock’s IBIT contributing $98.9 million, equivalent to 1,548 BTC.

Ether ETFs saw $62.5 million in inflows, led by BlackRock’s ETHA with $59.3 m...

[Headline]: Ethereum ETFs Record Biggest Outflows Since July in Sign of Low Institutional Appeal
[Summary]: Ether ETFs experienced the largest outflows since July, with over $79 million exiting on Monday.

The outflows were predominantly from Grayscale’s Ethereum Trust (ETHE), while Bitwise's ETHW saw minor...



Based on all the information before 2024-10-04, let's first analyze the positive developments and potential concerns for ETH-USD. Come up with 2-4 most important factors respectively and keep them concise. Most factors should be inferred from cryptocurrencies related news. Then let's assume your prediction for next week (2024-10-04 to 2024-10-11) is up by 0-1%. Provide a summary analysis to support your prediction. The prediction result need to be inferred from your analysis at the end, and thus not appearing as a foundational factor of your analysis.","### ANALYSIS REQUEST 4

**[Positive Developments]:**
1. **Technological Advancements**: The split of the 'Pectra' upgrade into two packages shows a strategic approach to managing complex upgrades, reducing the risk of errors and enhancing network stability.
2. **Market Sentiment**: Bitwise's report comparing Ethereum to the Microsoft of blockchains suggests a positive market sentiment and potential for a contrarian bet into the year-end.
3. **Community Engagement**: Vitalik Buterin's emphasis on further decentralization of layer-2 networks shows a proactive approach to addressing scalability and security issues, which are key concerns for the Ethereum community.

**[Potential Concerns]:**
1. **Financial Stability**: The Ethereum Foundation's main wallet being down to about $650M raises questions about the financial stability and long-term sustainability of the project, especially in funding future developments and ecosystem support.
2. **Institutional Outflows**: The significant outflows from Ethereum ETFs, particularly from Grayscale's Ethereum Trust, indicate waning institutional interest and potential liquidity issues.
3. **Market Competition**: SocGen's decision to move its euro stablecoin to Solana after flopping on Ethereum highlights competitive pressures and potential limitations of the Ethereum network.

**[Prediction & Analysis]:**
The technological advancements and positive market sentiment are likely to support the price. However, financial stability concerns, institutional outflows, and competitive pressures could limit the upside. Given the mixed signals, a prediction of a 0-1% increase in ETH-USD price for the upcoming week is reasonable."
"[Cryptocurrency Introduction]: Ethereum (ETH) is a cryptocurrency . Ethereum has a current supply of 120,723,694.21201035. The last known price of Ethereum is 2,480.80462336 USD and is down -0.37 over the last 24 hours. It is currently trading on 10322 active market(s) with $13,955,399,765.77 traded over the last 24 hours. More information can be found at https://www.ethereum.org/.. It has a market capilization of 306510036992.

From 2024-09-13 to 2024-09-20, ETH-USD's stock price increased from 2441.61 to 2561.07. News during this period are listed below:

[Headline]: Ethereum Developers Confirm Plan to Split 'Pectra' Upgrade In Two
[Summary]: Ethereum developers agreed on Thursday to split their upcoming hard fork, Pectra, into two packages, in a move to make the massive upgrade less unwieldy and reduce the risk of missteps or bugs.

The d...

[Headline]: Ethereum Devs Poised to Split Blockchain's Next Big Upgrade, 'Pectra,' in Two   
[Summary]: It's only been six months since Ethereum, the dominant smart-contract blockchain, had its last major upgrade. But there are so many developer priorities for what to tackle next that there's a growing ...

[Headline]: Ethereum Is the Microsoft of Blockchains, ETH Underperformance May Reverse Into Year-End: Bitwise
[Summary]: Despite recent underperformance, ether is potentially a contrarian bet into the year-end, the report said.

Bitwise noted that the majority of stablecoins are issued on the Ethereum blockchain and mor...

[Headline]: First Neiro on Ethereum, Related to Dogecoin, Rockets 700% on Binance Spot Listing
[Summary]: The announcement of Binance listing First Neiro on Ethereum (NEIRO) for spot trading triggered a massive 700% price surge, catapulting its market cap from $15 million to $146 million in a day, with tr...

From 2024-09-20 to 2024-09-27, ETH-USD's stock price increased from 2561.07 to 2695.90. News during this period are listed below:

[Headline]: Wall Street Titan Guggenheim Tokenizes $20M of Commercial Paper on Ethereum
[Summary]: Guggenheim Treasury Services and blockchain platform Zeconomy issued $20 million of tokenized commercial paper on the Ethereum blockchain.

Zeconomy CEO Giacinto Cosenza said he sees ""massive demand"" ...

[Headline]: Visa to Help Banks Issue Fiat-Backed Tokens on Ethereum Via New Tokenized Asset Platform 
[Summary]: Visa has developed a new product to help banks issue fiat-backed tokens on the Ethereum network.

One of the first financial institutions to use the platform will be Spanish bank BBVA, who expects to ...

[Headline]: Bitcoin ETFs Remove Nearly Five Times Daily Supply as Ethereum ETFs See Strong Rebound
[Summary]: Bitcoin ETFs recorded $136 million in inflows, with BlackRock’s IBIT contributing $98.9 million, equivalent to 1,548 BTC.

Ether ETFs saw $62.5 million in inflows, led by BlackRock’s ETHA with $59.3 m...

[Headline]: Ethereum ETFs Record Biggest Outflows Since July in Sign of Low Institutional Appeal
[Summary]: Ether ETFs experienced the largest outflows since July, with over $79 million exiting on Monday.

The outflows were predominantly from Grayscale’s Ethereum Trust (ETHE), while Bitwise's ETHW saw minor...

[Headline]: SocGen's Crypto Unit Takes Euro Stablecoin to Solana After Flopping on Ethereum
[Summary]: SINGAPORE – SG Forge, a subsidiary of Societe Generale, will roll out euro stablecoin EUR CoinVertible (EURCV) on the Solana blockchain, the French financial services firm said Friday.

SG Forge launc...

From 2024-09-27 to 2024-10-04, ETH-USD's stock price decreased from 2695.90 to 2414.79. News during this period are listed below:

[Headline]: Wall Street Titan Guggenheim Tokenizes $20M of Commercial Paper on Ethereum
[Summary]: Guggenheim Treasury Services and blockchain platform Zeconomy issued $20 million of tokenized commercial paper on the Ethereum blockchain.

Zeconomy CEO Giacinto Cosenza said he sees ""massive demand"" ...

[Headline]: Ethereum's Changing Landscape
[Summary]: Ethereum’s ability to host a wide-range of applications and assets has been evident for years, but the investment case for its native token, ETH, has become increasingly complex. In the wake of key pr...

[Headline]: Visa to Help Banks Issue Fiat-Backed Tokens on Ethereum Via New Tokenized Asset Platform 
[Summary]: Visa has developed a new product to help banks issue fiat-backed tokens on the Ethereum network.

One of the first financial institutions to use the platform will be Spanish bank BBVA, who expects to ...

[Headline]: Bitcoin ETFs Remove Nearly Five Times Daily Supply as Ethereum ETFs See Strong Rebound
[Summary]: Bitcoin ETFs recorded $136 million in inflows, with BlackRock’s IBIT contributing $98.9 million, equivalent to 1,548 BTC.

Ether ETFs saw $62.5 million in inflows, led by BlackRock’s ETHA with $59.3 m...

[Headline]: Ethereum ETFs Record Biggest Outflows Since July in Sign of Low Institutional Appeal
[Summary]: Ether ETFs experienced the largest outflows since July, with over $79 million exiting on Monday.

The outflows were predominantly from Grayscale’s Ethereum Trust (ETHE), while Bitwise's ETHW saw minor...

From 2024-10-04 to 2024-10-11, ETH-USD's stock price increased from 2414.79 to 2436.51. News during this period are listed below:

[Headline]: LatAm Bank Littio Ditches Ethereum for Avalanche as Demand for RWA Vaults Grows
[Summary]: Littio, a Colombian neobank, is enabling customers to access U.S. Treasury bills through crypto products.

Littio is switching vault holdings from Ethereum (ETH) to Avalanche (AVAX) to scale the produ...

[Headline]: Ethereum Proposal Could Increase Throughput by 50%
[Summary]: The new Ethereum improvement proposal, officially EIP-7781, would increase throughput by 50%.

The submission from Illyriad Games co-founder Ben Adams follows earlier proposals by Ethereum co-founder ...

[Headline]: Memecoin Moodeng on Ethereum Jumps 480% After Vitalik Buterin's Mention and Donation Sales
[Summary]: The MOODENG token, inspired by the Thai baby hippo Moo Deng, experienced a nearly 500% price increase in 24 hours.

Vitalik Buterin mentioned the memecoin on his social media post and sold 10 billion ...



Based on all the information before 2024-10-11, let's first analyze the positive developments and potential concerns for ETH-USD. Come up with 2-4 most important factors respectively and keep them concise. Most factors should be inferred from cryptocurrencies related news. Then let's assume your prediction for next week (2024-10-11 to 2024-10-18) is up by more than 5%. Provide a summary analysis to support your prediction. The prediction result need to be inferred from your analysis at the end, and thus not appearing as a foundational factor of your analysis.","### ANALYSIS REQUEST 5

**[Positive Developments]:**
1. **Institutional Adoption**: Guggenheim's tokenization of commercial paper on Ethereum and Visa's plan to help banks issue fiat-backed tokens indicate significant institutional adoption and real-world use cases.
2. **Market Sentiment**: Bitwise's report comparing Ethereum to the Microsoft of blockchains suggests a positive market sentiment and potential for a contrarian bet into the year-end.
3. **Technological Advancements**: The split of the 'Pectra' upgrade into two packages shows a strategic approach to managing complex upgrades, reducing the risk of errors and enhancing network stability.

**[Potential Concerns]:**
1. **Institutional Outflows**: The significant outflows from Ethereum ETFs, particularly from Grayscale's Ethereum Trust, indicate waning institutional interest and potential liquidity issues.
2. **Market Competition**: Littio's decision to switch vault holdings from Ethereum to Avalanche highlights competitive pressures and potential limitations of the Ethereum network.
3. **Regulatory Uncertainty**: The changing landscape of stablecoins and the shift of SocGen's euro stablecoin to Solana raise questions about regulatory and competitive challenges.

**[Prediction & Analysis]:**
The strong institutional adoption and positive market sentiment are likely to drive demand for Ethereum. However, institutional outflows and competitive pressures could temper these gains. Given the strong fundamentals and growing institutional involvement, a prediction of a more than 5% increase in ETH-USD price for the upcoming week is justified."
"[Cryptocurrency Introduction]: Ethereum (ETH) is a cryptocurrency . Ethereum has a current supply of 120,723,694.21201035. The last known price of Ethereum is 2,480.80462336 USD and is down -0.37 over the last 24 hours. It is currently trading on 10322 active market(s) with $13,955,399,765.77 traded over the last 24 hours. More information can be found at https://www.ethereum.org/.. It has a market capilization of 306510036992.

From 2024-10-11 to 2024-10-18, ETH-USD's stock price increased from 2436.51 to 2641.55. News during this period are listed below:

[Headline]: Vitalik Buterin Wants Ethereum to Hit 100K Transaction Per Second With Rollups
[Summary]: Ethereum co-founder Vitalik Buterin set a goal of 100,000 TPS for Ethereum in a Thursday blog post.

This goal will be hit with increased integration of Layer 2s, but some work on standardization will...

[Headline]: Why This ETF Expert Is Bullish on Ethereum and Says Washington’s Crypto Stance Is Misunderstood
[Summary]: The crypto ETF era is just getting started, according to Matt Hougan, the chief investment officer of crypto fund issuer Bitwise.

Crypto-native investors that have soured on Ethereum's ether (ETH) ar...

[Headline]: Has Ethereum Lost Its Way?
[Summary]: Ethereum has come a long way since the network went live in 2015 under the codename Frontier, transforming from a grand idea into what is now the foundation for thousands of decentralized applications...



Based on all the information before 2024-10-18, let's first analyze the positive developments and potential concerns for ETH-USD. Come up with 2-4 most important factors respectively and keep them concise. Most factors should be inferred from cryptocurrencies related news. Then let's assume your prediction for next week (2024-10-18 to 2024-10-25) is down by more than 5%. Provide a summary analysis to support your prediction. The prediction result need to be inferred from your analysis at the end, and thus not appearing as a foundational factor of your analysis.","[Positive Developments]:
1. **Vitalik Buterin's Ambitious Goal**: Ethereum co-founder Vitalik Buterin set a goal of 100,000 transactions per second (TPS) for Ethereum, which could significantly enhance the network's scalability and efficiency.
2. **Bullish Sentiment from ETF Expert**: Matt Hougan, CIO of Bitwise, expressed bullish sentiment on Ethereum, suggesting that the crypto ETF era is just beginning and could drive institutional interest.

[Potential Concerns]:
1. **Community Sentiment**: Some crypto-native investors have soured on Ethereum, which could affect market sentiment and potentially hinder price growth.
2. **Technical Integration Challenges**: Achieving 100,000 TPS will require increased integration of Layer 2 solutions and standardization, which may present technical challenges and delays.

[Prediction & Analysis]:
The bullish sentiment expressed by Matt Hougan and the ambitious goal set by Vitalik Buterin indicate a positive outlook for Ethereum's long-term growth. However, the soured sentiment among some crypto-native investors and the technical challenges associated with achieving 100,000 TPS could lead to short-term market volatility. Additionally, the recent price increase from 2436.51 to 2641.55 might attract profit-taking, leading to a correction. Therefore, a downward price movement of more than 5% for the upcoming week is predicted."
"[Cryptocurrency Introduction]: Ethereum (ETH) is a cryptocurrency . Ethereum has a current supply of 120,723,694.21201035. The last known price of Ethereum is 2,480.80462336 USD and is down -0.37 over the last 24 hours. It is currently trading on 10322 active market(s) with $13,955,399,765.77 traded over the last 24 hours. More information can be found at https://www.ethereum.org/.. It has a market capilization of 306510036992.

From 2024-09-27 to 2024-10-04, ETH-USD's stock price decreased from 2695.90 to 2414.79. News during this period are listed below:

[Headline]: Wall Street Titan Guggenheim Tokenizes $20M of Commercial Paper on Ethereum
[Summary]: Guggenheim Treasury Services and blockchain platform Zeconomy issued $20 million of tokenized commercial paper on the Ethereum blockchain.

Zeconomy CEO Giacinto Cosenza said he sees ""massive demand"" ...

[Headline]: Ethereum's Changing Landscape
[Summary]: Ethereum’s ability to host a wide-range of applications and assets has been evident for years, but the investment case for its native token, ETH, has become increasingly complex. In the wake of key pr...

[Headline]: Visa to Help Banks Issue Fiat-Backed Tokens on Ethereum Via New Tokenized Asset Platform 
[Summary]: Visa has developed a new product to help banks issue fiat-backed tokens on the Ethereum network.

One of the first financial institutions to use the platform will be Spanish bank BBVA, who expects to ...

[Headline]: Bitcoin ETFs Remove Nearly Five Times Daily Supply as Ethereum ETFs See Strong Rebound
[Summary]: Bitcoin ETFs recorded $136 million in inflows, with BlackRock’s IBIT contributing $98.9 million, equivalent to 1,548 BTC.

Ether ETFs saw $62.5 million in inflows, led by BlackRock’s ETHA with $59.3 m...

[Headline]: Ethereum ETFs Record Biggest Outflows Since July in Sign of Low Institutional Appeal
[Summary]: Ether ETFs experienced the largest outflows since July, with over $79 million exiting on Monday.

The outflows were predominantly from Grayscale’s Ethereum Trust (ETHE), while Bitwise's ETHW saw minor...

From 2024-10-04 to 2024-10-11, ETH-USD's stock price increased from 2414.79 to 2436.51. News during this period are listed below:

[Headline]: LatAm Bank Littio Ditches Ethereum for Avalanche as Demand for RWA Vaults Grows
[Summary]: Littio, a Colombian neobank, is enabling customers to access U.S. Treasury bills through crypto products.

Littio is switching vault holdings from Ethereum (ETH) to Avalanche (AVAX) to scale the produ...

[Headline]: Ethereum Proposal Could Increase Throughput by 50%
[Summary]: The new Ethereum improvement proposal, officially EIP-7781, would increase throughput by 50%.

The submission from Illyriad Games co-founder Ben Adams follows earlier proposals by Ethereum co-founder ...

[Headline]: Memecoin Moodeng on Ethereum Jumps 480% After Vitalik Buterin's Mention and Donation Sales
[Summary]: The MOODENG token, inspired by the Thai baby hippo Moo Deng, experienced a nearly 500% price increase in 24 hours.

Vitalik Buterin mentioned the memecoin on his social media post and sold 10 billion ...

From 2024-10-11 to 2024-10-18, ETH-USD's stock price increased from 2436.51 to 2641.55. News during this period are listed below:

[Headline]: Vitalik Buterin Wants Ethereum to Hit 100K Transaction Per Second With Rollups
[Summary]: Ethereum co-founder Vitalik Buterin set a goal of 100,000 TPS for Ethereum in a Thursday blog post.

This goal will be hit with increased integration of Layer 2s, but some work on standardization will...

[Headline]: Why This ETF Expert Is Bullish on Ethereum and Says Washington’s Crypto Stance Is Misunderstood
[Summary]: The crypto ETF era is just getting started, according to Matt Hougan, the chief investment officer of crypto fund issuer Bitwise.

Crypto-native investors that have soured on Ethereum's ether (ETH) ar...

[Headline]: Has Ethereum Lost Its Way?
[Summary]: Ethereum has come a long way since the network went live in 2015 under the codename Frontier, transforming from a grand idea into what is now the foundation for thousands of decentralized applications...

From 2024-10-18 to 2024-10-25, ETH-USD's stock price decreased from 2641.55 to 2435.93. News during this period are listed below:

[Headline]: Solana Looks Overbought Against Ethereum; Bitcoin-Gold Ratio Stuck in a Downtrend
[Summary]: SOL/ETH trading on Binance looks overbought, as per the RSI.

BTC/Gold ratio has turned lower from a downtrend resistance.

The solana-ether (SOL/ETH) spot pair trading on Binance has surged over 15% ...



Based on all the information before 2024-10-25, let's first analyze the positive developments and potential concerns for ETH-USD. Come up with 2-4 most important factors respectively and keep them concise. Most factors should be inferred from cryptocurrencies related news. Then let's assume your prediction for next week (2024-10-25 to 2024-11-01) is up by 3-4%. Provide a summary analysis to support your prediction. The prediction result need to be inferred from your analysis at the end, and thus not appearing as a foundational factor of your analysis.","[Positive Developments]:
1. **Institutional Adoption**: Guggenheim and Visa's initiatives on the Ethereum blockchain demonstrate growing institutional adoption and real-world use cases, which could drive demand for ETH.
2. **Layer 2 Proposals**: The new Ethereum improvement proposal (EIP-7781) aims to increase throughput by 50%, enhancing the network's scalability and potential applications.

[Potential Concerns]:
1. **ETF Outflows**: Ethereum ETFs experienced significant outflows, indicating potential decreased institutional interest, which could negatively impact the price.
2. **Market Competition**: The switch of Littio from Ethereum to Avalanche for scaling purposes highlights the competitive landscape and potential market share loss.

[Prediction & Analysis]:
The growing institutional adoption and the proposed increase in throughput are positive indicators for Ethereum's price growth. However, the significant ETF outflows and market competition pose potential downside risks. Given the recent price decrease from 2641.55 to 2435.93, a rebound is likely as investors take advantage of the lower prices. Therefore, a price increase of 3-4% for the upcoming week is predicted."
"[Cryptocurrency Introduction]: Ethereum (ETH) is a cryptocurrency . Ethereum has a current supply of 120,723,694.21201035. The last known price of Ethereum is 2,480.80462336 USD and is down -0.37 over the last 24 hours. It is currently trading on 10322 active market(s) with $13,955,399,765.77 traded over the last 24 hours. More information can be found at https://www.ethereum.org/.. It has a market capilization of 306510036992.

From 2024-10-18 to 2024-10-25, ETH-USD's stock price decreased from 2641.55 to 2435.93. News during this period are listed below:

[Headline]: Solana Looks Overbought Against Ethereum; Bitcoin-Gold Ratio Stuck in a Downtrend
[Summary]: SOL/ETH trading on Binance looks overbought, as per the RSI.

BTC/Gold ratio has turned lower from a downtrend resistance.

The solana-ether (SOL/ETH) spot pair trading on Binance has surged over 15% ...

From 2024-10-25 to 2024-11-01, ETH-USD's stock price increased from 2435.93 to 2511.89. News during this period are listed below:

[Headline]: Protocol Village: Starknet Claims to Shatter Transaction Speed Record Among Ethereum Layer-2 Networks
[Summary]: In today's edition: Starknet, Space and Time, Morph, Neo, Gaia, EigenLayer, Metis.

Wednesday, Oct. 30

Starknet Claims to Shatter Transaction Speed Record Among Ethereum Layer-2 Networks

Starknet, a...

[Headline]: Leading Bitcoin Layer 2 Picks Optimism's Red-Hot Superchain to Link to Ethereum
[Summary]: BOB, a Bitcoin layer-2 project looking to expand development on the world's oldest blockchain, has integrated with the Superchain ecosystem built on Optimism’s OP Stack.

OP Stack is a toolkit that al...

[Headline]: Starknet Claims to Shatter Transaction Speed Record Among Ethereum Layer-2 Networks
[Summary]: Starknet, a zero-knowledge rollup, said Wednesday it had shattered the record for transactions per second (TPS) among Ethereum layer-2 networks.

According to the team, Starknet reached ""a max TPS of ...



Based on all the information before 2024-11-01, let's first analyze the positive developments and potential concerns for ETH-USD. Come up with 2-4 most important factors respectively and keep them concise. Most factors should be inferred from cryptocurrencies related news. Then let's assume your prediction for next week (2024-11-01 to 2024-11-08) is up by more than 5%. Provide a summary analysis to support your prediction. The prediction result need to be inferred from your analysis at the end, and thus not appearing as a foundational factor of your analysis.","[Positive Developments]:
1. **Layer 2 Advancements**: Starknet's claim of shattering the transaction speed record among Ethereum Layer-2 networks highlights the significant advancements in scalability and efficiency.
2. **Interoperability Initiatives**: The integration of BOB, a Bitcoin layer-2 project, with Optimism’s Superchain ecosystem demonstrates growing interoperability and collaboration within the crypto ecosystem.

[Potential Concerns]:
1. **Market Volatility**: The overbought condition of SOL/ETH trading pair indicates potential market volatility, which could impact Ethereum's price.
2. **Regulatory Uncertainty**: The mention of regulatory concerns, although not directly related to Ethereum, adds to the overall market uncertainty.

[Prediction & Analysis]:
The advancements in Layer 2 solutions and interoperability initiatives are strong positive developments for Ethereum. However, market volatility and regulatory uncertainty pose potential risks. Given the recent price increase from 2435.93 to 2511.89, continued bullish momentum is expected. Therefore, a price increase of more than 5% for the upcoming week is predicted."
"[Cryptocurrency Introduction]: Ethereum (ETH) is a cryptocurrency . Ethereum has a current supply of 120,723,694.21201035. The last known price of Ethereum is 2,480.80462336 USD and is down -0.37 over the last 24 hours. It is currently trading on 10322 active market(s) with $13,955,399,765.77 traded over the last 24 hours. More information can be found at https://www.ethereum.org/.. It has a market capilization of 306510036992.

From 2024-11-01 to 2024-11-08, ETH-USD's stock price increased from 2511.89 to 2962.30. News during this period are listed below:

[Headline]: VC Darling Eclipse Finally Debuts Its Solana-Ethereum Blockchain Hybrid
[Summary]: Eclipse launched its long-awaited mainnet blockchain on Thursday — introducing a first-of-its-kind layer-2 network that melds tech from the popular Ethereum and Solana blockchains into a single packag...

[Headline]: Is Optimism's 'Superchain' Winning the Ethereum Layer-2 Race?
[Summary]: Optimism, one of the major layer-2 networks, has managed to get a slew of clients and firms to deploy their own blockchains using its technology, known as the OP Stack.

Part of the strategy to get ne...

[Headline]: ‘It’s So Early’: How Solana Is Competing With Ethereum for Institutional Interest
[Summary]: Solana has garnered notoriety for its meme coin connection.

But financial institutions are also interested in using the network to build their products.

While Solana is newer than Ethereum, it doesn...

[Headline]: Ethereum Researchers Relinquish EigenLayer Roles Over Conflict of Interest Concerns
[Summary]: Ethereum Foundation researchers Dankrad Feist and Justin Drake have resigned from their advisory roles at EigenLayer, months after a controversy erupted over potential conflicts of interest within the...



Based on all the information before 2024-11-08, let's first analyze the positive developments and potential concerns for ETH-USD. Come up with 2-4 most important factors respectively and keep them concise. Most factors should be inferred from cryptocurrencies related news. Then let's assume your prediction for next week (2024-11-08 to 2024-11-15) is up by 4-5%. Provide a summary analysis to support your prediction. The prediction result need to be inferred from your analysis at the end, and thus not appearing as a foundational factor of your analysis.","[Positive Developments]:
1. **Technological Innovations**: The debut of Eclipse's Solana-Ethereum blockchain hybrid and the advancements in Optimism's 'Superchain' demonstrate continuous technological innovations, driving demand for ETH.
2. **Institutional Interest**: The growing institutional interest in Solana also reflects positively on Ethereum, as it highlights the broader appeal of smart contract platforms.

[Potential Concerns]:
1. **Conflict of Interest Concerns**: The resignation of Ethereum researchers over conflict of interest concerns could impact market sentiment and potentially hinder institutional trust.
2. **Market Competition**: The increasing competition from other blockchains like Solana poses a threat to Ethereum's market dominance.

[Prediction & Analysis]:
The technological innovations and growing institutional interest are strong positive developments for Ethereum. However, conflict of interest concerns and market competition pose potential risks. Given the recent price increase from 2511.89 to 2962.30, a continuation of this bullish trend is expected. Therefore, a price increase of 4-5% for the upcoming week is predicted."
"[Cryptocurrency Introduction]: Ethereum (ETH) is a cryptocurrency . Ethereum has a current supply of 120,723,694.21201035. The last known price of Ethereum is 2,480.80462336 USD and is down -0.37 over the last 24 hours. It is currently trading on 10322 active market(s) with $13,955,399,765.77 traded over the last 24 hours. More information can be found at https://www.ethereum.org/.. It has a market capilization of 306510036992.

From 2024-10-25 to 2024-11-01, ETH-USD's stock price increased from 2435.93 to 2511.89. News during this period are listed below:

[Headline]: Protocol Village: Starknet Claims to Shatter Transaction Speed Record Among Ethereum Layer-2 Networks
[Summary]: In today's edition: Starknet, Space and Time, Morph, Neo, Gaia, EigenLayer, Metis.

Wednesday, Oct. 30

Starknet Claims to Shatter Transaction Speed Record Among Ethereum Layer-2 Networks

Starknet, a...

[Headline]: Leading Bitcoin Layer 2 Picks Optimism's Red-Hot Superchain to Link to Ethereum
[Summary]: BOB, a Bitcoin layer-2 project looking to expand development on the world's oldest blockchain, has integrated with the Superchain ecosystem built on Optimism’s OP Stack.

OP Stack is a toolkit that al...

[Headline]: Starknet Claims to Shatter Transaction Speed Record Among Ethereum Layer-2 Networks
[Summary]: Starknet, a zero-knowledge rollup, said Wednesday it had shattered the record for transactions per second (TPS) among Ethereum layer-2 networks.

According to the team, Starknet reached ""a max TPS of ...

From 2024-11-01 to 2024-11-08, ETH-USD's stock price increased from 2511.89 to 2962.30. News during this period are listed below:

[Headline]: VC Darling Eclipse Finally Debuts Its Solana-Ethereum Blockchain Hybrid
[Summary]: Eclipse launched its long-awaited mainnet blockchain on Thursday — introducing a first-of-its-kind layer-2 network that melds tech from the popular Ethereum and Solana blockchains into a single packag...

[Headline]: Is Optimism's 'Superchain' Winning the Ethereum Layer-2 Race?
[Summary]: Optimism, one of the major layer-2 networks, has managed to get a slew of clients and firms to deploy their own blockchains using its technology, known as the OP Stack.

Part of the strategy to get ne...

[Headline]: ‘It’s So Early’: How Solana Is Competing With Ethereum for Institutional Interest
[Summary]: Solana has garnered notoriety for its meme coin connection.

But financial institutions are also interested in using the network to build their products.

While Solana is newer than Ethereum, it doesn...

[Headline]: Ethereum Researchers Relinquish EigenLayer Roles Over Conflict of Interest Concerns
[Summary]: Ethereum Foundation researchers Dankrad Feist and Justin Drake have resigned from their advisory roles at EigenLayer, months after a controversy erupted over potential conflicts of interest within the...

From 2024-11-08 to 2024-11-15, ETH-USD's stock price increased from 2962.30 to 3103.04. News during this period are listed below:

[Headline]: Ethereum Developer Consensys Plots Token Issuance in Sign of Trump Thaw
[Summary]: Consensys, a leading Ethereum development firm, is ready to release a token for Linea, its layer-2 blockchain network.

The plan comes after Donald Trump's reelection has lifted a regulatory ""cloud"" o...

[Headline]: Ethereum Pioneer's New 'Time Machine' Makes Transactions Conditional on Future Events
[Summary]: Ethereum, a paramount blockchain due to its programmability and sprawling ecosystem of layer-2 networks, is getting a new dimension: time.

Smart Transactions (STXN), a new project from Vlad Zamfir, w...

[Headline]: Ethereum Layer-2 Project Starknet to Roll Out Staking Feature Later This Month
[Summary]: Starknet, a prominent Ethereum layer-2 project, said Tuesday that it will bring staking to its main network on Nov. 26.

StarkWare, the main developer firm behind Starknet, had shared in July that it ...

[Headline]: Top Ethereum Researcher's Dramatic Proposal Draws Standing-Room-Only Crowd in Bangkok
[Summary]: BANGKOK — It's been over two years since Ethereum's community last rallied behind a big tech event. That event—the so-called Ethereum merge—marked the network's long-awaited shift to a new, more eco-f...

[Headline]: Ethereum's ENS Identity System Set to Launch Own Layer-2 Blockchain
[Summary]: The company behind the ENS blockchain domain service has cinched a plan to build its own layer-2 blockchain, dubbed “Namechain.”

Namechain will be a zero-knowledge rollup, and will likely go live aro...



Based on all the information before 2024-11-15, let's first analyze the positive developments and potential concerns for ETH-USD. Come up with 2-4 most important factors respectively and keep them concise. Most factors should be inferred from cryptocurrencies related news. Then let's assume your prediction for next week (2024-11-15 to 2024-11-22) is up by more than 5%. Provide a summary analysis to support your prediction. The prediction result need to be inferred from your analysis at the end, and thus not appearing as a foundational factor of your analysis.","[Positive Developments]:
1. **Layer 2 Innovations**: The upcoming staking feature on Starknet and the launch of ENS's own Layer-2 blockchain, Namechain, demonstrate continued innovation and growth in Ethereum's Layer 2 ecosystem.
2. **Regulatory Clarity**: The plan by Consensys to issue a token for Linea, following regulatory clarity post-Trump's reelection, indicates a positive regulatory environment for Ethereum.

[Potential Concerns]:
1. **Technical Challenges**: The dramatic proposal from a top Ethereum researcher highlights the technical challenges and potential delays in implementing new features.
2. **Market Saturation**: The continuous launch of new Layer 2 solutions may lead to market saturation and increased competition, potentially diluting the impact of each individual project.

[Prediction & Analysis]:
The innovations in Layer 2 solutions and the positive regulatory environment are strong positive developments for Ethereum. However, technical challenges and potential market saturation pose risks. Given the recent price increase from 2962.30 to 3103.04, a continuation of this upward trend is expected. Therefore, a price increase of more than 5% for the upcoming week is predicted."
"[Cryptocurrency Introduction]: Ethereum (ETH) is a cryptocurrency . Ethereum has a current supply of 120,723,694.21201035. The last known price of Ethereum is 2,480.80462336 USD and is down -0.37 over the last 24 hours. It is currently trading on 10322 active market(s) with $13,955,399,765.77 traded over the last 24 hours. More information can be found at https://www.ethereum.org/.. It has a market capilization of 306510036992.

From 2024-11-08 to 2024-11-15, ETH-USD's stock price increased from 2962.30 to 3103.04. News during this period are listed below:

[Headline]: BlackRock Expands Tokenized Fund BUIDL Beyond Ethereum to 5 New Blockchains 
[Summary]: BlackRock's first tokenized product, launched on Ethereum in March, is now accessible on the Aptos, Arbitrum, Avalanche, Optimism's OP Mainnet and Polygon networks.

BUIDL, the largest blockchain-base...

[Headline]: Ethereum Developer Consensys Plots Token Issuance in Sign of Trump Thaw
[Summary]: Consensys, a leading Ethereum development firm, is ready to release a token for Linea, its layer-2 blockchain network.

The plan comes after Donald Trump's reelection has lifted a regulatory ""cloud"" o...

[Headline]: Ethereum Pioneer's New 'Time Machine' Makes Transactions Conditional on Future Events
[Summary]: Ethereum, a paramount blockchain due to its programmability and sprawling ecosystem of layer-2 networks, is getting a new dimension: time.

Smart Transactions (STXN), a new project from Vlad Zamfir, w...

[Headline]: Ethereum Layer-2 Project Starknet to Roll Out Staking Feature Later This Month
[Summary]: Starknet, a prominent Ethereum layer-2 project, said Tuesday that it will bring staking to its main network on Nov. 26.

StarkWare, the main developer firm behind Starknet, had shared in July that it ...

[Headline]: Ethereum Foundation's Treasury Shrunk 39% Over 2 1/2 Years to $970M
[Summary]: The Ethereum Foundation on Friday released its long-awaited financial report, revealing it had $970.2 million in its treasury as of Oct.31

That's down 39% from $1.6 billion on March 31, 2022, the las...

From 2024-11-15 to 2024-11-22, ETH-USD's stock price increased from 3103.04 to 3331.60. News during this period are listed below:

[Headline]: Ethereum Layer-2 Teams Welcome Proposal to Overhaul Blockchain
[Summary]: What's good for the L1 is good for the L2s.

That's the assessment the teams behind zkSync and Polygon, two of the leading layer-2 networks running on top of Ethereum, gave of a recent proposal to ove...

[Headline]: Frank McCourt's Decentralized Internet Project Enters Ethereum Ecosystem With Consensys Partnership
[Summary]: Project Liberty, which is building a decentralized social media ecosystem, is working with Consensys to expand into Ethereum (ETH).

The project is ""meeting the zeitgeist"" and is population-scale read...

[Headline]: Memecoin Launchpad GraFun Expands to Ethereum to Clinch New Users
[Summary]: Expanding to Ethereum will help GraFun capture newer audiences, tap into higher liquidity for meme issuances and increase the platform’s visibility among crypto traders.

GraFun uniquely offers a “Fai...

[Headline]: Ethereum's Ether Has Fallen Out of Investor Favor and How
[Summary]: ETH's options-based probability density function shows just a 10% chance of prices testing the year-to-date high of $4,000 by the end of December.

ETH faces headwinds from weak fundamentals.

Ethereu...



Based on all the information before 2024-11-22, let's first analyze the positive developments and potential concerns for ETH-USD. Come up with 2-4 most important factors respectively and keep them concise. Most factors should be inferred from cryptocurrencies related news. Then let's assume your prediction for next week (2024-11-22 to 2024-11-29) is up by more than 5%. Provide a summary analysis to support your prediction. The prediction result need to be inferred from your analysis at the end, and thus not appearing as a foundational factor of your analysis.","**[Positive Developments]:**
1. **Expansion of Tokenized Funds**: BlackRock's expansion of its tokenized fund to multiple new blockchains, including Ethereum, indicates growing institutional interest and adoption.
2. **Layer-2 Innovations**: The introduction of staking on Starknet and new projects like Smart Transactions (STXN) showcase Ethereum's ongoing innovation and scalability improvements.
3. **Regulatory Thaw**: Consensys' plan to issue a token for Linea suggests a more favorable regulatory environment, which could attract more investments.

**[Potential Concerns]:**
1. **Treasury Decline**: The Ethereum Foundation's treasury has shrunk by 39% over 2.5 years, which could impact future development and sustainability.
2. **Investor Sentiment**: Options-based probability density function shows only a 10% chance of ETH testing its year-to-date high by the end of December, indicating weak investor sentiment.

**[Prediction & Analysis]:**
Ethereum's price has been increasing despite some concerns, largely driven by positive developments such as institutional adoption and layer-2 innovations. The expansion of tokenized funds and the introduction of new layer-2 features suggest growing use cases and potential increased demand for ETH. However, the treasury decline and weak investor sentiment could pose challenges. Overall, the positive developments outweigh the concerns, leading to a bullish sentiment. Therefore, the prediction for the next week (2024-11-22 to 2024-11-29) is that Ethereum's price could increase by more than 5%."
"[Cryptocurrency Introduction]: Ethereum (ETH) is a cryptocurrency . Ethereum has a current supply of 120,723,694.21201035. The last known price of Ethereum is 2,480.80462336 USD and is down -0.37 over the last 24 hours. It is currently trading on 10322 active market(s) with $13,955,399,765.77 traded over the last 24 hours. More information can be found at https://www.ethereum.org/.. It has a market capilization of 306510036992.

From 2024-11-22 to 2024-11-29, ETH-USD's stock price increased from 3331.60 to 3593.49. News during this period are listed below:

[Headline]: The Protocol: Bitcoin Bridged Trustlessly to L2; Ethereum's Blob Mob
[Summary]: Welcome to The Protocol, CoinDesk's weekly wrap-up of the most important stories in cryptocurrency tech development. I'm Marc Hochstein, CoinDesk's deputy editor-in-chief for features, opinion and sta...

[Headline]: Think Ethereum’s ETH is Dead? Surging Metrics Show Otherwise
[Summary]: The overwhelming chatter on social media, especially Crypto Twitter is that Ethereum’s ether (ETH) is dead, a narrowly moving token.

Still, the market is betting on higher ETH prices as traders pile ...

[Headline]: Ethereum Blob Usage Explodes as Traders Rush to Layer 2 Solutions
[Summary]: Ethereum is witnessing a surge in ""blob"" usage, an effective data management tool introduced earlier this year, signaling that more users are embracing layer-2 scaling solutions for faster and more af...

[Headline]: Crypto Staking Goes Live on Starknet in First for Top Ethereum L2 Blockchains
[Summary]: Starknet has become the first major layer-2 blockchain running on top of Ethereum to let users earn money by staking their tokens and validating transactions.



The feature is intended to help decent...



Based on all the information before 2024-11-29, let's first analyze the positive developments and potential concerns for ETH-USD. Come up with 2-4 most important factors respectively and keep them concise. Most factors should be inferred from cryptocurrencies related news. Then let's assume your prediction for next week (2024-11-29 to 2024-12-06) is up by more than 5%. Provide a summary analysis to support your prediction. The prediction result need to be inferred from your analysis at the end, and thus not appearing as a foundational factor of your analysis.","**[Positive Developments]:**
1. **Layer-2 Adoption**: The surge in ""blob"" usage and the introduction of staking on Starknet indicate increasing adoption and utility of Ethereum's layer-2 solutions.
2. **Market Betting on ETH**: Despite social media chatter, traders are betting on higher ETH prices, suggesting underlying market confidence.

**[Potential Concerns]:**
1. **Limited News Flow**: The lack of significant news compared to the previous week could indicate a slowdown in momentum.
2. **Potential Market Correction**: The recent surge in price might lead to a short-term correction as traders take profits.

**[Prediction & Analysis]:**
The positive developments, particularly the increased adoption of layer-2 solutions, suggest a strong foundation for Ethereum's growth. However, the limited news flow and potential market correction could temper short-term gains. Overall, the momentum from layer-2 adoption and market betting on ETH supports a bullish outlook. Therefore, the prediction for the next week (2024-11-29 to 2024-12-06) is that Ethereum's price could increase by more than 5%."
"[Cryptocurrency Introduction]: Ethereum (ETH) is a cryptocurrency . Ethereum has a current supply of 120,723,694.21201035. The last known price of Ethereum is 2,480.80462336 USD and is down -0.37 over the last 24 hours. It is currently trading on 10322 active market(s) with $13,955,399,765.77 traded over the last 24 hours. More information can be found at https://www.ethereum.org/.. It has a market capilization of 306510036992.

From 2024-11-29 to 2024-12-06, ETH-USD's stock price increased from 3593.49 to 4005.81. News during this period are listed below:

[Headline]: Ethereum's Justin Drake Sees No Threat From Solana, Says Its ‘Golden Era’ Will End
[Summary]: Ethereum developer Justin Drake said his comprehensive proposal to overhaul the second-largest blockchain's consensus layer isn't about catching up with a rival, it's about sticking around for the lon...

[Headline]: Ethereum Transaction Revenue Has Surged Since Trump Election Victory: Steno Research
[Summary]: The Ethereum blockchain's transactional revenue has increased substantially since Donald Trump's U.S. election victory, Steno Research said in a Monday report.

""This outcome is crucial for all onchai...

[Headline]: Ethereum ETFs See Record $333M Inflows, Outpacing Bitcoin Funds as Catch-Up Trade Gains Momentum
[Summary]: Spot ethereum (ETH) exchange traded funds (ETF) in the U.S. saw record daily inflows on Friday, another sign that the second-largest cryptocurrency is gaining momentum as a catch-up trade after vastly...

[Headline]: Ethereum ETFs Inflow Streak Sets Up ETH for New Lifetime Highs, Traders Say
[Summary]: A streak of inflows into U.S.-listed spot ether (ETH) exchange-traded funds (ETFs), rising activity on the Ethereum blockchain and increased institutional trading interest could help the second-larges...



Based on all the information before 2024-12-06, let's first analyze the positive developments and potential concerns for ETH-USD. Come up with 2-4 most important factors respectively and keep them concise. Most factors should be inferred from cryptocurrencies related news. Then let's assume your prediction for next week (2024-12-06 to 2024-12-13) is down by 2-3%. Provide a summary analysis to support your prediction. The prediction result need to be inferred from your analysis at the end, and thus not appearing as a foundational factor of your analysis.","**[Positive Developments]:**
1. **ETF Inflows**: Record inflows into Ethereum ETFs indicate strong institutional interest and growing momentum as a catch-up trade.
2. **Transaction Revenue Surge**: Increased transaction revenue post-election suggests heightened on-chain activity and demand.
3. **Developer Confidence**: Ethereum developer Justin Drake's comments on the blockchain's longevity and resilience bolster market confidence.

**[Potential Concerns]:**
1. **Potential Overheating**: The rapid price increase and high institutional interest could lead to a short-term pullback as the market digest the gains.
2. **Regulatory Uncertainty**: Despite positive signs, regulatory changes could still impact the market, especially with the new administration.

**[Prediction & Analysis]:**
The significant inflows into Ethereum ETFs and the surge in transaction revenue point to strong institutional demand and on-chain activity. However, the rapid price increase and potential regulatory uncertainty could lead to a short-term correction. Given these factors, the prediction for the next week (2024-12-06 to 2024-12-13) is that Ethereum's price could decrease by 2-3%."
"[Cryptocurrency Introduction]: Ethereum (ETH) is a cryptocurrency . Ethereum has a current supply of 120,723,694.21201035. The last known price of Ethereum is 2,480.80462336 USD and is down -0.37 over the last 24 hours. It is currently trading on 10322 active market(s) with $13,955,399,765.77 traded over the last 24 hours. More information can be found at https://www.ethereum.org/.. It has a market capilization of 306510036992.

From 2024-11-22 to 2024-11-29, ETH-USD's stock price increased from 3331.60 to 3593.49. News during this period are listed below:

[Headline]: The Protocol: Bitcoin Bridged Trustlessly to L2; Ethereum's Blob Mob
[Summary]: Welcome to The Protocol, CoinDesk's weekly wrap-up of the most important stories in cryptocurrency tech development. I'm Marc Hochstein, CoinDesk's deputy editor-in-chief for features, opinion and sta...

[Headline]: Think Ethereum’s ETH is Dead? Surging Metrics Show Otherwise
[Summary]: The overwhelming chatter on social media, especially Crypto Twitter is that Ethereum’s ether (ETH) is dead, a narrowly moving token.

Still, the market is betting on higher ETH prices as traders pile ...

[Headline]: Ethereum Blob Usage Explodes as Traders Rush to Layer 2 Solutions
[Summary]: Ethereum is witnessing a surge in ""blob"" usage, an effective data management tool introduced earlier this year, signaling that more users are embracing layer-2 scaling solutions for faster and more af...

[Headline]: Crypto Staking Goes Live on Starknet in First for Top Ethereum L2 Blockchains
[Summary]: Starknet has become the first major layer-2 blockchain running on top of Ethereum to let users earn money by staking their tokens and validating transactions.



The feature is intended to help decent...

From 2024-11-29 to 2024-12-06, ETH-USD's stock price increased from 3593.49 to 4005.81. News during this period are listed below:

[Headline]: Ethereum's Justin Drake Sees No Threat From Solana, Says Its ‘Golden Era’ Will End
[Summary]: Ethereum developer Justin Drake said his comprehensive proposal to overhaul the second-largest blockchain's consensus layer isn't about catching up with a rival, it's about sticking around for the lon...

[Headline]: Ethereum Transaction Revenue Has Surged Since Trump Election Victory: Steno Research
[Summary]: The Ethereum blockchain's transactional revenue has increased substantially since Donald Trump's U.S. election victory, Steno Research said in a Monday report.

""This outcome is crucial for all onchai...

[Headline]: Ethereum ETFs See Record $333M Inflows, Outpacing Bitcoin Funds as Catch-Up Trade Gains Momentum
[Summary]: Spot ethereum (ETH) exchange traded funds (ETF) in the U.S. saw record daily inflows on Friday, another sign that the second-largest cryptocurrency is gaining momentum as a catch-up trade after vastly...

[Headline]: Ethereum ETFs Inflow Streak Sets Up ETH for New Lifetime Highs, Traders Say
[Summary]: A streak of inflows into U.S.-listed spot ether (ETH) exchange-traded funds (ETFs), rising activity on the Ethereum blockchain and increased institutional trading interest could help the second-larges...

From 2024-12-06 to 2024-12-13, ETH-USD's stock price decreased from 4005.81 to 3911.21. News during this period are listed below:

[Headline]: Ethereum’s Ether Headed to $5K as Activity, Institutional Demand Grows
[Summary]: Investor demand, onchain metrics and network activity are setting up ether (ETH) to reach a $5,000 level for the first time, CryptoQuant analysts said in a report.



Ether spot ETFs posted a 13-day i...

[Headline]: Dev's Defection Highlights Ethereum's Growing Solana Problem 
[Summary]: Ethereum's place near the top of the crypto market is unquestioned from the perspective of market cap. But beneath the surface – at the product, developer and decision-making levels – the original sma...

[Headline]: Ether Hits $4,000 as Coinbase Premium and Ethereum Active Addresses Surge
[Summary]: The price of Ethereum's ether (ETH) broke above the $4,000 mark on Friday for the first time since March.

The second-largest cryptocurrency is up 2.4% in the last 24 hours and 8.4% in the last seven ...



Based on all the information before 2024-12-13, let's first analyze the positive developments and potential concerns for ETH-USD. Come up with 2-4 most important factors respectively and keep them concise. Most factors should be inferred from cryptocurrencies related news. Then let's assume your prediction for next week (2024-12-13 to 2024-12-20) is down by more than 5%. Provide a summary analysis to support your prediction. The prediction result need to be inferred from your analysis at the end, and thus not appearing as a foundational factor of your analysis.","**[Positive Developments]:**
1. **Layer-2 Growth**: The explosion in ""blob"" usage and the introduction of staking on Starknet highlight Ethereum's growing ecosystem and scalability.
2. **ETF Momentum**: Record inflows into Ethereum ETFs and positive analyst predictions indicate strong institutional interest and market optimism.

**[Potential Concerns]:**
1. **Potential Market Cool-off**: The sustained price increase over the past weeks could lead to a cool-off period as traders take profits.
2. **Competitor Pressure**: Increasing competition from other blockchains, such as Solana, could pose a threat to Ethereum's market share.

**[Prediction & Analysis]:**
The strong momentum from layer-2 growth and ETF inflows suggests robust demand and market confidence. However, the potential for a market cool-off and competitor pressure could temper short-term gains. Given these factors, the prediction for the next week (2024-12-13 to 2024-12-20) is that Ethereum's price could decrease by more than 5%."
"[Cryptocurrency Introduction]: Ethereum (ETH) is a cryptocurrency . Ethereum has a current supply of 120,723,694.21201035. The last known price of Ethereum is 2,480.80462336 USD and is down -0.37 over the last 24 hours. It is currently trading on 10322 active market(s) with $13,955,399,765.77 traded over the last 24 hours. More information can be found at https://www.ethereum.org/.. It has a market capilization of 306510036992.

From 2024-12-13 to 2024-12-20, ETH-USD's stock price decreased from 3911.21 to 3472.55. News during this period are listed below:

[Headline]: Ethereum's ENS Identity System Picks Consensys' Tech for Its Layer-2
[Summary]: ENS Labs, the company behind the Ethereum Name Service, said Tuesday that it picked Linea's technology to build its upcoming layer-2 network, Namechain.



Linea is a zero-knowledge rollup that came o...



Based on all the information before 2024-12-20, let's first analyze the positive developments and potential concerns for ETH-USD. Come up with 2-4 most important factors respectively and keep them concise. Most factors should be inferred from cryptocurrencies related news. Then let's assume your prediction for next week (2024-12-20 to 2024-12-27) is down by 4-5%. Provide a summary analysis to support your prediction. The prediction result need to be inferred from your analysis at the end, and thus not appearing as a foundational factor of your analysis.","**[Positive Developments]:**
1. **Layer-2 Expansion**: ENS Labs' choice of Linea's technology for its layer-2 network indicates continued innovation and growth in Ethereum's layer-2 ecosystem.

**[Potential Concerns]:**
1. **Market Correction**: The recent price decrease could signal a market correction, leading to further short-term declines.
2. **Limited News Flow**: The lack of significant positive news compared to previous weeks could indicate a slowdown in momentum.
3. **Competitor Threat**: The defection of developers to competitors like Solana highlights growing competition and potential challenges to Ethereum's dominance.

**[Prediction & Analysis]:**
The layer-2 expansion indicates continued innovation, but the market correction, limited news flow, and competitor threat suggest potential challenges ahead. Given these factors, the prediction for the next week (2024-12-20 to 2024-12-27) is that Ethereum's price could decrease by 4-5%."
"[Cryptocurrency Introduction]: Ethereum (ETH) is a cryptocurrency . Ethereum has a current supply of 120,723,694.21201035. The last known price of Ethereum is 2,480.80462336 USD and is down -0.37 over the last 24 hours. It is currently trading on 10322 active market(s) with $13,955,399,765.77 traded over the last 24 hours. More information can be found at https://www.ethereum.org/.. It has a market capilization of 306510036992.

From 2024-11-29 to 2024-12-06, ETH-USD's stock price increased from 3593.49 to 4005.81. News during this period are listed below:

[Headline]: Ethereum's Justin Drake Sees No Threat From Solana, Says Its ‘Golden Era’ Will End
[Summary]: Ethereum developer Justin Drake said his comprehensive proposal to overhaul the second-largest blockchain's consensus layer isn't about catching up with a rival, it's about sticking around for the lon...

[Headline]: Ethereum Transaction Revenue Has Surged Since Trump Election Victory: Steno Research
[Summary]: The Ethereum blockchain's transactional revenue has increased substantially since Donald Trump's U.S. election victory, Steno Research said in a Monday report.

""This outcome is crucial for all onchai...

[Headline]: Ethereum ETFs See Record $333M Inflows, Outpacing Bitcoin Funds as Catch-Up Trade Gains Momentum
[Summary]: Spot ethereum (ETH) exchange traded funds (ETF) in the U.S. saw record daily inflows on Friday, another sign that the second-largest cryptocurrency is gaining momentum as a catch-up trade after vastly...

[Headline]: Ethereum ETFs Inflow Streak Sets Up ETH for New Lifetime Highs, Traders Say
[Summary]: A streak of inflows into U.S.-listed spot ether (ETH) exchange-traded funds (ETFs), rising activity on the Ethereum blockchain and increased institutional trading interest could help the second-larges...

From 2024-12-06 to 2024-12-13, ETH-USD's stock price decreased from 4005.81 to 3911.21. News during this period are listed below:

[Headline]: Ethereum’s Ether Headed to $5K as Activity, Institutional Demand Grows
[Summary]: Investor demand, onchain metrics and network activity are setting up ether (ETH) to reach a $5,000 level for the first time, CryptoQuant analysts said in a report.



Ether spot ETFs posted a 13-day i...

[Headline]: Dev's Defection Highlights Ethereum's Growing Solana Problem 
[Summary]: Ethereum's place near the top of the crypto market is unquestioned from the perspective of market cap. But beneath the surface – at the product, developer and decision-making levels – the original sma...

[Headline]: Ether Hits $4,000 as Coinbase Premium and Ethereum Active Addresses Surge
[Summary]: The price of Ethereum's ether (ETH) broke above the $4,000 mark on Friday for the first time since March.

The second-largest cryptocurrency is up 2.4% in the last 24 hours and 8.4% in the last seven ...

From 2024-12-13 to 2024-12-20, ETH-USD's stock price decreased from 3911.21 to 3472.55. News during this period are listed below:

[Headline]: Ethereum's ENS Identity System Picks Consensys' Tech for Its Layer-2
[Summary]: ENS Labs, the company behind the Ethereum Name Service, said Tuesday that it picked Linea's technology to build its upcoming layer-2 network, Namechain.



Linea is a zero-knowledge rollup that came o...

From 2024-12-20 to 2024-12-27, ETH-USD's stock price decreased from 3472.55 to 3328.92. News during this period are listed below:

[Headline]: Ethereum Co-founder Vitalik Buterin 'Adopts' Viral Hippo Moo Deng
[Summary]: Stalled bitcoin (BTC) and crypto prices may not be bringing festive cheer to traders, but some with money are trying to spread the goodwill around.

Ethereum co-founder Vitalik Buterin said he'd accep...

[Headline]: Ethereum's ENS Identity System Picks Consensys' Tech for Its Layer-2
[Summary]: ENS Labs, the company behind the Ethereum Name Service, said Tuesday that it picked Linea's technology to build its upcoming layer-2 network, Namechain.



Linea is a zero-knowledge rollup that came o...

[Headline]: Ethereum’s Ether Headed to $5K as Activity, Institutional Demand Grows
[Summary]: Investor demand, onchain metrics and network activity are setting up ether (ETH) to reach a $5,000 level for the first time, CryptoQuant analysts said in a report.



Ether spot ETFs posted a 13-day i...

[Headline]: Dev's Defection Highlights Ethereum's Growing Solana Problem 
[Summary]: Ethereum's place near the top of the crypto market is unquestioned from the perspective of market cap. But beneath the surface – at the product, developer and decision-making levels – the original sma...

[Headline]: Ether Hits $4,000 as Coinbase Premium and Ethereum Active Addresses Surge
[Summary]: The price of Ethereum's ether (ETH) broke above the $4,000 mark on Friday for the first time since March.

The second-largest cryptocurrency is up 2.4% in the last 24 hours and 8.4% in the last seven ...



Based on all the information before 2024-12-27, let's first analyze the positive developments and potential concerns for ETH-USD. Come up with 2-4 most important factors respectively and keep them concise. Most factors should be inferred from cryptocurrencies related news. Then let's assume your prediction for next week (2024-12-27 to 2025-01-03) is up by 0-1%. Provide a summary analysis to support your prediction. The prediction result need to be inferred from your analysis at the end, and thus not appearing as a foundational factor of your analysis.","**Response to Analysis Request 1**

**[Positive Developments]:**
1. **Institutional Interest**: Significant inflows into Ethereum ETFs indicate growing institutional demand, which can drive up the price. (Source: ""Ethereum ETFs See Record $333M Inflows, Outpacing Bitcoin Funds as Catch-Up Trade Gains Momentum"")
2. **Network Activity**: Increased activity on the Ethereum blockchain suggests rising adoption and usability, which can positively impact the price. (Source: ""Ethereum Transaction Revenue Has Surged Since Trump Election Victory: Steno Research"")

**[Potential Concerns]:**
1. **Developer Defection**: Reports of developers leaving Ethereum for competitors like Solana may hint at internal issues or growing competition. (Source: ""Dev's Defection Highlights Ethereum's Growing Solana Problem"")
2. **Price Volatility**: Despite positive news, ETH's price has been volatile, indicating market uncertainty.

**[Prediction & Analysis]:**
Ethereum's recent price action has been volatile, but the underlying fundamentals remain strong. Institutional demand and network activity have surged, which are positive indicators for long-term growth. However, the market seems to be digesting these developments cautiously, as evidenced by the price volatility. Competition from other blockchains like Solana is a concern, but Ethereum's established ecosystem and planned upgrades should mitigate this risk. Given these factors, I expect ETH-USD to stabilize and potentially see a modest increase of 0-1% in the upcoming week as the market reassesses Ethereum's strong fundamentals against short-term concerns."
