,End Date,Start Date,End Price,Start Price,Weekly Returns,Bin Label,News,Basics
0,2024-01-12,2024-01-05,2524.460205078125,2268.647216796875,0.11276014463034709,U5+,"[{""date"": ""20240111101231"", ""headline"": ""Ethereum's Vitalik Buterin Proposes Gas Limit Increase"", ""summary"": ""Ethereum co-founder Vitalik Buterin suggested raising the network's gas limit by 33% on Wednesday \u2013 a move that would raise the network's transaction capacity and could reduce fees for end-users, but ..."", ""url"": ""https://coindesk.com/tech/2024/01/11/ethereums-vitalik-buterin-proposes-gas-limit-increase"", ""source"": ""CoinDesk"", ""sentiment"": ""POSITIVE"", ""keywords"": ""Ethereum|Vitalik Buterin|gas fees|Blockchain|Validators"", ""id"": 42391645, ""guid"": ""CpI5Y2Su0uMQDo69bftALf""}, {""date"": ""20240109112341"", ""headline"": ""Bitcoin ETF Fever Drives Ethereum to 32-Month Low Versus BTC"", ""summary"": ""Ethereum's ether [ETH] has slumped to its lowest price versus bitcoin [BTC] since April 2021 as crypto investors obsess over the expected approval of bitcoin ETFs in the U.S.\n\nETH has lost 43% of its ..."", ""url"": ""https://coindesk.com/markets/2024/01/09/bitcoin-etf-fever-drives-ethereum-to-32-month-low-versus-btc"", ""source"": ""CoinDesk"", ""sentiment"": ""NEGATIVE"", ""keywords"": ""Ether|Bitcoin|Bitcoin ETF|Markets|Ethereum"", ""id"": 42409080, ""guid"": ""GJVPKSa3D710Liw1gcCwOC""}, {""date"": ""20240105112811"", ""headline"": ""Ethereum Validators Forced to Wait Days to Unstake Amid Celsius Withdraws"", ""summary"": ""Ethereum's validators are stuck waiting several days to withdraw their staked ether (ETH), and the defunct crypto lender Celsius may be partially to blame for the backlog.\n\nValidators stake ETH to hel..."", ""url"": ""https://coindesk.com/tech/2024/01/05/ethereum-validators-forced-to-wait-days-to-unstake-amid-celsius-withdraws"", ""source"": ""CoinDesk"", ""sentiment"": ""NEGATIVE"", ""keywords"": ""Ethereum|Staking|Validators|Staked eth|Ether|Celsius|Figment"", ""id"": 42391709, ""guid"": ""CpI5Y2Su0uMQDo69bfu9Jl""}]",{}
1,2024-01-19,2024-01-12,2489.49853515625,2524.460205078125,-0.013849166586800299,D2,"[{""date"": ""20240118100426"", ""headline"": ""Bitcoin Could See Growth in Layer-2 Ecosystem, Drawing on Ethereum's Experience: Report"", ""summary"": ""Bitcoin, which suffered last year from congestion as the oldest blockchain got bogged down with experiments in NFTs and tokens, could see growth of auxiliary layer-2 networks to address the network's ..."", ""url"": ""https://coindesk.com/tech/2024/01/18/bitcoin-could-see-growth-in-layer-2-ecosystem-drawing-on-ethereums-experience"", ""source"": ""CoinDesk"", ""sentiment"": ""POSITIVE"", ""keywords"": ""Bitcoin|Lightning Network|Stacks|Rootstock|Liquid"", ""id"": 42418815, ""guid"": ""ha93388BwWkPe8xtcUCiXl""}, {""date"": ""20240118070000"", ""headline"": ""Ethereum Staking Platform Kiln Raises $17M for Global Expansion"", ""summary"": ""Ethereum staking platform Kiln has closed a $17 million funding round, the company said in a press release on Thursday.\n\nThe round was led by 1kx, with participation from IOSG, Crypto.com, Wintermute ..."", ""url"": ""https://coindesk.com/business/2024/01/18/ethereum-staking-platform-kiln-raises-17m-for-global-expansion"", ""source"": ""CoinDesk"", ""sentiment"": ""POSITIVE"", ""keywords"": ""ethererum|Staking|Fundraising"", ""id"": 42418810, ""guid"": ""ha93388BwWkPe8xtcUCiTd""}, {""date"": ""20240117172034"", ""headline"": ""The Protocol: MetaMask's Secret Weapon and Ethereum's Dencun Debacle "", ""summary"": ""Last month, our feature in The Protocol highlighted how the blockchain design principle of \""intents\"" was gaining ascendancy among developers on the industry's cutting edge. This week our Sam Kessler i..."", ""url"": ""https://coindesk.com/tech/2024/01/17/the-protocol-metamasks-secret-weapon-and-ethereums-dencun-debacle"", ""source"": ""CoinDesk"", ""sentiment"": ""POSITIVE"", ""keywords"": ""The Protocol|Newsletter|Ethereum|Protocols|Vitalik Buterin|Near protocol"", ""id"": 42418824, ""guid"": ""ha93388BwWkPe8xtcUCii5""}, {""date"": ""20240117130847"", ""headline"": ""Bitcoin and Ethereum to Lead Altcoins Higher in 2024"", ""summary"": ""Last week\u2019s approval of spot bitcoin exchange traded funds (ETFs) was quite an event. For a brief few days our industry was the belle of the financial ball, with over $4.5 billion trading on Thursday\u2019..."", ""url"": ""https://coindesk.com/markets/2024/01/17/bitcoin-and-ethereum-to-lead-altcoins-higher-in-2024"", ""source"": ""CoinDesk"", ""sentiment"": ""POSITIVE"", ""keywords"": ""Opinion|Crypto Long & Short|Spot bitcoin exchange traded fund|ETF|Ria|Registered Investment Advisors|Altcoins"", ""id"": 42418842, ""guid"": ""ha93388BwWkPe8xtcUCkgv""}, {""date"": ""20240117113957"", ""headline"": ""MetaMask's Secret Project Could Shake Up How Ethereum Works"", ""summary"": ""MetaMask is testing a \""transaction routing\"" feature that could turn the biggest Ethereum wallet into an \""intent-centric\"" protocol \u2013 meaning users will be able to lean on third parties to find the best..."", ""url"": ""https://coindesk.com/tech/2024/01/17/metamasks-secret-intents-project-could-radically-change-how-users-interact-with-blockchains"", ""source"": ""CoinDesk"", ""sentiment"": ""POSITIVE"", ""keywords"": ""Ethereum|ConsenSys|intents|Wallet|MetaMask|DeFi"", ""id"": 42418830, ""guid"": ""ha93388BwWkPe8xtcUCkRR""}, {""date"": ""20240117024352"", ""headline"": ""Ethereum\u2019s Dencun Upgrade Goes Live, But Fails to Finalize on Testnet"", ""summary"": ""Ethereum\u2019s much-awaited Dencun upgrade went live on the Goerli testnet earlier Wednesday but failed to finalize in the expected time.\n\nThe upgrade was pushed at 6:32 UTC, blockchain data shows, but di..."", ""url"": ""https://coindesk.com/tech/2024/01/17/ethereums-dencun-upgrade-goes-live-but-fails-to-finalize-on-testnet"", ""source"": ""CoinDesk"", ""sentiment"": ""NEUTRAL"", ""keywords"": ""Ether|ETH|Dencun|Upgrade"", ""id"": 42418838, ""guid"": ""ha93388BwWkPe8xtcUCkcn""}, {""date"": ""20240116114838"", ""headline"": ""BlackRock Wants to Follow Bitcoin ETF With an Ethereum ETF. Marketing It Might Not Be So Simple"", ""summary"": ""Not long after the debut of BlackRock\u2019s bitcoin exchange-traded fund (ETF), the asset manager\u2019s CEO Larry Fink effectively began the marketing drive for a second spot ETF product with the underlying c..."", ""url"": ""https://coindesk.com/business/2024/01/16/blackrock-wants-to-follow-bitcoin-etf-with-an-ethereum-etf-marketing-it-might-not-be-so-simple"", ""source"": ""CoinDesk"", ""sentiment"": ""NEUTRAL"", ""keywords"": ""BlackRock|ETF|ether ETF|Ether|Ethereum|Bitcoin ETF"", ""id"": 42409046, ""guid"": ""GJVPKSa3D710Liw1gcC42v""}]",{}
2,2024-01-26,2024-01-19,2267.19970703125,2489.49853515625,-0.08929462097917953,D5+,"[{""date"": ""20240125100927"", ""headline"": ""Ethereum Developers Set Timeline for Final \u2018Dencun\u2019 Testnet Upgrades"", ""summary"": ""Ethereum developers planning for the blockchain's biggest upgrade in a year, known as Dencun, have confirmed in a blog post the dates for making the changes on two key test networks \u2013 theoretically th..."", ""url"": ""https://coindesk.com/tech/2024/01/25/ethereum-developers-set-timeline-for-final-dencun-testnet-upgrades"", ""source"": ""CoinDesk"", ""sentiment"": ""POSITIVE"", ""keywords"": ""Dencun|Ethereum|Upgrade|Sharding|Testnet|hard fork"", ""id"": 42418788, ""guid"": ""ha93388BwWkPe8xtcUCYO5""}, {""date"": ""20240125100000"", ""headline"": ""Axiom, Protocol for Historical Ethereum Data, Raises $20M, Led by Paradigm, Standard Crypto"", ""summary"": ""Axiom, a protocol that allows smart contract developers to access historical data from Ethereum and then perform intensive computations off-chain, has raised $20 million in a Series A funding round le..."", ""url"": ""https://coindesk.com/tech/2024/01/25/axiom-protocol-for-historical-ethereum-data-raises-20m-led-by-paradigm-standard-crypto"", ""source"": ""CoinDesk"", ""sentiment"": ""POSITIVE"", ""keywords"": ""Ethereum|Fundraise|Series A|Paradigm"", ""id"": 42418795, ""guid"": ""ha93388BwWkPe8xtcUCYRB""}, {""date"": ""20240124153144"", ""headline"": ""The Protocol: Ethereum Developers Warn on 'Diversity Problem'"", ""summary"": ""In this week's issue, we're covering crypto developers' renewed focus on the Ethereum blockchain's controversial overreliance on a single software \""client\"" called Geth, and the grumbles of crypto user..."", ""url"": ""https://coindesk.com/tech/2024/01/24/the-protocol-ethereum-developers-warn-on-diversity-problem"", ""source"": ""CoinDesk"", ""sentiment"": ""NEGATIVE"", ""keywords"": ""The Protocol|Newsletter|Ethereum|Protocols|Geth|airdrop|Airdrops"", ""id"": 42408951, ""guid"": ""GJVPKSa3D710Liw1gcBLps""}, {""date"": ""20240123100000"", ""headline"": ""Ethereum Interoperability Hub Polymer Raises $23M Series A Funding From Marquee Investors"", ""summary"": ""Polymer Labs has raised $23 million in Series A funding to advance the building of its Ethereum-based interoperability hub.\n\nThe funding round was co-led by Blockchain Capital, Maven 11, and Distribut..."", ""url"": ""https://coindesk.com/business/2024/01/23/ethereum-interoperability-hub-polymer-raises-23m-series-a-funding-from-marquee-investors"", ""source"": ""CoinDesk"", ""sentiment"": ""POSITIVE"", ""keywords"": ""Ethereum|Interoperability|Funding Rounds"", ""id"": 42409026, ""guid"": ""GJVPKSa3D710Liw1gcBa1O""}, {""date"": ""20240122171327"", ""headline"": ""Bug That Took Down 8% of Ethereum's Validators Sparks Worries About Even Bigger Outage"", ""summary"": ""Ethereum just had one of those moments where the big story is what didn't go wrong.\n\nA bug in Ethereum's Nethermind client software \u2013 used by validators of the blockchain to interact with the network ..."", ""url"": ""https://coindesk.com/tech/2024/01/22/bug-on-ethereums-nethermind-software-sparks-discussion-of-client-diversity-risks"", ""source"": ""CoinDesk"", ""sentiment"": ""NEGATIVE"", ""keywords"": ""Ethereum|clients|Geth|Ethereum Foundation|Besu|Bug"", ""id"": 42408993, ""guid"": ""GJVPKSa3D710Liw1gcBaHv""}]",{}
3,2024-02-02,2024-01-26,2308.0380859375,2267.19970703125,0.01801269591716964,U2,"[{""date"": ""20240201100000"", ""headline"": ""Superstate Debuts Tokenized Short-Term Treasury Fund on Ethereum to Compete for Zero-Yield Stablecoins"", ""summary"": ""Blockchain-based asset-management firm Superstate debuted its first tokenized U.S. Treasury fund offering on the Ethereum {{ETH}} blockchain, the company said Thursday in a press release.\n\nSuperstate ..."", ""url"": ""https://coindesk.com/business/2024/02/01/superstate-debuts-tokenized-short-term-treasury-fund-on-ethereum-to-compete-for-zero-yield-stablecoins"", ""source"": ""CoinDesk"", ""sentiment"": ""POSITIVE"", ""keywords"": ""Superstate|Tokenized Assets|Tokenization|Robert Leshner"", ""id"": 42391571, ""guid"": ""CpI5Y2Su0uMQDo69bfjCY3""}, {""date"": ""20240201090000"", ""headline"": ""Market Manipulation May Have Hit Majority of New Ethereum Tokens in 2023: Chainalysis "", ""summary"": ""A big upside of creating financial markets on permissionless networks: there are no rules. That may be the downside, too.\n\nData released Thursday by on-chain sleuthing firm Chainalysis suggests that 5..."", ""url"": ""https://coindesk.com/business/2024/02/01/market-manipulation-may-dominate-small-corner-of-crypto-markets-chainalysis"", ""source"": ""CoinDesk"", ""sentiment"": ""NEGATIVE"", ""keywords"": ""Chainalysis|Market Manipulation|Ethereum"", ""id"": 42391581, ""guid"": ""CpI5Y2Su0uMQDo69bfjDID""}, {""date"": ""20240131094617"", ""headline"": ""Inside the 'Private Mempools' Where Ethereum Traders Hide From Front-Running Bots"", ""summary"": ""Ethereum is swarming with bots that are programmed to front-run transactions. The bots exploit the brief window of time between when transactions are submitted, and when they're officially finalized, ..."", ""url"": ""https://coindesk.com/tech/2024/01/31/inside-the-private-mempools-where-ethereum-traders-hide-from-front-running-bots"", ""source"": ""CoinDesk"", ""sentiment"": ""NEUTRAL"", ""keywords"": ""Features|MEV|Mempool|Ethereum|Blocknative"", ""id"": 42391595, ""guid"": ""CpI5Y2Su0uMQDo69bfqUoT""}, {""date"": ""20240131081121"", ""headline"": ""Ethereum's 'Dencun' Upgrade Goes Live on Second Testnet, With Just One Remaining"", ""summary"": ""The Ethereum blockchain's biggest upgrade since early 2023 went live on the second of three test networks, bringing the much-anticipated \""Dencun\"" project and its \""proto-danksharding\"" feature a step cl..."", ""url"": ""https://coindesk.com/tech/2024/01/30/ethereums-dencun-upgrade-goes-live-on-second-testnet-with-just-one-remaining"", ""source"": ""CoinDesk"", ""sentiment"": ""POSITIVE"", ""keywords"": ""Ethereum|Dencun|Upgrade|Sharding"", ""id"": 42418727, ""guid"": ""ha93388BwWkPe8xtcUCRe1""}]",{}
4,2024-02-09,2024-02-02,2487.515625,2308.0380859375,0.07776194862469012,U5+,"[{""date"": ""20240208130000"", ""headline"": ""Polygon Releases 'Type 1 Prover,' Claiming Milestone Set by Ethereum's Vitalik Buterin"", ""summary"": ""The \""Type 1 prover\"" has been cast as a technological feat that essentially makes layer-2 networks nearly equivalent to main \""layer-1\"" blockchains like Ethereum.\n\nPolygon is betting that more networks ..."", ""url"": ""https://coindesk.com/tech/2024/02/08/polygon-releases-type-1-prover-claiming-milestone-set-by-ethereums-vitalik-buterin"", ""source"": ""CoinDesk"", ""sentiment"": ""POSITIVE"", ""keywords"": ""Polygon|Polygon labs|rollup|Rollups|Ethereum|Scaling"", ""id"": 42408834, ""guid"": ""GJVPKSa3D710Liw1gbAAKY""}, {""date"": ""20240208093051"", ""headline"": ""Ethereum Developers Target March 13 for Milestone 'Dencun' Upgrade on Mainnet "", ""summary"": ""The Dencun upgrade is designed to reduce costs for layer-2 transactions and data availability on Ethereum, in the blockchain's biggest changes since April 2023.\n\nThe upgrade was successfully deployed ..."", ""url"": ""https://coindesk.com/tech/2024/02/08/ethereum-developers-target-march-13-for-milestone-dencun-upgrade-on-mainnet"", ""source"": ""CoinDesk"", ""sentiment"": ""POSITIVE"", ""keywords"": ""Sharding|Dencun|Ethereum|Upgrade|Rollups|rollup|layer 2|data availability"", ""id"": 42408838, ""guid"": ""GJVPKSa3D710Liw1gbAAb5""}, {""date"": ""20240207175635"", ""headline"": ""Protocol Village: Metis, Ethereum Layer 2, Launches 'Liquid Staking Blitz' "", ""summary"": ""Feb. 7: Layer-2 network Metis launched the \""Metis Liquid Staking Blitz (LSB), an initiative to bolster their LSD ecosystem and accelerate the growth of LSDs and LSD-focused products on their Layer 2 n..."", ""url"": ""https://coindesk.com/tech/2024/02/01/protocol-latest-tech-news-crypto-blockchain"", ""source"": ""CoinDesk"", ""sentiment"": ""POSITIVE"", ""keywords"": ""The Protocol|Blockchain|Ethereum|Bitcoin|Tech|Blockchain Technology|EVM|Protocol Village"", ""id"": 42408846, ""guid"": ""GJVPKSa3D710Liw1gbAB4q""}, {""date"": ""20240207134939"", ""headline"": ""'Absolute Essentials of Ethereum' by Paul Dylan-Ennis: An Excerpt"", ""summary"": ""Blockchain governance refers to the coordination mechanisms that allow blockchain stakeholders to make legitimate decisions. It is traditionally split up into two broad areas: on-chain governance and ..."", ""url"": ""https://coindesk.com/opinion/2024/02/07/absolute-essentials-of-ethereum-by-paul-dylan-ennis-an-excerpt"", ""source"": ""CoinDesk"", ""sentiment"": ""NEUTRAL"", ""keywords"": ""Opinion|Ethereum|Culture|Books|Governance"", ""id"": 42408871, ""guid"": ""GJVPKSa3D710Liw1gbAKch""}, {""date"": ""20240207071200"", ""headline"": ""Ethereum's Dencun Upgrade Reaches Final \u2018Holesky\u2019 Testnet, Starting Countdown to Data 'Blobs'"", ""summary"": ""The final dress rehearsal for Ethereum\u2019s upcoming Dencun upgrade occurred Wednesday, as the blockchain's biggest changes in almost a year took place on the Holesky test network.\n\nThe test simulated \u201cp..."", ""url"": ""https://coindesk.com/tech/2024/02/07/ethereums-dencun-upgrade-reaches-final-holesky-testnet-starting-countdown-to-data-blobs"", ""source"": ""CoinDesk"", ""sentiment"": ""POSITIVE"", ""keywords"": ""Ethereum|Sharding|Dencun|Upgrade|Testnet|testnets|rollup|Rollups"", ""id"": 42408859, ""guid"": ""GJVPKSa3D710Liw1gbAK2K""}, {""date"": ""20240205090000"", ""headline"": ""Web Registry GoDaddy, Ethereum Name Service Connect Domain Names With Crypto Wallets"", ""summary"": ""Ethereum Name Service (ENS), a domain name protocol that runs atop of Ethereum, reached an agreement with GoDaddy to allow users to link internet domains to their ENS addresses for free.\n\nWeb3 adoptio..."", ""url"": ""https://coindesk.com/tech/2024/02/05/web-registry-godaddy-ethereum-name-service-connect-domain-names-with-crypto-wallets"", ""source"": ""CoinDesk"", ""sentiment"": ""POSITIVE"", ""keywords"": ""Ethereum Name Service|ENS|GoDaddy|domain name service"", ""id"": 42408895, ""guid"": ""GJVPKSa3D710Liw1gbUkPK""}, {""date"": ""20240205053407"", ""headline"": ""Apparent 'Insiders\u2019 Make Millions After Grabbing Ethereum Version of Dogwifhat "", ""summary"": ""Many crypto wallets pocketed over $1.3 million over the weekend after picking up an ample supply of the Ethereum version of meme coin dogwifhat (WIF).\n\nAs such, the Ethereum version of dogwifhat isn\u2019t..."", ""url"": ""https://coindesk.com/markets/2024/02/05/apparent-insiders-make-millions-after-grabbing-ethereum-version-of-dogwifhat"", ""source"": ""CoinDesk"", ""sentiment"": ""NEGATIVE"", ""keywords"": ""Solana|meme|ethererum"", ""id"": 42408907, ""guid"": ""GJVPKSa3D710Liw1gbUl6J""}]",{}
5,2024-02-16,2024-02-09,2803.69140625,2487.515625,0.12710504331002945,U5+,"[{""date"": ""20240214131103"", ""headline"": ""The Protocol: Bitcoin's OP_CAT, Fake Ethereum Tokens, Starknet's Airdrop"", ""summary"": ""We love to write about blockchain tech, and we hope you love The Protocol newsletter. Not sure how else to say this but: We \u2665\ufe0f our readers.\n\nIn this week's issue:\n\nERC-404 tokens take over Ethereum. B..."", ""url"": ""https://coindesk.com/tech/2024/02/14/the-protocol-bitcoins-op-cat-fake-ethereum-tokens-starknets-airdrop"", ""source"": ""CoinDesk"", ""sentiment"": ""POSITIVE"", ""keywords"": ""The Protocol|Newsletter|Ethereum|Protocols|Solana|ERC-20|Satoshi|starknet|airdrop"", ""id"": 42391521, ""guid"": ""CpI5Y2Su0uMQDo69bexqLJ""}, {""date"": ""20240214094608"", ""headline"": ""Protocol Village: Sommelier Expands to Ethereum Layer-2s Via Axelar, Starting With Arbitrum"", ""summary"": ""Feb. 14: Sommelier, a DeFi platform offering yield-generating vaults, is expanding to Ethereum layer 2s via Axelar's cross-chain messaging. According to the team: \""This allows accessing new opportunit..."", ""url"": ""https://coindesk.com/tech/2024/02/08/protocol-latest-tech-news-crypto-blockchain"", ""source"": ""CoinDesk"", ""sentiment"": ""POSITIVE"", ""keywords"": ""The Protocol|Blockchain|Ethereum|Bitcoin|Tech|Blockchain Technology|EVM|Protocol Village"", ""id"": 42391517, ""guid"": ""CpI5Y2Su0uMQDo69bexpvf""}, {""date"": ""20240214080000"", ""headline"": ""Crypto Custodian Taurus Enlists Lido to Bring Liquid Ethereum Staking to Swiss Banks"", ""summary"": ""Swiss-based FINMA-regulated banks can now offer liquid staking via Taurus and Lido.\n\nTaurus is working with Deutsche Bank and Santander.\n\nBanks allowing their customers to earn an income from holding ..."", ""url"": ""https://coindesk.com/business/2024/02/14/crypto-custodian-taurus-enlists-lido-to-bring-liquid-ethereum-staking-to-swiss-banks"", ""source"": ""CoinDesk"", ""sentiment"": ""POSITIVE"", ""keywords"": ""Taurus Group|Lido|ethererum|Staking"", ""id"": 42391513, ""guid"": ""CpI5Y2Su0uMQDo69bexpQt""}, {""date"": ""20240213095823"", ""headline"": ""Ethereum Developers Create 'DN-404' Tokens After ERC-404s Send Network Fees Surging"", ""summary"": ""The sudden hype over ERC-404 tokens has spurred millions of dollars in trading volumes since its start in early February, but has seemingly caused Ethereum network fees known as \""gas\"" to spike to eigh..."", ""url"": ""https://coindesk.com/tech/2024/02/13/ethereum-developers-create-dn-404-tokens-after-erc-404s-send-network-fees-surging"", ""source"": ""CoinDesk"", ""sentiment"": ""NEGATIVE"", ""keywords"": ""Ethereum|ETH|ERC-404"", ""id"": 42408813, ""guid"": ""GJVPKSa3D710Liw1gb2uyO""}, {""date"": ""20240212162229"", ""headline"": ""Franklin Templeton Joins Ethereum ETF Race"", ""summary"": ""Franklin Templeton has applied for a spot Ethereum exchange-traded fund (ETF), a filing with the Securities and Exchange Commission (SEC) shows.\n\nThe asset manager joins BlackRock, Fidelity, Ark and 2..."", ""url"": ""https://coindesk.com/business/2024/02/12/franklin-templeton-joins-ethereum-etf-race"", ""source"": ""CoinDesk"", ""sentiment"": ""POSITIVE"", ""keywords"": ""Franklin Templeton|Ethereum ETF"", ""id"": 42391534, ""guid"": ""CpI5Y2Su0uMQDo69bey4jl""}, {""date"": ""20240212024056"", ""headline"": ""Ethereum Validator Entry Queue Signals Renewed Interest in Staking"", ""summary"": ""The waitlist for new Ethereum validators is now the longest since early October.\n\nThe renewed interest in staking is noteworthy as the yield on staked ether remains below 4%.\n\nThe Ethereum network is ..."", ""url"": ""https://coindesk.com/markets/2024/02/12/ethereum-validator-entry-queue-signals-renewed-interest-in-staking"", ""source"": ""CoinDesk"", ""sentiment"": ""POSITIVE"", ""keywords"": ""Ethereum|Validators|ETH"", ""id"": 42391539, ""guid"": ""CpI5Y2Su0uMQDo69bey59P""}, {""date"": ""20240209152524"", ""headline"": ""Ethereum Has Gatekeepers (for Good Reason)"", ""summary"": ""When I first started seeing references to ERC-404 tokens on social media early this week, I thought it was a funny joke \u2014 a non-existent token referencing the error message you sometimes see while sur..."", ""url"": ""https://coindesk.com/opinion/2024/02/09/ethereum-has-gatekeepers-for-good-reason"", ""source"": ""CoinDesk"", ""sentiment"": ""NEGATIVE"", ""keywords"": ""Opinion|Ethereum improvement proposals|The Node|Newsletters|Culture|Ethereum|Governance|Tokens|NFTs"", ""id"": 42408819, ""guid"": ""GJVPKSa3D710Liw1gb37fK""}]",{}
6,2024-02-23,2024-02-16,2921.658203125,2803.69140625,0.04207552821684581,U5,"[{""date"": ""20240222132451"", ""headline"": ""S&P Global Just Made Ethereum's Centralization Risk a TradFi Concern"", ""summary"": ""In a recent note, S&P Global warned about the concentration risk present in Ethereum as Ether rallied in anticipation of a possible Ether exchange-traded fund (ETF).\n\n\""U.S. spot ether ETFs that incorp..."", ""url"": ""https://coindesk.com/markets/2024/02/22/sp-global-just-made-ethereums-centralization-risk-a-tradfi-concern"", ""source"": ""CoinDesk"", ""sentiment"": ""NEUTRAL"", ""keywords"": ""S&P|Ethereum|Ether|Nakamoto Consensus|centralization|Analysis"", ""id"": 42418726, ""guid"": ""ha93388BwWkPe8xtcTyzkL""}, {""date"": ""20240222025721"", ""headline"": ""Vitalik Buterin Floats Idea of AI-Based Code Audits, Ethereum Project Developers Back Him Up"", ""summary"": ""Ethereum co-founder Vitalik Buterin suggested using AI to improve code audits and reduce bugs in blockchain projects.\n\nAI-assisted code audits can adapt and learn from new information, making them mor..."", ""url"": ""https://coindesk.com/tech/2024/02/22/vitalik-buterin-floats-idea-of-ai-based-code-audits-ethereum-project-developers-back-him-up"", ""source"": ""CoinDesk"", ""sentiment"": ""POSITIVE"", ""keywords"": ""AI|Trading|Markets"", ""id"": 42391405, ""guid"": ""CpI5Y2Su0uMQDo69bewdOP""}, {""date"": ""20240221122409"", ""headline"": ""Former Fidelity International Digital Assets Executive Joins Advisory Board of Ethereum L2 Layer N"", ""summary"": ""Layer N, a roll-up network designed to scale financial applications on Ethereum, announced today the appointment of Hong Kong-based former Fidelity International executive Luc Froehlich to its advisor..."", ""url"": ""https://coindesk.com/tech/2024/02/21/former-fidelity-digital-assets-head-joins-advisory-board-of-ethereum-l2-layer-n"", ""source"": ""CoinDesk"", ""sentiment"": ""POSITIVE"", ""keywords"": ""Rollups|Fidelity|Fidelity International"", ""id"": 42391427, ""guid"": ""CpI5Y2Su0uMQDo69bewrND""}, {""date"": ""20240220070000"", ""headline"": ""Liquid Restaking Tokens or 'LRTs' Revived Ethereum DeFi. Can the Hype Last?"", ""summary"": ""Decentralized finance (DeFi) on Ethereum has seen a resurgence with the rise of \""liquid restaking tokens,\"" or LRTs.\n\nLRTs are built on top of EigenLayer, the \""restaking\"" protocol that lets networks ta..."", ""url"": ""https://coindesk.com/tech/2024/02/20/liquid-restaking-tokens-or-lrts-revived-ethereum-defi-can-the-hype-last"", ""source"": ""CoinDesk"", ""sentiment"": ""POSITIVE"", ""keywords"": ""Features|Staking|Restaking|Staking rewards|EigenLayer"", ""id"": 42408774, ""guid"": ""GJVPKSa3D710Liw1gb2BTz""}]",{}
7,2024-03-01,2024-02-23,3435.053955078125,2921.658203125,0.17572067513030712,U5+,"[{""date"": ""20240228143544"", ""headline"": ""Think Beyond Bitcoin: Ethereum\u2019s Use Cases and Latest Technology"", ""summary"": ""Michael recently authored The Ethereum Investment Framework, a comprehensive report designed to be the industry standard for evaluating the Ethereum ecosystem. CoinDesk Indices contributed an article ..."", ""url"": ""https://coindesk.com/coindesk-indices/2024/02/28/think-beyond-bitcoin-ethereums-use-cases-and-latest-technology"", ""source"": ""CoinDesk"", ""sentiment"": ""POSITIVE"", ""keywords"": ""CoinDesk Indices"", ""id"": 42391371, ""guid"": ""CpI5Y2Su0uMQDo69bew1ux""}, {""date"": ""20240228131000"", ""headline"": ""What to Expect From Ethereum\u2019s Cancun-Deneb Upgrade"", ""summary"": ""The Ethereum blockchain has seen significant upgrades in recent times, enhancing its scalability, efficiency, and security. These improvements address the blockchain trilemma \u2014 the challenge of balanc..."", ""url"": ""https://coindesk.com/tech/2024/02/28/what-to-expect-from-ethereums-cancun-deneb-upgrade"", ""source"": ""CoinDesk"", ""sentiment"": ""POSITIVE"", ""keywords"": ""Opinion|Crypto Long & Short|Ethereum|Dencun|hard fork|layer 2|Rollups"", ""id"": 42391379, ""guid"": ""CpI5Y2Su0uMQDo69bew2Zz""}, {""date"": ""20240228125441"", ""headline"": ""Coinbase Adds 2 Software Programs for Ethereum Staking, to Reduce Concentration Risks"", ""summary"": ""Coinbase said its Ethereum staking program, which has previously relied only on the Geth execution client software, plans to eventually distribute its usage evenly between Geth and two additional opti..."", ""url"": ""https://coindesk.com/tech/2024/02/28/coinbase-moves-to-improve-ethereums-client-diversity-by-adding-nethermind-erigon"", ""source"": ""CoinDesk"", ""sentiment"": ""POSITIVE"", ""keywords"": ""Ethereum|Staking|Geth|Coinbase"", ""id"": 42391364, ""guid"": ""CpI5Y2Su0uMQDo69bew1VJ""}, {""date"": ""20240227090239"", ""headline"": ""PEPE and WIF Jump 50%, Putting Ethereum and Solana Meme Coins in Focus"", ""summary"": ""Prominent meme tokens on Ethereum and Solana ecosystems, such as PEPE and WIF, have rallied significantly, gaining up to 51% in the past 24 hours.\n\nThe surge in meme coins is seen as a way to bet on t..."", ""url"": ""https://coindesk.com/markets/2024/02/27/pepe-and-wif-jump-50-putting-ethereum-and-solana-meme-coins-in-focus"", ""source"": ""CoinDesk"", ""sentiment"": ""POSITIVE"", ""keywords"": ""meme|Trading"", ""id"": 42391394, ""guid"": ""CpI5Y2Su0uMQDo69bewDzn""}, {""date"": ""20240226084500"", ""headline"": ""Avail, an Ethereum Data Network to Rival Celestia, Raises $27M In Seed Round"", ""summary"": ""Avail, among a handful of new \""data availability\"" blockchain projects designed to handle transaction data produced by the increasingly sprawling networks, announced on Monday a $27 million fundraising..."", ""url"": ""https://coindesk.com/tech/2024/02/26/avail-an-ethereum-data-network-to-rival-celestia-raises-27m-in-seed-round"", ""source"": ""CoinDesk"", ""sentiment"": ""POSITIVE"", ""keywords"": ""Avail|data availability|Funding Rounds|Zero knowledge|Celestia"", ""id"": 42418671, ""guid"": ""ha93388BwWkPe8xtcTyuon""}]",{}
8,2024-03-08,2024-03-01,3892.06103515625,3435.053955078125,0.13304218392334716,U5+,"[{""date"": ""20240307150516"", ""headline"": ""Crypto for Advisors: Ethereum Staking"", ""summary"": ""The Ethereum network generates over $1 million daily in transaction revenue, up 35% from one year ago. Participants can stake their asset to be a validator and earn revenue or yield. ETH's all-time hi..."", ""url"": ""https://coindesk.com/business/2024/03/08/crypto-for-advisors-ethereum-staking"", ""source"": ""CoinDesk"", ""sentiment"": ""POSITIVE"", ""keywords"": ""Opinion|Crypto for Advisors|Newsletter|Financial Advisors|Financial Advisers|Ethereum|Institutional Adoption"", ""id"": 42391327, ""guid"": ""CpI5Y2Su0uMQDo69beuyjH""}, {""date"": ""20240307060807"", ""headline"": ""Ethereum\u2019s Dencun Upgrade Could Mean Near-Zero Fees for Layer-2 Blockchains: Fidelity Digital Assets"", ""summary"": ""The Dencun upgrade is scheduled for March 13.\n\nIt is expected to result in lower fees for users of layer-2 networks.\n\nIt allows Ethereum to act as a proper database for other blockchains.\n\nThe Ethereu..."", ""url"": ""https://coindesk.com/tech/2024/03/07/ethereums-dencun-upgrade-could-mean-near-zero-fees-for-layer-2-blockchains-fidelity-digital-assets"", ""source"": ""CoinDesk"", ""sentiment"": ""POSITIVE"", ""keywords"": ""Ethereum|Dencun"", ""id"": 42408715, ""guid"": ""GJVPKSa3D710Liw1gb0vSe""}, {""date"": ""20240306094802"", ""headline"": ""Ethereum Fees Set to Drop for Arbitrum, Polygon, Starknet, Base. But How Much?"", ""summary"": ""Ethereum's milestone Dencun upgrade, expected next week, is expected to result in lower costs for layer-2 blockchains to stash data on the main blockchain \u2013 a reduction that's likely to be passed alon..."", ""url"": ""https://coindesk.com/tech/2024/03/06/ethereum-fees-set-to-drop-for-arbitrum-polygon-starknet-base-but-how-much"", ""source"": ""CoinDesk"", ""sentiment"": ""POSITIVE"", ""keywords"": ""Dencun|Arbitrum|Base|Coinbase|starknet|Starkware|Offchain labs|Polygon"", ""id"": 42391315, ""guid"": ""CpI5Y2Su0uMQDo69bevI0L""}, {""date"": ""20240305093518"", ""headline"": ""Bitcoiners, Solana Acolytes Crash Ethereum Conference in Denver \u2013 for a Reason"", ""summary"": ""Last week's ETHDenver conference, originally focused on the Ethereum blockchain, drew a presence from developers and teams focused on other ecosystems, including Bitcoin, Solana and Polkadot.\n\nThe dra..."", ""url"": ""https://coindesk.com/tech/2024/03/05/bitcoiners-solana-acolytes-crash-ethereum-conference-in-denver-for-a-reason"", ""source"": ""CoinDesk"", ""sentiment"": ""NEUTRAL"", ""keywords"": ""Conferences|ETHDenver|Ethereum|Bitcoin|Polkadot|Solana"", ""id"": 42391344, ""guid"": ""CpI5Y2Su0uMQDo69bevVu1""}, {""date"": ""20240302110000"", ""headline"": ""Taiko, an 'Ethereum-Equivalent ZK Rollup,' Raises $15M"", ""summary"": ""Taiko has raised $15 million in a series A fundraising, bringing its lifetime outside investment total to $37 million.\n\nProject claims to be an \""Ethereum-equivalent ZK rollup\"" with \""based sequencing\"" ..."", ""url"": ""https://coindesk.com/tech/2024/03/02/taiko-a-layer-2-blockchain-atop-ethereum-raises-15m"", ""source"": ""CoinDesk"", ""sentiment"": ""NEUTRAL"", ""keywords"": ""Ethereum|Layer 2s|Taiko|EVM|ZK rollups|Zero-Knowledge Proofs"", ""id"": 42418632, ""guid"": ""ha93388BwWkPe8xtcTyith""}]",{}
9,2024-03-15,2024-03-08,3735.22021484375,3892.06103515625,-0.04029762608956709,D5,"[{""date"": ""20240314053208"", ""headline"": ""Layer 2 Blockchains Become Cheaper After Ethereum's Dencun Upgrade"", ""summary"": ""The average transaction costs on layer solutions like Optimism and Base slide after Ethereum\u2019s Dencun upgrade.\n\nThe upgrade allows layer 2 solutions to store data in \u201cblobs\u201d instead of the expensive c..."", ""url"": ""https://coindesk.com/markets/2024/03/14/layer-2-blockchains-become-cheaper-after-ethereums-dencun-upgrade"", ""source"": ""CoinDesk"", ""sentiment"": ""POSITIVE"", ""keywords"": ""Optimism|Arbitrum|Base|Ethereum|Dencun|layer 2"", ""id"": 42408671, ""guid"": ""GJVPKSa3D710Liw1gazuX2""}, {""date"": ""20240314031823"", ""headline"": ""Developers Upload Script of Jerry Seinfeld\u2019s \u2018Bee Movie\u2019 on Ethereum as Gas Fees Plunge After Dencun"", ""summary"": ""Ethereum\u2019s Dencun upgrade has significantly reduced data fees, allowing developers to post the Bee Movie script on the blockchain at a much lower cost.\n\nThe new \u201cblobs\u201d feature is designed for layer 2..."", ""url"": ""https://coindesk.com/tech/2024/03/14/developers-upload-script-of-jerry-seinfelds-bee-movie-on-ethereum-as-gas-fees-plunge-after-dencun"", ""source"": ""CoinDesk"", ""sentiment"": ""POSITIVE"", ""keywords"": ""Ethereum|DeFi|gas fees"", ""id"": 42408667, ""guid"": ""GJVPKSa3D710Liw1gazuN7""}, {""date"": ""20240313160006"", ""headline"": ""The Protocol: Is Ethereum's Dencun Update All It's Cracked Up To Be?"", ""summary"": ""The main news this week centers around today's Ethereum upgrade, Dencun, which marks the blockchain's biggest technical shift in over a year. As CoinDesk's Margaux Nijkerk reports, the upgrade could h..."", ""url"": ""https://coindesk.com/tech/2024/03/13/the-protocol-is-ethereums-dencun-update-all-its-cracked-up-to-be"", ""source"": ""CoinDesk"", ""sentiment"": ""NEUTRAL"", ""keywords"": ""The Protocol|Newsletter|Ethereum|Protocols|Bitcoin|Dencun|proto-danksharding"", ""id"": 42418606, ""guid"": ""ha93388BwWkPe8xtcTyFuX""}, {""date"": ""20240313124849"", ""headline"": ""Debating Dencun: Will Ethereum's Big Update Help or Harm the Network?"", ""summary"": ""Ethereum's biggest update in over a year, Dencun, finally arrived on Wednesday after years of planning. It's seen as a good thing. But maybe not universally so.\n\nProto-danksharding, the main change co..."", ""url"": ""https://coindesk.com/tech/2024/03/13/debating-dencun-will-ethereums-big-update-help-or-harm-the-network"", ""source"": ""CoinDesk"", ""sentiment"": ""NEUTRAL"", ""keywords"": ""Ethereum|Layer 2s|Dencun|Ethereum Foundation|data availability|proto-danksharding|Optimism|Arbitrum|Polygon|Starkware|starknet"", ""id"": 42418594, ""guid"": ""ha93388BwWkPe8xtcTyFi9""}, {""date"": ""20240313114026"", ""headline"": ""Arbitrum's ARB, Polygon's MATIC Lead Gains as Ethereum's Dencun Upgrade Goes Live"", ""summary"": ""Layer 2 cryptocurrencies provided a mixed performance as the Ethereum blockchain's Decncun upgrade went live.\n\nTokens of Polygon, Arbitrum and Starknet led gains while Immutable X and Celo declined.\n\n..."", ""url"": ""https://coindesk.com/markets/2024/03/13/arbitrums-arb-polygons-matic-lead-gains-as-ethereums-dencun-upgrade-goes-live"", ""source"": ""CoinDesk"", ""sentiment"": ""NEUTRAL"", ""keywords"": ""Ethereum|Dencun|Layer 2s|Polygon|Arbitrum|Markets"", ""id"": 42418593, ""guid"": ""ha93388BwWkPe8xtcTyFh7""}, {""date"": ""20240313111656"", ""headline"": ""Ethereum Staking Protocol Swell Unveils Layer-2 Rollup With $1B Total Value Locked"", ""summary"": ""Swell has launched a layer-2 restaking rollup alongside Ethereum scaler AltLayer and crypto staking project EigenLayer.\n\nThe rollup will take the form of a \""restaked rollup\"", which comes with a range ..."", ""url"": ""https://coindesk.com/tech/2024/03/13/ethereum-staking-protocol-swell-unveils-layer-2-rollup-with-1b-total-value-locked"", ""source"": ""CoinDesk"", ""sentiment"": ""POSITIVE"", ""keywords"": ""Restaking|Staking|Swell|EigenLayer|layer 2|Rollups"", ""id"": 42418588, ""guid"": ""ha93388BwWkPe8xtcTyFcz""}, {""date"": ""20240313105945"", ""headline"": ""Blast Blockchain Locks Up Amid Ethereum's Dencun Upgrade"", ""summary"": ""Blast, the recently launched layer-2 blockchain, froze up for about an hour Wednesday amid Ethereum's major Dencun upgrade.\n\nBlast, which is built atop Ethereum and therefore intrinsically linked to i..."", ""url"": ""https://coindesk.com/tech/2024/03/13/blast-blockchain-locks-up-amid-ethereums-dencan-upgrade"", ""source"": ""CoinDesk"", ""sentiment"": ""NEGATIVE"", ""keywords"": ""Ethereum|Blast|Dencun|Outage"", ""id"": 42391250, ""guid"": ""CpI5Y2Su0uMQDo69beuFTh""}, {""date"": ""20240313095813"", ""headline"": ""Ethereum Finalizes 'Dencun' Upgrade, in Landmark Move to Reduce Data Fees "", ""summary"": ""Ethereum, the second-biggest blockchain after Bitcoin, activated its much-anticipated \""Dencun\"" upgrade, a move to spur growth on so-called layer-2 networks like Arbitrum and Polygon, by reducing their..."", ""url"": ""https://coindesk.com/tech/2024/03/13/ethereum-activates-dencun-upgrade-in-landmark-move-to-reduce-data-fees"", ""source"": ""CoinDesk"", ""sentiment"": ""POSITIVE"", ""keywords"": ""Dencun|layer 2|Ethereum|gas fees|rollup|Rollups|Zero-Knowledge Proofs|Ether|Arbitrum|Optimism|data availability|Celestia|Avail"", ""id"": 42391256, ""guid"": ""CpI5Y2Su0uMQDo69beuFtL""}, {""date"": ""20240312115304"", ""headline"": ""5 Things to Know About Ethereum's Latest, Greatest Upgrade: Dencun"", ""summary"": ""Dencun, the largest Ethereum upgrade since the network switched to proof-of-stake (PoS) 18 months ago, is set to go live sometime tomorrow. Some developers have referred to the release as a cheap for ..."", ""url"": ""https://coindesk.com/opinion/2024/03/12/5-things-to-know-about-ethereums-latest-greatest-upgrade-dencun"", ""source"": ""CoinDesk"", ""sentiment"": ""POSITIVE"", ""keywords"": ""Opinion|Ethereum|Dencun|The Node|Newsletters|hard-forks|EIPs|Data"", ""id"": 42418620, ""guid"": ""ha93388BwWkPe8xtcTyKPF""}, {""date"": ""20240312111114"", ""headline"": ""Ethereum Blockchain Counts Down to 'Dencun' Upgrade, Set to Reduce Fees"", ""summary"": ""Ethereum developers are preparing for Wednesday's much anticipated Dencun upgrade, set to bring the biggest code change to the blockchain in over a year.\n\nDencun \u2013 a portmanteau for the project names ..."", ""url"": ""https://coindesk.com/tech/2024/03/12/ethereum-blockchain-counts-down-to-dencun-upgrade-set-to-reduce-fees"", ""source"": ""CoinDesk"", ""sentiment"": ""POSITIVE"", ""keywords"": ""Ethereum|Dencun|layer 2|Sharding|Rollups|Ether|gas fees|Transaction Fees"", ""id"": 42418613, ""guid"": ""ha93388BwWkPe8xtcTyKJ3""}, {""date"": ""20240311173228"", ""headline"": ""Where Did We Go Wrong With Ethereum Scaling?"", ""summary"": ""Coming off the heels of ETH Denver, the rollup ecosystem is buzzing over the several new and exciting ideas discussed in the Mile High City to address the growing state fragmentation issue in the roll..."", ""url"": ""https://coindesk.com/opinion/2024/03/11/where-did-we-go-wrong-with-ethereum-scaling"", ""source"": ""CoinDesk"", ""sentiment"": ""NEUTRAL"", ""keywords"": ""Opinion|Layer 2s|Ethereum|Scaling|Rollups"", ""id"": 42391262, ""guid"": ""CpI5Y2Su0uMQDo69beuSNp""}, {""date"": ""20240308160903"", ""headline"": ""Meme Coin Frenzy Drives Ethereum Network Fees to Nearly 2-Year High: IntoTheBlock"", ""summary"": ""The Ethereum network's revenue surged to nearly two year highs this week as the speculative frenzy with meme coins boosted blockchain activity, IntoTheBlock noted in a Friday market report.\n\nIntoTheBl..."", ""url"": ""https://coindesk.com/markets/2024/03/08/meme-coin-frenzy-drives-ethereum-network-fees-to-nearly-2-year-high-intotheblock"", ""source"": ""CoinDesk"", ""sentiment"": ""NEUTRAL"", ""keywords"": ""Ethereum|meme coins|Pepe|Shiba Inu|Floki|gas fees|Ether"", ""id"": 42408706, ""guid"": ""GJVPKSa3D710Liw1gb0ka8""}]",{}
10,2024-03-22,2024-03-15,3333.68798828125,3735.22021484375,-0.10749894342689958,D5+,"[{""date"": ""20240321114500"", ""headline"": ""Crypto for Advisors: Understanding The Ethereum Economy"", ""summary"": ""Numerous other applications, known as layer-2 or L2 protocols, are being built in addition to Ethereum's functionality. Research analysts Christopher Jensen and David Alderman from Franklin Templeton ..."", ""url"": ""https://coindesk.com/business/2024/03/21/crypto-for-advisors-understanding-the-ethereum-economy"", ""source"": ""CoinDesk"", ""sentiment"": ""POSITIVE"", ""keywords"": ""Opinion|Crypto for Advisors|Newsletter|Financial Advisors|Financial Advisers|Ethereum|Protocols"", ""id"": 42418563, ""guid"": ""ha93388BwWkPe8xtcTxE1l""}, {""date"": ""20240320193701"", ""headline"": ""BlackRock Enters Asset Tokenization Race With New Fund on the Ethereum Network"", ""summary"": ""BlackRock to start a new real-world asset (RWA) tokenization fund on the Ethereum network.\n\nThe asset management giant also made strategic investments in asset tokenization company Securitize.\n\nAsset ..."", ""url"": ""https://coindesk.com/markets/2024/03/20/blackrock-enters-asset-tokenization-race-with-new-fund-on-the-ethereum-network"", ""source"": ""CoinDesk"", ""sentiment"": ""POSITIVE"", ""keywords"": ""BlackRock|Securitize|Tokenization|Real World Assets  "", ""id"": 42391143, ""guid"": ""CpI5Y2Su0uMQDo69berHUj""}, {""date"": ""20240320142418"", ""headline"": ""NBA All-Star Tyrese Haliburton Talks Ethereum and Potentially Receiving Salary in Crypto"", ""summary"": ""Professional basketball player and NBA All-Star Tyrese Haliburton has said that he would consider giving a portion of his salary to his brother to trade cryptocurrencies.\n\nThe 24-year-old Indiana Pace..."", ""url"": ""https://coindesk.com/business/2024/03/20/nba-all-star-tyrese-haliburton-talks-ethereum-and-potentially-receiving-salary-in-crypto"", ""source"": ""CoinDesk"", ""sentiment"": ""POSITIVE"", ""keywords"": ""NBA|basketball|Ethereum"", ""id"": 42391159, ""guid"": ""CpI5Y2Su0uMQDo69berIP9""}, {""date"": ""20240320111540"", ""headline"": ""Ethereum Foundation Faces Inquiry From a Government; Fortune Says SEC Investigating ETH "", ""summary"": ""The Ethereum Foundation \u2013 the Swiss non-profit organization at the heart of the Ethereum ecosystem \u2013 is facing questions from an unnamed \""state authority,\"" according to the group's website's GitHub re..."", ""url"": ""https://coindesk.com/business/2024/03/20/ethereum-foundation-under-investigation-by-state-authority"", ""source"": ""CoinDesk"", ""sentiment"": ""NEGATIVE"", ""keywords"": ""Ethereum Foundation|Investigation|ETH"", ""id"": 42391164, ""guid"": ""CpI5Y2Su0uMQDo69berRL5""}, {""date"": ""20240320080000"", ""headline"": ""Starknet, an Ethereum Layer 2, Plans 'Parallel Execution' to Mimic Solana's Speed Feature "", ""summary"": ""Starknet's 2024 road map calls for the addition of parallel transactions starting in the second quarter.\n\nDevelopers behind the project also released plans for measures to cut fees.\n\nStarknet is the b..."", ""url"": ""https://coindesk.com/tech/2024/03/20/starknet-an-ethereum-layer-2-plans-to-copy-parallel-execution-feature-that-makes-solana-fast"", ""source"": ""CoinDesk"", ""sentiment"": ""POSITIVE"", ""keywords"": ""starknet|Starkware|layer 2|Layer 2s|Ethereum|Solana"", ""id"": 42391162, ""guid"": ""CpI5Y2Su0uMQDo69berR5h""}, {""date"": ""20240320060405"", ""headline"": ""Solana Leapfrogs Ethereum on DEX Volume"", ""summary"": ""Solana-based decentralized exchanges have been busier than their Ethereum counterparts over the past seven days.\n\nThe meme coin frenzy seems to have catalyzed higher volumes on Solana.\n\nSolana also bo..."", ""url"": ""https://coindesk.com/markets/2024/03/20/solana-leapfrogs-ethereum-on-dex-volume"", ""source"": ""CoinDesk"", ""sentiment"": ""POSITIVE"", ""keywords"": ""Solana|Ethereum|DEX|Trading Volume|DeFi"", ""id"": 42391182, ""guid"": ""CpI5Y2Su0uMQDo69berSKd""}, {""date"": ""20240319072322"", ""headline"": ""Solana Meme Coin Slerf Clocks Higher Trading Volume Than All of Ethereum"", ""summary"": ""A Solana-based meme coin, Slerf, has surpassed all Ethereum-based exchanges in trading volume within its first day of existence.\n\nSlerf's popularity surged after its developer said they accidentally s..."", ""url"": ""https://coindesk.com/markets/2024/03/19/solana-meme-coin-slerf-clocks-higher-trading-volume-than-all-of-ethereum"", ""source"": ""CoinDesk"", ""sentiment"": ""POSITIVE"", ""keywords"": ""meme coin|Trading Volume"", ""id"": 42391204, ""guid"": ""CpI5Y2Su0uMQDo69berk2F""}]",{}
11,2024-03-29,2024-03-22,3511.80615234375,3333.68798828125,0.05342976447964838,U5+,"[{""date"": ""20240328130832"", ""headline"": ""Ethereum Hit by 'Blobscriptions' in First Stress Test of Blockchain's New Data System"", ""summary"": ""The Ethereum blockchain just a couple weeks ago completed a landmark upgrade to create a dedicated space for storing data \u2013 known as \""blobs,\"" under a plan to reduce fees while also relieving congestio..."", ""url"": ""https://coindesk.com/tech/2024/03/28/ethereum-hit-by-blobscriptions-in-first-stress-test-of-blockchains-new-data-system"", ""source"": ""CoinDesk"", ""sentiment"": ""NEUTRAL"", ""keywords"": ""Dencun|Fees|Ethereum|gas fees"", ""id"": 42391057, ""guid"": ""CpI5Y2Su0uMQDo69be9gFL""}, {""date"": ""20240328085717"", ""headline"": ""Ethereum's Rising Validator Count Is Causing Concerns, Fidelity Digital Assets Says"", ""summary"": ""Ethereum\u2019s active validator set has risen by 74%, Fidelity Digital Assets wrote.\n\nToo many validators is causing concerns about bandwidth risks and centralization.\n\nMore validators is normally viewed ..."", ""url"": ""https://coindesk.com/tech/2024/03/28/ethereums-rising-validator-count-is-causing-concerns-fidelity-digital-assets-says"", ""source"": ""CoinDesk"", ""sentiment"": ""NEGATIVE"", ""keywords"": ""Ethereum|ETH|Validators|centralization"", ""id"": 42391051, ""guid"": ""CpI5Y2Su0uMQDo69be9fkZ""}, {""date"": ""20240327120000"", ""headline"": ""BOB, a 'Hybrid' Layer-2 Blockchain Mixing Bitcoin and Ethereum, Raises $10M "", ""summary"": ""BOB's (\""Build on Bitcoin\"") aim is to roll out the first Bitcoin layer-2 network that's compatible with the Ethereum Virtual Machine (EVM) standard.\n\nThe seed round was led by Castle Island Ventures.\n\n..."", ""url"": ""https://coindesk.com/business/2024/03/27/hybrid-layer-2-bob-raises-10m-to-support-evm-compatible-bitcoin-layer-2"", ""source"": ""CoinDesk"", ""sentiment"": ""POSITIVE"", ""keywords"": ""Bitcoin|layer 2|Ethereum|EVM|Funding Rounds"", ""id"": 42391095, ""guid"": ""CpI5Y2Su0uMQDo69beUm9L""}, {""date"": ""20240326090000"", ""headline"": ""AI Bot 'Syntax' From Spectral Labs Could Help Non-Coders Write Ethereum Apps"", ""summary"": ""Spectral Labs, a crypto development firm focused on artificial intelligence, wants to make it easier for non-programmers to build on blockchains. On Tuesday the company will launch Syntax, an AI app t..."", ""url"": ""https://coindesk.com/tech/2024/03/26/ai-bot-syntax-from-spectral-labs-could-help-non-coders-write-ethereum-apps"", ""source"": ""CoinDesk"", ""sentiment"": ""POSITIVE"", ""keywords"": """", ""id"": 42391129, ""guid"": ""CpI5Y2Su0uMQDo69beXUpR""}, {""date"": ""20240322120509"", ""headline"": ""BlackRock Seeing Only 'A Little Bit' of Demand for Ethereum from Clients, Head of Digital Assets Says"", ""summary"": ""The asset management giant BlackRock's (BLK) clients have some interest in Ethereum {{ETH}} but less than bitcoin {{BTC}}, head of digital assets Robert Mitchnick said.\n\n\""I can say that for our client..."", ""url"": ""https://coindesk.com/business/2024/03/22/blackrock-seeing-only-a-little-bit-demand-for-ethereum-from-clients-says-head-of-digital-assets"", ""source"": ""CoinDesk"", ""sentiment"": ""NEUTRAL"", ""keywords"": ""ETH|Ethereum|BlackRock|Bitcoin"", ""id"": 42408598, ""guid"": ""GJVPKSa3D710Liw1gaqQPU""}]",{}
12,2024-04-05,2024-03-29,3318.88525390625,3511.80615234375,-0.05493495086815831,D5+,"[{""date"": ""20240404092313"", ""headline"": ""Protocol Village: Cosmos-Based Picasso Network Claims to Enable First IBC-Ethereum Connection"", ""summary"": ""April 3: Picasso Network, a Cosmos-rooted interoperability network, announced an integration between the IBC (Inter-Blockchain Communication Protocol) and Ethereum, \""enabling seamless asset and data t..."", ""url"": ""https://coindesk.com/tech/2024/03/27/protocol-village"", ""source"": ""CoinDesk"", ""sentiment"": ""POSITIVE"", ""keywords"": ""The Protocol|Blockchain|Ethereum|Bitcoin|Tech|Blockchain Technology|EVM|Protocol Village"", ""id"": 42408552, ""guid"": ""GJVPKSa3D710Liw1gaKRbc""}, {""date"": ""20240404035746"", ""headline"": ""Ethereum Layer 2s Could Rocket to $1T Base Valuation by 2030, VanEck Says"", ""summary"": ""Investment firm VanEck predicts Ethereum layer 2 networks to be valued at over $1 trillion by 2030 but remains \u201cgenerally bearish\u201d on the long-term prospects of several such networks.\n\nThe firm evalua..."", ""url"": ""https://coindesk.com/markets/2024/04/04/ethereum-layer-2s-could-rocket-to-1t-base-valuation-by-2030-vaneck-says"", ""source"": ""CoinDesk"", ""sentiment"": ""NEUTRAL"", ""keywords"": ""Ethereum|layer 2|Trading"", ""id"": 42408553, ""guid"": ""GJVPKSa3D710Liw1gaKdHj""}, {""date"": ""20240403095713"", ""headline"": ""Far Out Sci-Fi Ideas Inspired by New Ethereum Token Designs"", ""summary"": ""In the previous bear market cycle, the question in people's minds was \u201cwhether blockchain is useful at all\u201d? Then we witnessed the power of Uniswap, along with the flourishing vitality of decentralize..."", ""url"": ""https://coindesk.com/opinion/2024/04/03/far-out-sci-fi-ideas-inspired-by-new-ethereum-token-designs"", ""source"": ""CoinDesk"", ""sentiment"": ""POSITIVE"", ""keywords"": ""Opinion|Ethereum|Ethereum improvement proposals"", ""id"": 42418489, ""guid"": ""ha93388BwWkPe8xtcThT6z""}, {""date"": ""20240402114000"", ""headline"": ""Ethereum Could Face 'Hidden Risks' From Ballooning Restaking Market: Coinbase"", ""summary"": ""EigenLayer is now the second largest DeFi protocol with $12.4 billion in TVL, the report said.\n\nRestaking and liquid restaking tokens could pose additional risks compared to existing staking products...."", ""url"": ""https://coindesk.com/business/2024/04/02/ethereum-could-face-hidden-risks-from-ballooning-restaking-market-coinbase"", ""source"": ""CoinDesk"", ""sentiment"": ""NEUTRAL"", ""keywords"": ""Restaking|EigenLayer|ethererum|ETH"", ""id"": 42418507, ""guid"": ""ha93388BwWkPe8xtcThVUb""}, {""date"": ""20240402080953"", ""headline"": ""Bitcoin Lightning Exchange FixedFloat Sees 'Suspicious' Transfers of $3M to Ethereum, Tron"", ""summary"": ""\u201cSuspicious\u201d transactions totaling over $3 million were sent out of Bitcoin Lightning-based exchange FixedFloat in the past 24 hours, security firm CertiK told CoinDesk in an email.\n\nCertiK said funds..."", ""url"": ""https://coindesk.com/markets/2024/04/02/bitcoin-lightning-exchange-fixedfloat-sees-suspicious-transfers-of-3m-to-ethereum-tron"", ""source"": ""CoinDesk"", ""sentiment"": ""NEGATIVE"", ""keywords"": ""Hack|Exploit"", ""id"": 42418512, ""guid"": ""ha93388BwWkPe8xtcThVVd""}]",{}
13,2024-04-12,2024-04-05,3243.034912109375,3318.88525390625,-0.022854162164118487,D3,"[{""date"": ""20240411140752"", ""headline"": ""Ethereum's Next Upgrade, 'Pectra,' Could Include Relief for Institutional Stakers, Wallet UX Improvements"", ""summary"": ""Ethereum developers, fresh off the successful Dencun upgrade, which enabled a major change to make it cheaper to transact on layer-2 blockchains, are moving ahead in planning the blockchain's next imp..."", ""url"": ""https://coindesk.com/tech/2024/04/11/ethereums-next-upgrade-pectra-could-include-relief-for-institutional-stakers-wallet-ux-improvements"", ""source"": ""CoinDesk"", ""sentiment"": ""POSITIVE"", ""keywords"": ""Ethereum|Upgrade|Staking|Eth staking|Ether|ETH"", ""id"": 42408498, ""guid"": ""GJVPKSa3D710Liw1gaJQjJ""}, {""date"": ""20240410161555"", ""headline"": ""Former Ethereum Adviser Intends to Sue U.S. Government for $9.6B Over Dropped Extortion Charges"", ""summary"": ""Steven Nerayoff, a former adviser to the Ethereum network, is seeking $9.6 billion in damages from the U.S. government stemming from a 2019 case against him that was later dropped.\n\nLawyers for Nerayo..."", ""url"": ""https://coindesk.com/policy/2024/04/10/former-ethereum-adviser-intends-to-sue-us-government-for-96b-over-dropped-extortion-charges"", ""source"": ""CoinDesk"", ""sentiment"": ""NEGATIVE"", ""keywords"": ""Legal"", ""id"": 42408523, ""guid"": ""GJVPKSa3D710Liw1gaJdTY""}, {""date"": ""20240409175218"", ""headline"": ""VanEck CEO Says Transaction Fee Is Bigger Story Than Bitcoin or Ethereum ETFs"", ""summary"": ""The CEO of VanEck \u2013 the global investment firm whose Bitcoin Trust (HODL) is among the almost dozen spot bitcoin ETFs \u2013 thinks the cryptocurrency industry should focus more on transaction fees and not..."", ""url"": ""https://coindesk.com/business/2024/04/09/vaneck-ceo-says-transaction-fee-is-bigger-story-than-bitcoin-or-ethereum-etfs"", ""source"": ""CoinDesk"", ""sentiment"": ""NEUTRAL"", ""keywords"": ""Ethereum|Bitcoin|Solana|gas fees"", ""id"": 42418429, ""guid"": ""ha93388BwWkPe8xtcThC73""}, {""date"": ""20240409141003"", ""headline"": ""EigenLayer and EigenDA Launch on Ethereum Mainnet"", ""summary"": ""EigenLayer, a \""restaking\"" service for Ethereum that has already racked up $12 billion in user deposits, announced today that it is officially launching to the blockchain's mainnet. The launch comes al..."", ""url"": ""https://coindesk.com/tech/2024/04/09/eigenlayer-and-eigenda-launch-on-ethereum-mainnet"", ""source"": ""CoinDesk"", ""sentiment"": ""POSITIVE"", ""keywords"": """", ""id"": 42418433, ""guid"": ""ha93388BwWkPe8xtcThCCD""}, {""date"": ""20240405162602"", ""headline"": ""What the Ethereum Community's Staking Argument Is Really About"", ""summary"": ""When is a discussion about the issuance curve of staking rewards in Ethereum not really a discussion about the issuance curve of staking rewards in Ethereum? When it\u2019s really about Ethereum governance..."", ""url"": ""https://coindesk.com/opinion/2024/04/05/what-the-ethereum-communitys-staking-argument-is-really-about"", ""source"": ""CoinDesk"", ""sentiment"": ""NEUTRAL"", ""keywords"": ""Opinion|Ethereum|Ethereum Foundation|ETH|Eth staking|Eth supply|Staking|Issuance"", ""id"": 42418463, ""guid"": ""ha93388BwWkPe8xtcThJHx""}, {""date"": ""20240405135645"", ""headline"": ""Ethereum Foundation Researchers' Proposal to Slow ETH Issuance Draws Pushback"", ""summary"": ""The Ethereum Foundation researchers' original goal was partly to keep the liquid-staking industry's dominance from growing even further \u2013 by reducing the incentives for new stakers.\n\nBut the proposal ..."", ""url"": ""https://coindesk.com/tech/2024/04/05/ethereum-foundation-researchers-proposal-to-slow-eth-issuance-draws-pushback"", ""source"": ""CoinDesk"", ""sentiment"": ""NEUTRAL"", ""keywords"": ""Ethereum|Ether|ETH|Staking|Ethereum Foundation|Staking rewards|Staked eth|Liquid staking|Restaking|Lido"", ""id"": 42418484, ""guid"": ""ha93388BwWkPe8xtcThJXR""}]",{}
14,2024-04-19,2024-04-12,3059.278564453125,3243.034912109375,-0.05666184689227687,D5+,"[{""date"": ""20240418125411"", ""headline"": ""\u2018It Can Be Said With Confidence the SEC Is Investigating Ethereum\u2019: Consensys\u2019 Bill Hughes Talks Crypto Law"", ""summary"": ""Last month, news broke that the U.S. Securities and Exchange Commission (SEC) had subpoenaed the Ethereum Foundation in a seeming first move in preparing a potential lawsuit. At this point, all the wo..."", ""url"": ""https://coindesk.com/consensus-magazine/2024/04/18/it-can-be-said-with-confidence-the-sec-is-investigating-ethereum-consensys-bill-hughes-talks-crypto-law"", ""source"": ""CoinDesk"", ""sentiment"": ""NEGATIVE"", ""keywords"": ""Consensus 2024"", ""id"": 42390967, ""guid"": ""CpI5Y2Su0uMQDo69bdRH79""}]",{}
15,2024-04-26,2024-04-19,3130.164794921875,3059.278564453125,0.023170897639856337,U3,"[{""date"": ""20240425143630"", ""headline"": ""Consensys Sues SEC Over \u2018Unlawful Seizure Of Authority\u2019 Over Ethereum"", ""summary"": ""Ethereum developer Consensys has filed a lawsuit against the U.S. Securities and Exchange Commission, striking back against what the company calls an \u201cunlawful seizure of authority\u201d over Ethereum by t..."", ""url"": ""https://coindesk.com/policy/2024/04/25/consensys-sues-sec-over-unlawful-seizure-of-authority-over-ethereum"", ""source"": ""CoinDesk"", ""sentiment"": ""NEGATIVE"", ""keywords"": ""Regulations|SEC|Ethereum|ConsenSys|Securities"", ""id"": 42408378, ""guid"": ""GJVPKSa3D710Liw1gaIOtU""}, {""date"": ""20240425064906"", ""headline"": ""EigenLayer-Powered Aligned Layer Raises $20M to Make ZK Proofs Faster, Cheaper on Ethereum"", ""summary"": ""Aligned Layer aims to help engineers avoid bottlenecks when proving their code.\n\nThe $20 million Series A was led by Hack VC.\n\nAligned Layer is an EigenLayer \""actively validated service\"" (AVS).\n\nEther..."", ""url"": ""https://coindesk.com/business/2024/04/25/eigenlayer-powered-aligned-layer-raises-20m-to-make-zk-proofs-faster-cheaper-on-ethereum"", ""source"": ""CoinDesk"", ""sentiment"": ""POSITIVE"", ""keywords"": ""Ethereum|Zero-Knowledge Proofs|EigenLayer|Funding Rounds"", ""id"": 42408366, ""guid"": ""GJVPKSa3D710Liw1gaIOPj""}]",{}
16,2024-05-03,2024-04-26,3103.5419921875,3130.164794921875,-0.008505239972529777,D1,"[{""date"": ""20240501133240"", ""headline"": ""Bitcoin's Ethereum-Style Programmability Could Come in 12 Months, Rootstock Founder Says"", ""summary"": ""Rootstock's new plan to bring programmability to Bitcoin could unfold over the next 12 months.\n\nThe project could lead to the development of layer-2 networks atop Bitcoin without requiring any major c..."", ""url"": ""https://coindesk.com/tech/2024/05/01/bitcoins-ethereum-style-programmability-could-come-in-12-months-rootstock-founder-says"", ""source"": ""CoinDesk"", ""sentiment"": ""POSITIVE"", ""keywords"": ""Bitcoin|Layer 2s|Rootstock|Bitvm"", ""id"": 42390915, ""guid"": ""CpI5Y2Su0uMQDo69bdPz2F""}, {""date"": ""20240501080100"", ""headline"": ""Restaking 'Gold Rush' Spreads to Solana From Ethereum, With Jito and Others Joining In"", ""summary"": ""Restaking, an already hot service on the Ethereum blockchain, is now entering the Solana ecosystem, bringing profit-making opportunities but also risks.\n\nJito, a Solana-based project, is building a re..."", ""url"": ""https://coindesk.com/business/2024/05/01/restaking-gold-rush-spreads-to-solana-from-ethereum-with-jito-and-others-joining-in"", ""source"": ""CoinDesk"", ""sentiment"": ""POSITIVE"", ""keywords"": ""Jito labs|Restaking|EigenLayer|Solana|Exclusive "", ""id"": 42390922, ""guid"": ""CpI5Y2Su0uMQDo69bdPzRt""}, {""date"": ""20240430174005"", ""headline"": ""House's McHenry Accuses SEC Chief Gensler of Misleading Congress on Ethereum"", ""summary"": ""U.S. Securities and Exchange Commission (SEC) Chair Gary Gensler has been accused of misleading Congress by Rep. Patrick McHenry, the chairman of the House Financial Services Committee, who said Gensl..."", ""url"": ""https://coindesk.com/policy/2024/04/30/houses-mchenry-accuses-sec-chief-gensler-of-misleading-congress-on-ethereum"", ""source"": ""CoinDesk"", ""sentiment"": ""NEGATIVE"", ""keywords"": ""Regulations|Ethereum|ETH|Patrick McHenry|Gary Gensler|Securities and Exchange Commission|Congress"", ""id"": 42390907, ""guid"": ""CpI5Y2Su0uMQDo69bdPySL""}]",{}
17,2024-05-10,2024-05-03,2909.791259765625,3103.5419921875,-0.06242890636234368,D5+,"[{""date"": ""20240509181016"", ""headline"": ""Sexual Misconduct Allegations Lead Founder of Ethereum Layer-2 Chain 'Eclipse' to Step Back"", ""summary"": ""Neel Somani, the founder and CEO of Ethereum scaling company Eclipse, said on Thursday that he would be stepping back from his role as a \""public face\"" for the company in response to a recent slate of ..."", ""url"": ""https://coindesk.com/business/2024/05/09/sexual-misconduct-allegations-lead-founder-of-ethereum-layer-2-chain-eclipse-to-step-back"", ""source"": ""CoinDesk"", ""sentiment"": ""NEGATIVE"", ""keywords"": ""Sexual Misconduct|Sexual Assault|layer 2|Ethereum"", ""id"": 42408278, ""guid"": ""GJVPKSa3D710Liw1gaC0Ud""}, {""date"": ""20240508121113"", ""headline"": ""Restaking Is Hot in Ethereum and Entering Solana. Should We Worry?"", ""summary"": ""If you're reading this ensconced in a traditional finance career, you know the deal: If money is idle, make it do more work.\n\nAre you, for instance, a broker with collateral quietly sitting in a vault..."", ""url"": ""https://coindesk.com/opinion/2024/05/08/restaking-is-hot-in-ethereum-and-entering-solana-should-we-worry"", ""source"": ""CoinDesk"", ""sentiment"": ""NEUTRAL"", ""keywords"": ""Opinion|Restaking|MEV|Crypto Long & Short"", ""id"": 42418281, ""guid"": ""ha93388BwWkPe8xtcTd83h""}, {""date"": ""20240506215825"", ""headline"": ""Ethereum Developers Target Ease of Crypto Wallets With 'EIP-3074' "", ""summary"": ""As blockchain teams strive for the holy grail of mainstream adoption, making crypto wallets easier to use is suddenly at the top of the agenda.\n\nEthereum developers have been moving along with their d..."", ""url"": ""https://coindesk.com/tech/2024/05/06/ethereum-developers-target-ease-of-crypto-wallets-with-eip-3074"", ""source"": ""CoinDesk"", ""sentiment"": ""POSITIVE"", ""keywords"": ""Ethereum|Ethereum Foundation|Wallets"", ""id"": 42390882, ""guid"": ""CpI5Y2Su0uMQDo69bdPPDN""}, {""date"": ""20240506091411"", ""headline"": ""Popular Crypto Wallet MetaMask Rolls Out 'Smart Transactions' to Combat Ethereum Front-Running"", ""summary"": ""MetaMask, the most popular crypto wallet for Ethereum, is rolling out a new feature this week designed to help users avoid the consequences of maximal extractable value, or MEV.\n\nThe optional new feat..."", ""url"": ""https://coindesk.com/tech/2024/05/06/popular-crypto-wallet-metamask-rolls-out-smart-transactions-to-combat-ethereum-front-running"", ""source"": ""CoinDesk"", ""sentiment"": ""POSITIVE"", ""keywords"": ""MetaMask|Wallet|ConsenSys|MEV|Ethereum"", ""id"": 42390891, ""guid"": ""CpI5Y2Su0uMQDo69bdPPi9""}]",{}
18,2024-05-17,2024-05-10,3094.11865234375,2909.791259765625,0.06334729062076158,U5+,"[{""date"": ""20240516124839"", ""headline"": ""How MIT Brothers Allegedly Cheated a Noxious-But-Accepted Ethereum Practice for $25M"", ""summary"": ""They had it all planned out.\n\nIn late 2022, the brothers Peraire-Bueno \u2013 twenty-something graduates of Massachusetts Institute of Technology who had turned their sights on blockchain \u2013 embarked on an ..."", ""url"": ""https://coindesk.com/tech/2024/05/16/how-2-brothers-allegedly-cheated-a-noxious-but-accepted-ethereum-practice-for-25m"", ""source"": ""CoinDesk"", ""sentiment"": ""NEGATIVE"", ""keywords"": ""Ethereum|MEV|Flashbots|Indictment|Trial|Exploit|Hack"", ""id"": 42418203, ""guid"": ""ha93388BwWkPe8xtcTcrG9""}, {""date"": ""20240515162726"", ""headline"": ""What the DOJ\u2019s First MEV Lawsuit Means for Ethereum"", ""summary"": ""The U.S. Department of Justice charged two brothers with orchestrating an attack on Ethereum trading bots, charging them with conspiracy to commit wire fraud, wire fraud and conspiracy to commit money..."", ""url"": ""https://coindesk.com/opinion/2024/05/15/what-the-dojs-first-mev-lawsuit-means-for-ethereum"", ""source"": ""CoinDesk"", ""sentiment"": ""NEGATIVE"", ""keywords"": ""Opinion|The Node|Newsletters|DOJ|Ethereum|MEV|Flashbots"", ""id"": 42408192, ""guid"": ""GJVPKSa3D710Liw1gaBTGi""}, {""date"": ""20240515122413"", ""headline"": ""Brothers Accused of $25M Ethereum Exploit as U.S. Reveals Fraud Charges"", ""summary"": ""Two brothers have been arrested by the U.S. Department of Justice for attacking the Ethereum blockchain and stealing $25 million of cryptocurrency during a 12-second exploit, according to an indictmen..."", ""url"": ""https://coindesk.com/policy/2024/05/15/brothers-accused-of-25m-ethereum-exploit-as-us-reveals-fraud-charges"", ""source"": ""CoinDesk"", ""sentiment"": ""NEGATIVE"", ""keywords"": ""MEV|Exploit|DOJ|Ethereum"", ""id"": 42408189, ""guid"": ""GJVPKSa3D710Liw1gaBTA6""}, {""date"": ""20240515114500"", ""headline"": ""Exploring Ethereum's Staking Expansion: Potential for Growth and Innovation "", ""summary"": ""Ethereum is the largest proof-of-stake network by market cap. Currently,32.5 million ($99 billion) ETH has been staked, and the amount of staked ETH has grown by 78% since Ethereum\u2019s Shanghai Upgrade ..."", ""url"": ""https://coindesk.com/opinion/2024/05/15/the-ethereum-staking-opportunity"", ""source"": ""CoinDesk"", ""sentiment"": ""POSITIVE"", ""keywords"": ""Opinion|Crypto Long & Short|Institutional Adoption|Institutional Investment|Ethereum staking|Restaking"", ""id"": 42408244, ""guid"": ""GJVPKSa3D710Liw1gaBaqE""}, {""date"": ""20240514154741"", ""headline"": ""Vitalik Buterin's Ethereum Wallet Proposal, Scribbled in 22 Minutes, Gets Positive Reviews"", ""summary"": ""After a technical proposal to improve Ethereum wallets met with some opposition, a familiar figure swooped in last week to devise an alternative: none other than Vitalik Buterin, the blockchain's co-f..."", ""url"": ""https://coindesk.com/tech/2024/05/14/vitalik-buterins-ethereum-wallet-proposal-scribbled-in-22-minutes-gets-positive-reviews"", ""source"": ""CoinDesk"", ""sentiment"": ""POSITIVE"", ""keywords"": """", ""id"": 42418225, ""guid"": ""ha93388BwWkPe8xtcTcxgb""}]",{}
19,2024-05-24,2024-05-17,3726.9345703125,3094.11865234375,0.2045221884071579,U5+,"[{""date"": ""20240523044547"", ""headline"": ""Ethereum ETF Approval Could Spur 60% Rally as ETH Buying Increases"", ""summary"": ""The approval of spot ether exchange-traded funds (ETF) in the U.S. could lead to a significant rise in the token's value, mirroring the market reaction seen with bitcoin ETFs.\n\nBitcoin rose to over $7..."", ""url"": ""https://coindesk.com/markets/2024/05/23/ethereum-etf-approval-could-spur-60-rally-as-eth-buying-increases"", ""source"": ""CoinDesk"", ""sentiment"": ""POSITIVE"", ""keywords"": ""Ether|ether ETF|Markets"", ""id"": 42418105, ""guid"": ""ha93388BwWkPe8xtcTcc1d""}, {""date"": ""20240523025313"", ""headline"": ""BlackRock, Grayscale, Bitwise File Updated 19B Forms in Rush for Ethereum ETF"", ""summary"": ""BlackRock, Grayscale, and Bitwise filed amended 19b-4 forms with the SEC for their proposed spot ether ETFs, removing staking provisions.\n\nThis change was likely made to avoid regulatory roadblocks. S..."", ""url"": ""https://coindesk.com/policy/2024/05/23/blackrock-grayscale-bitwise-file-updated-19b-forms-in-rush-for-ethereum-etf"", ""source"": ""CoinDesk"", ""sentiment"": ""NEUTRAL"", ""keywords"": ""Ethereum|ETF"", ""id"": 42418091, ""guid"": ""ha93388BwWkPe8xtcTcbpF""}, {""date"": ""20240522124104"", ""headline"": ""The Protocol: EIGEN Riches Tempt Ethereum Devs, Even as ETF Approval Nears"", ""summary"": ""A sudden jolt of optimism over the prospect that U.S. regulators might soon approve spot Ethereum ETFs has sent the ETH price soaring \u2013 up 21% this week in its best performance since August 2021.\n\nBut..."", ""url"": ""https://coindesk.com/tech/2024/05/22/the-protocol-eigen-riches-tempt-ethereum-devs-even-as-etf-approval-nears"", ""source"": ""CoinDesk"", ""sentiment"": ""NEUTRAL"", ""keywords"": ""The Protocol|Ethereum|Vitalik Buterin|MEV"", ""id"": 42418131, ""guid"": ""ha93388BwWkPe8xtcTcfPB""}, {""date"": ""20240522110913"", ""headline"": ""Bitcoin Is Coming to Ethereum Stalwart MetaMask: Sources"", ""summary"": ""MetaMask, the most-used Ethereum wallet, is working to integrate native bitcoin (BTC), according to two people familiar with the matter.\n\nAccess could arrive within the next month, one person said, wh..."", ""url"": ""https://coindesk.com/business/2024/05/22/bitcoin-is-coming-to-ethereum-stalwart-metamask-sources"", ""source"": ""CoinDesk"", ""sentiment"": ""POSITIVE"", ""keywords"": ""Exclusive |MetaMask|Bitcoin|Ethereum"", ""id"": 42418123, ""guid"": ""ha93388BwWkPe8xtcTcfIz""}, {""date"": ""20240522090000"", ""headline"": ""Layer-2 Network Starknet Gets Ethereum Virtual Machine With Zero-Knowledge Proofs"", ""summary"": ""StarkWare, the main developer firm behind the layer-2 blockchain Starknet, shared Wednesday plans for its own zero-knowledge rollup compatible with the existing Ethereum infrastructure, a setup common..."", ""url"": ""https://coindesk.com/tech/2024/05/22/layer-2-network-starknet-gets-ethereum-virtual-machine-with-zero-knowledge-proofs"", ""source"": ""CoinDesk"", ""sentiment"": ""POSITIVE"", ""keywords"": ""starknet|Starkware|layer 2|Zkevm|Zk rollup|Rollups|Zero knowledge|Zero-Knowledge Proofs|Ethereum Virtual Machine"", ""id"": 42418110, ""guid"": ""ha93388BwWkPe8xtcTcf7d""}, {""date"": ""20240521130541"", ""headline"": ""Second Ethereum Foundation Researcher Acknowledges Advisory Deal Paid in EIGEN"", ""summary"": ""Dankrad Feist, namesake of the Ethereum data-storage method of \""danksharding,\"" disclosed in a post on X that he has taken on an advisory role at EigenFoundation, which supports the pioneering restakin..."", ""url"": ""https://coindesk.com/tech/2024/05/21/second-ethereum-foundation-researcher-acknowledges-advisory-deal-paid-in-eigen"", ""source"": ""CoinDesk"", ""sentiment"": ""NEGATIVE"", ""keywords"": ""Ethereum|Ethereum Foundation|EigenLayer|Eigenlabs"", ""id"": 42418182, ""guid"": ""ha93388BwWkPe8xtcTckW5""}, {""date"": ""20240517121111"", ""headline"": ""ZkSync, Ethereum Layer-2 Network, Hints at Airdrop By End of June"", ""summary"": ""ZkSync has said that the upcoming v24 upgrade will be the last before handing over network governance to the community.\n\nThe layer-2 blockchain has $141 million in total value locked (TVL).\n\nZero-know..."", ""url"": ""https://coindesk.com/business/2024/05/17/zksync-ethereum-layer-2-network-hints-at-airdrop-by-end-of-june"", ""source"": ""CoinDesk"", ""sentiment"": ""POSITIVE"", ""keywords"": ""airdrop|Zksync era|Matter Labs|ZK rollups|Zero knowledge|Layer 2s"", ""id"": 42408175, ""guid"": ""GJVPKSa3D710Liw1gaBFVe""}]",{}
20,2024-05-31,2024-05-24,3760.026611328125,3726.9345703125,0.008879158029557322,U1,"[{""date"": ""20240530024318"", ""headline"": ""BlackRock Amends Ethereum ETF Application; Bloomberg\u2019s Balchunas Sees ETF Going Live By June"", ""summary"": ""Bloomberg analyst Eric Balchunas called the updated S-1 a \u201cgood sign,\u201d adding that a launch by the end of June was \u201ca legit possibility.\u201d\n\nOn Tuesday, BlackRock became the largest publicly traded bitc..."", ""url"": ""https://coindesk.com/markets/2024/05/30/blackrock-amends-ethereum-etf-application-bloombergs-balchunas-sees-etf-going-live-by-june"", ""source"": ""CoinDesk"", ""sentiment"": ""POSITIVE"", ""keywords"": ""Trading|Investing|Markets"", ""id"": 42408128, ""guid"": ""GJVPKSa3D710Liw1ga9v0Z""}, {""date"": ""20240528090000"", ""headline"": ""Ethereum-Based Domain Protocol ENS Seeks Own L2, Possibly With ZK Rollups"", ""summary"": ""Ethereum Name Service (ENS) Labs, the company behind the ENS domain name protocol, proposed Tuesday to go through a complete architectural redesign that would turn the network into a layer-2 blockchai..."", ""url"": ""https://coindesk.com/tech/2024/05/28/ethereum-based-domain-protocol-ens-seeks-own-l2-possibly-with-zksync"", ""source"": ""CoinDesk"", ""sentiment"": ""POSITIVE"", ""keywords"": ""Ethereum|ENS|Matter Labs|layer 2|domain name service|Ethereum Name Service"", ""id"": 42390785, ""guid"": ""CpI5Y2Su0uMQDo69bdLrA9""}, {""date"": ""20240527044332"", ""headline"": ""Ethereum Meme Coins PEPE, MOG Hit Lifetime Highs on Ether ETF Filing Approvals"", ""summary"": ""Two Ethereum ecosystem tokens, PEPE and MOG, climbed to new highs on the back of U.S. ether ETF filings approvals, with traders treating them as beta bets.\n\nOpen interest in futures for the tokens inc..."", ""url"": ""https://coindesk.com/markets/2024/05/27/ethereum-meme-coins-pepe-mog-hit-lifetime-highs-on-ether-etf-filing-approvals"", ""source"": ""CoinDesk"", ""sentiment"": ""POSITIVE"", ""keywords"": ""Ethereum|Trading|Markets"", ""id"": 42418066, ""guid"": ""ha93388BwWkPe8xtcTcXQj""}]",{}
21,2024-06-07,2024-05-31,3678.629150390625,3760.026611328125,-0.02164810767356474,D3,"[{""date"": ""20240530024318"", ""headline"": ""BlackRock Amends Ethereum ETF Application; Bloomberg\u2019s Balchunas Sees ETF Going Live By June"", ""summary"": ""Bloomberg analyst Eric Balchunas called the updated S-1 a \u201cgood sign,\u201d adding that a launch by the end of June was \u201ca legit possibility.\u201d\n\nOn Tuesday, BlackRock became the largest publicly traded bitc..."", ""url"": ""https://coindesk.com/markets/2024/05/30/blackrock-amends-ethereum-etf-application-bloombergs-balchunas-sees-etf-going-live-by-june"", ""source"": ""CoinDesk"", ""sentiment"": ""POSITIVE"", ""keywords"": ""Trading|Investing|Markets"", ""id"": 42408128, ""guid"": ""GJVPKSa3D710Liw1ga9v0Z""}, {""date"": ""20240528090000"", ""headline"": ""Ethereum-Based Domain Protocol ENS Seeks Own L2, Possibly With ZK Rollups"", ""summary"": ""Ethereum Name Service (ENS) Labs, the company behind the ENS domain name protocol, proposed Tuesday to go through a complete architectural redesign that would turn the network into a layer-2 blockchai..."", ""url"": ""https://coindesk.com/tech/2024/05/28/ethereum-based-domain-protocol-ens-seeks-own-l2-possibly-with-zksync"", ""source"": ""CoinDesk"", ""sentiment"": ""POSITIVE"", ""keywords"": ""Ethereum|ENS|Matter Labs|layer 2|domain name service|Ethereum Name Service"", ""id"": 42390785, ""guid"": ""CpI5Y2Su0uMQDo69bdLrA9""}, {""date"": ""20240527044332"", ""headline"": ""Ethereum Meme Coins PEPE, MOG Hit Lifetime Highs on Ether ETF Filing Approvals"", ""summary"": ""Two Ethereum ecosystem tokens, PEPE and MOG, climbed to new highs on the back of U.S. ether ETF filings approvals, with traders treating them as beta bets.\n\nOpen interest in futures for the tokens inc..."", ""url"": ""https://coindesk.com/markets/2024/05/27/ethereum-meme-coins-pepe-mog-hit-lifetime-highs-on-ether-etf-filing-approvals"", ""source"": ""CoinDesk"", ""sentiment"": ""POSITIVE"", ""keywords"": ""Ethereum|Trading|Markets"", ""id"": 42418066, ""guid"": ""ha93388BwWkPe8xtcTcXQj""}, {""date"": ""20240523044547"", ""headline"": ""Ethereum ETF Approval Could Spur 60% Rally as ETH Buying Increases"", ""summary"": ""The approval of spot ether exchange-traded funds (ETF) in the U.S. could lead to a significant rise in the token's value, mirroring the market reaction seen with bitcoin ETFs.\n\nBitcoin rose to over $7..."", ""url"": ""https://coindesk.com/markets/2024/05/23/ethereum-etf-approval-could-spur-60-rally-as-eth-buying-increases"", ""source"": ""CoinDesk"", ""sentiment"": ""POSITIVE"", ""keywords"": ""Ether|ether ETF|Markets"", ""id"": 42418105, ""guid"": ""ha93388BwWkPe8xtcTcc1d""}, {""date"": ""20240523025313"", ""headline"": ""BlackRock, Grayscale, Bitwise File Updated 19B Forms in Rush for Ethereum ETF"", ""summary"": ""BlackRock, Grayscale, and Bitwise filed amended 19b-4 forms with the SEC for their proposed spot ether ETFs, removing staking provisions.\n\nThis change was likely made to avoid regulatory roadblocks. S..."", ""url"": ""https://coindesk.com/policy/2024/05/23/blackrock-grayscale-bitwise-file-updated-19b-forms-in-rush-for-ethereum-etf"", ""source"": ""CoinDesk"", ""sentiment"": ""NEUTRAL"", ""keywords"": ""Ethereum|ETF"", ""id"": 42418091, ""guid"": ""ha93388BwWkPe8xtcTcbpF""}]",{}
22,2024-06-14,2024-06-07,3480.27197265625,3678.629150390625,-0.05392149347626191,D5+,"[{""date"": ""20240612164202"", ""headline"": ""Protocol Village: Aethir, for Sourcing GPUs, Launches Decentralized Cloud on Ethereum"", ""summary"": ""June 12: Aethir, a blockchain project to source underutilized graphical processing units (GPUs) for intensive tasks like AI model training and gaming, launched its decentralized cloud compute network ..."", ""url"": ""https://coindesk.com/tech/2024/06/11/protocol-village"", ""source"": ""CoinDesk"", ""sentiment"": ""POSITIVE"", ""keywords"": ""The Protocol|Blockchain|Ethereum|Bitcoin|Tech|Blockchain Technology|EVM|Protocol Village"", ""id"": 42417925, ""guid"": ""ha93388BwWkPe8xtcTc2f7""}, {""date"": ""20240612114500"", ""headline"": ""What ETF Approval Could Mean for Ethereum"", ""summary"": ""The SEC recent approval of ETH ETFs might eventually prove a more important event for Ethereum than it was for Bitcoin. Bitcoin\u2019s dominance, niche, and value proposition as a store of value are well-e..."", ""url"": ""https://coindesk.com/opinion/2024/06/12/what-etf-approval-could-mean-for-ethereum"", ""source"": ""CoinDesk"", ""sentiment"": ""POSITIVE"", ""keywords"": ""Crypto Long & Short|Opinion|Ethereum|Ethereum ETF|ETFs"", ""id"": 42417927, ""guid"": ""ha93388BwWkPe8xtcTc2iD""}, {""date"": ""20240612060000"", ""headline"": ""MetaMask Adds 'Pooled Staking' for Cheaper Ethereum Validation"", ""summary"": ""MetaMask, the most popular wallet for Ethereum, will roll out a \""pooled staking\"" feature to its users beginning this week, in a move that would make it cheaper to contribute to the blockchain network'..."", ""url"": ""https://coindesk.com/tech/2024/06/12/metamask-adds-pooled-staking-for-cheaper-ethereum-validation"", ""source"": ""CoinDesk"", ""sentiment"": ""POSITIVE"", ""keywords"": ""Ethereum|MetaMask|Staking|Wallet"", ""id"": 42408074, ""guid"": ""GJVPKSa3D710Liw1ga9DeQ""}]",{}
23,2024-06-21,2024-06-14,3516.07568359375,3480.27197265625,0.010287618674288122,U2,"[{""date"": ""20240619045943"", ""headline"": ""SEC Ends Probe Into Consensys, Won't Sue Over Ethereum"", ""summary"": ""The SEC told Consensys' lawyers it wasn't recommending an enforcement action after ending an investigation into the company.\n\nThe ether price rose after the news.\n\nThe price of ether {{ETH}} rose afte..."", ""url"": ""https://coindesk.com/policy/2024/06/19/sec-ends-probe-into-consensus-wont-sue-over-ethereum"", ""source"": ""CoinDesk"", ""sentiment"": ""POSITIVE"", ""keywords"": ""SEC|US|Regulation|Policy|ConsenSys|Ethereum 2.0|ethererum"", ""id"": 42408035, ""guid"": ""GJVPKSa3D710Liw1ga8rcr""}]",{}
24,2024-06-28,2024-06-21,3373.635986328125,3516.07568359375,-0.04051098727204832,D5,"[{""date"": ""20240619045943"", ""headline"": ""SEC Ends Probe Into Consensys, Won't Sue Over Ethereum"", ""summary"": ""The SEC told Consensys' lawyers it wasn't recommending an enforcement action after ending an investigation into the company.\n\nThe ether price rose after the news.\n\nThe price of ether {{ETH}} rose afte..."", ""url"": ""https://coindesk.com/policy/2024/06/19/sec-ends-probe-into-consensus-wont-sue-over-ethereum"", ""source"": ""CoinDesk"", ""sentiment"": ""POSITIVE"", ""keywords"": ""SEC|US|Regulation|Policy|ConsenSys|Ethereum 2.0|ethererum"", ""id"": 42408035, ""guid"": ""GJVPKSa3D710Liw1ga8rcr""}, {""date"": ""20240612164202"", ""headline"": ""Protocol Village: Aethir, for Sourcing GPUs, Launches Decentralized Cloud on Ethereum"", ""summary"": ""June 12: Aethir, a blockchain project to source underutilized graphical processing units (GPUs) for intensive tasks like AI model training and gaming, launched its decentralized cloud compute network ..."", ""url"": ""https://coindesk.com/tech/2024/06/11/protocol-village"", ""source"": ""CoinDesk"", ""sentiment"": ""POSITIVE"", ""keywords"": ""The Protocol|Blockchain|Ethereum|Bitcoin|Tech|Blockchain Technology|EVM|Protocol Village"", ""id"": 42417925, ""guid"": ""ha93388BwWkPe8xtcTc2f7""}, {""date"": ""20240612114500"", ""headline"": ""What ETF Approval Could Mean for Ethereum"", ""summary"": ""The SEC recent approval of ETH ETFs might eventually prove a more important event for Ethereum than it was for Bitcoin. Bitcoin\u2019s dominance, niche, and value proposition as a store of value are well-e..."", ""url"": ""https://coindesk.com/opinion/2024/06/12/what-etf-approval-could-mean-for-ethereum"", ""source"": ""CoinDesk"", ""sentiment"": ""POSITIVE"", ""keywords"": ""Crypto Long & Short|Opinion|Ethereum|Ethereum ETF|ETFs"", ""id"": 42417927, ""guid"": ""ha93388BwWkPe8xtcTc2iD""}, {""date"": ""20240612060000"", ""headline"": ""MetaMask Adds 'Pooled Staking' for Cheaper Ethereum Validation"", ""summary"": ""MetaMask, the most popular wallet for Ethereum, will roll out a \""pooled staking\"" feature to its users beginning this week, in a move that would make it cheaper to contribute to the blockchain network'..."", ""url"": ""https://coindesk.com/tech/2024/06/12/metamask-adds-pooled-staking-for-cheaper-ethereum-validation"", ""source"": ""CoinDesk"", ""sentiment"": ""POSITIVE"", ""keywords"": ""Ethereum|MetaMask|Staking|Wallet"", ""id"": 42408074, ""guid"": ""GJVPKSa3D710Liw1ga9DeQ""}, {""date"": ""20240530024318"", ""headline"": ""BlackRock Amends Ethereum ETF Application; Bloomberg\u2019s Balchunas Sees ETF Going Live By June"", ""summary"": ""Bloomberg analyst Eric Balchunas called the updated S-1 a \u201cgood sign,\u201d adding that a launch by the end of June was \u201ca legit possibility.\u201d\n\nOn Tuesday, BlackRock became the largest publicly traded bitc..."", ""url"": ""https://coindesk.com/markets/2024/05/30/blackrock-amends-ethereum-etf-application-bloombergs-balchunas-sees-etf-going-live-by-june"", ""source"": ""CoinDesk"", ""sentiment"": ""POSITIVE"", ""keywords"": ""Trading|Investing|Markets"", ""id"": 42408128, ""guid"": ""GJVPKSa3D710Liw1ga9v0Z""}]",{}
25,2024-07-05,2024-06-28,2981.5986328125,3373.635986328125,-0.11620618084001397,D5+,"[{""date"": ""20240703100000"", ""headline"": ""Ethereum Builder Consensys Buys Wallet Guard to Strengthen MetaMask Security"", ""summary"": ""The entire Wallet Guard team will join Consensys within the MetaMask Product Safety Team.\n\nThe acquisition follows the integration of Blockaid security alerts into MetaMask.\n\nConsensys, the Ethereum-f..."", ""url"": ""https://coindesk.com/business/2024/07/03/ethereum-builder-consensys-buys-wallet-guard-to-strengthen-metamask-security"", ""source"": ""CoinDesk"", ""sentiment"": ""POSITIVE"", ""keywords"": ""ConsenSys"", ""id"": 42417801, ""guid"": ""ha93388BwWkPe8xtcTZyHN""}, {""date"": ""20240702102240"", ""headline"": ""Pump.Fun Overtakes Ethereum With $2M in Daily Revenue to Take No. 1 Position"", ""summary"": ""Pump.fun became the largest revenue generator of any blockchain or protocol over the past 24 hours, data shows.\n\n11,528 tokens were deployed on Monday, bringing the cumulative total up to 1.2 million...."", ""url"": ""https://coindesk.com/business/2024/07/02/pumpfun-overtakes-ethereum-with-2m-in-daily-revenue-to-take-no-1-position"", ""source"": ""CoinDesk"", ""sentiment"": ""POSITIVE"", ""keywords"": ""meme coin|Solana|Ethereum|Celebrities"", ""id"": 42417841, ""guid"": ""ha93388BwWkPe8xtcTa3G1""}, {""date"": ""20240702100000"", ""headline"": ""Bitcoin Could Get Ethereum-Style Restaking as Startup Lombard Raises $16M"", ""summary"": ""\""Restaking\"" is all the rage in Ethereum blockchain circles. It allows users to earn interest by leveraging their staked assets to help secure other blockchain apps. Even developers on other ecosystems..."", ""url"": ""https://coindesk.com/tech/2024/07/02/bitcoin-could-get-ethereum-style-restaking-as-startup-lombard-raises-16m"", ""source"": ""CoinDesk"", ""sentiment"": ""POSITIVE"", ""keywords"": """", ""id"": 42417835, ""guid"": ""ha93388BwWkPe8xtcTa39p""}, {""date"": ""20240702031233"", ""headline"": ""Ethereum Products See Highest Outflows Since 2022 Ahead of Ether ETFs"", ""summary"": ""Professional investors withdrew over $120 million from ether {{ETH}}-tracked exchange-traded products in the past two weeks, crypto firm CoinShares said in a Monday report.\n\nSuch products recorded $60..."", ""url"": ""https://coindesk.com/markets/2024/07/02/ethereum-products-see-highest-outflows-since-2022-ahead-of-ether-etfs"", ""source"": ""CoinDesk"", ""sentiment"": ""NEGATIVE"", ""keywords"": ""ETH|Trading|Investing|ETPs|Fund flows"", ""id"": 42417838, ""guid"": ""ha93388BwWkPe8xtcTa3Ez""}]",{}
26,2024-07-12,2024-07-05,3134.15869140625,2981.5986328125,0.05116720168664762,U5+,"[{""date"": ""20240710084230"", ""headline"": ""Starknet, Layer-2 Chain on Ethereum, to Open Staking By End of Year"", ""summary"": ""Layer-2 network Starknet will open staking on its ecosystem by the end of 2024, the developer firm StarkWare shared on Wednesday. The news was announced at the Ethereum Community Conference in Brussel..."", ""url"": ""https://coindesk.com/tech/2024/07/10/layer-2-starknet-introduces-staking-proposal-to-its-ecosystem"", ""source"": ""CoinDesk"", ""sentiment"": ""POSITIVE"", ""keywords"": ""layer 2|starknet|Staking"", ""id"": 42407866, ""guid"": ""GJVPKSa3D710Liw1ga7Dev""}, {""date"": ""20240710083109"", ""headline"": ""Vitalik Buterin Reflects On Strengths, Weaknesses of Ethereum, 'Hardening' the Blockchain"", ""summary"": ""BRUSSELS \u2013 Ethereum co-founder Vitalik Buterin gave a keynote talk about hardening the Ethereum blockchain as a base layer, in front of a packed room full of an estimated 1,100 attendees, at a develop..."", ""url"": ""https://coindesk.com/tech/2024/07/10/vitalik-buterin-reflects-on-strengths-weaknesses-of-ethereum-hardening-the-blockchain"", ""source"": ""CoinDesk"", ""sentiment"": ""NEUTRAL"", ""keywords"": """", ""id"": 42407865, ""guid"": ""GJVPKSa3D710Liw1ga7Dbc""}, {""date"": ""20240709140543"", ""headline"": ""MEV Has Spread to Bitcoin, in Subtler Forms Than on Ethereum"", ""summary"": ""Arbitrage opportunities exist in traditional finance and in crypto, but in the latter they are more pronounced due to the visibility of pending transactions and slow settlement times.\n\n\nAlthough less ..."", ""url"": ""https://coindesk.com/opinion/2024/07/09/mev-has-spread-to-bitcoin-in-subtler-forms-than-on-ethereum"", ""source"": ""CoinDesk"", ""sentiment"": ""NEGATIVE"", ""keywords"": ""Opinion|MEV|Bitcoin"", ""id"": 42407886, ""guid"": ""GJVPKSa3D710Liw1ga7NZv""}, {""date"": ""20240709070000"", ""headline"": ""Blockchain Startup Rome Raises $9M to Serve Ethereum Layer-2s Through Solana"", ""summary"": ""Rome, a crypto startup project aiming to use Solana as an auxiliary network to provide services to layer-2 blockchains built atop Ethereum, emerged from stealth and announced it has raised $9 million ..."", ""url"": ""https://coindesk.com/tech/2024/07/09/blockchain-startup-rome-raises-9m-to-serve-ethereum-layer-2s-through-solana"", ""source"": ""CoinDesk"", ""sentiment"": ""POSITIVE"", ""keywords"": ""Ethereum|Solana|Layer 2s|shared sequencers|data availability|Fundraising|Exclusive "", ""id"": 42407908, ""guid"": ""GJVPKSa3D710Liw1ga7XOJ""}, {""date"": ""20240708034922"", ""headline"": ""Ethereum ICO-Era Stalwart Golem Sent $100M Ether to Exchanges in the Past Month"", ""summary"": ""Golem, an Ethereum-based project, has transferred over $100 million worth of ether (ETH) to exchanges in the past month, potentially increasing selling pressure in the market.\n\nGolem raised millions o..."", ""url"": ""https://coindesk.com/markets/2024/07/08/ethereum-ico-era-stalwart-golem-sent-100m-ether-to-exchanges-in-the-past-month"", ""source"": ""CoinDesk"", ""sentiment"": ""NEGATIVE"", ""keywords"": ""Ethereum|ICOs|Golem"", ""id"": 42417784, ""guid"": ""ha93388BwWkPe8xtcTZva9""}]",{}
27,2024-07-19,2024-07-12,3505.73486328125,3134.15869140625,0.1185569106292698,U5+,"[{""date"": ""20240719070000"", ""headline"": ""Galaxy Buys Almost All of CryptoManufaktur's Assets, Expanding Ethereum Staking Portfolio"", ""summary"": ""Galaxy Digital, the publicly traded crypto firm led by Michael Novogratz, has acquired substantially all the assets of blockchain node operator CryptoManufaktur LLC, in a deal that will grow the compa..."", ""url"": ""https://coindesk.com/tech/2024/07/19/galaxy-buys-almost-all-of-cryptomanufakturs-ethereum-assets-to-expand-staking-portfolio"", ""source"": ""CoinDesk"", ""sentiment"": ""POSITIVE"", ""keywords"": ""Galaxy Digital|Ethereum|Staking|Proof-of-Stake|mergers and acquisitions|Exclusive "", ""id"": 42407834, ""guid"": ""GJVPKSa3D710Liw1ga6Cch""}, {""date"": ""20240719051619"", ""headline"": ""CrowdStrike, Windows BSoD Meme Tokens Populate Solana and Ethereum Amid Global Internet Outage"", ""summary"": ""Dozens of new crypto tokens themed after internet services company CrowdStrike and the popular Microsoft \u201cBlue Screen of Death\u201d (BSoD) error were issued on Ethereum and Solana blockchains amid a repor..."", ""url"": ""https://coindesk.com/markets/2024/07/19/crowdstrike-windows-bsod-meme-tokens-populate-solana-and-ethereum-amid-global-internet-outage"", ""source"": ""CoinDesk"", ""sentiment"": ""NEUTRAL"", ""keywords"": ""Trading|Markets|meme"", ""id"": 42407830, ""guid"": ""GJVPKSa3D710Liw1ga6CPT""}, {""date"": ""20240710084230"", ""headline"": ""Starknet, Layer-2 Chain on Ethereum, to Open Staking By End of Year"", ""summary"": ""Layer-2 network Starknet will open staking on its ecosystem by the end of 2024, the developer firm StarkWare shared on Wednesday. The news was announced at the Ethereum Community Conference in Brussel..."", ""url"": ""https://coindesk.com/tech/2024/07/10/layer-2-starknet-introduces-staking-proposal-to-its-ecosystem"", ""source"": ""CoinDesk"", ""sentiment"": ""POSITIVE"", ""keywords"": ""layer 2|starknet|Staking"", ""id"": 42407866, ""guid"": ""GJVPKSa3D710Liw1ga7Dev""}, {""date"": ""20240710083109"", ""headline"": ""Vitalik Buterin Reflects On Strengths, Weaknesses of Ethereum, 'Hardening' the Blockchain"", ""summary"": ""BRUSSELS \u2013 Ethereum co-founder Vitalik Buterin gave a keynote talk about hardening the Ethereum blockchain as a base layer, in front of a packed room full of an estimated 1,100 attendees, at a develop..."", ""url"": ""https://coindesk.com/tech/2024/07/10/vitalik-buterin-reflects-on-strengths-weaknesses-of-ethereum-hardening-the-blockchain"", ""source"": ""CoinDesk"", ""sentiment"": ""NEUTRAL"", ""keywords"": """", ""id"": 42407865, ""guid"": ""GJVPKSa3D710Liw1ga7Dbc""}, {""date"": ""20240709140543"", ""headline"": ""MEV Has Spread to Bitcoin, in Subtler Forms Than on Ethereum"", ""summary"": ""Arbitrage opportunities exist in traditional finance and in crypto, but in the latter they are more pronounced due to the visibility of pending transactions and slow settlement times.\n\n\nAlthough less ..."", ""url"": ""https://coindesk.com/opinion/2024/07/09/mev-has-spread-to-bitcoin-in-subtler-forms-than-on-ethereum"", ""source"": ""CoinDesk"", ""sentiment"": ""NEGATIVE"", ""keywords"": ""Opinion|MEV|Bitcoin"", ""id"": 42407886, ""guid"": ""GJVPKSa3D710Liw1ga7NZv""}]",{}
28,2024-07-26,2024-07-19,3275.951416015625,3505.73486328125,-0.06554501587451922,D5+,"[{""date"": ""20240725135350"", ""headline"": ""Staking in Ethereum ETFs Might Be a Question of When, Not If"", ""summary"": ""Spot ether exchange-traded funds successfully debuted in the U.S. on Tuesday, but regulators didn't let the ETFs generate income for investors by staking their ETH.\n\nThe absence represents a disadvant..."", ""url"": ""https://coindesk.com/news-analysis/2024/07/25/staking-in-ether-etfs-is-a-question-of-when-not-if-and-issuers-remain-hopeful"", ""source"": ""CoinDesk"", ""sentiment"": ""NEUTRAL"", ""keywords"": ""Analysis|Ether ETFs|BlackRock|Fidelity|Franklin Templeton"", ""id"": 42417580, ""guid"": ""ha93388BwWkPe8xtcTZ98H""}, {""date"": ""20240724124318"", ""headline"": ""The Protocol: Ethereum ETFs Aren't Blockchain, but Buyers Ape In"", ""summary"": ""We're headed to the Bitcoin Nashville conference this week and looking forward to a lot of deep discussions about building on the original blockchain \u2013 as well as hearing what former President Donald ..."", ""url"": ""https://coindesk.com/tech/2024/07/24/the-protocol-ethereum-etfs-arent-blockchain-but-buyers-ape-in"", ""source"": ""CoinDesk"", ""sentiment"": ""NEUTRAL"", ""keywords"": ""The Protocol|Ethereum ETF|ETFs|WazirX|dYdX"", ""id"": 42407801, ""guid"": ""GJVPKSa3D710Liw1ga5g94""}, {""date"": ""20240724111922"", ""headline"": ""Protocol Village: Hemi Labs Announces 'Hemi' as Modular L2 Focused on Interoperability Between Bitcoin, Ethereum"", ""summary"": ""July 24: Hemi Labs announced the Hemi Network, \""a modular layer-2 blockchain network focused on delivering superior scaling, security, and interoperability between Bitcoin and Ethereum.\"" According to ..."", ""url"": ""https://coindesk.com/tech/2024/07/17/protocol-village"", ""source"": ""CoinDesk"", ""sentiment"": ""POSITIVE"", ""keywords"": ""The Protocol|Blockchain|Ethereum|Bitcoin|Tech|Blockchain Technology|EVM|Protocol Village"", ""id"": 42407802, ""guid"": ""GJVPKSa3D710Liw1ga5gFg""}, {""date"": ""20240723145333"", ""headline"": ""Bitcoin ETFs Have Proven Popular, Ethereum ETFs Could Demonstrate Crypto\u2019s True Investment Value "", ""summary"": ""Authors' views and opinions are their own and not associated with CoinDesk Indices.\n\nThe cryptocurrency industry is going mainstream.\n\nIn the U.S., the post-Sam Bankman Fried era of regulatory hostili..."", ""url"": ""https://coindesk.com/coindesk-indices/2024/07/23/bitcoin-etfs-have-proven-popular-ethereum-etfs-could-demonstrate-cryptos-true-investment-value"", ""source"": ""CoinDesk"", ""sentiment"": ""POSITIVE"", ""keywords"": ""CoinDesk Indices|Op-ed"", ""id"": 42417619, ""guid"": ""ha93388BwWkPe8xtcTZHrB""}, {""date"": ""20240723080019"", ""headline"": ""Ethereum-Based Protocol Alkimiya Creates Market for Hedging Bitcoin Fees"", ""summary"": ""Blockchain protocol Alkimiya launched, introducing a tool that allows users to hedge against volatile Bitcoin {{BTC}} transaction fee rates.\n\nThe hardest part might be getting hardline bitcoiners \u2013 so..."", ""url"": ""https://coindesk.com/tech/2024/07/23/ethereum-based-protocol-alkimiya-creates-market-for-hedging-bitcoin-fees"", ""source"": ""CoinDesk"", ""sentiment"": ""NEUTRAL"", ""keywords"": ""Bitcoin|Transaction Fees|Ethereum"", ""id"": 42417621, ""guid"": ""ha93388BwWkPe8xtcTZHuH""}, {""date"": ""20240723065845"", ""headline"": ""Ethereum Experienced Its Highest Inflationary Period in the Last Quarter: Fidelity"", ""summary"": ""Fidelity noted that the Ethereum network experienced its highest period of inflation in the second quarter.\n\nLayer 2 transactions increased 20% since the Dencun upgrade in March, the report said.\n\nEth..."", ""url"": ""https://coindesk.com/markets/2024/07/23/ethereum-experienced-its-highest-inflationary-period-in-the-last-quarter-fidelity"", ""source"": ""CoinDesk"", ""sentiment"": ""NEUTRAL"", ""keywords"": ""Ether|Fidelity|Ethereum|Inflation"", ""id"": 42407804, ""guid"": ""GJVPKSa3D710Liw1ga5rYe""}, {""date"": ""20240722165211"", ""headline"": ""Ethereum ETFs Approved by SEC, Bringing Popular Funds to Second-Largest Cryptocurrency"", ""summary"": ""U.S. regulators have given final approval for spot exchange-traded funds that hold Ethereum's ether {{ETH}}, giving Americans access to a second major cryptocurrency via the easy-to-trade vehicles.\n\nT..."", ""url"": ""https://coindesk.com/business/2024/07/22/sec-approves-spot-ethereum-etfs"", ""source"": ""CoinDesk"", ""sentiment"": ""POSITIVE"", ""keywords"": ""Ether ETFs|Ethereum|SEC|Regulations"", ""id"": 42407820, ""guid"": ""GJVPKSa3D710Liw1ga5sIw""}, {""date"": ""20240722162537"", ""headline"": ""Ethereum ETFs Could See Underwhelming Demand, Partly Due to Lack of Staking, Two Research Firms Predict"", ""summary"": ""Initial demand for the spot ether ETFs could be less than anticipated in part because the funds cannot stake their ETH, Wintermute and Kaiko predict.\n\nWintermute sees roughly 62% less inflows over the..."", ""url"": ""https://coindesk.com/markets/2024/07/22/ethereum-etfs-could-see-underwhelming-demand-two-research-firms-predict"", ""source"": ""CoinDesk"", ""sentiment"": ""NEGATIVE"", ""keywords"": ""Ether ETFs|Wintermute|Kaiko|Ethereum"", ""id"": 42407816, ""guid"": ""GJVPKSa3D710Liw1ga5s91""}, {""date"": ""20240722054512"", ""headline"": ""Popcat Crosses $1B, Mog Rallies as Solana, Ethereum Beta Bets Gain Favor"", ""summary"": ""Meme coins popcat (POPCAT) and mog (MOG) surged over the weekend, driven by the cat-themed narrative and their use as beta bets by some traders.\n\nPOPCAT briefly topped $1 billion capitalization to eme..."", ""url"": ""https://coindesk.com/markets/2024/07/22/popcat-crosses-1b-mog-rallies-as-solana-ethereum-beta-bets-gain-favor"", ""source"": ""CoinDesk"", ""sentiment"": ""POSITIVE"", ""keywords"": ""meme|Trading|Markets"", ""id"": 42417649, ""guid"": ""ha93388BwWkPe8xtcTZMmj""}, {""date"": ""20240719070000"", ""headline"": ""Galaxy Buys Almost All of CryptoManufaktur's Assets, Expanding Ethereum Staking Portfolio"", ""summary"": ""Galaxy Digital, the publicly traded crypto firm led by Michael Novogratz, has acquired substantially all the assets of blockchain node operator CryptoManufaktur LLC, in a deal that will grow the compa..."", ""url"": ""https://coindesk.com/tech/2024/07/19/galaxy-buys-almost-all-of-cryptomanufakturs-ethereum-assets-to-expand-staking-portfolio"", ""source"": ""CoinDesk"", ""sentiment"": ""POSITIVE"", ""keywords"": ""Galaxy Digital|Ethereum|Staking|Proof-of-Stake|mergers and acquisitions|Exclusive "", ""id"": 42407834, ""guid"": ""GJVPKSa3D710Liw1ga6Cch""}, {""date"": ""20240719051619"", ""headline"": ""CrowdStrike, Windows BSoD Meme Tokens Populate Solana and Ethereum Amid Global Internet Outage"", ""summary"": ""Dozens of new crypto tokens themed after internet services company CrowdStrike and the popular Microsoft \u201cBlue Screen of Death\u201d (BSoD) error were issued on Ethereum and Solana blockchains amid a repor..."", ""url"": ""https://coindesk.com/markets/2024/07/19/crowdstrike-windows-bsod-meme-tokens-populate-solana-and-ethereum-amid-global-internet-outage"", ""source"": ""CoinDesk"", ""sentiment"": ""NEUTRAL"", ""keywords"": ""Trading|Markets|meme"", ""id"": 42407830, ""guid"": ""GJVPKSa3D710Liw1ga6CPT""}]",{}
29,2024-08-02,2024-07-26,2986.01318359375,3275.951416015625,-0.08850504650478373,D5+,"[{""date"": ""20240731081821"", ""headline"": ""Lloyd\u2019s of London-Backed Insurance Policies Can Now Be Paid for in Crypto on Ethereum"", ""summary"": ""Evertas and Nayms use a public blockchain to help coordinate between brokers, insurers and the insured.\n\nThe partnership allows customers to pay in USDC or native crypto, or to place policies complete..."", ""url"": ""https://coindesk.com/business/2024/07/31/lloyds-of-london-backed-insurance-policies-can-now-be-paid-for-in-crypto-on-ethereum"", ""source"": ""CoinDesk"", ""sentiment"": ""POSITIVE"", ""keywords"": ""Evertas|nayms|Exclusive |Insurance|Lloyd's of London|UK"", ""id"": 42390689, ""guid"": ""CpI5Y2Su0uMQDo69bd5hax""}]",{}
30,2024-08-09,2024-08-02,2599.5986328125,2986.01318359375,-0.12940818644216076,D5+,"[{""date"": ""20240807102711"", ""headline"": ""Ethereum Entities Largely Complied With Tornado Cash Sanctions, NY Fed Paper Says"", ""summary"": ""A new report from the NY Fed said Ethereum block builders have largely cooperated with sanctions on Tornado Cash.\n\nBlock validators that are immediately downstream of a transaction are likely to coope..."", ""url"": ""https://coindesk.com/policy/2024/08/07/ethereum-entities-largely-complied-with-tornado-cash-sanctions-ny-fed-paper-says"", ""source"": ""CoinDesk"", ""sentiment"": ""NEUTRAL"", ""keywords"": ""Regulations|Tornado Cash|New York Federal Reserve"", ""id"": 42390650, ""guid"": ""CpI5Y2Su0uMQDo69bd50KT""}, {""date"": ""20240806044801"", ""headline"": ""Ethereum ETFs Scored $49M Inflows as ETH Plunged "", ""summary"": ""Despite a sharp 20% drop in price, U.S.-listed spot ether exchange-traded funds (ETFs) saw net inflows of nearly $49 million on Monday, indicating strong demand.\n\nMeanwhile, some pointed to the resili..."", ""url"": ""https://coindesk.com/markets/2024/08/06/ethereum-etfs-scored-49m-inflows-as-eth-plunged"", ""source"": ""CoinDesk"", ""sentiment"": ""NEUTRAL"", ""keywords"": ""Trading|Investing|Markets"", ""id"": 42417499, ""guid"": ""ha93388BwWkPe8xtcTYd37""}]",{}
31,2024-08-16,2024-08-09,2593.1865234375,2599.5986328125,-0.0024665766838255156,D1,"[{""date"": ""20240814120000"", ""headline"": ""As Restaking Takes Shape on Solana, Ethereum's Renzo Jumps in With 'ezSOL'"", ""summary"": ""Early efforts on the Solana blockchain to develop a framework for \""restaking\"" \u2013 a way of securing new protocols and applications without having to spin up additional validator networks \u2013 appear to be ..."", ""url"": ""https://coindesk.com/tech/2024/08/14/as-restaking-takes-shape-on-solana-ethereum-focused-renzo-jumps-in-with-ezsol"", ""source"": ""CoinDesk"", ""sentiment"": ""POSITIVE"", ""keywords"": ""Jito labs|Solana|Restaking|EigenLayer|Ethereum"", ""id"": 42417440, ""guid"": ""ha93388BwWkPe8xtcTYQxh""}, {""date"": ""20240814103000"", ""headline"": ""Ethereum-Based Swell Imports Wrapped Bitcoin to Serve as Liquid Restaking Token"", ""summary"": ""SwBTC generates yield using wBTC \u2013 the token pegged 1:1 to BTC that can be put to work in the Ethereum network while retaining the value of the world's largest cryptocurrency.\n\nSwell's aim is to exten..."", ""url"": ""https://coindesk.com/tech/2024/08/14/ethereum-based-swell-imports-wrapped-bitcoin-to-serve-as-liquid-restaking-token"", ""source"": ""CoinDesk"", ""sentiment"": ""POSITIVE"", ""keywords"": ""Bitcoin|Restaking|EigenLayer|Swell"", ""id"": 42417444, ""guid"": ""ha93388BwWkPe8xtcTYQzl""}, {""date"": ""20240814070000"", ""headline"": ""Ethereum Set for Overhaul of Crucial Programming Standard With 'EVM Object Format'"", ""summary"": ""The new EVM Object Format (EOF) proposal aims to make the de facto industry standard Ethereum Virtual Machine more developer-friendly.\n\nConcerns were raised by some developers that the risk of impleme..."", ""url"": ""https://coindesk.com/tech/2024/08/14/ethereum-set-for-overhaul-of-crucial-programming-standard-with-evm-object-format"", ""source"": ""CoinDesk"", ""sentiment"": ""NEUTRAL"", ""keywords"": ""Ethereum|EVM|smart contracts|Upgrade|hard fork"", ""id"": 42390606, ""guid"": ""CpI5Y2Su0uMQDo69bd4KDn""}, {""date"": ""20240809125359"", ""headline"": ""Ripple Begins Testing Its Stablecoin on Ethereum and XRP Ledger"", ""summary"": ""Ripple's new stablecoin is being tested on Ethereum and XRP Ledger.\n\nRLUSD isn't tradeable yet as it still has to get regulatory approval.\n\nRipple, the enterprise-focused blockchain service closely re..."", ""url"": ""https://coindesk.com/business/2024/08/09/ripple-begins-testing-its-stablecoin-on-ethereum-and-xrp-ledger"", ""source"": ""CoinDesk"", ""sentiment"": ""POSITIVE"", ""keywords"": ""Ripple|XRP Ledger|Stablecoins"", ""id"": 42390625, ""guid"": ""CpI5Y2Su0uMQDo69bd4cAn""}]",{}
32,2024-08-23,2024-08-16,2764.447021484375,2593.1865234375,0.0660424911586591,U5+,"[{""date"": ""20240821085818"", ""headline"": ""BlackRock\u2019s ETHA Becomes First Ethereum ETF to Cross $1B in Net Inflows"", ""summary"": ""BlackRock's iShares Ethereum Trust (ETHA) has surpassed $1 billion in cumulative net inflows, making it the first among 11 issuers to reach this milestone.\n\nEthereum ETFs as a whole have seen cumulati..."", ""url"": ""https://coindesk.com/markets/2024/08/21/blackrocks-etha-becomes-first-ethereum-etf-to-cross-1b-in-net-inflows"", ""source"": ""CoinDesk"", ""sentiment"": ""POSITIVE"", ""keywords"": ""Trading|Markets|ETFs|Ethereum ETF|BlackRock"", ""id"": 42417409, ""guid"": ""ha93388BwWkPe8xtcTYIij""}, {""date"": ""20240820090000"", ""headline"": ""Dark Pools Dominate Ethereum as Private Transactions Surge \u2013 at Least by One Measure"", ""summary"": ""A growing number of sophisticated Ethereum users are choosing to transact privately on the blockchain \u2013 relying on so-called dark pools to avoid trading bots set up to front-run transactions, but pote..."", ""url"": ""https://coindesk.com/tech/2024/08/20/dark-pools-dominate-ethereum-as-private-transactions-surge-at-least-by-one-measure"", ""source"": ""CoinDesk"", ""sentiment"": ""NEGATIVE"", ""keywords"": """", ""id"": 42390579, ""guid"": ""CpI5Y2Su0uMQDo69bd3nxT""}, {""date"": ""20240816072739"", ""headline"": ""Record Drop in Ethereum Gas Fees Marks Historically Bullish Signal For ETH, Analyst Says"", ""summary"": ""Ethereum's gas fees plummeted to a five-year low earlier this week, with some attributing the drop to users and applications migrating to trendier blockchains.\n\nAnalyst Ryan Lee suggests that historic..."", ""url"": ""https://coindesk.com/markets/2024/08/16/record-drop-in-ethereum-gas-fees-marks-historically-bullish-signal-for-eth-analyst-says"", ""source"": ""CoinDesk"", ""sentiment"": ""POSITIVE"", ""keywords"": ""Ether|Trading|Gas"", ""id"": 42417429, ""guid"": ""ha93388BwWkPe8xtcTYM17""}]",{}
33,2024-08-30,2024-08-23,2525.822021484375,2764.447021484375,-0.08631925232984565,D5+,"[{""date"": ""20240827164242"", ""headline"": ""BlackRock Lists Ethereum ETF on Brazilian Stock Exchange"", ""summary"": ""The ether ETF will trade under the ticker code ETHA39 as a Brazilian depositary receipt, a certificate that represents shares of foreign companies.\n\nIn March, BlackRock\u2019s iShares Bitcoin Trust ETF (IB..."", ""url"": ""https://coindesk.com/business/2024/08/27/blackrock-lists-ethereum-etf-on-the-brazilian-stock-exchange"", ""source"": ""CoinDesk"", ""sentiment"": ""POSITIVE"", ""keywords"": ""Brazil|BlackRock|B3|Stock Exchange|ETF|Ethereum|latin america"", ""id"": 42390549, ""guid"": ""CpI5Y2Su0uMQDo69bd2n0H""}]",{}
34,2024-09-06,2024-08-30,2223.87646484375,2525.822021484375,-0.11954348092316404,D5+,"[{""date"": ""20240904134816"", ""headline"": ""How Ethereum 2.0 Can Transform DeFi"", ""summary"": ""The SEC\u2019s decision in June to drop charges against Ethereum was a milestone in the platform\u2019s journey toward maturity and greater acceptance in the financial world.\n\nFor those who didn\u2019t follow the ca..."", ""url"": ""https://coindesk.com/opinion/2024/09/04/how-ethereum-20-can-transform-defi"", ""source"": ""CoinDesk"", ""sentiment"": ""POSITIVE"", ""keywords"": ""Opinion|DeFi"", ""id"": 42390465, ""guid"": ""CpI5Y2Su0uMQDo69bd1s5V""}, {""date"": ""20240903080138"", ""headline"": ""Ripple Will Soon Add Ethereum Compatible Smart Contracts to XRP Ledger"", ""summary"": ""Ripple will add Ethereum-compatible smart contracts via a new sidechain to XRP Ledger, expanding its functionality beyond basic transactions.\n\nThis development includes using the Axelar network for cr..."", ""url"": ""https://coindesk.com/markets/2024/09/03/ripple-will-soon-add-ethereum-compatible-smart-contracts-to-xrp-ledger"", ""source"": ""CoinDesk"", ""sentiment"": ""POSITIVE"", ""keywords"": ""XRP|Technology|smart contracts"", ""id"": 42390495, ""guid"": ""CpI5Y2Su0uMQDo69bd28iR""}]",{}
35,2024-09-13,2024-09-06,2441.607177734375,2223.87646484375,0.09790593872125122,U5+,"[{""date"": ""20240912125946"", ""headline"": ""Ethereum's Vitalik Buterin Amps Up Pressure on Layer-2 Networks to Decentralize Further"", ""summary"": ""There's the bully pulpit. And then the silent treatment.\n\nEthereum co-founder Vitalik Buterin wrote on X that he will be weighing in on layer 2 networks differently in his public posts from now on \u2013 o..."", ""url"": ""https://coindesk.com/tech/2024/09/12/ethereums-vitalik-buterin-amps-up-pressure-on-layer-2-networks-to-decentralize-further"", ""source"": ""CoinDesk"", ""sentiment"": ""NEUTRAL"", ""keywords"": ""Ethereum|layer 2|Vitalik Buterin|Decentralization|Rollups"", ""id"": 42417249, ""guid"": ""ha93388BwWkPe8xtcTXkGz""}, {""date"": ""20240912090241"", ""headline"": ""Build-on-Bitcoin Trend Imports Another Concept from Ethereum: the DAO"", ""summary"": ""RootstockCollective has been unveiled as the first DAO on Bitcoin layer-2 Rootstock.\n\nThe DAO will allow holders of Rootstock token RIF to earn voting rights through staking their tokens.\n\nNFTs arrive..."", ""url"": ""https://coindesk.com/tech/2024/09/12/build-on-bitcoin-trend-imports-another-concept-from-ethereum-the-dao"", ""source"": ""CoinDesk"", ""sentiment"": ""POSITIVE"", ""keywords"": ""Bitcoin|DAO|Rootstock|layer 2"", ""id"": 42417245, ""guid"": ""ha93388BwWkPe8xtcTXkI1""}, {""date"": ""20240911113738"", ""headline"": ""Are Ethereum Staking Yields Too High?"", ""summary"": ""Staking has grown in popularity in recent years due to the availability of staking-as-a-service, pooled staking, and the growth of liquid re-staking. As of July 2024, Ethereum's security budget amount..."", ""url"": ""https://coindesk.com/markets/2024/09/11/are-ethereum-staking-yields-too-high"", ""source"": ""CoinDesk"", ""sentiment"": ""NEUTRAL"", ""keywords"": ""Opinion|Crypto Long & Short|Staking|Yield|Ethereum|Ether"", ""id"": 42407676, ""guid"": ""GJVPKSa3D710Liw1ga0kSU""}, {""date"": ""20240906123136"", ""headline"": ""Ethereum Foundation's Main Wallet Down to About $650M, Top Official Says"", ""summary"": ""The Ethereum Foundation, the main non-profit organization supporting the Ethereum blockchain, is set to release an updated financial report \u201csoon,\u201d according to a top official who also revealed that t..."", ""url"": ""https://coindesk.com/tech/2024/09/06/ethereum-foundations-main-wallet-down-to-about-650m-top-official-says"", ""source"": ""CoinDesk"", ""sentiment"": ""NEGATIVE"", ""keywords"": ""Ethereum|ETH|Ethereum Foundation"", ""id"": 42390414, ""guid"": ""CpI5Y2Su0uMQDo69bd1Z3p""}]",{}
36,2024-09-20,2024-09-13,2561.072021484375,2441.607177734375,0.04892877316196877,U5,"[{""date"": ""20240919151558"", ""headline"": ""Ethereum Developers Confirm Plan to Split 'Pectra' Upgrade In Two"", ""summary"": ""Ethereum developers agreed on Thursday to split their upcoming hard fork, Pectra, into two packages, in a move to make the massive upgrade less unwieldy and reduce the risk of missteps or bugs.\n\nThe d..."", ""url"": ""https://coindesk.com/tech/2024/09/19/ethereum-developers-confirm-plan-to-split-pectra-upgrade-in-two"", ""source"": ""CoinDesk"", ""sentiment"": ""NEUTRAL"", ""keywords"": ""Pectra|Ethereum|hard fork|ETH|Ether|Upgrade|Upgrades"", ""id"": 42390375, ""guid"": ""CpI5Y2Su0uMQDo69bcUxEH""}, {""date"": ""20240918070000"", ""headline"": ""Ethereum Devs Poised to Split Blockchain's Next Big Upgrade, 'Pectra,' in Two   "", ""summary"": ""It's only been six months since Ethereum, the dominant smart-contract blockchain, had its last major upgrade. But there are so many developer priorities for what to tackle next that there's a growing ..."", ""url"": ""https://coindesk.com/tech/2024/09/18/ethereum-devs-poised-to-split-blockchains-next-big-upgrade-pectra-in-two"", ""source"": ""CoinDesk"", ""sentiment"": ""NEUTRAL"", ""keywords"": ""Ethereum|ETH|Upgrade|Upgrades|hard fork"", ""id"": 42417219, ""guid"": ""ha93388BwWkPe8xtcTXHrx""}, {""date"": ""20240918045921"", ""headline"": ""Ethereum Is the Microsoft of Blockchains, ETH Underperformance May Reverse Into Year-End: Bitwise"", ""summary"": ""Despite recent underperformance, ether is potentially a contrarian bet into the year-end, the report said.\n\nBitwise noted that the majority of stablecoins are issued on the Ethereum blockchain and mor..."", ""url"": ""https://coindesk.com/markets/2024/09/18/ethereum-is-the-microsoft-of-blockchains-eth-underperformance-may-reverse-into-year-end-bitwise"", ""source"": ""CoinDesk"", ""sentiment"": ""POSITIVE"", ""keywords"": ""Ether|Election 2024|Analysts|Ethereum|Markets"", ""id"": 42417216, ""guid"": ""ha93388BwWkPe8xtcTXHor""}, {""date"": ""20240916091121"", ""headline"": ""First Neiro on Ethereum, Related to Dogecoin, Rockets 700% on Binance Spot Listing"", ""summary"": ""The announcement of Binance listing First Neiro on Ethereum (NEIRO) for spot trading triggered a massive 700% price surge, catapulting its market cap from $15 million to $146 million in a day, with tr..."", ""url"": ""https://coindesk.com/markets/2024/09/16/first-neiro-on-ethereum-related-to-dogecoin-rockets-700-on-binance-spot-listing"", ""source"": ""CoinDesk"", ""sentiment"": ""NEUTRAL"", ""keywords"": ""Trading|Memecoin|Dogecoin"", ""id"": 42407640, ""guid"": ""GJVPKSa3D710Liw1ga0I8l""}]",{}
37,2024-09-27,2024-09-20,2695.900634765625,2561.072021484375,0.05264538136772293,U5+,"[{""date"": ""20240926073000"", ""headline"": ""Wall Street Titan Guggenheim Tokenizes $20M of Commercial Paper on Ethereum"", ""summary"": ""Guggenheim Treasury Services and blockchain platform Zeconomy issued $20 million of tokenized commercial paper on the Ethereum blockchain.\n\nZeconomy CEO Giacinto Cosenza said he sees \""massive demand\"" ..."", ""url"": ""https://coindesk.com/business/2024/09/26/wall-street-titan-guggenheim-tokenizes-20m-of-commercial-paper-on-ethereum"", ""source"": ""CoinDesk"", ""sentiment"": ""POSITIVE"", ""keywords"": ""Real World Assets  |Ethereum|Tokenization"", ""id"": 42417156, ""guid"": ""ha93388BwWkPe8xtcTOlEj""}, {""date"": ""20240925111924"", ""headline"": ""Ethereum's Changing Landscape"", ""summary"": ""Ethereum\u2019s ability to host a wide-range of applications and assets has been evident for years, but the investment case for its native token, ETH, has become increasingly complex. In the wake of key pr..."", ""url"": ""https://coindesk.com/tech/2024/09/25/ethereums-changing-landscape"", ""source"": ""CoinDesk"", ""sentiment"": ""NEUTRAL"", ""keywords"": ""Opinion|Crypto Long & Short|Ethereum|layer 2|Layer 2s"", ""id"": 42407546, ""guid"": ""GJVPKSa3D710Liw1gZQLU9""}, {""date"": ""20240925103419"", ""headline"": ""Visa to Help Banks Issue Fiat-Backed Tokens on Ethereum Via New Tokenized Asset Platform "", ""summary"": ""Visa has developed a new product to help banks issue fiat-backed tokens on the Ethereum network.\n\nOne of the first financial institutions to use the platform will be Spanish bank BBVA, who expects to ..."", ""url"": ""https://coindesk.com/business/2024/09/25/visa-to-help-banks-issue-fiat-backed-tokens-on-ethereum-via-new-tokenized-asset-platform"", ""source"": ""CoinDesk"", ""sentiment"": ""POSITIVE"", ""keywords"": ""Visa|banks|Ethereum|Real World Assets  "", ""id"": 42407532, ""guid"": ""GJVPKSa3D710Liw1gZQKqT""}, {""date"": ""20240925051149"", ""headline"": ""Bitcoin ETFs Remove Nearly Five Times Daily Supply as Ethereum ETFs See Strong Rebound"", ""summary"": ""Bitcoin ETFs recorded $136 million in inflows, with BlackRock\u2019s IBIT contributing $98.9 million, equivalent to 1,548 BTC.\n\nEther ETFs saw $62.5 million in inflows, led by BlackRock\u2019s ETHA with $59.3 m..."", ""url"": ""https://coindesk.com/markets/2024/09/25/bitcoin-etfs-remove-nearly-five-times-daily-supply-as-ethereum-etfs-see-strong-rebound"", ""source"": ""CoinDesk"", ""sentiment"": ""POSITIVE"", ""keywords"": ""btc|Bitcoin|ETH|ETF"", ""id"": 42407540, ""guid"": ""GJVPKSa3D710Liw1gZQLGv""}, {""date"": ""20240924021133"", ""headline"": ""Ethereum ETFs Record Biggest Outflows Since July in Sign of Low Institutional Appeal"", ""summary"": ""Ether ETFs experienced the largest outflows since July, with over $79 million exiting on Monday.\n\nThe outflows were predominantly from Grayscale\u2019s Ethereum Trust (ETHE), while Bitwise's ETHW saw minor..."", ""url"": ""https://coindesk.com/markets/2024/09/24/ether-etfs-record-biggest-outflows-since-july-in-sign-of-low-institutional-appeal"", ""source"": ""CoinDesk"", ""sentiment"": ""NEGATIVE"", ""keywords"": ""Trading|Markets|Ethereum|ether ETF|ETFs"", ""id"": 42407570, ""guid"": ""GJVPKSa3D710Liw1gZQbkc""}, {""date"": ""20240920030000"", ""headline"": ""SocGen's Crypto Unit Takes Euro Stablecoin to Solana After Flopping on Ethereum"", ""summary"": ""SINGAPORE \u2013 SG Forge, a subsidiary of Societe Generale, will roll out euro stablecoin EUR CoinVertible (EURCV) on the Solana blockchain, the French financial services firm said Friday.\n\nSG Forge launc..."", ""url"": ""https://coindesk.com/business/2024/09/20/socgens-crypto-unit-takes-euro-stablecoin-to-solana-after-flopping-on-ethereum"", ""source"": ""CoinDesk"", ""sentiment"": ""NEUTRAL"", ""keywords"": ""Soci\u00e9t\u00e9 G\u00e9n\u00e9rale|Stablecoin|Solana|Ethereum|Euro"", ""id"": 42390358, ""guid"": ""CpI5Y2Su0uMQDo69bcUwEj""}]",{}
38,2024-10-04,2024-09-27,2414.7939453125,2695.900634765625,-0.10427190298783535,D5+,"[{""date"": ""20240926073000"", ""headline"": ""Wall Street Titan Guggenheim Tokenizes $20M of Commercial Paper on Ethereum"", ""summary"": ""Guggenheim Treasury Services and blockchain platform Zeconomy issued $20 million of tokenized commercial paper on the Ethereum blockchain.\n\nZeconomy CEO Giacinto Cosenza said he sees \""massive demand\"" ..."", ""url"": ""https://coindesk.com/business/2024/09/26/wall-street-titan-guggenheim-tokenizes-20m-of-commercial-paper-on-ethereum"", ""source"": ""CoinDesk"", ""sentiment"": ""POSITIVE"", ""keywords"": ""Real World Assets  |Ethereum|Tokenization"", ""id"": 42417156, ""guid"": ""ha93388BwWkPe8xtcTOlEj""}, {""date"": ""20240925111924"", ""headline"": ""Ethereum's Changing Landscape"", ""summary"": ""Ethereum\u2019s ability to host a wide-range of applications and assets has been evident for years, but the investment case for its native token, ETH, has become increasingly complex. In the wake of key pr..."", ""url"": ""https://coindesk.com/tech/2024/09/25/ethereums-changing-landscape"", ""source"": ""CoinDesk"", ""sentiment"": ""NEUTRAL"", ""keywords"": ""Opinion|Crypto Long & Short|Ethereum|layer 2|Layer 2s"", ""id"": 42407546, ""guid"": ""GJVPKSa3D710Liw1gZQLU9""}, {""date"": ""20240925103419"", ""headline"": ""Visa to Help Banks Issue Fiat-Backed Tokens on Ethereum Via New Tokenized Asset Platform "", ""summary"": ""Visa has developed a new product to help banks issue fiat-backed tokens on the Ethereum network.\n\nOne of the first financial institutions to use the platform will be Spanish bank BBVA, who expects to ..."", ""url"": ""https://coindesk.com/business/2024/09/25/visa-to-help-banks-issue-fiat-backed-tokens-on-ethereum-via-new-tokenized-asset-platform"", ""source"": ""CoinDesk"", ""sentiment"": ""POSITIVE"", ""keywords"": ""Visa|banks|Ethereum|Real World Assets  "", ""id"": 42407532, ""guid"": ""GJVPKSa3D710Liw1gZQKqT""}, {""date"": ""20240925051149"", ""headline"": ""Bitcoin ETFs Remove Nearly Five Times Daily Supply as Ethereum ETFs See Strong Rebound"", ""summary"": ""Bitcoin ETFs recorded $136 million in inflows, with BlackRock\u2019s IBIT contributing $98.9 million, equivalent to 1,548 BTC.\n\nEther ETFs saw $62.5 million in inflows, led by BlackRock\u2019s ETHA with $59.3 m..."", ""url"": ""https://coindesk.com/markets/2024/09/25/bitcoin-etfs-remove-nearly-five-times-daily-supply-as-ethereum-etfs-see-strong-rebound"", ""source"": ""CoinDesk"", ""sentiment"": ""POSITIVE"", ""keywords"": ""btc|Bitcoin|ETH|ETF"", ""id"": 42407540, ""guid"": ""GJVPKSa3D710Liw1gZQLGv""}, {""date"": ""20240924021133"", ""headline"": ""Ethereum ETFs Record Biggest Outflows Since July in Sign of Low Institutional Appeal"", ""summary"": ""Ether ETFs experienced the largest outflows since July, with over $79 million exiting on Monday.\n\nThe outflows were predominantly from Grayscale\u2019s Ethereum Trust (ETHE), while Bitwise's ETHW saw minor..."", ""url"": ""https://coindesk.com/markets/2024/09/24/ether-etfs-record-biggest-outflows-since-july-in-sign-of-low-institutional-appeal"", ""source"": ""CoinDesk"", ""sentiment"": ""NEGATIVE"", ""keywords"": ""Trading|Markets|Ethereum|ether ETF|ETFs"", ""id"": 42407570, ""guid"": ""GJVPKSa3D710Liw1gZQbkc""}]",{}
39,2024-10-11,2024-10-04,2436.513427734375,2414.7939453125,0.008994341924716176,U1,"[{""date"": ""20241009120000"", ""headline"": ""LatAm Bank Littio Ditches Ethereum for Avalanche as Demand for RWA Vaults Grows"", ""summary"": ""Littio, a Colombian neobank, is enabling customers to access U.S. Treasury bills through crypto products.\n\nLittio is switching vault holdings from Ethereum (ETH) to Avalanche (AVAX) to scale the produ..."", ""url"": ""https://coindesk.com/business/2024/10/09/latam-bank-littio-ditches-ethereum-for-avalanche-as-demand-for-rwa-vaults-grows"", ""source"": ""CoinDesk"", ""sentiment"": ""POSITIVE"", ""keywords"": ""Avalanche|Ethereum|Tokenization"", ""id"": 42407435, ""guid"": ""GJVPKSa3D710Liw1gZHSTt""}, {""date"": ""20241007123945"", ""headline"": ""Ethereum Proposal Could Increase Throughput by 50%"", ""summary"": ""The new Ethereum improvement proposal, officially EIP-7781, would increase throughput by 50%.\n\nThe submission from Illyriad Games co-founder Ben Adams follows earlier proposals by Ethereum co-founder ..."", ""url"": ""https://coindesk.com/tech/2024/10/07/ethereum-proposal-could-increase-throughput-by-50"", ""source"": ""CoinDesk"", ""sentiment"": ""POSITIVE"", ""keywords"": """", ""id"": 42407451, ""guid"": ""GJVPKSa3D710Liw1gZHqQU""}, {""date"": ""20241007100939"", ""headline"": ""Memecoin Moodeng on Ethereum Jumps 480% After Vitalik Buterin's Mention and Donation Sales"", ""summary"": ""The MOODENG token, inspired by the Thai baby hippo Moo Deng, experienced a nearly 500% price increase in 24 hours.\n\nVitalik Buterin mentioned the memecoin on his social media post and sold 10 billion ..."", ""url"": ""https://coindesk.com/markets/2024/10/07/memecoin-moodeng-on-ethereum-jumps-480-after-vitalik-buterins-mention-and-donation-sales"", ""source"": ""CoinDesk"", ""sentiment"": ""POSITIVE"", ""keywords"": ""meme|Vitalik Buterin|Memecoin"", ""id"": 42407452, ""guid"": ""GJVPKSa3D710Liw1gZHqNB""}]",{}
40,2024-10-18,2024-10-11,2641.55224609375,2436.513427734375,0.08415255012570692,U5+,"[{""date"": ""20241017054641"", ""headline"": ""Vitalik Buterin Wants Ethereum to Hit 100K Transaction Per Second With Rollups"", ""summary"": ""Ethereum co-founder Vitalik Buterin set a goal of 100,000 TPS for Ethereum in a Thursday blog post.\n\nThis goal will be hit with increased integration of Layer 2s, but some work on standardization will..."", ""url"": ""https://coindesk.com/tech/2024/10/17/vitalik-buterin-wants-ethereum-to-hit-100k-transaction-per-second-with-rollups"", ""source"": ""CoinDesk"", ""sentiment"": ""POSITIVE"", ""keywords"": ""Vitalik Buterin|Ethereum"", ""id"": 42422055, ""guid"": ""lZj3zXFJWcbTdP3qeiwFTI""}, {""date"": ""20241015111634"", ""headline"": ""Why This ETF Expert Is Bullish on Ethereum and Says Washington\u2019s Crypto Stance Is Misunderstood"", ""summary"": ""The crypto ETF era is just getting started, according to Matt Hougan, the chief investment officer of crypto fund issuer Bitwise.\n\nCrypto-native investors that have soured on Ethereum's ether (ETH) ar..."", ""url"": ""https://coindesk.com/business/2024/10/15/why-this-etf-expert-is-bullish-on-ethereum-and-says-washingtons-crypto-stance-is-misunderstood"", ""source"": ""CoinDesk"", ""sentiment"": ""POSITIVE"", ""keywords"": ""Bitwise|Ethereum|ether ETF"", ""id"": 42390199, ""guid"": ""CpI5Y2Su0uMQDo69bbjxwH""}, {""date"": ""20241011112611"", ""headline"": ""Has Ethereum Lost Its Way?"", ""summary"": ""Ethereum has come a long way since the network went live in 2015 under the codename Frontier, transforming from a grand idea into what is now the foundation for thousands of decentralized applications..."", ""url"": ""https://coindesk.com/opinion/2024/10/11/has-ethereum-lost-its-way"", ""source"": ""CoinDesk"", ""sentiment"": ""NEGATIVE"", ""keywords"": ""Opinion"", ""id"": 42407377, ""guid"": ""GJVPKSa3D710Liw1gZGwXK""}]",{}
41,2024-10-25,2024-10-18,2435.93408203125,2641.55224609375,-0.07783990052309664,D5+,"[{""date"": ""20241024061101"", ""headline"": ""Solana Looks Overbought Against Ethereum; Bitcoin-Gold Ratio Stuck in a Downtrend"", ""summary"": ""SOL/ETH trading on Binance looks overbought, as per the RSI.\n\nBTC/Gold ratio has turned lower from a downtrend resistance.\n\nThe solana-ether (SOL/ETH) spot pair trading on Binance has surged over 15% ..."", ""url"": ""https://coindesk.com/markets/2024/10/24/solana-looks-overbought-against-ethereum-btc-gold-ratio-stuck-in-a-downtrend"", ""source"": ""CoinDesk"", ""sentiment"": ""NEUTRAL"", ""keywords"": ""Solana|Ethereum|Bitcoin|Gold|Technical Analysis|Markets"", ""id"": 42373521, ""guid"": ""0XGGWk56kaPxudnYllnVTr""}]",{}
42,2024-11-01,2024-10-25,2511.885498046875,2435.93408203125,0.031179585923889808,U4,"[{""date"": ""20241030123511"", ""headline"": ""Protocol Village: Starknet Claims to Shatter Transaction Speed Record Among Ethereum Layer-2 Networks"", ""summary"": ""In today's edition: Starknet, Space and Time, Morph, Neo, Gaia, EigenLayer, Metis.\n\nWednesday, Oct. 30\n\nStarknet Claims to Shatter Transaction Speed Record Among Ethereum Layer-2 Networks\n\nStarknet, a..."", ""url"": ""https://coindesk.com/tech/2024/10/23/protocol-village"", ""source"": ""CoinDesk"", ""sentiment"": ""POSITIVE"", ""keywords"": ""Blockchain|Ethereum|Bitcoin|Tech|Blockchain Technology|EVM|Protocol Village"", ""id"": 42373364, ""guid"": ""0QIBFkzmrXAdmecZt580L8""}, {""date"": ""20241030100747"", ""headline"": ""Leading Bitcoin Layer 2 Picks Optimism's Red-Hot Superchain to Link to Ethereum"", ""summary"": ""BOB, a Bitcoin layer-2 project looking to expand development on the world's oldest blockchain, has integrated with the Superchain ecosystem built on Optimism\u2019s OP Stack.\n\nOP Stack is a toolkit that al..."", ""url"": ""https://coindesk.com/tech/2024/10/30/bob-becomes-first-bitcoin-layer-2-project-to-join-optimisms-superchain"", ""source"": ""CoinDesk"", ""sentiment"": ""POSITIVE"", ""keywords"": ""Bitcoin|layer 2|Optimism|Ethereum"", ""id"": 42373341, ""guid"": ""0QIBFkzmrXAdmecZt58028""}, {""date"": ""20241030093854"", ""headline"": ""Starknet Claims to Shatter Transaction Speed Record Among Ethereum Layer-2 Networks"", ""summary"": ""Starknet, a zero-knowledge rollup, said Wednesday it had shattered the record for transactions per second (TPS) among Ethereum layer-2 networks.\n\nAccording to the team, Starknet reached \""a max TPS of ..."", ""url"": ""https://coindesk.com/tech/2024/10/30/starknet-claims-to-shatter-transaction-speed-record-among-ethereum-layer-2-networks"", ""source"": ""CoinDesk"", ""sentiment"": ""POSITIVE"", ""keywords"": ""starknet|Base|Zk rollup|layer 2"", ""id"": 42373381, ""guid"": ""0QIBFkzmrXAdmecZt582H8""}]",{}
43,2024-11-08,2024-11-01,2962.296630859375,2511.885498046875,0.17931196830537008,U5+,"[{""date"": ""20241107090000"", ""headline"": ""VC Darling Eclipse Finally Debuts Its Solana-Ethereum Blockchain Hybrid"", ""summary"": ""Eclipse launched its long-awaited mainnet blockchain on Thursday \u2014 introducing a first-of-its-kind layer-2 network that melds tech from the popular Ethereum and Solana blockchains into a single packag..."", ""url"": ""https://coindesk.com/tech/2024/11/07/vc-darling-eclipse-finally-debuts-its-solana-ethereum-blockchain-hybrid"", ""source"": ""CoinDesk"", ""sentiment"": ""POSITIVE"", ""keywords"": ""layer 2|Solana|Polychain|Ethereum|Rollups"", ""id"": 42415560, ""guid"": ""V83uyxCwmh6ufrmZyOJzg7""}, {""date"": ""20241106060000"", ""headline"": ""Is Optimism's 'Superchain' Winning the Ethereum Layer-2 Race?"", ""summary"": ""Optimism, one of the major layer-2 networks, has managed to get a slew of clients and firms to deploy their own blockchains using its technology, known as the OP Stack.\n\nPart of the strategy to get ne..."", ""url"": ""https://coindesk.com/tech/2024/11/06/is-optimisms-superchain-winning-the-ethereum-layer-2-race"", ""source"": ""CoinDesk"", ""sentiment"": ""POSITIVE"", ""keywords"": ""Optimism|Optimism foundation|Kraken|layer 2|Arbitrum|rollup|Rollups|Base|COIN"", ""id"": 42407309, ""guid"": ""GJVPKSa3D710Liw1gZAVwu""}, {""date"": ""20241105163442"", ""headline"": ""\u2018It\u2019s So Early\u2019: How Solana Is Competing With Ethereum for Institutional Interest"", ""summary"": ""Solana has garnered notoriety for its meme coin connection.\n\nBut financial institutions are also interested in using the network to build their products.\n\nWhile Solana is newer than Ethereum, it doesn..."", ""url"": ""https://coindesk.com/markets/2024/11/05/its-so-early-how-solana-is-competing-with-ethereum-for-institutional-interest"", ""source"": ""CoinDesk"", ""sentiment"": ""POSITIVE"", ""keywords"": ""Solana|Ethereum|Franklin Templeton|Citibank|BlackRock"", ""id"": 42390191, ""guid"": ""CpI5Y2Su0uMQDo69bbjhJL""}, {""date"": ""20241102124405"", ""headline"": ""Ethereum Researchers Relinquish EigenLayer Roles Over Conflict of Interest Concerns"", ""summary"": ""Ethereum Foundation researchers Dankrad Feist and Justin Drake have resigned from their advisory roles at EigenLayer, months after a controversy erupted over potential conflicts of interest within the..."", ""url"": ""https://coindesk.com/tech/2024/11/02/ethereum-researchers-relinquish-eigenlayer-roles-over-conflict-of-interest-concerns"", ""source"": ""CoinDesk"", ""sentiment"": ""NEGATIVE"", ""keywords"": """", ""id"": 42373420, ""guid"": ""0XGGWk56kaPxudnYllDVW7""}]",{}
44,2024-11-15,2024-11-08,3103.04052734375,2962.296630859375,0.04751174984240001,U5,"[{""date"": ""20241114085052"", ""headline"": ""Franklin Templeton Expands $410M Money Market Fund to Ethereum Blockchain"", ""summary"": ""Franklin Templeton's OnChain U.S. Government Money Market Fund can now be traded on Ethereum.\n\nThe fund is already available on several other blockchains, including most recently Base, Aptos, and Aval..."", ""url"": ""https://coindesk.com/business/2024/11/14/franklin-templeton-expands-410m-money-market-fund-to-ethereum-blockchain"", ""source"": ""CoinDesk"", ""sentiment"": ""POSITIVE"", ""keywords"": ""Rwanda|Franklin Templeton|Tokenized Assets|Buidl"", ""id"": 42435326, ""guid"": ""xYK0rIu5vMPYEKIa4koz8k""}, {""date"": ""20241113100532"", ""headline"": ""BlackRock Expands Tokenized Fund BUIDL Beyond Ethereum to 5 New Blockchains "", ""summary"": ""BlackRock's first tokenized product, launched on Ethereum in March, is now accessible on the Aptos, Arbitrum, Avalanche, Optimism's OP Mainnet and Polygon networks.\n\nBUIDL, the largest blockchain-base..."", ""url"": ""https://coindesk.com/business/2024/11/13/blackrock-expands-tokenized-fund-buidl-beyond-ethereum-to-five-new-blockchains"", ""source"": ""CoinDesk"", ""sentiment"": ""POSITIVE"", ""keywords"": ""Tokenization|Tokenized Assets|Real World Assets  |BlackRock|Securitize"", ""id"": 42435340, ""guid"": ""xYK0rIu5vMPYEKIa4kp7MA""}, {""date"": ""20241113034500"", ""headline"": ""Ethereum Developer Consensys Plots Token Issuance in Sign of Trump Thaw"", ""summary"": ""Consensys, a leading Ethereum development firm, is ready to release a token for Linea, its layer-2 blockchain network.\n\nThe plan comes after Donald Trump's reelection has lifted a regulatory \""cloud\"" o..."", ""url"": ""https://coindesk.com/tech/2024/11/13/ethereum-developer-consensys-plots-token-issuance-in-sign-of-trump-thaw"", ""source"": ""CoinDesk"", ""sentiment"": ""POSITIVE"", ""keywords"": ""ConsenSys|Linea|token|Ethereum|rollup"", ""id"": 42435389, ""guid"": ""xYK0rIu5vMPYEKIa4kpAmQ""}, {""date"": ""20241113000100"", ""headline"": ""Ethereum Pioneer's New 'Time Machine' Makes Transactions Conditional on Future Events"", ""summary"": ""Ethereum, a paramount blockchain due to its programmability and sprawling ecosystem of layer-2 networks, is getting a new dimension: time.\n\nSmart Transactions (STXN), a new project from Vlad Zamfir, w..."", ""url"": ""https://coindesk.com/tech/2024/11/13/ethereum-pioneers-new-time-machine-makes-transactions-conditional-on-future-events"", ""source"": ""CoinDesk"", ""sentiment"": ""POSITIVE"", ""keywords"": ""Ethereum|Transactions|Feature|Smart contract platform|smart contracts"", ""id"": 42435369, ""guid"": ""xYK0rIu5vMPYEKIa4kpAXy""}, {""date"": ""20241112115024"", ""headline"": ""Ethereum Layer-2 Project Starknet to Roll Out Staking Feature Later This Month"", ""summary"": ""Starknet, a prominent Ethereum layer-2 project, said Tuesday that it will bring staking to its main network on Nov. 26.\n\nStarkWare, the main developer firm behind Starknet, had shared in July that it ..."", ""url"": ""https://coindesk.com/tech/2024/11/12/ethereum-layer-2-project-starknet-to-roll-out-staking-feature-later-this-month"", ""source"": ""CoinDesk"", ""sentiment"": ""POSITIVE"", ""keywords"": ""starknet|Starkware|layer 2|Staking|rollup|Rollups"", ""id"": 42435366, ""guid"": ""xYK0rIu5vMPYEKIa4kpAX4""}, {""date"": ""20241112064036"", ""headline"": ""Top Ethereum Researcher's Dramatic Proposal Draws Standing-Room-Only Crowd in Bangkok"", ""summary"": ""BANGKOK \u2014 It's been over two years since Ethereum's community last rallied behind a big tech event. That event\u2014the so-called Ethereum merge\u2014marked the network's long-awaited shift to a new, more eco-f..."", ""url"": ""https://coindesk.com/tech/2024/11/12/ethereum-researcher-justin-drake-introduces-beam-chain-a-total-redesign-of-the-networks-consensus-layer"", ""source"": ""CoinDesk"", ""sentiment"": ""POSITIVE"", ""keywords"": """", ""id"": 42415547, ""guid"": ""V83uyxCwmh6ufrmZyOJurK""}, {""date"": ""20241110223000"", ""headline"": ""Ethereum's ENS Identity System Set to Launch Own Layer-2 Blockchain"", ""summary"": ""The company behind the ENS blockchain domain service has cinched a plan to build its own layer-2 blockchain, dubbed \u201cNamechain.\u201d\n\nNamechain will be a zero-knowledge rollup, and will likely go live aro..."", ""url"": ""https://coindesk.com/tech/2024/11/11/ethereums-ens-identity-system-set-to-launch-own-layer-2-blockchain"", ""source"": ""CoinDesk"", ""sentiment"": ""POSITIVE"", ""keywords"": ""Ethereum|ENS|Ethereum Name Service|layer 2|Zero knowledge|Zk rollup|Zero-Knowledge Proofs"", ""id"": 42435157, ""guid"": ""vcdRFSInNZZ7jTkxATLHuF""}, {""date"": ""20241108115441"", ""headline"": ""Ethereum Foundation's Treasury Shrunk 39% Over 2 1/2 Years to $970M"", ""summary"": ""The Ethereum Foundation on Friday released its long-awaited financial report, revealing it had $970.2 million in its treasury as of Oct.31\n\nThat's down 39% from $1.6 billion on March 31, 2022, the las..."", ""url"": ""https://coindesk.com/tech/2024/11/08/ethereum-foundations-treasury-shrunk-39-over-2-12-years-to-970m"", ""source"": ""CoinDesk"", ""sentiment"": ""NEGATIVE"", ""keywords"": ""Ethereum|Ethereum Foundation|ETH|Ether|Reports"", ""id"": 42435189, ""guid"": ""vcdRFSInNZZ7jTkxATLRmz""}]",{}
45,2024-11-22,2024-11-15,3331.600830078125,3103.04052734375,0.07365688611551138,U5+,"[{""date"": ""20241121144458"", ""headline"": ""Ethereum Layer-2 Teams Welcome Proposal to Overhaul Blockchain"", ""summary"": ""What's good for the L1 is good for the L2s.\n\nThat's the assessment the teams behind zkSync and Polygon, two of the leading layer-2 networks running on top of Ethereum, gave of a recent proposal to ove..."", ""url"": ""https://coindesk.com/tech/2024/11/21/ethereum-layer-2-teams-welcome-proposal-to-overhaul-blockchain"", ""source"": ""CoinDesk"", ""sentiment"": ""POSITIVE"", ""keywords"": ""Zksync era|Matter Labs|Polygon|Polygon labs|Ethereum|Upgrade|Zero knowledge|Zero-Knowledge Proofs"", ""id"": 42435272, ""guid"": ""xYK0rIu5vMPYEKIa4kop5W""}, {""date"": ""20241120150000"", ""headline"": ""Frank McCourt's Decentralized Internet Project Enters Ethereum Ecosystem With Consensys Partnership"", ""summary"": ""Project Liberty, which is building a decentralized social media ecosystem, is working with Consensys to expand into Ethereum (ETH).\n\nThe project is \""meeting the zeitgeist\"" and is population-scale read..."", ""url"": ""https://coindesk.com/business/2024/11/20/frank-mccourts-decentralized-internet-project-enters-ethereum-ecosystem-with-consensys-partnership"", ""source"": ""CoinDesk"", ""sentiment"": ""POSITIVE"", ""keywords"": ""Ethereum|ConsenSys|Frank McCourt"", ""id"": 42435288, ""guid"": ""xYK0rIu5vMPYEKIa4kosEc""}, {""date"": ""20241120080000"", ""headline"": ""Memecoin Launchpad GraFun Expands to Ethereum to Clinch New Users"", ""summary"": ""Expanding to Ethereum will help GraFun capture newer audiences, tap into higher liquidity for meme issuances and increase the platform\u2019s visibility among crypto traders.\n\nGraFun uniquely offers a \u201cFai..."", ""url"": ""https://coindesk.com/markets/2024/11/20/memecoin-launchpad-grafun-expands-to-ethereum-to-clinch-new-users"", ""source"": ""CoinDesk"", ""sentiment"": ""POSITIVE"", ""keywords"": ""Markets|Memecoin|Bnb chain|Ethereum|Exclusive "", ""id"": 42435280, ""guid"": ""xYK0rIu5vMPYEKIa4kos7O""}, {""date"": ""20241119015242"", ""headline"": ""Ethereum's Ether Has Fallen Out of Investor Favor and How"", ""summary"": ""ETH's options-based probability density function shows just a 10% chance of prices testing the year-to-date high of $4,000 by the end of December.\n\nETH faces headwinds from weak fundamentals.\n\nEthereu..."", ""url"": ""https://coindesk.com/markets/2024/11/19/ethereums-ether-has-fallen-out-of-investor-favor-and-how"", ""source"": ""CoinDesk"", ""sentiment"": ""NEGATIVE"", ""keywords"": ""Ether|Markets|Options|Derivatives"", ""id"": 42435312, ""guid"": ""xYK0rIu5vMPYEKIa4kotp4""}]",{}
46,2024-11-29,2024-11-22,3593.494384765625,3331.600830078125,0.07860892347099058,U5+,"[{""date"": ""20241127133504"", ""headline"": ""The Protocol: Bitcoin Bridged Trustlessly to L2; Ethereum's Blob Mob"", ""summary"": ""Welcome to The Protocol, CoinDesk's weekly wrap-up of the most important stories in cryptocurrency tech development. I'm Marc Hochstein, CoinDesk's deputy editor-in-chief for features, opinion and sta..."", ""url"": ""https://coindesk.com/tech/2024/11/27/the-protocol-bitcoin-bridged-trustlessly-to-l2-ethereums-blob-mob"", ""source"": ""CoinDesk"", ""sentiment"": ""NEUTRAL"", ""keywords"": ""layer 2|layer 1|The Protocol|Tech|Technology News|Protocols|Newsletters"", ""id"": 42389972, ""guid"": ""8f955f14-f555-443a-9afc-8f5ebf1b0bb2""}, {""date"": ""20241127022128"", ""headline"": ""Think Ethereum\u2019s ETH is Dead? Surging Metrics Show Otherwise"", ""summary"": ""The overwhelming chatter on social media, especially Crypto Twitter is that Ethereum\u2019s ether (ETH) is dead, a narrowly moving token.\n\nStill, the market is betting on higher ETH prices as traders pile ..."", ""url"": ""https://coindesk.com/markets/2024/11/27/think-ethereum-s-eth-is-dead-surging-metrics-show-otherwise"", ""source"": ""CoinDesk"", ""sentiment"": ""POSITIVE"", ""keywords"": ""Markets"", ""id"": 42389137, ""guid"": ""3da2a3b5-cfa7-4d41-be27-6c1d59eff709""}, {""date"": ""20241126041013"", ""headline"": ""Ethereum Blob Usage Explodes as Traders Rush to Layer 2 Solutions"", ""summary"": ""Ethereum is witnessing a surge in \""blob\"" usage, an effective data management tool introduced earlier this year, signaling that more users are embracing layer-2 scaling solutions for faster and more af..."", ""url"": ""https://coindesk.com/markets/2024/11/26/ethereum-blob-usage-explodes-as-traders-rush-to-layer-2-solutions"", ""source"": ""CoinDesk"", ""sentiment"": ""POSITIVE"", ""keywords"": ""Ethereum|Ether|Layer 2s"", ""id"": 42389756, ""guid"": ""76f1d139-b4c5-4807-acd1-c9f65f13e2fd""}, {""date"": ""20241125143158"", ""headline"": ""Crypto Staking Goes Live on Starknet in First for Top Ethereum L2 Blockchains"", ""summary"": ""Starknet has become the first major layer-2 blockchain running on top of Ethereum to let users earn money by staking their tokens and validating transactions.\n\n\n\nThe feature is intended to help decent..."", ""url"": ""https://coindesk.com/tech/2024/11/26/crypto-staking-goes-live-on-starknet-in-first-for-ethereum-l2-blockchains"", ""source"": ""CoinDesk"", ""sentiment"": ""POSITIVE"", ""keywords"": ""Starkware|starknet|Staking|Zk rollup|Validators"", ""id"": 42389484, ""guid"": ""5d9320c4-a10d-4eff-b2bb-2e72d36c5138""}]",{}
47,2024-12-06,2024-11-29,4005.810546875,3593.494384765625,0.1147396149712551,U5+,"[{""date"": ""20241204164622"", ""headline"": ""Ethereum's Justin Drake Sees No Threat From Solana, Says Its \u2018Golden Era\u2019 Will End"", ""summary"": ""Ethereum developer Justin Drake said his comprehensive proposal to overhaul the second-largest blockchain's consensus layer isn't about catching up with a rival, it's about sticking around for the lon..."", ""url"": ""https://coindesk.com/tech/2024/12/04/ethereum-s-justin-drake-sees-no-threat-from-solana-says-its-golden-era-will-end"", ""source"": ""CoinDesk"", ""sentiment"": ""NEUTRAL"", ""keywords"": ""Ethereum|Solana"", ""id"": 42415972, ""guid"": ""b7706385-3e93-4ade-988c-618243868b74""}, {""date"": ""20241203042939"", ""headline"": ""Ethereum Transaction Revenue Has Surged Since Trump Election Victory: Steno Research"", ""summary"": ""The Ethereum blockchain's transactional revenue has increased substantially since Donald Trump's U.S. election victory, Steno Research said in a Monday report.\n\n\""This outcome is crucial for all onchai..."", ""url"": ""https://coindesk.com/markets/2024/12/03/ethereum-transaction-revenue-has-surged-since-trump-election-victory-steno-research"", ""source"": ""CoinDesk"", ""sentiment"": ""POSITIVE"", ""keywords"": ""Ethereum|Ether|Steno research|Analysts"", ""id"": 42373597, ""guid"": ""0ab6ac50-3829-449b-a0e8-429059100994""}, {""date"": ""20241201073159"", ""headline"": ""Ethereum ETFs See Record $333M Inflows, Outpacing Bitcoin Funds as Catch-Up Trade Gains Momentum"", ""summary"": ""Spot ethereum (ETH) exchange traded funds (ETF) in the U.S. saw record daily inflows on Friday, another sign that the second-largest cryptocurrency is gaining momentum as a catch-up trade after vastly..."", ""url"": ""https://coindesk.com/markets/2024/12/01/ethereum-etfs-see-record-333-m-inflows-outpacing-bitcoin-funds-as-catch-up-trade-gains-momentum"", ""source"": ""CoinDesk"", ""sentiment"": ""POSITIVE"", ""keywords"": ""Ethereum|Ether ETFs|Bitcoin ETF|Market|LMAX"", ""id"": 42416289, ""guid"": ""c5d31342-6572-4535-baee-c49c8ad25436""}, {""date"": ""20241129051846"", ""headline"": ""Ethereum ETFs Inflow Streak Sets Up ETH for New Lifetime Highs, Traders Say"", ""summary"": ""A streak of inflows into U.S.-listed spot ether (ETH) exchange-traded funds (ETFs), rising activity on the Ethereum blockchain and increased institutional trading interest could help the second-larges..."", ""url"": ""https://coindesk.com/markets/2024/11/29/ethereum-etfs-inflow-streak-sets-up-eth-for-new-lifetime-highs-traders-say"", ""source"": ""CoinDesk"", ""sentiment"": ""POSITIVE"", ""keywords"": ""ether ETF|Ether|Markets|Analysts|Ethereum"", ""id"": 42389062, ""guid"": ""345addaa-d20f-465c-9f73-d11c17db7032""}]",{}
48,2024-12-13,2024-12-06,3911.205322265625,4005.810546875,-0.023616999232072552,D3,"[{""date"": ""20241212082615"", ""headline"": ""Ethereum\u2019s Ether Headed to $5K as Activity, Institutional Demand Grows"", ""summary"": ""Investor demand, onchain metrics and network activity are setting up ether (ETH) to reach a $5,000 level for the first time, CryptoQuant analysts said in a report.\n\n\n\nEther spot ETFs posted a 13-day i..."", ""url"": ""https://coindesk.com/markets/2024/12/12/ethereum-s-ether-headed-to-5-k-as-activity-institutional-demand-grows"", ""source"": ""CoinDesk"", ""sentiment"": ""POSITIVE"", ""keywords"": ""ETH|Ether|Analysis|Markets"", ""id"": 42387573, ""guid"": ""191ef70a-e5da-4c2c-a9b6-cd8c6baf3a9b""}, {""date"": ""20241209171834"", ""headline"": ""Dev's Defection Highlights Ethereum's Growing Solana Problem "", ""summary"": ""Ethereum's place near the top of the crypto market is unquestioned from the perspective of market cap. But beneath the surface \u2013 at the product, developer and decision-making levels \u2013 the original sma..."", ""url"": ""https://coindesk.com/tech/2024/12/09/ethereum-dev-max-resnick-defects-to-solana-citing-frustration"", ""source"": ""CoinDesk"", ""sentiment"": ""NEGATIVE"", ""keywords"": ""Ethereum|Solana"", ""id"": 42389475, ""guid"": ""5cc8cb39-5c0b-400c-846c-d7079ca9bc2c""}, {""date"": ""20241206110855"", ""headline"": ""Ether Hits $4,000 as Coinbase Premium and Ethereum Active Addresses Surge"", ""summary"": ""The price of Ethereum's ether (ETH) broke above the $4,000 mark on Friday for the first time since March.\n\nThe second-largest cryptocurrency is up 2.4% in the last 24 hours and 8.4% in the last seven ..."", ""url"": ""https://coindesk.com/markets/2024/12/06/ether-hits-4-000-as-coinbase-premium-and-ethereum-active-addresses-surge"", ""source"": ""CoinDesk"", ""sentiment"": ""POSITIVE"", ""keywords"": ""Market Wrap|Ether"", ""id"": 42373635, ""guid"": ""0f7be594-76a1-4928-9455-a6548bc81bd4""}]",{}
49,2024-12-20,2024-12-13,3472.553466796875,3911.205322265625,-0.1121526024142998,D5+,"[{""date"": ""20241217090000"", ""headline"": ""Ethereum's ENS Identity System Picks Consensys' Tech for Its Layer-2"", ""summary"": ""ENS Labs, the company behind the Ethereum Name Service, said Tuesday that it picked Linea's technology to build its upcoming layer-2 network, Namechain.\n\n\n\nLinea is a zero-knowledge rollup that came o..."", ""url"": ""https://coindesk.com/tech/2024/12/16/ethereum-s-ens-identity-system-picks-consensys-tech-for-its-layer-2"", ""source"": ""CoinDesk"", ""sentiment"": ""POSITIVE"", ""keywords"": ""Ethereum Name Service|ConsenSys|ENS|Linea"", ""id"": 42388920, ""guid"": ""23b29fc9-505a-45a7-af83-b3fd9e015159""}]",{}
50,2024-12-27,2024-12-20,3328.9169921875,3472.553466796875,-0.04136335868771144,D5,"[{""date"": ""20241227084710"", ""headline"": ""Ethereum Co-founder Vitalik Buterin 'Adopts' Viral Hippo Moo Deng"", ""summary"": ""Stalled bitcoin (BTC) and crypto prices may not be bringing festive cheer to traders, but some with money are trying to spread the goodwill around.\n\nEthereum co-founder Vitalik Buterin said he'd accep..."", ""url"": ""https://coindesk.com/markets/2024/12/27/ethereum-co-founder-vitalik-buterin-adopts-viral-hippo-moo-deng"", ""source"": ""CoinDesk"", ""sentiment"": ""POSITIVE"", ""keywords"": ""memecoins|Vitalik Buterin|Donations|Moo deng"", ""id"": 42389134, ""guid"": ""3c8f7cf2-46ad-4a9e-8fff-c556cf31477d""}, {""date"": ""20241217090000"", ""headline"": ""Ethereum's ENS Identity System Picks Consensys' Tech for Its Layer-2"", ""summary"": ""ENS Labs, the company behind the Ethereum Name Service, said Tuesday that it picked Linea's technology to build its upcoming layer-2 network, Namechain.\n\n\n\nLinea is a zero-knowledge rollup that came o..."", ""url"": ""https://coindesk.com/tech/2024/12/16/ethereum-s-ens-identity-system-picks-consensys-tech-for-its-layer-2"", ""source"": ""CoinDesk"", ""sentiment"": ""POSITIVE"", ""keywords"": ""Ethereum Name Service|ConsenSys|ENS|Linea"", ""id"": 42388920, ""guid"": ""23b29fc9-505a-45a7-af83-b3fd9e015159""}, {""date"": ""20241212082615"", ""headline"": ""Ethereum\u2019s Ether Headed to $5K as Activity, Institutional Demand Grows"", ""summary"": ""Investor demand, onchain metrics and network activity are setting up ether (ETH) to reach a $5,000 level for the first time, CryptoQuant analysts said in a report.\n\n\n\nEther spot ETFs posted a 13-day i..."", ""url"": ""https://coindesk.com/markets/2024/12/12/ethereum-s-ether-headed-to-5-k-as-activity-institutional-demand-grows"", ""source"": ""CoinDesk"", ""sentiment"": ""POSITIVE"", ""keywords"": ""ETH|Ether|Analysis|Markets"", ""id"": 42387573, ""guid"": ""191ef70a-e5da-4c2c-a9b6-cd8c6baf3a9b""}, {""date"": ""20241209171834"", ""headline"": ""Dev's Defection Highlights Ethereum's Growing Solana Problem "", ""summary"": ""Ethereum's place near the top of the crypto market is unquestioned from the perspective of market cap. But beneath the surface \u2013 at the product, developer and decision-making levels \u2013 the original sma..."", ""url"": ""https://coindesk.com/tech/2024/12/09/ethereum-dev-max-resnick-defects-to-solana-citing-frustration"", ""source"": ""CoinDesk"", ""sentiment"": ""NEGATIVE"", ""keywords"": ""Ethereum|Solana"", ""id"": 42389475, ""guid"": ""5cc8cb39-5c0b-400c-846c-d7079ca9bc2c""}, {""date"": ""20241206110855"", ""headline"": ""Ether Hits $4,000 as Coinbase Premium and Ethereum Active Addresses Surge"", ""summary"": ""The price of Ethereum's ether (ETH) broke above the $4,000 mark on Friday for the first time since March.\n\nThe second-largest cryptocurrency is up 2.4% in the last 24 hours and 8.4% in the last seven ..."", ""url"": ""https://coindesk.com/markets/2024/12/06/ether-hits-4-000-as-coinbase-premium-and-ethereum-active-addresses-surge"", ""source"": ""CoinDesk"", ""sentiment"": ""POSITIVE"", ""keywords"": ""Market Wrap|Ether"", ""id"": 42373635, ""guid"": ""0f7be594-76a1-4928-9455-a6548bc81bd4""}]",{}
51,2025-01-03,2024-12-27,3332.53173828125,3328.9169921875,0.001085862489882836,U1,"[{""date"": ""20241227084710"", ""headline"": ""Ethereum Co-founder Vitalik Buterin 'Adopts' Viral Hippo Moo Deng"", ""summary"": ""Stalled bitcoin (BTC) and crypto prices may not be bringing festive cheer to traders, but some with money are trying to spread the goodwill around.\n\nEthereum co-founder Vitalik Buterin said he'd accep..."", ""url"": ""https://coindesk.com/markets/2024/12/27/ethereum-co-founder-vitalik-buterin-adopts-viral-hippo-moo-deng"", ""source"": ""CoinDesk"", ""sentiment"": ""POSITIVE"", ""keywords"": ""memecoins|Vitalik Buterin|Donations|Moo deng"", ""id"": 42389134, ""guid"": ""3c8f7cf2-46ad-4a9e-8fff-c556cf31477d""}]",{}
