,End Date,Start Date,End Price,Start Price,Weekly Returns,Bin Label,News,Basics
0,2024-01-12,2024-01-05,91.72090911865234,99.97879028320312,-0.08259633009320519,D5+,"[{""date"": ""20240111033532"", ""headline"": ""Trader Buys $9M of Solana Meme Coin Dogwifhat, But Loses Over 60% to Slippage"", ""summary"": ""An enthusiastic buyer \u2013 or an apparent fat-finger trader \u2013 seemingly spent nearly $9 million on Thursday to purchase dogwifhat (WIF), one of Solana's most-viral meme coins that netted millions of doll..."", ""url"": ""https://coindesk.com/markets/2024/01/11/trader-buys-9m-of-solana-meme-coin-dogwifhat-but-loses-over-60-to-slippage"", ""source"": ""CoinDesk"", ""sentiment"": ""NEGATIVE"", ""keywords"": ""Solana|meme"", ""id"": 42391678, ""guid"": ""CpI5Y2Su0uMQDo69bftQ4B""}, {""date"": ""20240108024614"", ""headline"": ""Solana Meme Coins See 80% Price Drop After December Frenzy"", ""summary"": ""A frenzied demand for meme coins issued on the Solana network seems to have fizzled in the past week as newer tokens fail to gather a meaningful community and prices of recent favorites continue to pl..."", ""url"": ""https://coindesk.com/markets/2024/01/08/solana-meme-coins-see-80-price-drop-after-december-frenzy"", ""source"": ""CoinDesk"", ""sentiment"": ""NEGATIVE"", ""keywords"": ""Solana|meme"", ""id"": 42391688, ""guid"": ""CpI5Y2Su0uMQDo69bfu7pR""}]",{}
1,2024-01-19,2024-01-12,93.38616943359375,91.72090911865234,0.018155732765221352,U2,"[{""date"": ""20240118031529"", ""headline"": ""Dogwifhat Zooms to Nearly 50 Cents as Solana Meme Coins Make a Comeback"", ""summary"": ""On-chain metrics suggest a renewed frenzy for meme coins on the Solana blockchain, similar to last year\u2019s frenzy that drove the price of SOL to nearly $121.\n\nTrading volumes and users across several m..."", ""url"": ""https://coindesk.com/markets/2024/01/18/dogwifhat-zooms-to-nearly-50-cents-as-solana-meme-coins-make-a-comeback"", ""source"": ""CoinDesk"", ""sentiment"": ""POSITIVE"", ""keywords"": ""Solana|Memecoin"", ""id"": 42418819, ""guid"": ""ha93388BwWkPe8xtcUCibt""}, {""date"": ""20240115202337"", ""headline"": ""Solana Mobile to Sell Second Crypto Smartphone"", ""summary"": ""Solana Mobile plans to launch a second smartphone as it looks to ride the unlikely success of its first crypto-ready smartphone, a person familiar with the matter said.\n\nThe upcoming phone will have t..."", ""url"": ""https://coindesk.com/business/2024/01/16/solana-mobile-to-sell-second-crypto-smartphone-source"", ""source"": ""CoinDesk"", ""sentiment"": ""POSITIVE"", ""keywords"": ""Solana|Mobile Phones|Exclusive "", ""id"": 42418853, ""guid"": ""ha93388BwWkPe8xtcUCnEr""}]",{}
2,2024-01-26,2024-01-19,92.44236755371094,93.38616943359375,-0.010106441731223844,D2,"[{""date"": ""20240124110944"", ""headline"": ""Fan Club for Solana's Saga Phone Loses 750 SOL"", ""summary"": ""Saga DAO, a community-run fan club for Solana's sellout mobile phone lost over $60,000 in SOL tokens \u2013 70% of its treasury \u2013 Wednesday in a chaotic setback for the weeks-old group.\n\nThe details surrou..."", ""url"": ""https://coindesk.com/business/2024/01/24/fan-club-for-solanas-saga-phone-loses-750-sol-to-hack"", ""source"": ""CoinDesk"", ""sentiment"": ""NEGATIVE"", ""keywords"": ""Saga phone|Solana|Hack"", ""id"": 42408942, ""guid"": ""GJVPKSa3D710Liw1gcBLFV""}, {""date"": ""20240124110000"", ""headline"": ""Solana Startup Dialect Builds 'Conversational' Telegram Trading Bot"", ""summary"": ""Solana-based communications startup Dialect is out with a \""conversational\"" trading bot for traders who want to buy and sell tokens right from their Telegram chat apps.\n\nCalled Dialect Operator, it's t..."", ""url"": ""https://coindesk.com/business/2024/01/24/solana-startup-dialect-builds-conversational-telegram-trading-bot"", ""source"": ""CoinDesk"", ""sentiment"": ""POSITIVE"", ""keywords"": ""Solana|Telegram|Trading Bots"", ""id"": 42408968, ""guid"": ""GJVPKSa3D710Liw1gcBT2F""}, {""date"": ""20240124090000"", ""headline"": ""Solana Delivers 'Token Extensions' to Attract Compliance-Minded Token Developers"", ""summary"": ""Tokens built on the Solana blockchain are getting a bit more programmable, with their developers now able to implement rules around who can hold them and what they can do with them.\n\nThe Solana Founda..."", ""url"": ""https://coindesk.com/tech/2024/01/24/solana-delivers-token-extensions-to-attract-enterprise-blockchain-builders"", ""source"": ""CoinDesk"", ""sentiment"": ""POSITIVE"", ""keywords"": ""Solana|Stablecoin|SPL"", ""id"": 42408972, ""guid"": ""GJVPKSa3D710Liw1gcBTIm""}, {""date"": ""20240123043032"", ""headline"": ""Solana, Avalanche Tokens Slide as Bitcoin Traders Target Eye Support at $38K"", ""summary"": ""Major tokens continued to slide on Tuesday as institutional sales tied to recently launched exchange-traded funds (ETF) weighed down bitcoin [BTC] prices, leading to a more than 20% decline for some t..."", ""url"": ""https://coindesk.com/markets/2024/01/23/solana-avalanche-tokens-slide-as-bitcoin-traders-target-eye-support-at-38k"", ""source"": ""CoinDesk"", ""sentiment"": ""NEGATIVE"", ""keywords"": ""Bitcoin|Trading|Markets|Solana|Avalanche"", ""id"": 42408991, ""guid"": ""GJVPKSa3D710Liw1gcBaRq""}, {""date"": ""20240122080000"", ""headline"": ""First Mover Americas: Solana, Cardano Lead Losses as Market Starts Week in the Red"", ""summary"": ""This article originally appeared in First Mover, CoinDesk\u2019s daily newsletter, putting the latest moves in crypto markets in context. Subscribe to get it in your inbox every day.\n\nLatest Prices\n\nTop St..."", ""url"": ""https://coindesk.com/markets/2024/01/22/first-mover-americas-sol-ada-lead-losses-as-market-starts-week-in-the-red"", ""source"": ""CoinDesk"", ""sentiment"": ""NEGATIVE"", ""keywords"": ""First Mover|Markets|Bitcoin|Bitcoin ETF"", ""id"": 42391619, ""guid"": ""CpI5Y2Su0uMQDo69bfs2m9""}, {""date"": ""20240122042324"", ""headline"": ""Solana, Cardano Lead Crypto Market Lower as Traders Grapple With Bitcoin Headwinds"", ""summary"": ""Prominent cryptocurrencies started the week in the red as fears of large bitcoin [BTC] sales continue to confront investors, who are likely scaling back exposure in the broader market in anticipation ..."", ""url"": ""https://coindesk.com/markets/2024/01/22/solana-sol-cardano-ada-lead-crypto-market-lower-as-traders-grapple-with-btc-headwinds"", ""source"": ""CoinDesk"", ""sentiment"": ""NEGATIVE"", ""keywords"": ""Trading|Markets|Bitcoin"", ""id"": 42391602, ""guid"": ""CpI5Y2Su0uMQDo69bfs1Hp""}]",{}
3,2024-02-02,2024-01-26,100.44052124023438,92.44236755371094,0.08652043319721711,U5+,"[{""date"": ""20240201151039"", ""headline"": ""The Biggest BONK Whale Just Invested in 'Ycombinator for Solana'"", ""summary"": ""The BONK meme coin started as a jokey way to spread some wealth across Solana when FTX's late-2022 implosion left that crypto ecosystem down bad. One year later both are up big, making BONK into an un..."", ""url"": ""https://coindesk.com/business/2024/02/01/the-biggest-bonk-whale-just-invested-in-ycombinator-for-solana"", ""source"": ""CoinDesk"", ""sentiment"": ""POSITIVE"", ""keywords"": ""Bonk|Solana|Hackathon"", ""id"": 42408922, ""guid"": ""GJVPKSa3D710Liw1gbgxGU""}, {""date"": ""20240131121657"", ""headline"": ""JUP Token Soars After Massive $700M Jupiter Airdrop to Solana Wallets"", ""summary"": ""One of the biggest token airdrops ever on the Solana {{SOL}} blockchain appeared to execute largely without major issues Wednesday with the chain staying upright as Jupiter started distributing roughl..."", ""url"": ""https://coindesk.com/markets/2024/01/31/jupiters-jup-token-soars-after-massive-700m-airdrop-to-solana-wallets"", ""source"": ""CoinDesk"", ""sentiment"": ""POSITIVE"", ""keywords"": ""Solana|Jupiter|airdrop"", ""id"": 42391583, ""guid"": ""CpI5Y2Su0uMQDo69bfqTu3""}, {""date"": ""20240131002030"", ""headline"": ""Solana DEX Jupiter's JUP Token to Debut With 1.35B Circulating Supply"", ""summary"": ""Jupiter, a Solana-based decentralized trading aggregator, is scheduled to launch its native token, JUP, through an airdrop on Wednesday at 10 a.m. EST.\n\nThe token will have an initial maximum circulat..."", ""url"": ""https://coindesk.com/markets/2024/01/31/solana-dex-jupiters-jup-token-to-debut-with-135b-circulating-supply"", ""source"": ""CoinDesk"", ""sentiment"": ""POSITIVE"", ""keywords"": ""Jupiter|airdrop|Solana"", ""id"": 42418732, ""guid"": ""ha93388BwWkPe8xtcUCRi9""}, {""date"": ""20240129130310"", ""headline"": ""Solana's WEN Token Plummets Despite Burning 27% of Supply"", ""summary"": ""The Wen meme coin saw a sharp drop in price Monday as traders weighed how to value news that 27% of the airdropped token's supply would be burned.\n\nThe Solana-based token was trading over 30% below it..."", ""url"": ""https://coindesk.com/markets/2024/01/29/solana-meme-coin-wen-plummets-despite-burning-27-of-supply"", ""source"": ""CoinDesk"", ""sentiment"": ""NEGATIVE"", ""keywords"": ""meme coin|Data Analysis|Solana|Jupiter"", ""id"": 42418751, ""guid"": ""ha93388BwWkPe8xtcUCTj3""}, {""date"": ""20240129051158"", ""headline"": ""Solana Trading Aggregator Jupiter Sees Trading Volumes Jump Ahead of JUP Issuance"", ""summary"": ""Solana-based trading aggregator Jupiter settled over $500 million in trades in the past 24 hours ahead of its planned token issuance on Wednesday, overtaking Uniswap v3 to become the biggest trading p..."", ""url"": ""https://coindesk.com/tech/2024/01/29/solana-trading-aggregator-jupiter-sees-trading-volumes-jump-ahead-of-jup-issuance"", ""source"": ""CoinDesk"", ""sentiment"": ""POSITIVE"", ""keywords"": ""Trading|Exchange|DEX|Jupiter"", ""id"": 42418772, ""guid"": ""ha93388BwWkPe8xtcUCWFx""}, {""date"": ""20240129020009"", ""headline"": ""Unibot Boosts Token Value With Solana Ecosystem Draw"", ""summary"": ""Trading application Unibot will issue a native Solana ecosystem token that accrues value back to holders of the original Ethereum-based UNIBOT tokens, a move that initially met with criticism and caus..."", ""url"": ""https://coindesk.com/markets/2024/01/29/unibot-boosts-token-value-with-solana-ecosystem-draw"", ""source"": ""CoinDesk"", ""sentiment"": ""NEUTRAL"", ""keywords"": ""Trading|Investing|Markets"", ""id"": 42418783, ""guid"": ""ha93388BwWkPe8xtcUCWTN""}]",{}
4,2024-02-09,2024-02-02,106.93333435058594,100.44052124023438,0.06464336335752385,U5+,"[{""date"": ""20240208163145"", ""headline"": ""Solana Gains More Than  Bitcoin as Trader Speculates an 'Extreme Move' Is Ahead"", ""summary"": ""Solana's native token SOL bounced above $100, erasing a price drop spurred by a recent network outage.\n\nSOL is coiling for its next impulsive move, one trader suggested.\n\nSolana's SOL and Cardano's AD..."", ""url"": ""https://coindesk.com/markets/2024/02/08/solanas-sol-rebounds-after-network-outage-trader-hints-at-extreme-move-ahead"", ""source"": ""CoinDesk"", ""sentiment"": ""POSITIVE"", ""keywords"": ""Solana|Cardano|SOL|ADA|Altcoins|Market Wrap"", ""id"": 42408816, ""guid"": ""GJVPKSa3D710Liw1gb37c1""}, {""date"": ""20240207141552"", ""headline"": ""The Protocol: Solana's Missed Moment, Exclusive Farcaster Q&A, Bullish Year of Dragon"", ""summary"": ""Honestly, we do try to keep things tight here in The Protocol newsletter. The problem is, there's just so many good stories in crypto. That's true even on a slower week as many of our readers and deve..."", ""url"": ""https://coindesk.com/tech/2024/02/07/the-protocol-solanas-missed-moment-exclusive-farcaster-qa-bullish-year-of-dragon"", ""source"": ""CoinDesk"", ""sentiment"": ""NEGATIVE"", ""keywords"": ""The Protocol|Newsletter|Ethereum|Protocols|Solana|Farcaster"", ""id"": 42408872, ""guid"": ""GJVPKSa3D710Liw1gbAKmc""}, {""date"": ""20240206152411"", ""headline"": ""Can We All Stop Pretending That Solana Is in Beta?"", ""summary"": ""Solana, one of the fastest growing blockchain networks, experienced severe disruptions early Tuesday morning. Engineers responded quickly, beginning work before 6 a.m. ET, to push out a patch needed t..."", ""url"": ""https://coindesk.com/opinion/2024/02/06/can-we-all-stop-pretending-that-solana-is-in-beta"", ""source"": ""CoinDesk"", ""sentiment"": ""NEGATIVE"", ""keywords"": ""Opinion|Solana|The Node|Newsletters|SOL|Anatoly Yakovenko"", ""id"": 42391545, ""guid"": ""CpI5Y2Su0uMQDo69bf567r""}, {""date"": ""20240206053443"", ""headline"": ""Solana Back Up Following Major 5-Hour Outage"", ""summary"": ""Solana, the low-latency blockchain that's seen an explosion in activity in recent months, experienced an approximately five-hour outage on Tuesday.\n\nSolana's SOL token slumped from around $96 before t..."", ""url"": ""https://coindesk.com/markets/2024/02/06/solana-network-suffers-brief-outage-sol-steady"", ""source"": ""CoinDesk"", ""sentiment"": ""NEUTRAL"", ""keywords"": ""Solana|Outage"", ""id"": 42408877, ""guid"": ""GJVPKSa3D710Liw1gbKixF""}, {""date"": ""20240205175749"", ""headline"": ""Solana's Most-Notorious Hacker House Is Bigger Than Ever"", ""summary"": ""SALT LAKE CITY \u2014 \""We're going to need a bigger boat.\""\n\nSo said Barrett, the host of Solana's largest community-run coworking meetup, after surveying his fast-filling WeWork in Salt Lake City on Monday..."", ""url"": ""https://coindesk.com/business/2024/02/05/solanas-most-notorious-hacker-house-is-bigger-than-ever"", ""source"": ""CoinDesk"", ""sentiment"": ""POSITIVE"", ""keywords"": ""Solana|Hackathon|Developers|mtnDAO"", ""id"": 42408891, ""guid"": ""GJVPKSa3D710Liw1gbKjav""}, {""date"": ""20240202055418"", ""headline"": ""Jupiter\u2019s JUP Rallies On With Solana Supporters Leading the Charge"", ""summary"": ""Jupiter\u2019s JUP tokens have racked up billions of dollars in trading volumes and amassed thousands of holders, days after a massive $700 million airdrop to users within the Solana ecosystem that raised ..."", ""url"": ""https://coindesk.com/markets/2024/02/02/jupiters-jup-rallies-on-with-solana-supporters-leading-the-charge"", ""source"": ""CoinDesk"", ""sentiment"": ""NEUTRAL"", ""keywords"": ""Solana|Jupiter|airdrop|DEX"", ""id"": 42408915, ""guid"": ""GJVPKSa3D710Liw1gbgwtL""}]",{}
5,2024-02-16,2024-02-09,110.44591522216797,106.93333435058594,0.032848324546449384,U4,"[{""date"": ""20240215045054"", ""headline"": ""Solana\u2019s SOL Futures Rack Up $1B in Record Bullish Bets"", ""summary"": ""SOL tokens are up 15% in the past two weeks and are among the best-performing major tokens.\n\nLevered bullish bets make a bulk of futures open interest for SOL, data shows, but may create a long squeez..."", ""url"": ""https://coindesk.com/markets/2024/02/15/solanas-sol-futures-rack-up-1b-in-record-bullish-bets"", ""source"": ""CoinDesk"", ""sentiment"": ""POSITIVE"", ""keywords"": ""Solana|SOL"", ""id"": 42391498, ""guid"": ""CpI5Y2Su0uMQDo69bexX9N""}, {""date"": ""20240213005836"", ""headline"": ""Solana Leads Gains in Crypto Majors, Bitcoin Metric Suggests Low Retail Growth"", ""summary"": ""Ethereum ecosystem and layer-2 tokens, such as LDO, ARB, and MNT, jumped as much as 7% as Franklin Templeton filed plans for a spot ether ETF.\n\nMeanwhile, some market observers pointed out that Google..."", ""url"": ""https://coindesk.com/markets/2024/02/13/solana-leads-gains-in-crypto-majors-bitcoin-metric-suggests-low-retail-growth"", ""source"": ""CoinDesk"", ""sentiment"": ""NEUTRAL"", ""keywords"": ""Bitcoin|btc"", ""id"": 42391530, ""guid"": ""CpI5Y2Su0uMQDo69bey4UN""}, {""date"": ""20240212073759"", ""headline"": ""Solana's Second Phone Crosses 100,000 Presales, Securing $45M for Development"", ""summary"": ""Solana is committing to building its second smartphone after reaching 100,000 preorders ($45 million in sales) in just under a month.\n\nThe second phone, much like the first, will have custom features ..."", ""url"": ""https://coindesk.com/business/2024/02/12/solanas-second-phone-crosses-100000-presales-securing-45m-for-development"", ""source"": ""CoinDesk"", ""sentiment"": ""POSITIVE"", ""keywords"": ""solana labs|Phones|Solana"", ""id"": 42391537, ""guid"": ""CpI5Y2Su0uMQDo69bey4u1""}]",{}
6,2024-02-23,2024-02-16,99.95469665527344,110.44591522216797,-0.09498964760979049,D5+,"[{""date"": ""20240215045054"", ""headline"": ""Solana\u2019s SOL Futures Rack Up $1B in Record Bullish Bets"", ""summary"": ""SOL tokens are up 15% in the past two weeks and are among the best-performing major tokens.\n\nLevered bullish bets make a bulk of futures open interest for SOL, data shows, but may create a long squeez..."", ""url"": ""https://coindesk.com/markets/2024/02/15/solanas-sol-futures-rack-up-1b-in-record-bullish-bets"", ""source"": ""CoinDesk"", ""sentiment"": ""POSITIVE"", ""keywords"": ""Solana|SOL"", ""id"": 42391498, ""guid"": ""CpI5Y2Su0uMQDo69bexX9N""}, {""date"": ""20240213005836"", ""headline"": ""Solana Leads Gains in Crypto Majors, Bitcoin Metric Suggests Low Retail Growth"", ""summary"": ""Ethereum ecosystem and layer-2 tokens, such as LDO, ARB, and MNT, jumped as much as 7% as Franklin Templeton filed plans for a spot ether ETF.\n\nMeanwhile, some market observers pointed out that Google..."", ""url"": ""https://coindesk.com/markets/2024/02/13/solana-leads-gains-in-crypto-majors-bitcoin-metric-suggests-low-retail-growth"", ""source"": ""CoinDesk"", ""sentiment"": ""NEUTRAL"", ""keywords"": ""Bitcoin|btc"", ""id"": 42391530, ""guid"": ""CpI5Y2Su0uMQDo69bey4UN""}, {""date"": ""20240212073759"", ""headline"": ""Solana's Second Phone Crosses 100,000 Presales, Securing $45M for Development"", ""summary"": ""Solana is committing to building its second smartphone after reaching 100,000 preorders ($45 million in sales) in just under a month.\n\nThe second phone, much like the first, will have custom features ..."", ""url"": ""https://coindesk.com/business/2024/02/12/solanas-second-phone-crosses-100000-presales-securing-45m-for-development"", ""source"": ""CoinDesk"", ""sentiment"": ""POSITIVE"", ""keywords"": ""solana labs|Phones|Solana"", ""id"": 42391537, ""guid"": ""CpI5Y2Su0uMQDo69bey4u1""}, {""date"": ""20240208163145"", ""headline"": ""Solana Gains More Than  Bitcoin as Trader Speculates an 'Extreme Move' Is Ahead"", ""summary"": ""Solana's native token SOL bounced above $100, erasing a price drop spurred by a recent network outage.\n\nSOL is coiling for its next impulsive move, one trader suggested.\n\nSolana's SOL and Cardano's AD..."", ""url"": ""https://coindesk.com/markets/2024/02/08/solanas-sol-rebounds-after-network-outage-trader-hints-at-extreme-move-ahead"", ""source"": ""CoinDesk"", ""sentiment"": ""POSITIVE"", ""keywords"": ""Solana|Cardano|SOL|ADA|Altcoins|Market Wrap"", ""id"": 42408816, ""guid"": ""GJVPKSa3D710Liw1gb37c1""}, {""date"": ""20240207141552"", ""headline"": ""The Protocol: Solana's Missed Moment, Exclusive Farcaster Q&A, Bullish Year of Dragon"", ""summary"": ""Honestly, we do try to keep things tight here in The Protocol newsletter. The problem is, there's just so many good stories in crypto. That's true even on a slower week as many of our readers and deve..."", ""url"": ""https://coindesk.com/tech/2024/02/07/the-protocol-solanas-missed-moment-exclusive-farcaster-qa-bullish-year-of-dragon"", ""source"": ""CoinDesk"", ""sentiment"": ""NEGATIVE"", ""keywords"": ""The Protocol|Newsletter|Ethereum|Protocols|Solana|Farcaster"", ""id"": 42408872, ""guid"": ""GJVPKSa3D710Liw1gbAKmc""}]",{}
7,2024-03-01,2024-02-23,129.9904022216797,99.95469665527344,0.30049318912941364,U5+,"[{""date"": ""20240229070000"", ""headline"": ""Solana Gaming Project MixMob Bags Stormtrooper NFT Licensing Rights"", ""summary"": ""MixMob's Racer 1 game will see Star Wars stormtroopers make an appearance starting in the second quarter.\n\nThe developer plans to arrange three more licensing deals this year.\n\nMixMob, a Solana-based ..."", ""url"": ""https://coindesk.com/business/2024/02/29/solana-gaming-project-mixmob-bags-stormtrooper-nft-licensing-rights"", ""source"": ""CoinDesk"", ""sentiment"": ""POSITIVE"", ""keywords"": ""Solana|Trading|Gaming|NFTs|Licensing"", ""id"": 42418660, ""guid"": ""ha93388BwWkPe8xtcTyn5p""}, {""date"": ""20240228080000"", ""headline"": ""Solana Veterans Raise $17M for 'Backpack' Crypto Wallet, Exchange"", ""summary"": ""Backpack\u2019s founders, Armani Ferrante and Tristan Yver, left FTX/Alameda before the firms collapsed.\n\nThe fresh capital injection will cover the compliance and licensing costs as Backpack looks to expa..."", ""url"": ""https://coindesk.com/business/2024/02/28/solana-veterans-raise-17m-for-backpack-crypto-wallet-exchange"", ""source"": ""CoinDesk"", ""sentiment"": ""POSITIVE"", ""keywords"": ""Backpack|FTX|Funding|Exchange"", ""id"": 42408769, ""guid"": ""GJVPKSa3D710Liw1gb1aMh""}, {""date"": ""20240227090239"", ""headline"": ""PEPE and WIF Jump 50%, Putting Ethereum and Solana Meme Coins in Focus"", ""summary"": ""Prominent meme tokens on Ethereum and Solana ecosystems, such as PEPE and WIF, have rallied significantly, gaining up to 51% in the past 24 hours.\n\nThe surge in meme coins is seen as a way to bet on t..."", ""url"": ""https://coindesk.com/markets/2024/02/27/pepe-and-wif-jump-50-putting-ethereum-and-solana-meme-coins-in-focus"", ""source"": ""CoinDesk"", ""sentiment"": ""POSITIVE"", ""keywords"": ""meme|Trading"", ""id"": 42391394, ""guid"": ""CpI5Y2Su0uMQDo69bewDzn""}]",{}
8,2024-03-08,2024-03-01,145.2400360107422,129.9904022216797,0.11731353644907161,U5+,"[{""date"": ""20240307100952"", ""headline"": ""Solana DeFi Protocol Kamino Sets KMNO Token Airdrop for April"", ""summary"": ""Kamino is the latest Solana-based DeFi protocol to set an airdrop date.\n\nSeven percent of KMNO's total supply is earmarked for the first airdrop.\n\nSolana-based DeFi protocol Kamino plans to airdrop it..."", ""url"": ""https://coindesk.com/business/2024/03/07/solana-defi-protocol-kamino-sets-kmno-token-airdrop-for-april"", ""source"": ""CoinDesk"", ""sentiment"": ""POSITIVE"", ""keywords"": ""airdrop|Solana"", ""id"": 42391292, ""guid"": ""CpI5Y2Su0uMQDo69beuy4F""}, {""date"": ""20240307070339"", ""headline"": ""Pantera Looks to Purchase Discounted Solana Tokens With New Fund: Bloomberg"", ""summary"": ""Cryptocurrency fund Pantera Capital is seeking fresh capital to purchase discounted Solana {{SOL}} tokens from the beleaguered FTX estate, Bloomberg reported Thursday.\n\nSOL tokens rose 2.2% in the pas..."", ""url"": ""https://coindesk.com/business/2024/03/07/pantera-looks-to-purchase-discounted-solana-tokens-with-new-fund-bloomberg"", ""source"": ""CoinDesk"", ""sentiment"": ""POSITIVE"", ""keywords"": ""Solana|Investing|Pantera|FTX"", ""id"": 42391295, ""guid"": ""CpI5Y2Su0uMQDo69beuyEV""}, {""date"": ""20240307052651"", ""headline"": ""Figment, Apex to List Ether and Solana Staking ETPs on SIX Swiss Exchange"", ""summary"": ""Figment Europe and Apex Group plan to list Ethereum and Solana staking ETPs on SIX Swiss Exchange next week.\n\nThe ETPs will allow investors to take exposure to ether and solana prices while earning st..."", ""url"": ""https://coindesk.com/business/2024/03/07/figment-apex-to-list-ether-and-solana-staking-etps-on-six-swiss-exchange"", ""source"": ""CoinDesk"", ""sentiment"": ""POSITIVE"", ""keywords"": ""Figment|Solana|Ethereum|Staking|Switzerland|SIX"", ""id"": 42408727, ""guid"": ""GJVPKSa3D710Liw1gb0w31""}, {""date"": ""20240306072454"", ""headline"": ""Biden and Trump-Themed Meme Coins Take Center Stage on Solana"", ""summary"": ""A token based on U.S. president Joe Biden rose by 830% on Wednesday morning on more than $23 million worth of trading volume.\n\nSeveral other meme coins based on celebrities and politicians have been i..."", ""url"": ""https://coindesk.com/business/2024/03/06/biden-and-trump-themed-meme-coins-take-center-stage-on-solana"", ""source"": ""CoinDesk"", ""sentiment"": ""NEUTRAL"", ""keywords"": ""meme coin|meme coins|biden"", ""id"": 42391314, ""guid"": ""CpI5Y2Su0uMQDo69bevI5T""}, {""date"": ""20240306040004"", ""headline"": ""Solana Meme Coin Dogwifhat Surges 48% to Record, Beats BONK, DOGE to $2"", ""summary"": ""Dogwifhat became the first major meme coin to cross the $2 price mark.\n\nA listing on the prominent exchange Binance likely drove the price surge.\n\nSolana\u2019s runaway meme coin Dogwifhat (WIF) surged 48%..."", ""url"": ""https://coindesk.com/markets/2024/03/06/solana-meme-coin-dogwifhat-surges-48-outperforming-bonk-doge"", ""source"": ""CoinDesk"", ""sentiment"": ""POSITIVE"", ""keywords"": ""Solana|Trading|Investing"", ""id"": 42391310, ""guid"": ""CpI5Y2Su0uMQDo69bevHah""}, {""date"": ""20240305093518"", ""headline"": ""Bitcoiners, Solana Acolytes Crash Ethereum Conference in Denver \u2013 for a Reason"", ""summary"": ""Last week's ETHDenver conference, originally focused on the Ethereum blockchain, drew a presence from developers and teams focused on other ecosystems, including Bitcoin, Solana and Polkadot.\n\nThe dra..."", ""url"": ""https://coindesk.com/tech/2024/03/05/bitcoiners-solana-acolytes-crash-ethereum-conference-in-denver-for-a-reason"", ""source"": ""CoinDesk"", ""sentiment"": ""NEUTRAL"", ""keywords"": ""Conferences|ETHDenver|Ethereum|Bitcoin|Polkadot|Solana"", ""id"": 42391344, ""guid"": ""CpI5Y2Su0uMQDo69bevVu1""}]",{}
9,2024-03-15,2024-03-08,182.96469116210938,145.2400360107422,0.25974005644405795,U5+,"[{""date"": ""20240314163230"", ""headline"": ""Bitcoin Slumps 4%, Falling Below $70K; Solana Outperforms"", ""summary"": ""Crypto markets slipped Thursday with bitcoin and ether each dropping 5%-6% before a modest rebound.\n\nSolana outperformed, benefitting from capital rotation, QCP Capital said.\n\nSOL could be poised to r..."", ""url"": ""https://coindesk.com/markets/2024/03/14/bitcoin-slumps-to-4-falling-below-70k-solana-outperforms"", ""source"": ""CoinDesk"", ""sentiment"": ""NEUTRAL"", ""keywords"": ""Bitcoin|Solana|Markets|QCP Capital"", ""id"": 42418574, ""guid"": ""ha93388BwWkPe8xtcTy1xV""}, {""date"": ""20240314151541"", ""headline"": ""Solana-Based Crypto Exchange Drift Plans Pre-Launch Market for New Tokens"", ""summary"": ""Drift Protocol is opening up a \""pre-launch market\"" for trading tokens that have not yet started trading.\n\nThe first token with a market will be Wormhole's upcoming W.\n\nThere's soon to be a marketplace..."", ""url"": ""https://coindesk.com/tech/2024/03/14/solana-based-crypto-exchange-drift-plans-pre-launch-market-for-new-tokens"", ""source"": ""CoinDesk"", ""sentiment"": ""NEUTRAL"", ""keywords"": ""Solana"", ""id"": 42418591, ""guid"": ""ha93388BwWkPe8xtcTy24j""}, {""date"": ""20240312153428"", ""headline"": ""Solana NFT Marketplace Tensor to Issue TNSR Governance Token"", ""summary"": ""Solana-based NFT trading platform Tensor said Tuesday it will issue a token, $TNSR, whose holders will govern the protocol.\n\nIn a post on X (formerly Twitter) the Tensor Foundation said more details a..."", ""url"": ""https://coindesk.com/tech/2024/03/12/solana-nft-marketplace-tensor-to-issue-tnsr-governance-token"", ""source"": ""CoinDesk"", ""sentiment"": ""NEUTRAL"", ""keywords"": ""Solana|NFTs|NFT marketplaces"", ""id"": 42418625, ""guid"": ""ha93388BwWkPe8xtcTyKUP""}, {""date"": ""20240311144317"", ""headline"": ""Solana DeFi's KMNO Airdrop Sparked Outrage. Kamino Responded With Changes"", ""summary"": ""Kamino Finance is changing some parameters for earning points ahead of its KMNO airdrop, slated for April.\n\nThe turnabout will pay dividends for longtime Kamnio users, but key details are still missin..."", ""url"": ""https://coindesk.com/business/2024/03/11/solana-defis-kmno-airdrop-sparked-outrage-kamino-responded-with-changes"", ""source"": ""CoinDesk"", ""sentiment"": ""NEGATIVE"", ""keywords"": ""Analysis|Solana|Airdrops"", ""id"": 42391278, ""guid"": ""CpI5Y2Su0uMQDo69beuTIF""}, {""date"": ""20240311074301"", ""headline"": ""Unibot Tanks 33% After Ending Collaboration With Solana Group"", ""summary"": ""The native token of trading application Unibot (UNIBOT) sunk 40% on Monday after announcing the termination of its collaboration with the team that deployed it on Solana over security concerns.\n\nUnibo..."", ""url"": ""https://coindesk.com/markets/2024/03/11/unibot-tanks-33-after-ending-collaboration-with-solana-group"", ""source"": ""CoinDesk"", ""sentiment"": ""NEGATIVE"", ""keywords"": ""Solana"", ""id"": 42408674, ""guid"": ""GJVPKSa3D710Liw1gb0bW2""}, {""date"": ""20240308181145"", ""headline"": ""Solana Client Developer Jito Ends 'Mempool' Function "", ""summary"": ""Solana client developer Jito Labs announced it would shutter its mempool functionality on Friday.\n\nWhile Solana itself doesn't have a mempool, the Jito client did, which allowed costly \""sandwich attac..."", ""url"": ""https://coindesk.com/business/2024/03/08/solana-client-developer-jito-announces-end-of-mempool-function"", ""source"": ""CoinDesk"", ""sentiment"": ""NEGATIVE"", ""keywords"": ""Solana"", ""id"": 42408703, ""guid"": ""GJVPKSa3D710Liw1gb0kQD""}]",{}
10,2024-03-22,2024-03-15,174.36370849609375,182.96469116210938,-0.04700897540058715,D5,"[{""date"": ""20240321025528"", ""headline"": ""Meet the Woman Behind Solana Hit Meme Coin \u2018Doland Tremp\u2019"", ""summary"": ""Political finance (PoliFi) meme coins from TRUMP to TREMP are deep in the red, but the woman running the show at the latter, who goes by the handle B, is still having fun.\n\nOver the last few weeks, a ..."", ""url"": ""https://coindesk.com/markets/2024/03/21/meet-the-woman-behind-solana-hit-meme-coin-doland-tremp"", ""source"": ""CoinDesk"", ""sentiment"": ""POSITIVE"", ""keywords"": ""Donald Trump|memecoins|Solana|SOL|Web3"", ""id"": 42391152, ""guid"": ""CpI5Y2Su0uMQDo69berHuN""}, {""date"": ""20240320150000"", ""headline"": ""The Protocol: Bitcoin Halving in 3 Weeks, Solana's Yakovenko on Meme Coins"", ""summary"": ""It's a sign of how fast crypto moves that Ethereum's landmark Dencun upgrade last week is already fading from the headlines.\n\nEyes are now turning to Bitcoin's next quadrennial halving. There's also p..."", ""url"": ""https://coindesk.com/tech/2024/03/20/the-protocol-bitcoin-halving-in-3-weeks-solanas-yakovenko-on-meme-coins"", ""source"": ""CoinDesk"", ""sentiment"": ""POSITIVE"", ""keywords"": ""The Protocol|Newsletter|Ethereum|Protocols|Bitcoin|Halving|Bitcoin Halving|meme coin|meme coins"", ""id"": 42391160, ""guid"": ""CpI5Y2Su0uMQDo69berIUH""}, {""date"": ""20240320123313"", ""headline"": ""Solana Strained by Meme Coin Mania, But Co-Founder Yakovenko Welcomes the Test"", ""summary"": ""Solana is having a moment, and it's largely related to the frenzy of meme coin trading suddenly taking place - in tokens built around images of dogs and sloths, general ridiculousness and even the ver..."", ""url"": ""https://coindesk.com/tech/2024/03/20/solanas-yakovenko-welcomes-meme-coin-traders-with-nothing-better-to-do"", ""source"": ""CoinDesk"", ""sentiment"": ""NEUTRAL"", ""keywords"": ""Solana|meme coins|Ethereum"", ""id"": 42391172, ""guid"": ""CpI5Y2Su0uMQDo69berRpr""}, {""date"": ""20240320080000"", ""headline"": ""Starknet, an Ethereum Layer 2, Plans 'Parallel Execution' to Mimic Solana's Speed Feature "", ""summary"": ""Starknet's 2024 road map calls for the addition of parallel transactions starting in the second quarter.\n\nDevelopers behind the project also released plans for measures to cut fees.\n\nStarknet is the b..."", ""url"": ""https://coindesk.com/tech/2024/03/20/starknet-an-ethereum-layer-2-plans-to-copy-parallel-execution-feature-that-makes-solana-fast"", ""source"": ""CoinDesk"", ""sentiment"": ""POSITIVE"", ""keywords"": ""starknet|Starkware|layer 2|Layer 2s|Ethereum|Solana"", ""id"": 42391162, ""guid"": ""CpI5Y2Su0uMQDo69berR5h""}, {""date"": ""20240320060405"", ""headline"": ""Solana Leapfrogs Ethereum on DEX Volume"", ""summary"": ""Solana-based decentralized exchanges have been busier than their Ethereum counterparts over the past seven days.\n\nThe meme coin frenzy seems to have catalyzed higher volumes on Solana.\n\nSolana also bo..."", ""url"": ""https://coindesk.com/markets/2024/03/20/solana-leapfrogs-ethereum-on-dex-volume"", ""source"": ""CoinDesk"", ""sentiment"": ""POSITIVE"", ""keywords"": ""Solana|Ethereum|DEX|Trading Volume|DeFi"", ""id"": 42391182, ""guid"": ""CpI5Y2Su0uMQDo69berSKd""}, {""date"": ""20240319072322"", ""headline"": ""Solana Meme Coin Slerf Clocks Higher Trading Volume Than All of Ethereum"", ""summary"": ""A Solana-based meme coin, Slerf, has surpassed all Ethereum-based exchanges in trading volume within its first day of existence.\n\nSlerf's popularity surged after its developer said they accidentally s..."", ""url"": ""https://coindesk.com/markets/2024/03/19/solana-meme-coin-slerf-clocks-higher-trading-volume-than-all-of-ethereum"", ""source"": ""CoinDesk"", ""sentiment"": ""POSITIVE"", ""keywords"": ""meme coin|Trading Volume"", ""id"": 42391204, ""guid"": ""CpI5Y2Su0uMQDo69berk2F""}, {""date"": ""20240318102856"", ""headline"": ""Solana Meme Slerf Notches $1.7B in Volume After Developer Loses All Presale Funds"", ""summary"": ""Slerf, a sloth-themed meme coin on the Solana network, raised $10 million in a so-called presale and quickly gained popularity even though the developer mistakenly burned the liquidity provider and to..."", ""url"": ""https://coindesk.com/markets/2024/03/18/solana-meme-slerf-notches-17b-in-volume-after-developer-loses-all-presale-funds"", ""source"": ""CoinDesk"", ""sentiment"": ""POSITIVE"", ""keywords"": ""meme coin|Trading"", ""id"": 42391221, ""guid"": ""CpI5Y2Su0uMQDo69bertxj""}, {""date"": ""20240318080818"", ""headline"": ""Lure of Quick Money Sees $100M Flow to Solana Meme Coin 'Presales'"", ""summary"": ""Presales have gained popularity in the crypto market, with many projects raising millions of dollars based on simple X posts even in the absence of a working product.\n\nThe trend was fueled by the succ..."", ""url"": ""https://coindesk.com/markets/2024/03/18/lure-of-quick-money-sees-100m-flow-to-solana-meme-coin-presales"", ""source"": ""CoinDesk"", ""sentiment"": ""NEGATIVE"", ""keywords"": ""Solana|meme|meme coins|Presales"", ""id"": 42391227, ""guid"": ""CpI5Y2Su0uMQDo69beru7z""}, {""date"": ""20240318040307"", ""headline"": ""SOL Crosses $200 as Meme Coin Frenzy Bumps Demand for Solana Network"", ""summary"": ""SOL crossed its previous market cap high of $75 billion.\n\nThe network activity is likely being driven by the meme coin frenzy.\n\nSolana\u2019s SOL crossed $200 for the first time since November 2021 as netw..."", ""url"": ""https://coindesk.com/tech/2024/03/18/sol-crosses-200-as-meme-coin-frenzy-bumps-demand-for-solana-network"", ""source"": ""CoinDesk"", ""sentiment"": ""POSITIVE"", ""keywords"": ""Solana|SOL|Trading"", ""id"": 42391224, ""guid"": ""CpI5Y2Su0uMQDo69beruD7""}]",{}
11,2024-03-29,2024-03-22,192.2279510498047,174.36370849609375,0.10245390344006791,U5+,"[{""date"": ""20240329084358"", ""headline"": ""Solana Foundation Says It Can Filter Through the Offensive Meme Coin Problem"", ""summary"": ""In the past few months, many meme coins have appeared containing racist terms.\n\nPanelists during a discussion at BUIDL Asia debated on how to best deal with this problem.\n\nAs funny and irreverent as m..."", ""url"": ""https://coindesk.com/tech/2024/03/29/solana-foundation-says-it-can-filter-through-the-offensive-meme-coin-problem"", ""source"": ""CoinDesk"", ""sentiment"": ""NEUTRAL"", ""keywords"": ""Solana|SOL|meme coins"", ""id"": 42418536, ""guid"": ""ha93388BwWkPe8xtcThXgr""}, {""date"": ""20240321025528"", ""headline"": ""Meet the Woman Behind Solana Hit Meme Coin \u2018Doland Tremp\u2019"", ""summary"": ""Political finance (PoliFi) meme coins from TRUMP to TREMP are deep in the red, but the woman running the show at the latter, who goes by the handle B, is still having fun.\n\nOver the last few weeks, a ..."", ""url"": ""https://coindesk.com/markets/2024/03/21/meet-the-woman-behind-solana-hit-meme-coin-doland-tremp"", ""source"": ""CoinDesk"", ""sentiment"": ""POSITIVE"", ""keywords"": ""Donald Trump|memecoins|Solana|SOL|Web3"", ""id"": 42391152, ""guid"": ""CpI5Y2Su0uMQDo69berHuN""}, {""date"": ""20240320150000"", ""headline"": ""The Protocol: Bitcoin Halving in 3 Weeks, Solana's Yakovenko on Meme Coins"", ""summary"": ""It's a sign of how fast crypto moves that Ethereum's landmark Dencun upgrade last week is already fading from the headlines.\n\nEyes are now turning to Bitcoin's next quadrennial halving. There's also p..."", ""url"": ""https://coindesk.com/tech/2024/03/20/the-protocol-bitcoin-halving-in-3-weeks-solanas-yakovenko-on-meme-coins"", ""source"": ""CoinDesk"", ""sentiment"": ""POSITIVE"", ""keywords"": ""The Protocol|Newsletter|Ethereum|Protocols|Bitcoin|Halving|Bitcoin Halving|meme coin|meme coins"", ""id"": 42391160, ""guid"": ""CpI5Y2Su0uMQDo69berIUH""}, {""date"": ""20240320123313"", ""headline"": ""Solana Strained by Meme Coin Mania, But Co-Founder Yakovenko Welcomes the Test"", ""summary"": ""Solana is having a moment, and it's largely related to the frenzy of meme coin trading suddenly taking place - in tokens built around images of dogs and sloths, general ridiculousness and even the ver..."", ""url"": ""https://coindesk.com/tech/2024/03/20/solanas-yakovenko-welcomes-meme-coin-traders-with-nothing-better-to-do"", ""source"": ""CoinDesk"", ""sentiment"": ""NEUTRAL"", ""keywords"": ""Solana|meme coins|Ethereum"", ""id"": 42391172, ""guid"": ""CpI5Y2Su0uMQDo69berRpr""}, {""date"": ""20240320080000"", ""headline"": ""Starknet, an Ethereum Layer 2, Plans 'Parallel Execution' to Mimic Solana's Speed Feature "", ""summary"": ""Starknet's 2024 road map calls for the addition of parallel transactions starting in the second quarter.\n\nDevelopers behind the project also released plans for measures to cut fees.\n\nStarknet is the b..."", ""url"": ""https://coindesk.com/tech/2024/03/20/starknet-an-ethereum-layer-2-plans-to-copy-parallel-execution-feature-that-makes-solana-fast"", ""source"": ""CoinDesk"", ""sentiment"": ""POSITIVE"", ""keywords"": ""starknet|Starkware|layer 2|Layer 2s|Ethereum|Solana"", ""id"": 42391162, ""guid"": ""CpI5Y2Su0uMQDo69berR5h""}]",{}
12,2024-04-05,2024-03-29,174.5015106201172,192.2279510498047,-0.09221572790470374,D5+,"[{""date"": ""20240404034356"", ""headline"": ""Wormhole\u2019s W Token Is Paying Out 999% a Week on Solana Protocol Kamino"", ""summary"": ""Staking Wormhole's W token paired with JitoSOL in the Kamino liquidity pool on Solana is offering a more than 999% weekly return\n\nParticipants can earn daily rewards of over 3,300 W and 666 JTO, worth..."", ""url"": ""https://coindesk.com/markets/2024/04/04/wormholes-w-token-is-paying-out-999-a-week-on-solana-protocol-kamino"", ""source"": ""CoinDesk"", ""sentiment"": ""POSITIVE"", ""keywords"": ""Solana|Trading|Wormhole|DeFi|cross-chain bridge"", ""id"": 42408568, ""guid"": ""GJVPKSa3D710Liw1gaKdyi""}, {""date"": ""20240402032729"", ""headline"": ""Crypto Bulls See $400M Liquidations as Solana, Dogecoin Lead Slide in Majors"", ""summary"": ""Major tokens experienced a significant drop in the past 24 hours, with bitcoin falling 5% and other major tokens like ether, Cardano's ADA, and BNB Chain\u2019s BNB showing similar losses.\n\nLiquidations of..."", ""url"": ""https://coindesk.com/markets/2024/04/02/crypto-bulls-see-400m-liquidations-as-solana-dogecoin-lead-slide-in-majors"", ""source"": ""CoinDesk"", ""sentiment"": ""NEGATIVE"", ""keywords"": ""Bitcoin|Trading|Markets"", ""id"": 42418528, ""guid"": ""ha93388BwWkPe8xtcThXYb""}, {""date"": ""20240329084358"", ""headline"": ""Solana Foundation Says It Can Filter Through the Offensive Meme Coin Problem"", ""summary"": ""In the past few months, many meme coins have appeared containing racist terms.\n\nPanelists during a discussion at BUIDL Asia debated on how to best deal with this problem.\n\nAs funny and irreverent as m..."", ""url"": ""https://coindesk.com/tech/2024/03/29/solana-foundation-says-it-can-filter-through-the-offensive-meme-coin-problem"", ""source"": ""CoinDesk"", ""sentiment"": ""NEUTRAL"", ""keywords"": ""Solana|SOL|meme coins"", ""id"": 42418536, ""guid"": ""ha93388BwWkPe8xtcThXgr""}]",{}
13,2024-04-12,2024-04-05,153.63546752929688,174.5015106201172,-0.11957514302695553,D5+,"[{""date"": ""20240411140328"", ""headline"": ""Chaos at MarginFi Shakes up Solana DeFi's Borrow-and-Lend Landscape"", ""summary"": ""The biggest winner from MarginFi's leadership shakeup seems to be Solend, with $17 million in deposits in the last 24 hours and token rising 37%.\n\nKamino, another competitor, also saw $81 million in n..."", ""url"": ""https://coindesk.com/business/2024/04/11/chaos-at-marginfi-shakes-up-solana-defis-borrow-and-lend-landscape"", ""source"": ""CoinDesk"", ""sentiment"": ""NEUTRAL"", ""keywords"": ""Solana|DeFi|Lending|Kamino"", ""id"": 42408508, ""guid"": ""GJVPKSa3D710Liw1gaJRD4""}, {""date"": ""20240411003702"", ""headline"": ""MarginFi Leader Resigns on Fiery Day for Major Solana Lender"", ""summary"": ""MarginFi\u2019s longtime leader, Edgar Pavlovsky, resigned Wednesday following an internal dispute at the protocol's builder, mrgn.\n\nThe abrupt exit won\u2019t impact MarginFi's borrow-and-lend functions, but i..."", ""url"": ""https://coindesk.com/tech/2024/04/11/marginfi-leader-resigns-on-fiery-day-for-major-solana-lender"", ""source"": ""CoinDesk"", ""sentiment"": ""NEGATIVE"", ""keywords"": ""Solana|DeFi|Resignations|Lending"", ""id"": 42408531, ""guid"": ""GJVPKSa3D710Liw1gaJddT""}, {""date"": ""20240410114210"", ""headline"": ""Half of Solana Pre-Sales Are Scams, Blockaid Says"", ""summary"": ""Pre-sales on Solana have become increasingly common following the rapid gains of meme coins like book of meme (BOME).\n\nScammers are targeting users with social-engineering techniques on social media p..."", ""url"": ""https://coindesk.com/business/2024/04/10/half-of-solana-pre-sales-are-scams-blockaid-says"", ""source"": ""CoinDesk"", ""sentiment"": ""NEGATIVE"", ""keywords"": ""Solana|meme coin|Scams|Presales"", ""id"": 42408519, ""guid"": ""GJVPKSa3D710Liw1gaJd9i""}, {""date"": ""20240409110000"", ""headline"": ""Solana-Based Zeta Markets Debuts Governance Token Z"", ""summary"": ""Solana-based decentralized derivatives protocol Zeta Markets announces the debut of its native governance token Z.\n\nThe token will have a total supply of 1 billion, and 10% of the supply will be initi..."", ""url"": ""https://coindesk.com/markets/2024/04/09/solana-based-zeta-markets-debuts-governance-token-z"", ""source"": ""CoinDesk"", ""sentiment"": ""POSITIVE"", ""keywords"": ""DeFi|Solana|Governance token"", ""id"": 42391028, ""guid"": ""CpI5Y2Su0uMQDo69bdT3O9""}, {""date"": ""20240409044218"", ""headline"": ""Solana Meme Coin Generator Pump on Track for $66M Yearly Revenue"", ""summary"": ""Pump has generated significant revenue in a short period and zoomed to one of Solana's highest earning applications, showcasing the profitability of offering token creation services in the crypto spac..."", ""url"": ""https://coindesk.com/markets/2024/04/09/solana-meme-coin-generator-pump-on-track-for-66m-yearly-revenue"", ""source"": ""CoinDesk"", ""sentiment"": ""POSITIVE"", ""keywords"": ""Solana|Trading|meme"", ""id"": 42391040, ""guid"": ""CpI5Y2Su0uMQDo69bdT4Nh""}]",{}
14,2024-04-19,2024-04-12,142.6804962158203,153.63546752929688,-0.0713049629076538,D5+,"[{""date"": ""20240416075200"", ""headline"": ""Solana DEX Drift to Airdrop 100M Tokens in Weeks"", ""summary"": ""Drift Protocol is conducting an airdrop of 100 million tokens and spinning up a token-based governance structure.\n\nA surprise winner of the highly anticipated announcement is MetaDAO. Its futarchy tec..."", ""url"": ""https://coindesk.com/tech/2024/04/16/solana-dex-drift-to-airdrop-100m-tokens-in-weeks"", ""source"": ""CoinDesk"", ""sentiment"": ""POSITIVE"", ""keywords"": ""Solana|DEX|Trading"", ""id"": 42391014, ""guid"": ""CpI5Y2Su0uMQDo69bdRxsr""}, {""date"": ""20240415034843"", ""headline"": ""Solana Rolls Out Update to Tackle Network Congestion"", ""summary"": ""Version 1.17.31 is the first in a series of planned updates to address network congestion in recent months.\n\nCongestion issues plagued the network in recent months amid a meme coin frenzy, causing a b..."", ""url"": ""https://coindesk.com/tech/2024/04/15/solana-rolls-out-update-to-tackle-network-congestion"", ""source"": ""CoinDesk"", ""sentiment"": ""POSITIVE"", ""keywords"": ""Solana|Tech"", ""id"": 42408486, ""guid"": ""GJVPKSa3D710Liw1gaJHLN""}]",{}
15,2024-04-26,2024-04-19,139.10433959960938,142.6804962158203,-0.025064088723111798,D3,"[{""date"": ""20240416075200"", ""headline"": ""Solana DEX Drift to Airdrop 100M Tokens in Weeks"", ""summary"": ""Drift Protocol is conducting an airdrop of 100 million tokens and spinning up a token-based governance structure.\n\nA surprise winner of the highly anticipated announcement is MetaDAO. Its futarchy tec..."", ""url"": ""https://coindesk.com/tech/2024/04/16/solana-dex-drift-to-airdrop-100m-tokens-in-weeks"", ""source"": ""CoinDesk"", ""sentiment"": ""POSITIVE"", ""keywords"": ""Solana|DEX|Trading"", ""id"": 42391014, ""guid"": ""CpI5Y2Su0uMQDo69bdRxsr""}, {""date"": ""20240415034843"", ""headline"": ""Solana Rolls Out Update to Tackle Network Congestion"", ""summary"": ""Version 1.17.31 is the first in a series of planned updates to address network congestion in recent months.\n\nCongestion issues plagued the network in recent months amid a meme coin frenzy, causing a b..."", ""url"": ""https://coindesk.com/tech/2024/04/15/solana-rolls-out-update-to-tackle-network-congestion"", ""source"": ""CoinDesk"", ""sentiment"": ""POSITIVE"", ""keywords"": ""Solana|Tech"", ""id"": 42408486, ""guid"": ""GJVPKSa3D710Liw1gaJHLN""}, {""date"": ""20240411140328"", ""headline"": ""Chaos at MarginFi Shakes up Solana DeFi's Borrow-and-Lend Landscape"", ""summary"": ""The biggest winner from MarginFi's leadership shakeup seems to be Solend, with $17 million in deposits in the last 24 hours and token rising 37%.\n\nKamino, another competitor, also saw $81 million in n..."", ""url"": ""https://coindesk.com/business/2024/04/11/chaos-at-marginfi-shakes-up-solana-defis-borrow-and-lend-landscape"", ""source"": ""CoinDesk"", ""sentiment"": ""NEUTRAL"", ""keywords"": ""Solana|DeFi|Lending|Kamino"", ""id"": 42408508, ""guid"": ""GJVPKSa3D710Liw1gaJRD4""}, {""date"": ""20240411003702"", ""headline"": ""MarginFi Leader Resigns on Fiery Day for Major Solana Lender"", ""summary"": ""MarginFi\u2019s longtime leader, Edgar Pavlovsky, resigned Wednesday following an internal dispute at the protocol's builder, mrgn.\n\nThe abrupt exit won\u2019t impact MarginFi's borrow-and-lend functions, but i..."", ""url"": ""https://coindesk.com/tech/2024/04/11/marginfi-leader-resigns-on-fiery-day-for-major-solana-lender"", ""source"": ""CoinDesk"", ""sentiment"": ""NEGATIVE"", ""keywords"": ""Solana|DeFi|Resignations|Lending"", ""id"": 42408531, ""guid"": ""GJVPKSa3D710Liw1gaJddT""}, {""date"": ""20240410114210"", ""headline"": ""Half of Solana Pre-Sales Are Scams, Blockaid Says"", ""summary"": ""Pre-sales on Solana have become increasingly common following the rapid gains of meme coins like book of meme (BOME).\n\nScammers are targeting users with social-engineering techniques on social media p..."", ""url"": ""https://coindesk.com/business/2024/04/10/half-of-solana-pre-sales-are-scams-blockaid-says"", ""source"": ""CoinDesk"", ""sentiment"": ""NEGATIVE"", ""keywords"": ""Solana|meme coin|Scams|Presales"", ""id"": 42408519, ""guid"": ""GJVPKSa3D710Liw1gaJd9i""}]",{}
16,2024-05-03,2024-04-26,143.77255249023438,139.10433959960938,0.03355907446210333,U4,"[{""date"": ""20240501080100"", ""headline"": ""Restaking 'Gold Rush' Spreads to Solana From Ethereum, With Jito and Others Joining In"", ""summary"": ""Restaking, an already hot service on the Ethereum blockchain, is now entering the Solana ecosystem, bringing profit-making opportunities but also risks.\n\nJito, a Solana-based project, is building a re..."", ""url"": ""https://coindesk.com/business/2024/05/01/restaking-gold-rush-spreads-to-solana-from-ethereum-with-jito-and-others-joining-in"", ""source"": ""CoinDesk"", ""sentiment"": ""POSITIVE"", ""keywords"": ""Jito labs|Restaking|EigenLayer|Solana|Exclusive "", ""id"": 42390922, ""guid"": ""CpI5Y2Su0uMQDo69bdPzRt""}]",{}
17,2024-05-10,2024-05-03,146.21690368652344,143.77255249023438,0.017001514920277242,U2,"[{""date"": ""20240509100000"", ""headline"": ""Solana-Based Marketplace AgriDex Raises $5M to Tokenize Agricultural Industry"", ""summary"": ""AgriDex is looking to bring the global agricultural industry on-chain by tokenizing various crops to be bought and sold on its Solana-based marketplace.\n\nThe tokenization of real-word assets has been ..."", ""url"": ""https://coindesk.com/business/2024/05/09/solana-based-marketplace-agridex-raises-5m-to-tokenize-agricultural-industry"", ""source"": ""CoinDesk"", ""sentiment"": ""POSITIVE"", ""keywords"": ""Real World Assets  |Tokenization|Agriculture|Solana"", ""id"": 42390824, ""guid"": ""CpI5Y2Su0uMQDo69bdOg83""}, {""date"": ""20240508121113"", ""headline"": ""Restaking Is Hot in Ethereum and Entering Solana. Should We Worry?"", ""summary"": ""If you're reading this ensconced in a traditional finance career, you know the deal: If money is idle, make it do more work.\n\nAre you, for instance, a broker with collateral quietly sitting in a vault..."", ""url"": ""https://coindesk.com/opinion/2024/05/08/restaking-is-hot-in-ethereum-and-entering-solana-should-we-worry"", ""source"": ""CoinDesk"", ""sentiment"": ""NEUTRAL"", ""keywords"": ""Opinion|Restaking|MEV|Crypto Long & Short"", ""id"": 42418281, ""guid"": ""ha93388BwWkPe8xtcTd83h""}, {""date"": ""20240507122105"", ""headline"": ""Solana and Cosmos Lead CoinDesk 20 Higher: CoinDesk Indices Market Update"", ""summary"": ""CoinDesk Indices (CDI) presents its bi-weekly market update, highlighting the performance of leaders and laggards in the benchmark CoinDesk 20 Index (CD20) and the broad CoinDesk Market Index (CMI).\n\n..."", ""url"": ""https://coindesk.com/markets/2024/05/07/solana-and-cosmos-lead-coindesk-20-higher-coindesk-indices-market-update"", ""source"": ""CoinDesk"", ""sentiment"": ""POSITIVE"", ""keywords"": ""CoinDesk 20"", ""id"": 42390873, ""guid"": ""CpI5Y2Su0uMQDo69bdPGrL""}]",{}
18,2024-05-17,2024-05-10,169.53054809570312,146.21690368652344,0.15944561689777095,U5+,"[{""date"": ""20240516142856"", ""headline"": ""Solana Meme Coin Factory Pump.Fun Compromised by 'Bonding Curve' Exploit"", ""summary"": ""The Solana blockchain's red-hot meme coin factory Pump.Fun descended into chaos Thursday at the hands of an exploiter who compromised the tech central to its issuance of joke cryptocurrencies.\n\n\""We ar..."", ""url"": ""https://coindesk.com/business/2024/05/16/solana-meme-coin-factory-pumpfun-compromised-by-bonding-curve-exploit"", ""source"": ""CoinDesk"", ""sentiment"": ""NEGATIVE"", ""keywords"": ""meme coin|Solana|meme"", ""id"": 42418210, ""guid"": ""ha93388BwWkPe8xtcTcrLJ""}, {""date"": ""20240514171357"", ""headline"": ""Insider at Solana's Cypher Protocol Admits to Stealing $300K"", ""summary"": ""Solana-based crypto trading protocol Cypher has endured its share of hacks and heists. But its latest loss \u2013 of money meant for down-bad customers \u2013 was an inside job.\n\nOn Tuesday, a pseudonymous deve..."", ""url"": ""https://coindesk.com/business/2024/05/14/insider-at-solanas-cypher-protocol-admits-to-stealing-300k"", ""source"": ""CoinDesk"", ""sentiment"": ""NEGATIVE"", ""keywords"": ""Solana"", ""id"": 42418237, ""guid"": ""ha93388BwWkPe8xtcTcxqv""}, {""date"": ""20240514151618"", ""headline"": ""How to Buy Solana"", ""summary"": ""Solana is a high-speed blockchain platform capable of processing up to 65,000 transactions per second, with SOL as its native token.\n\nThere are multiple methods to purchase SOL, including purchasing f..."", ""url"": ""https://coindesk.com/learn/how-to-buy-solana"", ""source"": ""CoinDesk"", ""sentiment"": ""NEUTRAL"", ""keywords"": ""Solana|Learn|Explainer"", ""id"": 42418244, ""guid"": ""ha93388BwWkPe8xtcTcxw5""}, {""date"": ""20240513085055"", ""headline"": ""Solana Meme Coins, GameStop Stock Rocket as 'Roaring Kitty' Returns on X"", ""summary"": ""A single post by @TheRoaringKitty, the X profile of retail trader Keith Gill, led to rallies in meme coins and GameStop stock (NYSE: GME). Users interpreted the post as a sign to focus on certain stoc..."", ""url"": ""https://coindesk.com/markets/2024/05/13/solana-memes-gamestop-stock-jumps-44-in-premarket-as-roaring-kitty-returns-on-x"", ""source"": ""CoinDesk"", ""sentiment"": ""POSITIVE"", ""keywords"": ""Trading|Investing|Markets"", ""id"": 42418265, ""guid"": ""ha93388BwWkPe8xtcTd1hN""}]",{}
19,2024-05-24,2024-05-17,167.7969207763672,169.53054809570312,-0.010226046802829144,D2,"[{""date"": ""20240523072234"", ""headline"": ""Ether Spot ETF Approval Would Raise Expectations Solana Could Also Be Classified as a Commodity: Bernstein"", ""summary"": ""Approval of a spot ether ETF could bode well for rival tokens such as solana, the report said.\n\nBernstein said a Trump election win could mean a more crypto-friendly administration.\n\nGalaxy Digital sa..."", ""url"": ""https://coindesk.com/markets/2024/05/23/ether-spot-etf-approval-would-raise-expectations-that-solana-could-also-be-classified-a-commodity-bernstein"", ""source"": ""CoinDesk"", ""sentiment"": ""POSITIVE"", ""keywords"": ""Crypto|Ether|ETFs"", ""id"": 42418098, ""guid"": ""ha93388BwWkPe8xtcTcbuP""}, {""date"": ""20240522035437"", ""headline"": ""Ether Market Cap Adds Close to an Entire Solana Blockchain in a Single Day"", ""summary"": ""Ether's market value rose by over $70 billion Monday, nearly matching SOL's total market value of around $80 billion.\n\nAnalysts expect the gap between ETH and its rivals like SOL to widen further in t..."", ""url"": ""https://coindesk.com/markets/2024/05/22/ether-market-cap-adds-close-to-an-entire-solana-blockchain-in-a-single-day"", ""source"": ""CoinDesk"", ""sentiment"": ""POSITIVE"", ""keywords"": ""Ether|SOL|Solana|Markets|Blockchain"", ""id"": 42418154, ""guid"": ""ha93388BwWkPe8xtcTchkj""}, {""date"": ""20240521090000"", ""headline"": ""Solana-Based Wallet Phantom Buys Web3 Specialist Bitski"", ""summary"": ""Bitski\u2019s embedded wallet tech allows onboarding by signing up with email.\n\nThe financial terms of the deal were not disclosed.\n\nPhantom, the leading crypto wallet in the Solana ecosystem, has bought W..."", ""url"": ""https://coindesk.com/business/2024/05/21/solana-based-wallet-phantom-buys-web3-specialist-bitski"", ""source"": ""CoinDesk"", ""sentiment"": ""POSITIVE"", ""keywords"": ""Phantom|Solana|Acquisitions"", ""id"": 42418186, ""guid"": ""ha93388BwWkPe8xtcTckZB""}, {""date"": ""20240520134207"", ""headline"": ""Bitcoin Breaks Out Above $68K as Solana's 7% Gain Leads Crypto Rally"", ""summary"": ""A Monday rally during the U.S. trading day put an end to what had been very muted crypto price action over the previous 72 hours, pushing bitcoin {{BTC}} above $68,000 for the first time in more than ..."", ""url"": ""https://coindesk.com/markets/2024/05/20/bitcoin-breaks-out-above-68k-as-sols-7-gain-leads-crypto-rally"", ""source"": ""CoinDesk"", ""sentiment"": ""POSITIVE"", ""keywords"": ""Bitcoin|Solana"", ""id"": 42390807, ""guid"": ""CpI5Y2Su0uMQDo69bdMvvH""}, {""date"": ""20240517143400"", ""headline"": ""Solana's SOL Could Hit $200 By Month End, Hedge Fund Founder Says"", ""summary"": ""Solana's SOL hit its highest price in a month Friday outperforming most crypto majors.\n\nThe token is \""still the best trade this cycle,\"" and could reach $200 by the end of May, Syncracy Capital co-foun..."", ""url"": ""https://coindesk.com/markets/2024/05/17/solanas-sol-could-hit-200-by-month-end-hedge-fund-founder-says"", ""source"": ""CoinDesk"", ""sentiment"": ""POSITIVE"", ""keywords"": ""Solana|Markets|SOL"", ""id"": 42408179, ""guid"": ""GJVPKSa3D710Liw1gaBFSL""}]",{}
20,2024-05-31,2024-05-24,165.63771057128906,167.7969207763672,-0.012867996594263081,D2,"[{""date"": ""20240530182224"", ""headline"": ""Ripple's Brad Garlinghouse Foresees XRP, Solana, Cardano ETFs: Consensus 2024"", ""summary"": ""Brad Garlinghouse predicts the inevitable approval of XRP, Solana and Cardano ETFs, despite significant regulatory hurdles.\n\nGarlinghouse criticized the SEC's unclear crypto regulations, highlighting ..."", ""url"": ""https://coindesk.com/markets/2024/05/30/ripples-brad-garlinghouse-foresees-xrp-solana-cardano-etfs"", ""source"": ""CoinDesk"", ""sentiment"": ""POSITIVE"", ""keywords"": ""Brad Garlinghouse|Solana|XRP|ETF|Crypto ETF|Cardano"", ""id"": 42408112, ""guid"": ""GJVPKSa3D710Liw1ga9ovd""}, {""date"": ""20240529090005"", ""headline"": ""PayPal Makes Retail Stablecoin Play with PYUSD on Solana"", ""summary"": ""Payments giant PayPal\u2019s (PYPL) stablecoin PYUSD is coming to Solana almost a year after first debuting on the Ethereum blockchain.\n\nThe launch could bring new interest to a modestly sized crypto asset..."", ""url"": ""https://coindesk.com/business/2024/05/29/paypal-makes-retail-stablecoin-play-with-pyusd-on-solana"", ""source"": ""CoinDesk"", ""sentiment"": ""POSITIVE"", ""keywords"": ""PayPal|Stablecoin|Solana"", ""id"": 42408146, ""guid"": ""GJVPKSa3D710Liw1gaA66J""}, {""date"": ""20240529090000"", ""headline"": ""Crypto Bridge LayerZero Connects to Solana Blockchain"", ""summary"": ""Crypto bridging protocol LayerZero is set to expand to the Solana blockchain on Wednesday, adding another route for crypto assets transferring between the Ethereum world and its largest singular compe..."", ""url"": ""https://coindesk.com/tech/2024/05/29/crypto-bridge-layerzero-connects-to-solana-blockchain"", ""source"": ""CoinDesk"", ""sentiment"": ""POSITIVE"", ""keywords"": """", ""id"": 42408159, ""guid"": ""GJVPKSa3D710Liw1gaA6qb""}, {""date"": ""20240528031142"", ""headline"": ""Solana Validators to Get More SOL as Fee Proposal Passes in Favor"", ""summary"": ""Solana validators will receive 100% of priority fees from transactions following a governance vote, aiming to improve network security and efficiency.\n\nThe previous model split priority fees between b..."", ""url"": ""https://coindesk.com/tech/2024/05/28/solana-validators-to-get-more-sol-as-fee-proposal-passes-in-favor"", ""source"": ""CoinDesk"", ""sentiment"": ""POSITIVE"", ""keywords"": ""Solana|SOL"", ""id"": 42390789, ""guid"": ""CpI5Y2Su0uMQDo69bdLrPX""}]",{}
21,2024-06-07,2024-05-31,162.50704956054688,165.63771057128906,-0.018900653721573735,D2,"[{""date"": ""20240606175558"", ""headline"": ""GameStop-Inspired Solana Meme Coin Soars Over 80% as Roaring Kitty Flashes $586M Worth of GME Position"", ""summary"": ""It's 2021 all over again as shares of video retailer GameStop (GME) soared Thursday after influential retail trader Keith Gill, better known under his Roaring Kitty or DeepF--kingValue aliases, provid..."", ""url"": ""https://coindesk.com/markets/2024/06/06/gamestop-inspired-solana-memecoin-soars-over-80-as-roaring-kitty-flashes-586m-worth-of-gme-position"", ""source"": ""CoinDesk"", ""sentiment"": ""POSITIVE"", ""keywords"": ""GameStop|Memecoin|AMC|Solana|Markets"", ""id"": 42417974, ""guid"": ""ha93388BwWkPe8xtcTcBHp""}, {""date"": ""20240604143956"", ""headline"": ""BODEN Token Up Over 10%, TREMP Gains 5% After Kraken Lists Solana PoliFi Duo"", ""summary"": ""Kraken announced that PoliFi tokens BODEN and TREMP are now available on its Kraken Pro platform, making it the first U.S. exchange to list the PoliFi themed tokens.\n\nBODEN appeared to be the winner, ..."", ""url"": ""https://coindesk.com/markets/2024/06/04/boden-token-up-over-10-tremp-gains-5-after-kraken-lists-solana-polifi-duo"", ""source"": ""CoinDesk"", ""sentiment"": ""POSITIVE"", ""keywords"": ""Trump|biden|Kraken|memecoins"", ""id"": 42418048, ""guid"": ""ha93388BwWkPe8xtcTcImL""}, {""date"": ""20240531025744"", ""headline"": ""As Random Celebs Like Caitlyn Jenner Embrace Solana Meme Coins, Early Hoarders Fare Best"", ""summary"": ""Niche celebrities have recently launched tokens in the crypto market using the Pump Fun application on Solana.\n\nEarly buyers of these celebrity-backed tokens have made significant profits, with some t..."", ""url"": ""https://coindesk.com/markets/2024/05/31/as-random-celebs-like-caitlyn-jenner-embrace-solana-meme-coins-early-hoarders-fare-best"", ""source"": ""CoinDesk"", ""sentiment"": ""NEUTRAL"", ""keywords"": ""meme|Trading|Markets"", ""id"": 42408118, ""guid"": ""GJVPKSa3D710Liw1ga9pIm""}]",{}
22,2024-06-14,2024-06-07,143.0944366455078,162.50704956054688,-0.11945705104815352,D5+,"[{""date"": ""20240611114105"", ""headline"": ""TipLink Aims for Crypto Newcomers With Google-Powered Solana Wallet"", ""summary"": ""Solana {{SOL}} crypto wallet startup TipLink is making a play for newcomer blockchain users with a service that cuts wallet browser extensions out of the equation.\n\nCalled TipLink Wallet Adaptor, it c..."", ""url"": ""https://coindesk.com/business/2024/06/11/tiplink-aims-for-crypto-newcomers-with-google-powered-solana-wallet"", ""source"": ""CoinDesk"", ""sentiment"": ""POSITIVE"", ""keywords"": ""Solana|crypto wallet|Phantom"", ""id"": 42408070, ""guid"": ""GJVPKSa3D710Liw1ga9DNt""}, {""date"": ""20240610125229"", ""headline"": ""Solana Heavyweights Wage War Against Private Mempool Operators"", ""summary"": ""A group of Solana {{SOL}} validators are facing financial penalties for allegedly facilitating economic attacks against crypto traders.\n\nOver 30 validator operators were kicked off the Solana Foundati..."", ""url"": ""https://coindesk.com/business/2024/06/10/solana-heavyweights-wage-war-against-private-mempool-operators"", ""source"": ""CoinDesk"", ""sentiment"": ""NEGATIVE"", ""keywords"": ""Solana|Jito labs|Mempool"", ""id"": 42417941, ""guid"": ""ha93388BwWkPe8xtcTc6sH""}]",{}
23,2024-06-21,2024-06-14,134.5883026123047,143.0944366455078,-0.059444198059744484,D5+,"[{""date"": ""20240620171324"", ""headline"": ""Canada's 3iQ Files to List Solana ETP in Toronto"", ""summary"": ""Canadian asset manager 3iQ announced it has filed a prospectus to list a Solana ETP in Toronto.\n\n3iQ was one of the first fund managers to launch a publicly traded Bitcoin fund, as well as an Ether fu..."", ""url"": ""https://coindesk.com/markets/2024/06/20/canadas-3iq-files-to-list-solana-etp-in-toronto"", ""source"": ""CoinDesk"", ""sentiment"": ""POSITIVE"", ""keywords"": ""Solana|3iQ|3iQ Digital Assets|SOL|TSX|Toronto Stock Exchange"", ""id"": 42408017, ""guid"": ""GJVPKSa3D710Liw1ga8kxY""}, {""date"": ""20240620051235"", ""headline"": ""Solana-Ether Ratio Hits 3-Month Low, Analyst Anticipates Further Losses"", ""summary"": ""The SOL/ETH ratio slides as ether ETF narrative weighs over altcoins.\n\nTechnicals have flipped bearish, signaling more losses ahead for the ratio.\n\nA month ago, CoinDesk discussed how spot ether {{ETH..."", ""url"": ""https://coindesk.com/markets/2024/06/20/solana-ether-ratio-hits-3-month-low-analyst-anticipates-further-losses"", ""source"": ""CoinDesk"", ""sentiment"": ""NEGATIVE"", ""keywords"": ""Solana|Ether|Markets|Technical Analysis"", ""id"": 42408021, ""guid"": ""GJVPKSa3D710Liw1ga8l7T""}, {""date"": ""20240618090000"", ""headline"": ""Sonic, Gaming-Focused Layer-2 Chain on Solana, Raises $12M"", ""summary"": ""Sonic, a gaming-focused layer-2 blockchain atop Solana, has raised $12 million in a fundraising.\n\nThe Series A round was led by Bitkraft and joined by investors including Galaxy Interactive and Big Br..."", ""url"": ""https://coindesk.com/tech/2024/06/18/sonic-gaming-focused-layer-2-chain-on-solana-raises-12m"", ""source"": ""CoinDesk"", ""sentiment"": ""POSITIVE"", ""keywords"": ""Solana|Gaming|Layer 2s"", ""id"": 42390766, ""guid"": ""CpI5Y2Su0uMQDo69bdJpfP""}, {""date"": ""20240618031405"", ""headline"": ""Dogecoin, Solana Lead Crypto Majors Plunge as Bitcoin Falls Below $66K"", ""summary"": ""Major tokens, including Bitcoin and Ether, experienced significant declines in Asian trading hours on Tuesday. This was influenced by ongoing profit-taking and outflows from U.S.-listed Bitcoin ETFs, ..."", ""url"": ""https://coindesk.com/markets/2024/06/18/dogecoin-solana-lead-crypto-majors-plunge-as-bitcoin-falls-below-66k"", ""source"": ""CoinDesk"", ""sentiment"": ""NEGATIVE"", ""keywords"": ""Markets|Trading|Bitcoin"", ""id"": 42390770, ""guid"": ""CpI5Y2Su0uMQDo69bdJqAB""}]",{}
24,2024-06-28,2024-06-21,139.70339965820312,134.5883026123047,0.038005509740567836,U4,"[{""date"": ""20240627092614"", ""headline"": ""VanEck Files for Solana ETF, SOL Rises 8%"", ""summary"": ""SOL has jumped by almost 8% since the filing went live.\n\nThe filing is the first solana ETF registration in the U.S.\n\nAsset manager VanEck filed to sell shares in a Solana {{SOL}} exchange-traded fund..."", ""url"": ""https://coindesk.com/business/2024/06/27/vaneck-files-for-solana-etf-sol-rises-6"", ""source"": ""CoinDesk"", ""sentiment"": ""POSITIVE"", ""keywords"": ""VanEck|ETF|Solana|ETFs"", ""id"": 42407946, ""guid"": ""GJVPKSa3D710Liw1ga8JKo""}, {""date"": ""20240627090000"", ""headline"": ""Solana ETFs and Huge SOL Gains a Real Possibility Under Trump, Major Crypto Trader Says"", ""summary"": ""Under the Biden administration, Solana {{SOL}} appears nowhere close to getting its own ETF in the U.S. But, according to market-making firm GSR, if Donald Trump retakes the White House, it might be c..."", ""url"": ""https://coindesk.com/business/2024/06/27/solana-etfs-and-huge-sol-gains-a-real-possibility-under-trump-major-crypto-trader-says"", ""source"": ""CoinDesk"", ""sentiment"": ""POSITIVE"", ""keywords"": ""Election 2024|Solana|Donald Trump|ETF"", ""id"": 42407944, ""guid"": ""GJVPKSa3D710Liw1ga8JHV""}, {""date"": ""20240625131657"", ""headline"": ""Solana Adds 'Blinks' and 'Actions' so Users Can Trade Crypto on Their Favorite Social Apps"", ""summary"": ""The Solana blockchain has been the epicenter of crypto's latest \""meme coin\"" frenzy, and a new set of features for the chain \u2013 so-called Actions and Blinks \u2013 could help make meme coins and other buzzy ..."", ""url"": ""https://coindesk.com/tech/2024/06/25/solana-adds-blinks-and-actions-so-users-can-trade-crypto-on-their-favorite-social-apps"", ""source"": ""CoinDesk"", ""sentiment"": ""POSITIVE"", ""keywords"": ""Solana|Web3|Social Media|meme coins"", ""id"": 42417884, ""guid"": ""ha93388BwWkPe8xtcTbr2b""}, {""date"": ""20240625090905"", ""headline"": ""Solana-Focused Startup Accelerator Colosseum Raises $60M to Invest in Early-Stage Projects"", ""summary"": ""Colosseum, a company that sets up hackathons for the Solana ecosystem, raised $60 million.\n\nThe company has already deployed $2.75 million to 11 different companies.\n\nColosseum, the recently launched ..."", ""url"": ""https://coindesk.com/business/2024/06/25/solana-focused-startup-accelerator-colosseum-raises-60m-to-invest-in-early-stage-projects"", ""source"": ""CoinDesk"", ""sentiment"": ""POSITIVE"", ""keywords"": ""Solana|Solana Foundation|Hackathon|fund"", ""id"": 42417871, ""guid"": ""ha93388BwWkPe8xtcTbqpB""}]",{}
25,2024-07-05,2024-06-28,134.3693389892578,139.70339965820312,-0.0381813233034813,D4,"[{""date"": ""20240703080000"", ""headline"": ""Solana Meme Coin MEW's Cat Character to Feature on Trending Telegram Mini Game"", ""summary"": ""Web3 gaming ecosystem Pixelverse will add Solana-based meme coin character MEW to its real-time game rooster.\n\nThe move will likely attract a new audience within the Telegram ecosystem, where the Pixe..."", ""url"": ""https://coindesk.com/markets/2024/07/03/solana-meme-coin-mews-cat-character-to-feature-on-trending-telegram-mini-game"", ""source"": ""CoinDesk"", ""sentiment"": ""POSITIVE"", ""keywords"": ""meme|Solana|Exclusive |Telegram|Telegram Open Network"", ""id"": 42417822, ""guid"": ""ha93388BwWkPe8xtcTa0lB""}, {""date"": ""20240628124558"", ""headline"": ""Solana ETF Applications Look Like Bets on Trump Retaking White House, Making U.S. Friendlier to Crypto"", ""summary"": ""Two asset managers, VanEck and 21Shares, filed to launch solana ETFs this week.\n\nThey appear to be dead-on-arrival under Joe Biden, but a key deadline in the approval process would be next year, when ..."", ""url"": ""https://coindesk.com/news-analysis/2024/06/28/solana-etf-applications-look-like-bets-on-trump-retaking-white-house-making-us-friendlier-to-crypto"", ""source"": ""CoinDesk"", ""sentiment"": ""NEUTRAL"", ""keywords"": ""Analysis|Solana|ETFs|Election 2024"", ""id"": 42407924, ""guid"": ""GJVPKSa3D710Liw1ga8C8R""}]",{}
26,2024-07-12,2024-07-05,139.52801513671875,134.3693389892578,0.03839176545977761,U4,"[{""date"": ""20240709070000"", ""headline"": ""Blockchain Startup Rome Raises $9M to Serve Ethereum Layer-2s Through Solana"", ""summary"": ""Rome, a crypto startup project aiming to use Solana as an auxiliary network to provide services to layer-2 blockchains built atop Ethereum, emerged from stealth and announced it has raised $9 million ..."", ""url"": ""https://coindesk.com/tech/2024/07/09/blockchain-startup-rome-raises-9m-to-serve-ethereum-layer-2s-through-solana"", ""source"": ""CoinDesk"", ""sentiment"": ""POSITIVE"", ""keywords"": ""Ethereum|Solana|Layer 2s|shared sequencers|data availability|Fundraising|Exclusive "", ""id"": 42407908, ""guid"": ""GJVPKSa3D710Liw1ga7XOJ""}, {""date"": ""20240708173404"", ""headline"": ""VanEck, 21Shares Solana ETF Plan Confirmed in Cboe Filing"", ""summary"": ""Cboe has confirmed two asset managers' plans to launch a Solana-based exchange-traded fund (ETF).\n\nThe exchange submitted 19b-4 filings with the Securities and Exchanges Commission (SEC) on Monday, as..."", ""url"": ""https://coindesk.com/business/2024/07/08/vaneck-21shares-solana-etf-plan-confirmed-in-cboe-filing"", ""source"": ""CoinDesk"", ""sentiment"": ""POSITIVE"", ""keywords"": ""Solana|ETFs|CBOE|exchange-traded funds|ETF"", ""id"": 42417754, ""guid"": ""ha93388BwWkPe8xtcTZtS1""}, {""date"": ""20240705005552"", ""headline"": ""Crypto Bulls Rack up $580M Liquidations as Bitcoin Drops 8%, Ether, Solana, Dogecoin Plunge"", ""summary"": ""Bullish trades on bitcoin and ether together registered over $380 million in losses.\n\nThe largest single liquidation order was on Binance\u2014an ETH trade valued at $18.4 million\n\nCrypto majors plunged as..."", ""url"": ""https://coindesk.com/markets/2024/07/05/crypto-bulls-rack-up-580m-liquidations-as-bitcoin-drops-8-ether-solana-dogecoin-plunge"", ""source"": ""CoinDesk"", ""sentiment"": ""NEGATIVE"", ""keywords"": ""Bitcoin|Trading|Markets"", ""id"": 42417786, ""guid"": ""ha93388BwWkPe8xtcTZvbB""}]",{}
27,2024-07-19,2024-07-12,169.1858673095703,139.52801513671875,0.2125584037283899,U5+,"[{""date"": ""20240717151111"", ""headline"": ""Why We Chose Sui Over Solana for Our DePIN"", ""summary"": ""Looking at crypto news headlines, it would seem initially that Solana has firmly established itself as the home of DePIN. From Hivemapper to Helium, some of the most well-known DePIN projects are buil..."", ""url"": ""https://coindesk.com/opinion/2024/07/17/why-we-chose-sui-over-solana-for-our-depin"", ""source"": ""CoinDesk"", ""sentiment"": ""NEGATIVE"", ""keywords"": ""Opinion|DePIN"", ""id"": 42417670, ""guid"": ""ha93388BwWkPe8xtcTZUbt""}, {""date"": ""20240716063551"", ""headline"": ""Crypto Traders Search for Clues in Solana's Triangle Pattern "", ""summary"": ""SOL's daily chart shows a triangular consolidation pattern.\n\nA breakout would signal a continuation of the broader uptrend, according to Fairlead Strategies.\n\nCrypto traders looking for clues on the n..."", ""url"": ""https://coindesk.com/markets/2024/07/16/crypto-traders-search-for-clues-in-solanas-triangle-pattern"", ""source"": ""CoinDesk"", ""sentiment"": ""NEUTRAL"", ""keywords"": ""Solana|Technical Analysis|Markets"", ""id"": 42407857, ""guid"": ""GJVPKSa3D710Liw1ga6mfr""}]",{}
28,2024-07-26,2024-07-19,183.13671875,169.1858673095703,0.08245872815666638,U5+,"[{""date"": ""20240725110005"", ""headline"": ""Jito Releases Open-Source Restaking Service for Solana"", ""summary"": ""Solana's march toward restaking took a big leap Thursday, with infrastructure project Jito Foundation releasing the code for a staking and restaking program \u2013 the network's first.\n\nRestaking theoretic..."", ""url"": ""https://coindesk.com/tech/2024/07/25/jito-releases-open-source-restaking-service-for-solana"", ""source"": ""CoinDesk"", ""sentiment"": ""POSITIVE"", ""keywords"": ""Restaking|Solana"", ""id"": 42417593, ""guid"": ""ha93388BwWkPe8xtcTZBWv""}, {""date"": ""20240724080000"", ""headline"": ""AgriDex Settles First Agricultural Trade on Solana Blockchain"", ""summary"": ""AgriDex has settled its first agricultural trade on the Solana blockchain.\n\nIt facilitated the shipment of two hundred bottles of extra virgin olive oil and multiple cases of wine from a farm and vine..."", ""url"": ""https://coindesk.com/markets/2024/07/24/agridex-settles-first-agricultural-trade-on-solana-blockchain"", ""source"": ""CoinDesk"", ""sentiment"": ""POSITIVE"", ""keywords"": ""Agriculture|Solana|London|South Africa|Blockchain|Real World Assets  |Transaction Fees|Settlement|Exclusive "", ""id"": 42407790, ""guid"": ""GJVPKSa3D710Liw1ga5fYh""}, {""date"": ""20240723070000"", ""headline"": ""Solana Sees Arrival of Nomura, Brevan Howard-Affiliated Tokenization Firm Libre"", ""summary"": ""Adding Libre\u2019s tokenization gateway to Solana offers users access to Hamilton Lane\u2019s SCOPE fund, the Brevan Howard Master Fund and Blackrock ICS Money Market Fund.\n\nLibre\u2019s Solana expansion has garner..."", ""url"": ""https://coindesk.com/business/2024/07/23/solana-sees-arrival-of-nomura-brevan-howard-affiliated-tokenization-firm-libre"", ""source"": ""CoinDesk"", ""sentiment"": ""POSITIVE"", ""keywords"": ""Brevan Howard|Nomura|Tokenization|Solana|Investing"", ""id"": 42407811, ""guid"": ""GJVPKSa3D710Liw1ga5rsU""}, {""date"": ""20240722080425"", ""headline"": ""Solana ETF Hopes, Rising Fundamentals Are Driving SOL Prices Higher, Traders Say"", ""summary"": ""Increased transactional activity on Solana-based applications and a surge in the total value locked (TVL) on the network have contributed to Solana's recent outperformance.\n\nExpectations of a possible..."", ""url"": ""https://coindesk.com/markets/2024/07/22/solana-etf-hopes-rising-fundamentals-are-driving-sol-prices-higher-traders-say"", ""source"": ""CoinDesk"", ""sentiment"": ""POSITIVE"", ""keywords"": ""Solana|Trading|Markets|ETF"", ""id"": 42417655, ""guid"": ""ha93388BwWkPe8xtcTZMtx""}, {""date"": ""20240722054512"", ""headline"": ""Popcat Crosses $1B, Mog Rallies as Solana, Ethereum Beta Bets Gain Favor"", ""summary"": ""Meme coins popcat (POPCAT) and mog (MOG) surged over the weekend, driven by the cat-themed narrative and their use as beta bets by some traders.\n\nPOPCAT briefly topped $1 billion capitalization to eme..."", ""url"": ""https://coindesk.com/markets/2024/07/22/popcat-crosses-1b-mog-rallies-as-solana-ethereum-beta-bets-gain-favor"", ""source"": ""CoinDesk"", ""sentiment"": ""POSITIVE"", ""keywords"": ""meme|Trading|Markets"", ""id"": 42417649, ""guid"": ""ha93388BwWkPe8xtcTZMmj""}, {""date"": ""20240719134840"", ""headline"": ""Bitcoin Tops $67K as Cryptos Rally Amid Global IT Outage; Solana's SOL Leads Altcoins"", ""summary"": ""Bitcoin hit a one-month high price, surging 5.5% over the past 24 hours.\n\nSolana rose 8%, topping $170 for the first time since early June.\n\nCrypto observers highlight the resiliency of decentralized ..."", ""url"": ""https://coindesk.com/markets/2024/07/19/bitcoin-tops-66k-as-cryptos-rally-amid-global-it-outage-solanas-sol-leads-altcoins"", ""source"": ""CoinDesk"", ""sentiment"": ""POSITIVE"", ""keywords"": ""Market Wrap|Bitcoin|Solana|Capriole Investments|QCP Capital|Bitcoin ETF"", ""id"": 42417646, ""guid"": ""ha93388BwWkPe8xtcTZMon""}, {""date"": ""20240719051619"", ""headline"": ""CrowdStrike, Windows BSoD Meme Tokens Populate Solana and Ethereum Amid Global Internet Outage"", ""summary"": ""Dozens of new crypto tokens themed after internet services company CrowdStrike and the popular Microsoft \u201cBlue Screen of Death\u201d (BSoD) error were issued on Ethereum and Solana blockchains amid a repor..."", ""url"": ""https://coindesk.com/markets/2024/07/19/crowdstrike-windows-bsod-meme-tokens-populate-solana-and-ethereum-amid-global-internet-outage"", ""source"": ""CoinDesk"", ""sentiment"": ""NEUTRAL"", ""keywords"": ""Trading|Markets|meme"", ""id"": 42407830, ""guid"": ""GJVPKSa3D710Liw1ga6CPT""}]",{}
29,2024-08-02,2024-07-26,152.6382293701172,183.13671875,-0.16653399486487638,D5+,"[{""date"": ""20240730162255"", ""headline"": ""Anthony Pompliano: Bitcoin Will Be on U.S. Balance Sheet in 'Next 10, 15 Years' and Investing in Solana for Less Than a Dollar"", ""summary"": ""Anthony Pompliano, CEO of Professional Capital Management spoke with CoinDesk's Jennifer Sanasie. The following is a lightly edited transcript of their interview.\n\nJennifer Sanasie: It's Tuesday, July..."", ""url"": ""https://coindesk.com/business/2024/07/30/anthony-pompliano-bitcoin-will-be-on-us-balance-sheet-in-next-10-15-years-and-investing-in-solana-for-less-than-a-dollar"", ""source"": ""CoinDesk"", ""sentiment"": ""POSITIVE"", ""keywords"": ""transcription|cdtv|SOL"", ""id"": 42390693, ""guid"": ""CpI5Y2Su0uMQDo69bd5hqL""}, {""date"": ""20240730030042"", ""headline"": ""Bitcoin Slides to $66K in Wake of Silk Road BTC Movements, Solana\u2019s SOL Leads Majors Losses"", ""summary"": ""Bitcoin's price dipped to $66,000 early Tuesday, erasing last week's gains.\n\nThe slide came after the U.S. government moved $2 billion worth of bitcoin, raising concerns of potential selling pressure...."", ""url"": ""https://coindesk.com/markets/2024/07/30/bitcoin-slides-to-66k-in-wake-of-silk-road-btc-movements-solanas-sol-leads-majors-losses"", ""source"": ""CoinDesk"", ""sentiment"": ""NEGATIVE"", ""keywords"": ""Bitcoin|Trading|Markets"", ""id"": 42390710, ""guid"": ""CpI5Y2Su0uMQDo69bd5qWt""}]",{}
30,2024-08-09,2024-08-02,156.45721435546875,152.6382293701172,0.025019845952820165,U3,"[{""date"": ""20240807234415"", ""headline"": ""Brazil\u2019s Securities and Exchange Commission Approves Solana-Based ETF"", ""summary"": ""The Brazilian Securities and Exchange Commission (CVM) has approved a Solana-based exchange-traded fund (ETF), the agency disclosed in its central database on Wednesday.\n\nIt is the first product of it..."", ""url"": ""https://coindesk.com/policy/2024/08/08/brazils-securities-and-exchange-commission-approves-solana-based-etf"", ""source"": ""CoinDesk"", ""sentiment"": ""POSITIVE"", ""keywords"": ""Regulations|Brazil|Solana|ETFs"", ""id"": 42390645, ""guid"": ""CpI5Y2Su0uMQDo69bd4zzx""}, {""date"": ""20240807112112"", ""headline"": ""Solana Hits All-Time High Against Ether, Outperforms Bitcoin in Crypto Rebound"", ""summary"": ""Cryptocurrencies continued their bounce from Monday lows on Wednesday, with layer-1 network Solana's token {{SOL}} being the fastest horse during the rebound.\n\nThe sharp relative move higher for SOL p..."", ""url"": ""https://coindesk.com/markets/2024/08/07/solana-hits-all-time-high-against-ether-outperforms-bitcoin-in-crypto-rebound"", ""source"": ""CoinDesk"", ""sentiment"": ""POSITIVE"", ""keywords"": ""Markets|Solana|Ether|Bitcoin|K33 research|Delphi Digital"", ""id"": 42390659, ""guid"": ""CpI5Y2Su0uMQDo69bd519l""}, {""date"": ""20240807042836"", ""headline"": ""Solana-Based Memecoins Surge as SOL Jumps 38% From Monday's Lows"", ""summary"": ""Cat-themed token POPCAT and dog-themed WIF jumped 25%, while smaller tokens MUMU and CATDOG were up 30%.\n\nThe surge in Solana-based tokens contrasted with declines in major memecoins on other blockcha..."", ""url"": ""https://coindesk.com/markets/2024/08/07/solana-based-memecoins-surge-as-sol-jumps-38-from-mondays-lows"", ""source"": ""CoinDesk"", ""sentiment"": ""POSITIVE"", ""keywords"": ""Trading|Markets|ETF|Solana"", ""id"": 42407744, ""guid"": ""GJVPKSa3D710Liw1ga410O""}, {""date"": ""20240806090000"", ""headline"": ""Crypto Bank Anchorage Adds Custody for Solana-Based Tokens"", ""summary"": ""Anchorage Digital Bank is adding custody support for tokens on the Solana blockchain, CEO Nathan McCauley told CoinDesk.\n\nThe federally chartered custody company will initially allow its customers \u2013 r..."", ""url"": ""https://coindesk.com/business/2024/08/06/crypto-bank-anchorage-adds-custody-for-solana-based-tokens"", ""source"": ""CoinDesk"", ""sentiment"": ""POSITIVE"", ""keywords"": ""Solana|Anchorage|Custody"", ""id"": 42417503, ""guid"": ""ha93388BwWkPe8xtcTYd6D""}, {""date"": ""20240806015733"", ""headline"": ""Bitcoin Jumps Above $56K, Solana Leads Recovery From Monday's Rout"", ""summary"": ""Bitcoin and Japanese stocks look to stabilize amid rate cut talks.\n\nInstitutional investors sold spot ETFs Monday.\n\nBitcoin (BTC) zoomed above $56,000 early Tuesday amid a broader market recovery in A..."", ""url"": ""https://coindesk.com/markets/2024/08/06/bitcoin-jumps-above-56k-solana-leads-recovery-from-mondays-rout"", ""source"": ""CoinDesk"", ""sentiment"": ""POSITIVE"", ""keywords"": ""Bitcoin|Trading|Markets"", ""id"": 42417500, ""guid"": ""ha93388BwWkPe8xtcTYd49""}, {""date"": ""20240804111600"", ""headline"": ""Bitcoin Plunges Under $60K; Crypto Bulls Lose $200M as Dogecoin, Solana Tokens Drop 10%"", ""summary"": ""Bitcoin slumped under $60,000 in early U.S. hours Sunday as a market sell-off continued into its fourth day, with bullish futures bets losing nearly $200 million in the past 24 hours.\n\nEther (ETH) fel..."", ""url"": ""https://coindesk.com/markets/2024/08/04/bitcoin-plunges-under-60k-crypto-bulls-lose-200m-as-dogecoin-solana-tokens-drop-10"", ""source"": ""CoinDesk"", ""sentiment"": ""NEGATIVE"", ""keywords"": ""btc|Bitcoin|Markets|Trading"", ""id"": 42417585, ""guid"": ""ha93388BwWkPe8xtcTYeY1""}]",{}
31,2024-08-16,2024-08-09,139.33056640625,156.45721435546875,-0.10946537697077509,D5+,"[{""date"": ""20240814120000"", ""headline"": ""As Restaking Takes Shape on Solana, Ethereum's Renzo Jumps in With 'ezSOL'"", ""summary"": ""Early efforts on the Solana blockchain to develop a framework for \""restaking\"" \u2013 a way of securing new protocols and applications without having to spin up additional validator networks \u2013 appear to be ..."", ""url"": ""https://coindesk.com/tech/2024/08/14/as-restaking-takes-shape-on-solana-ethereum-focused-renzo-jumps-in-with-ezsol"", ""source"": ""CoinDesk"", ""sentiment"": ""POSITIVE"", ""keywords"": ""Jito labs|Solana|Restaking|EigenLayer|Ethereum"", ""id"": 42417440, ""guid"": ""ha93388BwWkPe8xtcTYQxh""}]",{}
32,2024-08-23,2024-08-16,153.10708618164062,139.33056640625,0.09887650736466573,U5+,"[{""date"": ""20240820154007"", ""headline"": ""Second Solana ETF Approved in Brazil"", ""summary"": ""The Brazilian Securities and Exchange Commission (CVM) has approved a second Solana exchange-traded fund (ETF), the agency disclosed in its central database.\n\nAccording to the CVM database, the new So..."", ""url"": ""https://coindesk.com/business/2024/08/20/second-solana-etf-approved-in-brazil"", ""source"": ""CoinDesk"", ""sentiment"": ""POSITIVE"", ""keywords"": ""Brazil|Solana|ETF|Hashdex|BTG Pactual"", ""id"": 42417402, ""guid"": ""ha93388BwWkPe8xtcTYIdZ""}, {""date"": ""20240819210532"", ""headline"": ""Solana's Former Top Decentralized Crypto Exchange Faces SEC Securities Violations"", ""summary"": ""Mango Markets, Solana's once-mighty decentralized crypto exchange that was gutted by convicted fraudster Avraham Eisenberg, is preparing to settle with the U.S. Securities and Exchange commission over..."", ""url"": ""https://coindesk.com/policy/2024/08/20/solanas-former-top-decentralized-crypto-exchange-faces-sec-securities-violations"", ""source"": ""CoinDesk"", ""sentiment"": ""NEGATIVE"", ""keywords"": ""Solana|Mango Markets"", ""id"": 42390576, ""guid"": ""CpI5Y2Su0uMQDo69bd3ni5""}, {""date"": ""20240819101500"", ""headline"": ""Crypto's Bet on Election Betting Expands to Solana"", ""summary"": ""Solana-based crypto trading platform Drift is adding prediction markets to its product lineup, placing a bet on Polymarket-style election betting, but with a few twists.\n\nThe BET service will allow tr..."", ""url"": ""https://coindesk.com/policy/2024/08/19/cryptos-bet-on-election-betting-expands-to-solana"", ""source"": ""CoinDesk"", ""sentiment"": ""POSITIVE"", ""keywords"": ""Election 2024|Drift"", ""id"": 42390578, ""guid"": ""CpI5Y2Su0uMQDo69bd3nsL""}]",{}
33,2024-08-30,2024-08-23,138.09999084472656,153.10708618164062,-0.09801698739867726,D5+,"[{""date"": ""20240826144048"", ""headline"": ""PayPal's Stablecoin Hits $1B Market Cap as Incentives Boost Activity on Solana"", ""summary"": ""PayPal's PYUSD reached $1 billion in supply, per CoinMarketCap data.\n\nThe stablecoin benefited from its expansion to the bustling Solana ecosystem, with its supply on the network already surpassing th..."", ""url"": ""https://coindesk.com/markets/2024/08/26/paypals-stablecoin-hits-1b-market-cap-as-incentives-boost-activity-on-solana"", ""source"": ""CoinDesk"", ""sentiment"": ""POSITIVE"", ""keywords"": ""PayPal|Stablecoin|Solana|Paxos"", ""id"": 42407733, ""guid"": ""GJVPKSa3D710Liw1ga2DbD""}]",{}
34,2024-09-06,2024-08-30,124.99007415771484,138.09999084472656,-0.09493061228187857,D5+,"[{""date"": ""20240904033607"", ""headline"": ""Solana's SOL Gets First Implied Volatility Index on Volmex"", ""summary"": ""Volmex announces 14-day implied volatility index tied to SOL.\n\nMore indices to be debuted in months ahead, Volmex said.\n\nCrypto derivatives protocol Volmex Finance unveiled a new implied volatility in..."", ""url"": ""https://coindesk.com/markets/2024/09/04/solanas-sol-gets-first-implied-volatility-index-on-volmex"", ""source"": ""CoinDesk"", ""sentiment"": ""POSITIVE"", ""keywords"": ""Solana|SOL|Volatility|Market"", ""id"": 42390468, ""guid"": ""CpI5Y2Su0uMQDo69bd1zcF""}]",{}
35,2024-09-13,2024-09-06,139.1005401611328,124.99007415771484,0.1128926924678284,U5+,"[{""date"": ""20240911050000"", ""headline"": ""Tokenized RWA Platform Huma Finance Gets $38M Investment, Plans Expansion to Solana and Stellar\u2019s Soroban"", ""summary"": ""The fundraising round consisted of $10 million equity investment and $28 million of investments in real-world assets on Huma's platform.\n\nInvestors included Distributed Global with significant partici..."", ""url"": ""https://coindesk.com/business/2024/09/11/tokenized-rwa-platform-huma-finance-gets-38m-investment-plans-expansion-to-solana-and-stellars-soroban"", ""source"": ""CoinDesk"", ""sentiment"": ""POSITIVE"", ""keywords"": ""Real World Assets  |Tokenized Assets|Tokenization|Trade Finance|Solana|Stellar|Exclusive |Fundraising"", ""id"": 42417270, ""guid"": ""ha93388BwWkPe8xtcTXq6H""}, {""date"": ""20240906090000"", ""headline"": ""Sonic SVM, Gaming Project on Solana Blockchain, Plans $12.8M Node Sale"", ""summary"": ""Sonic SVM has built its own framework, HyperGrid, which can be used to spin up new networks called \""grids\"" that ultimately settle to the Solana blockchain.\n\nThe sale is scheduled for the week of Sept...."", ""url"": ""https://coindesk.com/tech/2024/09/06/sonic-svm-gaming-project-on-solana-blockchain-plans-128m-node-sale"", ""source"": ""CoinDesk"", ""sentiment"": ""POSITIVE"", ""keywords"": ""Solana|Gaming|node sales|Fundraising|Layer 2s"", ""id"": 42390416, ""guid"": ""CpI5Y2Su0uMQDo69bd1ZJD""}]",{}
36,2024-09-20,2024-09-13,146.56680297851562,139.1005401611328,0.05367529708176518,U5+,"[{""date"": ""20240919074600"", ""headline"": ""Solana-Based Drift Raises $25M to Build 'SuperApp' for DeFi Trading "", ""summary"": ""Drift raised $25 million in a Series B funding round led by Multicoin Capital.\n\nThe decentralized finance platform plans to build an array of financial services tools, including spot and derivatives t..."", ""url"": ""https://coindesk.com/business/2024/09/19/solana-based-drift-raises-25m-toward-goal-of-becoming-robinhood-of-crypto-report"", ""source"": ""CoinDesk"", ""sentiment"": ""POSITIVE"", ""keywords"": ""Drift|Solana|Series B|Fundraising|DeFi|dexs"", ""id"": 42417196, ""guid"": ""ha93388BwWkPe8xtcTTGrV""}, {""date"": ""20240918235000"", ""headline"": ""Solana Unveils Details of Second Crypto Phone 'Seeker'"", ""summary"": ""SINGAPORE \u2013\u2013 Solana Labs's phone designing subsidiary is slated to ship its second crypto phone in 2025, Solana Mobile announced at the Token 2049 conference on Thursday.\n\nCalled Seeker, the upcoming ..."", ""url"": ""https://coindesk.com/markets/2024/09/19/solana-unveils-details-of-second-crypto-phone-seeker"", ""source"": ""CoinDesk"", ""sentiment"": ""POSITIVE"", ""keywords"": ""Solana|Solana Foundation"", ""id"": 42417200, ""guid"": ""ha93388BwWkPe8xtcTTGtZ""}, {""date"": ""20240918080000"", ""headline"": ""Borderless Capital Introduces $100M DePIN Fund Backed by Peaq, Solana Foundation"", ""summary"": ""Borderless Capital has unveiled its third DePIN fund with $100 million in backing.\n\nThe fund counts DePIN-focused blockchain Peaq amongst its investors, as well as the Solana Foundation, Jump Crypto a..."", ""url"": ""https://coindesk.com/tech/2024/09/17/borderless-capital-introduces-100m-depin-fund-backed-by-peaq-solana-foundation"", ""source"": ""CoinDesk"", ""sentiment"": ""POSITIVE"", ""keywords"": ""DePIN|fund|Borderless Capital"", ""id"": 42407579, ""guid"": ""GJVPKSa3D710Liw1gZucrA""}]",{}
37,2024-09-27,2024-09-20,157.74993896484375,146.56680297851562,0.07630060667944975,U5+,"[{""date"": ""20240920035025"", ""headline"": ""Jump's 'Frankendancer' Validator Client Is Live on Solana Mainnet"", ""summary"": ""Frankendancer, a validator client for the Solana blockchain that adds contributions from Jump Crypto to existing software, is up and running.\n\nThe fully new client, Firedancer, is running on testnet, ..."", ""url"": ""https://coindesk.com/tech/2024/09/20/jumps-frankendancer-validator-client-is-live-on-solana-mainnet"", ""source"": ""CoinDesk"", ""sentiment"": ""POSITIVE"", ""keywords"": ""Jump Crypto|Solana|Validators"", ""id"": 42390370, ""guid"": ""CpI5Y2Su0uMQDo69bcUwod""}, {""date"": ""20240920030000"", ""headline"": ""SocGen's Crypto Unit Takes Euro Stablecoin to Solana After Flopping on Ethereum"", ""summary"": ""SINGAPORE \u2013 SG Forge, a subsidiary of Societe Generale, will roll out euro stablecoin EUR CoinVertible (EURCV) on the Solana blockchain, the French financial services firm said Friday.\n\nSG Forge launc..."", ""url"": ""https://coindesk.com/business/2024/09/20/socgens-crypto-unit-takes-euro-stablecoin-to-solana-after-flopping-on-ethereum"", ""source"": ""CoinDesk"", ""sentiment"": ""NEUTRAL"", ""keywords"": ""Soci\u00e9t\u00e9 G\u00e9n\u00e9rale|Stablecoin|Solana|Ethereum|Euro"", ""id"": 42390358, ""guid"": ""CpI5Y2Su0uMQDo69bcUwEj""}]",{}
38,2024-10-04,2024-09-27,143.17227172851562,157.74993896484375,-0.09240997069150635,D5+,"[{""date"": ""20240920035025"", ""headline"": ""Jump's 'Frankendancer' Validator Client Is Live on Solana Mainnet"", ""summary"": ""Frankendancer, a validator client for the Solana blockchain that adds contributions from Jump Crypto to existing software, is up and running.\n\nThe fully new client, Firedancer, is running on testnet, ..."", ""url"": ""https://coindesk.com/tech/2024/09/20/jumps-frankendancer-validator-client-is-live-on-solana-mainnet"", ""source"": ""CoinDesk"", ""sentiment"": ""POSITIVE"", ""keywords"": ""Jump Crypto|Solana|Validators"", ""id"": 42390370, ""guid"": ""CpI5Y2Su0uMQDo69bcUwod""}, {""date"": ""20240920030000"", ""headline"": ""SocGen's Crypto Unit Takes Euro Stablecoin to Solana After Flopping on Ethereum"", ""summary"": ""SINGAPORE \u2013 SG Forge, a subsidiary of Societe Generale, will roll out euro stablecoin EUR CoinVertible (EURCV) on the Solana blockchain, the French financial services firm said Friday.\n\nSG Forge launc..."", ""url"": ""https://coindesk.com/business/2024/09/20/socgens-crypto-unit-takes-euro-stablecoin-to-solana-after-flopping-on-ethereum"", ""source"": ""CoinDesk"", ""sentiment"": ""NEUTRAL"", ""keywords"": ""Soci\u00e9t\u00e9 G\u00e9n\u00e9rale|Stablecoin|Solana|Ethereum|Euro"", ""id"": 42390358, ""guid"": ""CpI5Y2Su0uMQDo69bcUwEj""}, {""date"": ""20240919074600"", ""headline"": ""Solana-Based Drift Raises $25M to Build 'SuperApp' for DeFi Trading "", ""summary"": ""Drift raised $25 million in a Series B funding round led by Multicoin Capital.\n\nThe decentralized finance platform plans to build an array of financial services tools, including spot and derivatives t..."", ""url"": ""https://coindesk.com/business/2024/09/19/solana-based-drift-raises-25m-toward-goal-of-becoming-robinhood-of-crypto-report"", ""source"": ""CoinDesk"", ""sentiment"": ""POSITIVE"", ""keywords"": ""Drift|Solana|Series B|Fundraising|DeFi|dexs"", ""id"": 42417196, ""guid"": ""ha93388BwWkPe8xtcTTGrV""}, {""date"": ""20240918235000"", ""headline"": ""Solana Unveils Details of Second Crypto Phone 'Seeker'"", ""summary"": ""SINGAPORE \u2013\u2013 Solana Labs's phone designing subsidiary is slated to ship its second crypto phone in 2025, Solana Mobile announced at the Token 2049 conference on Thursday.\n\nCalled Seeker, the upcoming ..."", ""url"": ""https://coindesk.com/markets/2024/09/19/solana-unveils-details-of-second-crypto-phone-seeker"", ""source"": ""CoinDesk"", ""sentiment"": ""POSITIVE"", ""keywords"": ""Solana|Solana Foundation"", ""id"": 42417200, ""guid"": ""ha93388BwWkPe8xtcTTGtZ""}, {""date"": ""20240918080000"", ""headline"": ""Borderless Capital Introduces $100M DePIN Fund Backed by Peaq, Solana Foundation"", ""summary"": ""Borderless Capital has unveiled its third DePIN fund with $100 million in backing.\n\nThe fund counts DePIN-focused blockchain Peaq amongst its investors, as well as the Solana Foundation, Jump Crypto a..."", ""url"": ""https://coindesk.com/tech/2024/09/17/borderless-capital-introduces-100m-depin-fund-backed-by-peaq-solana-foundation"", ""source"": ""CoinDesk"", ""sentiment"": ""POSITIVE"", ""keywords"": ""DePIN|fund|Borderless Capital"", ""id"": 42407579, ""guid"": ""GJVPKSa3D710Liw1gZucrA""}]",{}
39,2024-10-11,2024-10-04,145.3811492919922,143.17227172851562,0.015428110043996881,U2,"[{""date"": ""20241008143056"", ""headline"": ""Solana Is 'Richly Valued' Versus Ether, but Could Still Outperform If Trump Gets Elected: Standard Chartered"", ""summary"": ""Solana {{SOL}} looks overvalued compared to Ethereum {{ETH}} based on several metrics, but each token's relative performance to each other and bitcoin {{BTC}} depends heavily on who will be the next p..."", ""url"": ""https://coindesk.com/markets/2024/10/08/solana-is-richly-valued-versus-ether-but-could-still-outperform-if-trump-gets-elected-standard-chartered"", ""source"": ""CoinDesk"", ""sentiment"": ""NEUTRAL"", ""keywords"": ""Solana|Ethereum|Standard Chartered Bank|Markets"", ""id"": 42390216, ""guid"": ""CpI5Y2Su0uMQDo69bbtXzr""}, {""date"": ""20241008105815"", ""headline"": ""Binance, FalconX and the Curious Case of 1.35M Missing Solana Tokens"", ""summary"": ""CORRECTION (Oct. 8, 2024, 18:42 UTC): An earlier version of this story asserted that FalconX lost track of who the 1.35 million solana tokens belonged to. FalconX said it never knew who sent the SOL, ..."", ""url"": ""https://coindesk.com/business/2024/10/08/binance-falconx-and-the-curious-case-of-135m-missing-solana-tokens"", ""source"": ""CoinDesk"", ""sentiment"": ""NEUTRAL"", ""keywords"": ""Binance|FalconX|Solana|Exclusive "", ""id"": 42390209, ""guid"": ""CpI5Y2Su0uMQDo69bbtXV5""}]",{}
40,2024-10-18,2024-10-11,154.97593688964844,145.3811492919922,0.06599746696447904,U5+,"[{""date"": ""20241008143056"", ""headline"": ""Solana Is 'Richly Valued' Versus Ether, but Could Still Outperform If Trump Gets Elected: Standard Chartered"", ""summary"": ""Solana {{SOL}} looks overvalued compared to Ethereum {{ETH}} based on several metrics, but each token's relative performance to each other and bitcoin {{BTC}} depends heavily on who will be the next p..."", ""url"": ""https://coindesk.com/markets/2024/10/08/solana-is-richly-valued-versus-ether-but-could-still-outperform-if-trump-gets-elected-standard-chartered"", ""source"": ""CoinDesk"", ""sentiment"": ""NEUTRAL"", ""keywords"": ""Solana|Ethereum|Standard Chartered Bank|Markets"", ""id"": 42390216, ""guid"": ""CpI5Y2Su0uMQDo69bbtXzr""}, {""date"": ""20241008105815"", ""headline"": ""Binance, FalconX and the Curious Case of 1.35M Missing Solana Tokens"", ""summary"": ""CORRECTION (Oct. 8, 2024, 18:42 UTC): An earlier version of this story asserted that FalconX lost track of who the 1.35 million solana tokens belonged to. FalconX said it never knew who sent the SOL, ..."", ""url"": ""https://coindesk.com/business/2024/10/08/binance-falconx-and-the-curious-case-of-135m-missing-solana-tokens"", ""source"": ""CoinDesk"", ""sentiment"": ""NEUTRAL"", ""keywords"": ""Binance|FalconX|Solana|Exclusive "", ""id"": 42390209, ""guid"": ""CpI5Y2Su0uMQDo69bbtXV5""}, {""date"": ""20240920035025"", ""headline"": ""Jump's 'Frankendancer' Validator Client Is Live on Solana Mainnet"", ""summary"": ""Frankendancer, a validator client for the Solana blockchain that adds contributions from Jump Crypto to existing software, is up and running.\n\nThe fully new client, Firedancer, is running on testnet, ..."", ""url"": ""https://coindesk.com/tech/2024/09/20/jumps-frankendancer-validator-client-is-live-on-solana-mainnet"", ""source"": ""CoinDesk"", ""sentiment"": ""POSITIVE"", ""keywords"": ""Jump Crypto|Solana|Validators"", ""id"": 42390370, ""guid"": ""CpI5Y2Su0uMQDo69bcUwod""}, {""date"": ""20240920030000"", ""headline"": ""SocGen's Crypto Unit Takes Euro Stablecoin to Solana After Flopping on Ethereum"", ""summary"": ""SINGAPORE \u2013 SG Forge, a subsidiary of Societe Generale, will roll out euro stablecoin EUR CoinVertible (EURCV) on the Solana blockchain, the French financial services firm said Friday.\n\nSG Forge launc..."", ""url"": ""https://coindesk.com/business/2024/09/20/socgens-crypto-unit-takes-euro-stablecoin-to-solana-after-flopping-on-ethereum"", ""source"": ""CoinDesk"", ""sentiment"": ""NEUTRAL"", ""keywords"": ""Soci\u00e9t\u00e9 G\u00e9n\u00e9rale|Stablecoin|Solana|Ethereum|Euro"", ""id"": 42390358, ""guid"": ""CpI5Y2Su0uMQDo69bcUwEj""}, {""date"": ""20240919074600"", ""headline"": ""Solana-Based Drift Raises $25M to Build 'SuperApp' for DeFi Trading "", ""summary"": ""Drift raised $25 million in a Series B funding round led by Multicoin Capital.\n\nThe decentralized finance platform plans to build an array of financial services tools, including spot and derivatives t..."", ""url"": ""https://coindesk.com/business/2024/09/19/solana-based-drift-raises-25m-toward-goal-of-becoming-robinhood-of-crypto-report"", ""source"": ""CoinDesk"", ""sentiment"": ""POSITIVE"", ""keywords"": ""Drift|Solana|Series B|Fundraising|DeFi|dexs"", ""id"": 42417196, ""guid"": ""ha93388BwWkPe8xtcTTGrV""}]",{}
41,2024-10-25,2024-10-18,164.75689697265625,154.97593688964844,0.0631127662739823,U5+,"[{""date"": ""20241024161213"", ""headline"": ""Bitcoin Climbs 3% to Retake $68K With Solana Outperforming, Ether Showing Relative Weakness"", ""summary"": ""Cryptocurrencies rallied after three days of modest downward action, with the CoinDesk 20 bouncing 2.7% in the last 24 hours.\n\nSolana's market cap dominance is approaching all-time highs at 3.70%.\n\nCr..."", ""url"": ""https://coindesk.com/markets/2024/10/24/bitcoin-climbs-3-to-retake-68k-with-solana-outperforming-ether-showing-relative-weakness"", ""source"": ""CoinDesk"", ""sentiment"": ""POSITIVE"", ""keywords"": ""Market Wrap|Bitcoin|Ether|Solana"", ""id"": 42373392, ""guid"": ""0QIBFkzmrXAdmecZt587w8""}, {""date"": ""20241024061101"", ""headline"": ""Solana Looks Overbought Against Ethereum; Bitcoin-Gold Ratio Stuck in a Downtrend"", ""summary"": ""SOL/ETH trading on Binance looks overbought, as per the RSI.\n\nBTC/Gold ratio has turned lower from a downtrend resistance.\n\nThe solana-ether (SOL/ETH) spot pair trading on Binance has surged over 15% ..."", ""url"": ""https://coindesk.com/markets/2024/10/24/solana-looks-overbought-against-ethereum-btc-gold-ratio-stuck-in-a-downtrend"", ""source"": ""CoinDesk"", ""sentiment"": ""NEUTRAL"", ""keywords"": ""Solana|Ethereum|Bitcoin|Gold|Technical Analysis|Markets"", ""id"": 42373521, ""guid"": ""0XGGWk56kaPxudnYllnVTr""}, {""date"": ""20241024044225"", ""headline"": ""Bitcoin Trader Warns of Correction as BTC Dominance Reaches 2021 Levels; Solana Leads Market Gains"", ""summary"": ""While bitcoin and other major cryptocurrencies showed minimal movement, Solana's SOL token surged by 5% to $173, leading the market gains with a 14% increase over the week.\n\nBitcoin's market dominance..."", ""url"": ""https://coindesk.com/markets/2024/10/24/bitcoin-trader-warns-of-correction-as-btc-dominance-reaches-2021-levels-solana-leads-market-gains"", ""source"": ""CoinDesk"", ""sentiment"": ""NEUTRAL"", ""keywords"": ""Bitcoin|Trading|Markets|Solana|Memecoin"", ""id"": 42373513, ""guid"": ""0XGGWk56kaPxudnYllnUnn""}, {""date"": ""20241023142108"", ""headline"": ""Solana Hits Record vs. Ether, Outperforms Bitcoin as AI Memecoin Frenzy and Surging Revenues Fuel Rally"", ""summary"": ""Solana's SOL has outperformed ether (ETH) and bitcoin (BTC) as blockchain activity is booming on the network.\n\nThe latest memecoin trend of artificial intelligence agents promoting and investing in to..."", ""url"": ""https://coindesk.com/markets/2024/10/23/solana-hits-record-vs-ether-outperforms-bitcoin-as-ai-memecoin-frenzy-and-surging-revenues-fuel-rally"", ""source"": ""CoinDesk"", ""sentiment"": ""POSITIVE"", ""keywords"": ""Solana|Markets|Bitcoin|Ether|Memecoin"", ""id"": 42373520, ""guid"": ""0XGGWk56kaPxudnYllnVOb""}, {""date"": ""20241022090000"", ""headline"": ""Solana's Crypto-Governance Hub Realms Is Under New Management"", ""summary"": ""Realms has been in the business of crypto-governance for nearly as long the blockchain it's built on \u2013 Solana {{SOL}} \u2013 has been around. Its new leaders want to start turning a profit.\n\nThe hub for cr..."", ""url"": ""https://coindesk.com/business/2024/10/22/solanas-crypto-governance-hub-realms-is-under-new-management"", ""source"": ""CoinDesk"", ""sentiment"": ""NEUTRAL"", ""keywords"": ""solana labs|Solana|Exclusive "", ""id"": 42422030, ""guid"": ""lZj3zXFJWcbTdP3qeivrBd""}, {""date"": ""20241022083527"", ""headline"": ""Solana Token Issuer Pump.Fun Rakes in Big Bucks With 1M SOL in Lifetime Fees "", ""summary"": ""Solana token issuer Pump.Fun is nearing 1 million SOL token in lifetime fees, with over 2.5 million tokens launched using the service since its early March release.\n\nOver 5,550 addresses issued 7,500 ..."", ""url"": ""https://coindesk.com/markets/2024/10/22/solana-token-issuer-pumpfun-rakes-in-big-bucks-with-1m-sol-in-lifetime-fees"", ""source"": ""CoinDesk"", ""sentiment"": ""POSITIVE"", ""keywords"": ""SOL|Trading|Markets"", ""id"": 42422043, ""guid"": ""lZj3zXFJWcbTdP3qeivrcU""}]",{}
42,2024-11-01,2024-10-25,166.2621307373047,164.75689697265625,0.00913608954955162,U1,"[{""date"": ""20241029110258"", ""headline"": ""Solana-Based RWA Platform AgriDex Taps Stripe's Bridge to Lower Cost for Agricultural Trade Settlements"", ""summary"": ""AgriDex, a Solana-based {{SOL}} real-world asset (RWA) marketplace that aims to bring agricultural goods to blockchain rails, has tapped stablecoin platform Bridge to make transactions cheaper and fas..."", ""url"": ""https://coindesk.com/business/2024/10/29/solana-based-rwa-platform-agridex-taps-stripes-bridge-to-lower-cost-for-agricultural-trade-settlements"", ""source"": ""CoinDesk"", ""sentiment"": ""POSITIVE"", ""keywords"": ""Solana|Real World Assets  |Stablecoin|payments|Exclusive "", ""id"": 42373376, ""guid"": ""0QIBFkzmrXAdmecZt582C8""}]",{}
43,2024-11-08,2024-11-01,199.9390106201172,166.2621307373047,0.20255291889661994,U5+,"[{""date"": ""20241107160837"", ""headline"": ""Coinbase Brings Bitcoin to Solana, Spurring High Hopes for DeFi Surge"", ""summary"": ""Coinbase introduced cbBTC, which brings bitcoin to the Solana blockchain.\n\nBitcoin helps power trading, lending and borrowing on centralized crypto exchanges, but this crucial functionality requires e..."", ""url"": ""https://coindesk.com/business/2024/11/07/coinbase-brings-bitcoin-to-solana-spurring-high-hopes-for-defi-surge"", ""source"": ""CoinDesk"", ""sentiment"": ""POSITIVE"", ""keywords"": ""Coinbase|Solana|DeFi"", ""id"": 42435181, ""guid"": ""vcdRFSInNZZ7jTkxATLRAx""}, {""date"": ""20241107135323"", ""headline"": ""Post-Election D\u00e9j\u00e0 Vu: Bitcoin Spikes to a New Record High, While Ether and Solana Rally Ahead of FOMC"", ""summary"": ""Bitcoin has made a new all-time high, continuing its strong performance after Donald Trump won the U.S. presidential election.\n\nEther outperformed by rising 8% in the last 24 hours ahead of Federal Re..."", ""url"": ""https://coindesk.com/markets/2024/11/07/post-election-deja-vu-bitcoin-spikes-to-a-new-record-high-while-ether-and-solana-rally-ahead-of-fomc"", ""source"": ""CoinDesk"", ""sentiment"": ""POSITIVE"", ""keywords"": ""Bitcoin|All-Time High|Ether|Solana|CoinDesk 20|Market Wrap"", ""id"": 42415558, ""guid"": ""V83uyxCwmh6ufrmZyOJzfU""}, {""date"": ""20241107090000"", ""headline"": ""VC Darling Eclipse Finally Debuts Its Solana-Ethereum Blockchain Hybrid"", ""summary"": ""Eclipse launched its long-awaited mainnet blockchain on Thursday \u2014 introducing a first-of-its-kind layer-2 network that melds tech from the popular Ethereum and Solana blockchains into a single packag..."", ""url"": ""https://coindesk.com/tech/2024/11/07/vc-darling-eclipse-finally-debuts-its-solana-ethereum-blockchain-hybrid"", ""source"": ""CoinDesk"", ""sentiment"": ""POSITIVE"", ""keywords"": ""layer 2|Solana|Polychain|Ethereum|Rollups"", ""id"": 42415560, ""guid"": ""V83uyxCwmh6ufrmZyOJzg7""}, {""date"": ""20241106052519"", ""headline"": ""Bitcoin, Solana Hit New Cycle Highs Against Ether as Trump Edges Closer to U.S. Presidency"", ""summary"": ""Bitcoin broke all-time highs on Donald Trump winning the U.S. presidential election.\n\nSolana continues to outperform ether, making a new cycle high.\n\nThe total cryptocurrency market cap hit $2.45 tril..."", ""url"": ""https://coindesk.com/markets/2024/11/06/bitcoin-solana-hit-new-cycle-highs-against-ether-as-trump-edges-closer-to-us-presidency"", ""source"": ""CoinDesk"", ""sentiment"": ""POSITIVE"", ""keywords"": ""SOL|Ether|Bitcoin|Election 2024|US Elections"", ""id"": 42407322, ""guid"": ""GJVPKSa3D710Liw1gZAWdt""}, {""date"": ""20241106023302"", ""headline"": ""Solana Jumps 17%, Flips BNB Chain Token, as Trump's Lead Renews ETF Hopes"", ""summary"": ""The price of Solana's SOL increased by 17% within 24 hours due to heightened expectations for a Solana ETF, with potential listings from VanEck and 21Shares following Cboe's filings with the SEC in Ju..."", ""url"": ""https://coindesk.com/markets/2024/11/06/solana-jumps-17-flips-bnb-chain-token-as-trumps-lead-renews-etf-hopes"", ""source"": ""CoinDesk"", ""sentiment"": ""POSITIVE"", ""keywords"": ""Solana|ETF"", ""id"": 42390187, ""guid"": ""CpI5Y2Su0uMQDo69bbjh3x""}, {""date"": ""20241105163442"", ""headline"": ""\u2018It\u2019s So Early\u2019: How Solana Is Competing With Ethereum for Institutional Interest"", ""summary"": ""Solana has garnered notoriety for its meme coin connection.\n\nBut financial institutions are also interested in using the network to build their products.\n\nWhile Solana is newer than Ethereum, it doesn..."", ""url"": ""https://coindesk.com/markets/2024/11/05/its-so-early-how-solana-is-competing-with-ethereum-for-institutional-interest"", ""source"": ""CoinDesk"", ""sentiment"": ""POSITIVE"", ""keywords"": ""Solana|Ethereum|Franklin Templeton|Citibank|BlackRock"", ""id"": 42390191, ""guid"": ""CpI5Y2Su0uMQDo69bbjhJL""}, {""date"": ""20241105051450"", ""headline"": ""Long Bitcoin Short Solana Preferred Tactical Trade Heading Into U.S. Election: 10X Research"", ""summary"": ""A tactical trade heading into the election could involve going long Bitcoin and short Solana, 10x Research said.\n\nIf Harris wins, the likelihood of these ETFs getting approved may decrease, potentiall..."", ""url"": ""https://coindesk.com/markets/2024/11/05/long-bitcoin-short-solana-preferred-tactical-trade-heading-into-us-election-10x-research"", ""source"": ""CoinDesk"", ""sentiment"": ""NEUTRAL"", ""keywords"": ""Solana|Bitcoin|Markets|Blockchain|US Elections"", ""id"": 42415667, ""guid"": ""WEE6jQWt4rgJorpzkntgSA""}]",{}
44,2024-11-15,2024-11-08,218.09490966796875,199.9390106201172,0.09080718660925882,U5+,"[{""date"": ""20241114153000"", ""headline"": ""Ex-Valkyrie CEO Leah Wald's Investment Firm Buys Four Validators, Including Solana Network's, for Nearly $18M"", ""summary"": ""Sol Strategies (HODL), a crypto investment firm led by Leah Wald, the former boss and co-founder of Valkyrie Investments, bought four validators for nearly $18 million in cash and shares.\n\nThe Toronto..."", ""url"": ""https://coindesk.com/business/2024/11/14/ex-valkyrie-ceo-leah-walds-investment-firm-buys-four-validators-including-solana-networks-for-nearly-18m"", ""source"": ""CoinDesk"", ""sentiment"": ""POSITIVE"", ""keywords"": ""Solana|Acquisitions|Validators|Leah Wald"", ""id"": 42435319, ""guid"": ""xYK0rIu5vMPYEKIa4koz58""}, {""date"": ""20241111062240"", ""headline"": ""Solana Memecoin ACT Rockets 1,720% on Binance Listing as Altcoin Market Heats Up"", ""summary"": ""ACT, a memecoin based on a Discord server featuring AI chat bots, has risen by 1,720% after being listed on Binance.\n\nTrading volume has topped $350 million on Binance and Raydium, its market cap has ..."", ""url"": ""https://coindesk.com/business/2024/11/11/solana-memecoin-act-rockets-1720-on-binance-listing-as-altcoin-market-heats-up"", ""source"": ""CoinDesk"", ""sentiment"": ""POSITIVE"", ""keywords"": ""AI|meme coin|Binance"", ""id"": 42435153, ""guid"": ""vcdRFSInNZZ7jTkxATLHln""}, {""date"": ""20241110131044"", ""headline"": ""Solana Joins $100B Club, Hitting Nearly a Three-Year High Above $210"", ""summary"": ""Solana's native cryptocurrency {{SOL}} hit a new milestone on Sunday as bitcoin's {{BTC}} breakout to new record prices accelerated the broad-based crypto rally following Donald Trump's decisive elect..."", ""url"": ""https://coindesk.com/markets/2024/11/10/solana-joins-100b-club-hitting-nearly-a-three-year-high-above-210"", ""source"": ""CoinDesk"", ""sentiment"": ""POSITIVE"", ""keywords"": ""Market Wrap|Solana|DeFi"", ""id"": 42435163, ""guid"": ""vcdRFSInNZZ7jTkxATLIFN""}, {""date"": ""20241109080000"", ""headline"": ""The Unique Way the Solana Trading Ecosystem Is Making Bank"", ""summary"": ""Solana's on-chain trading ecosystem is generating surprisingly high revenues.\n\nThat's because of the network's unique architecture and the possibilities it affords traders.\n\nAs a sector in its own rig..."", ""url"": ""https://coindesk.com/business/2024/11/09/the-unique-way-the-solana-trading-ecosystem-is-making-bank"", ""source"": ""CoinDesk"", ""sentiment"": ""POSITIVE"", ""keywords"": ""Solana|memecoins|Trading Bots|Coinbase|DEX|DeFi"", ""id"": 42435190, ""guid"": ""vcdRFSInNZZ7jTkxATLRil""}]",{}
45,2024-11-22,2024-11-15,256.5186767578125,218.09490966796875,0.17617911004131515,U5+,"[{""date"": ""20241121224053"", ""headline"": ""Solana's SOL Surges to Record High Above $260"", ""summary"": ""Continuing a massive comeback from a crypto winter price collapse of more than 95%, {{SOL}}, the native token of the Solana blockchain, has shattered its all-time high reached in October 2021.\n\nAt pre..."", ""url"": ""https://coindesk.com/markets/2024/11/22/solanas-sol-surges-to-record-high-above-260"", ""source"": ""CoinDesk"", ""sentiment"": ""POSITIVE"", ""keywords"": ""Solana|SOL"", ""id"": 42435271, ""guid"": ""xYK0rIu5vMPYEKIa4kop3i""}, {""date"": ""20241121165503"", ""headline"": ""Bitwise Joins Mounting Race for Solana ETF"", ""summary"": ""Crypto-investments firm Bitwise took a big jump Thursday toward offering a Solana exchange traded fund (ETF) in the United States.\n\nPaperwork filed with the Securities and Exchange Commission (SEC) ma..."", ""url"": ""https://coindesk.com/policy/2024/11/21/bitwise-joins-mounting-race-for-solana-etf"", ""source"": ""CoinDesk"", ""sentiment"": ""POSITIVE"", ""keywords"": ""Regulations|Bitwise|Solana|ETFs"", ""id"": 42435257, ""guid"": ""xYK0rIu5vMPYEKIa4koor4""}, {""date"": ""20241120110030"", ""headline"": ""Juiced USDS Yields Woo Solana Traders to Sky's Stablecoin"", ""summary"": ""Solana traders are quickly embracing the newest stablecoin to join their decentralized finance (DeFi) fray: USDS, issued by Sky (formerly MakerDAO).\n\nLess than a day into launch, USDS's circulating su..."", ""url"": ""https://coindesk.com/business/2024/11/20/juiced-usds-yields-woo-solana-traders-to-skys-stablecoin"", ""source"": ""CoinDesk"", ""sentiment"": ""POSITIVE"", ""keywords"": ""Stablecoins|MakerDAO|Solana"", ""id"": 42435277, ""guid"": ""xYK0rIu5vMPYEKIa4kos5a""}, {""date"": ""20241119041217"", ""headline"": ""SOL Looks Set to Outperform BTC as Solana-Based DEXs Register Record $41B in Trading Volume: Godbole"", ""summary"": ""SOL/BTC's prolonged triangular consolidation has ended with a bullish breakout.\n\nSolana-based decentralized exchanges register record weekly trading volume that's bigger than the combined activity in ..."", ""url"": ""https://coindesk.com/markets/2024/11/19/sol-looks-set-to-outperform-btc-as-solana-based-dexs-register-record-41b-in-trading-volume-godbole"", ""source"": ""CoinDesk"", ""sentiment"": ""POSITIVE"", ""keywords"": ""Analysis|Solana|Markets|Bitcoin|Trading"", ""id"": 42435316, ""guid"": ""xYK0rIu5vMPYEKIa4kotrm""}, {""date"": ""20241118082159"", ""headline"": ""First Mover Americas: Solana Breaks Out to New Cycle Highs"", ""summary"": ""This article originally appeared in First Mover, CoinDesk\u2019s daily newsletter, putting the latest moves in crypto markets in context. Subscribe to get it in your inbox every day.\n\nLatest Prices\n\nCoinDe..."", ""url"": ""https://coindesk.com/markets/2024/11/18/first-mover-americas-solana-breaks-out-to-new-cycle-highs"", ""source"": ""CoinDesk"", ""sentiment"": ""POSITIVE"", ""keywords"": ""Bitcoin|Ether|First Mover|Solana"", ""id"": 42415510, ""guid"": ""V83uyxCwmh6ufrmZyOJgcA""}, {""date"": ""20241118001156"", ""headline"": ""CAT Token Expands to Solana, Setting Up Long-Term Bullish Move"", ""summary"": ""CAT, the memecoin linked to Simon's Cat, is expanding to the Solana blockchain to tap into its active trading community.\n\nA vault provides early access to BONK token holders who have locked their toke..."", ""url"": ""https://coindesk.com/markets/2024/11/18/cat-token-expands-to-solana-setting-up-long-term-bullish-move"", ""source"": ""CoinDesk"", ""sentiment"": ""POSITIVE"", ""keywords"": ""Trading|Markets|meme coin"", ""id"": 42415513, ""guid"": ""V83uyxCwmh6ufrmZyOJiWQ""}]",{}
46,2024-11-29,2024-11-22,243.54949951171875,256.5186767578125,-0.05055841317292606,D5+,"[{""date"": ""20241128022725"", ""headline"": ""Solana-Based DEX Raydium's RAY Is Still Too Hot to Handle: Godbole"", ""summary"": ""Bitcoin's (BTC) recent bullish pause has cooled jets in the broader market, shaking out over-leveraged positions and normalizing costs associated with betting on price rallies. One token, however, is ..."", ""url"": ""https://coindesk.com/markets/2024/11/28/solana-based-dex-raydiums-ray-is-still-too-hot-to-handle-godbole"", ""source"": ""CoinDesk"", ""sentiment"": ""NEUTRAL"", ""keywords"": ""Solana|raydium|Markets"", ""id"": 42389948, ""guid"": ""8c422ec0-86a8-4d6b-9523-8c2623d81fb1""}]",{}
47,2024-12-06,2024-11-29,237.0510711669922,243.54949951171875,-0.026682166696112963,D3,"[{""date"": ""20241204164622"", ""headline"": ""Ethereum's Justin Drake Sees No Threat From Solana, Says Its \u2018Golden Era\u2019 Will End"", ""summary"": ""Ethereum developer Justin Drake said his comprehensive proposal to overhaul the second-largest blockchain's consensus layer isn't about catching up with a rival, it's about sticking around for the lon..."", ""url"": ""https://coindesk.com/tech/2024/12/04/ethereum-s-justin-drake-sees-no-threat-from-solana-says-its-golden-era-will-end"", ""source"": ""CoinDesk"", ""sentiment"": ""NEUTRAL"", ""keywords"": ""Ethereum|Solana"", ""id"": 42415972, ""guid"": ""b7706385-3e93-4ade-988c-618243868b74""}, {""date"": ""20241203171434"", ""headline"": ""Grayscale Files to Convert Solana Trust Into ETF"", ""summary"": ""Grayscale has become the latest entrant into the Solana ETF sweepstakes as it looks to convert its existing Solana Trust (GSOL) into an exchange-traded fund.\n\nA 19b-4 filing submitted by NYSE Arca, th..."", ""url"": ""https://coindesk.com/markets/2024/12/03/grayscale-files-to-convert-solana-trust-into-etf-filing"", ""source"": ""CoinDesk"", ""sentiment"": ""POSITIVE"", ""keywords"": ""Grayscale|Solana|ETFs"", ""id"": 42416581, ""guid"": ""e116cfc5-ccea-438f-a23f-a4316c895dd1""}]",{}
48,2024-12-13,2024-12-06,224.83729553222656,237.0510711669922,-0.05152381541512441,D5+,"[{""date"": ""20241212170900"", ""headline"": ""Solana Was the Biggest Draw for New Crypto Developers in 2024: Electric Capital"", ""summary"": ""The ranks of cryptocurrency developers held steady in 2024, as some recent entrants left the industry while veterans mostly stuck around, according to a report released Thursday by Electric Capital.\n\n..."", ""url"": ""https://coindesk.com/tech/2024/12/12/solana-was-the-biggest-draw-for-new-crypto-developers-in-2024-electric-capital"", ""source"": ""CoinDesk"", ""sentiment"": ""POSITIVE"", ""keywords"": ""Annual Report|developer"", ""id"": 42389721, ""guid"": ""72d79e90-bd49-4c00-ac03-d44046dbc6cd""}, {""date"": ""20241212104827"", ""headline"": ""Ranger Finance Targets Crypto Perps Traders of 'Size' on Solana "", ""summary"": ""Solana's nearly $500 million decentralized finance (DeFi) derivatives market is getting a new participant, one that's looking to take a slice of all the other venues' pies.\n\n\n\nRanger Finance is an agg..."", ""url"": ""https://coindesk.com/business/2024/12/12/ranger-finance-targets-crypto-perps-traders-of-size-on-solana"", ""source"": ""CoinDesk"", ""sentiment"": ""POSITIVE"", ""keywords"": ""Solana|perpetual contracts"", ""id"": 42416509, ""guid"": ""dc8f4cfa-32f6-4d2a-991a-edccbb02af0f""}, {""date"": ""20241212094300"", ""headline"": ""Stablecoin Trading Startup Perena Tries Its Luck on Solana "", ""summary"": ""Solana Foundation's former stablecoin lead Anna Yuan has left the mothership to build her own startup catering to the fast-growing crypto subsector.\n\nThe company building Perena, a stablecoin trading ..."", ""url"": ""https://coindesk.com/business/2024/12/11/stablecoin-trading-startup-perena-tries-its-luck-on-solana"", ""source"": ""CoinDesk"", ""sentiment"": ""POSITIVE"", ""keywords"": """", ""id"": 42389164, ""guid"": ""3fdf484a-f877-4767-af55-4ecca96b866b""}, {""date"": ""20241210090732"", ""headline"": ""Lily Liu: Solana\u2019s Powerhouse Ambassador"", ""summary"": ""The Solana blockchain's two-year comeback story may have reached its zenith with SOL's record high in late November. But, two months earlier, the blockchain's community had already come together to pl..."", ""url"": ""https://coindesk.com/tech/2024/12/10/lily-liu-solana-s-powerhouse-ambassador"", ""source"": ""CoinDesk"", ""sentiment"": ""POSITIVE"", ""keywords"": ""Most Influential 2024"", ""id"": 42416295, ""guid"": ""c620016e-8f28-4e26-b0b3-1a58b4fd3828""}, {""date"": ""20241210090703"", ""headline"": ""Pump.Fun: Solana\u2019s Memecoin Juggernaut"", ""summary"": ""Solana's status as the top tier memecoin chain is largely due to its ascendant launchpad, Pump.Fun. This minimum viable memecoin factory redefined the way crypto investors create and bet on joke crypt..."", ""url"": ""https://coindesk.com/business/2024/12/10/pump-fun-solana-s-memecoin-juggernaut"", ""source"": ""CoinDesk"", ""sentiment"": ""POSITIVE"", ""keywords"": ""Most Influential 2024"", ""id"": 42416274, ""guid"": ""c3921b3c-d492-426f-8bef-14c913a36be6""}, {""date"": ""20241209171834"", ""headline"": ""Dev's Defection Highlights Ethereum's Growing Solana Problem "", ""summary"": ""Ethereum's place near the top of the crypto market is unquestioned from the perspective of market cap. But beneath the surface \u2013 at the product, developer and decision-making levels \u2013 the original sma..."", ""url"": ""https://coindesk.com/tech/2024/12/09/ethereum-dev-max-resnick-defects-to-solana-citing-frustration"", ""source"": ""CoinDesk"", ""sentiment"": ""NEGATIVE"", ""keywords"": ""Ethereum|Solana"", ""id"": 42389475, ""guid"": ""5cc8cb39-5c0b-400c-846c-d7079ca9bc2c""}]",{}
49,2024-12-20,2024-12-13,194.2081756591797,224.83729553222656,-0.1362279322945188,D5+,"[{""date"": ""20241218142045"", ""headline"": ""The Protocol: Solana's Allure for Devs; Avalanche's Big Upgrade"", ""summary"": ""Welcome to The Protocol, CoinDesk's weekly wrap-up of the most important stories in cryptocurrency tech development. I'm Marc Hochstein, CoinDesk's deputy editor-in-chief for features, opinion and sta..."", ""url"": ""https://coindesk.com/tech/2024/12/18/the-protocol-solanas-allure-for-devs-avalanches-big-upgrade"", ""source"": ""CoinDesk"", ""sentiment"": ""POSITIVE"", ""keywords"": """", ""id"": 42389611, ""guid"": ""69aa568b-2f0e-4a18-93c5-b33d5a757a34""}, {""date"": ""20241218093528"", ""headline"": ""Solana Smashes Record With 66.9M Daily Transactions as Pengu Token Debuts"", ""summary"": ""Solana's network activity lit up on Tuesday as the Pudgy Penguins NFT project debuted its native token, PENGU, on the programmable blockchain.\n\nThe layer 1 blockchain, considered a cheap alternative t..."", ""url"": ""https://coindesk.com/markets/2024/12/18/solana-smashes-record-with-66-9-m-daily-transactions-as-pengu-token-debuts"", ""source"": ""CoinDesk"", ""sentiment"": ""POSITIVE"", ""keywords"": ""Solana|Markets"", ""id"": 42389588, ""guid"": ""67cf9cf6-3a56-4f2e-b605-6f718f5214c2""}]",{}
50,2024-12-27,2024-12-20,183.82847595214844,194.2081756591797,-0.053446255142455074,D5+,"[{""date"": ""20241223101108"", ""headline"": ""Solana Layer 2 Sonic to Airdrop SONIC Token to TikTok Users "", ""summary"": ""Solana-based gaming-focused layer-2 blockchain Sonic will airdrop its SONIC token to all its users onboarded through social-media platform TikTok.\n\nSonic built its SonicX game natively inside TikTok, ..."", ""url"": ""https://coindesk.com/business/2024/12/23/solana-layer-2-sonic-to-airdrop-sonic-token-to-tik-tok-users"", ""source"": ""CoinDesk"", ""sentiment"": ""POSITIVE"", ""keywords"": ""Sonic|TikTok|Airdrops"", ""id"": 42415904, ""guid"": ""b08e15c6-1ff0-4d72-ab78-4d15faa5f3a2""}]",{}
51,2025-01-03,2024-12-27,189.2644805908203,183.82847595214844,0.029571069501152243,U3,"[{""date"": ""20241223101108"", ""headline"": ""Solana Layer 2 Sonic to Airdrop SONIC Token to TikTok Users "", ""summary"": ""Solana-based gaming-focused layer-2 blockchain Sonic will airdrop its SONIC token to all its users onboarded through social-media platform TikTok.\n\nSonic built its SonicX game natively inside TikTok, ..."", ""url"": ""https://coindesk.com/business/2024/12/23/solana-layer-2-sonic-to-airdrop-sonic-token-to-tik-tok-users"", ""source"": ""CoinDesk"", ""sentiment"": ""POSITIVE"", ""keywords"": ""Sonic|TikTok|Airdrops"", ""id"": 42415904, ""guid"": ""b08e15c6-1ff0-4d72-ab78-4d15faa5f3a2""}, {""date"": ""20241218142045"", ""headline"": ""The Protocol: Solana's Allure for Devs; Avalanche's Big Upgrade"", ""summary"": ""Welcome to The Protocol, CoinDesk's weekly wrap-up of the most important stories in cryptocurrency tech development. I'm Marc Hochstein, CoinDesk's deputy editor-in-chief for features, opinion and sta..."", ""url"": ""https://coindesk.com/tech/2024/12/18/the-protocol-solanas-allure-for-devs-avalanches-big-upgrade"", ""source"": ""CoinDesk"", ""sentiment"": ""POSITIVE"", ""keywords"": """", ""id"": 42389611, ""guid"": ""69aa568b-2f0e-4a18-93c5-b33d5a757a34""}, {""date"": ""20241218093528"", ""headline"": ""Solana Smashes Record With 66.9M Daily Transactions as Pengu Token Debuts"", ""summary"": ""Solana's network activity lit up on Tuesday as the Pudgy Penguins NFT project debuted its native token, PENGU, on the programmable blockchain.\n\nThe layer 1 blockchain, considered a cheap alternative t..."", ""url"": ""https://coindesk.com/markets/2024/12/18/solana-smashes-record-with-66-9-m-daily-transactions-as-pengu-token-debuts"", ""source"": ""CoinDesk"", ""sentiment"": ""POSITIVE"", ""keywords"": ""Solana|Markets"", ""id"": 42389588, ""guid"": ""67cf9cf6-3a56-4f2e-b605-6f718f5214c2""}, {""date"": ""20241212170900"", ""headline"": ""Solana Was the Biggest Draw for New Crypto Developers in 2024: Electric Capital"", ""summary"": ""The ranks of cryptocurrency developers held steady in 2024, as some recent entrants left the industry while veterans mostly stuck around, according to a report released Thursday by Electric Capital.\n\n..."", ""url"": ""https://coindesk.com/tech/2024/12/12/solana-was-the-biggest-draw-for-new-crypto-developers-in-2024-electric-capital"", ""source"": ""CoinDesk"", ""sentiment"": ""POSITIVE"", ""keywords"": ""Annual Report|developer"", ""id"": 42389721, ""guid"": ""72d79e90-bd49-4c00-ac03-d44046dbc6cd""}, {""date"": ""20241212104827"", ""headline"": ""Ranger Finance Targets Crypto Perps Traders of 'Size' on Solana "", ""summary"": ""Solana's nearly $500 million decentralized finance (DeFi) derivatives market is getting a new participant, one that's looking to take a slice of all the other venues' pies.\n\n\n\nRanger Finance is an agg..."", ""url"": ""https://coindesk.com/business/2024/12/12/ranger-finance-targets-crypto-perps-traders-of-size-on-solana"", ""source"": ""CoinDesk"", ""sentiment"": ""POSITIVE"", ""keywords"": ""Solana|perpetual contracts"", ""id"": 42416509, ""guid"": ""dc8f4cfa-32f6-4d2a-991a-edccbb02af0f""}]",{}
