prompt,answer
"[Cryptocurrency Introduction]: Solana (SOL) is a cryptocurrency launched in 2020. Solana has a current supply of 602,120,089.8045707 with 522,414,622.9373515 in circulation. The last known price of Solana is 153.49011699 USD and is up 1.26 over the last 24 hours. It is currently trading on 930 active market(s) with $2,659,112,403.89 traded over the last 24 hours. More information can be found at https://solana.com.. It has a market capilization of 79931613184.

From 2024-01-05 to 2024-01-12, SOL-USD's stock price decreased from 99.98 to 91.72. News during this period are listed below:

[Headline]: Trader Buys $9M of Solana Meme Coin Dogwifhat, But Loses Over 60% to Slippage
[Summary]: An enthusiastic buyer – or an apparent fat-finger trader – seemingly spent nearly $9 million on Thursday to purchase dogwifhat (WIF), one of Solana's most-viral meme coins that netted millions of doll...

[Headline]: Solana Meme Coins See 80% Price Drop After December Frenzy
[Summary]: A frenzied demand for meme coins issued on the Solana network seems to have fizzled in the past week as newer tokens fail to gather a meaningful community and prices of recent favorites continue to pl...



Based on all the information before 2024-01-12, let's first analyze the positive developments and potential concerns for SOL-USD. Come up with 2-4 most important factors respectively and keep them concise. Most factors should be inferred from cryptocurrencies related news. Then let's assume your prediction for next week (2024-01-12 to 2024-01-19) is up by 1-2%. Provide a summary analysis to support your prediction. The prediction result need to be inferred from your analysis at the end, and thus not appearing as a foundational factor of your analysis.","**[Positive Developments]:**
1. **Increased Trading Volumes**: Despite the price decrease, Solana has maintained significant trading volumes, with over $2.6 billion traded over the last 24 hours, indicating sustained interest and liquidity.
2. **Market Capitalization**: Solana's market capitalization remains robust at nearly $80 billion, suggesting underlying strength and investor confidence.

**[Potential Concerns]:**
1. **Meme Coin Volatility**: The significant price drops in Solana-based meme coins, as reported, could indicate a broader loss of interest in the Solana ecosystem's speculative assets.
2. **Market Sentiment**: The overall market sentiment appears bearish, with a 1.26% increase over the last 24 hours not being enough to offset the weekly decrease, which could indicate further downside risk.

**[Prediction & Analysis]:**
The recent downtrend in Solana's price, coupled with the volatility in meme coins and a generally bearish market sentiment, suggests that the market is undergoing a correction phase. However, the sustained trading volumes and robust market capitalization indicate that there is still significant interest and liquidity in Solana. This balance of factors leads to a cautiously optimistic outlook. The prediction is a modest increase of 1-2% for the upcoming week, as the market may stabilize and recover from the recent sell-off."
"[Cryptocurrency Introduction]: Solana (SOL) is a cryptocurrency launched in 2020. Solana has a current supply of 602,120,089.8045707 with 522,414,622.9373515 in circulation. The last known price of Solana is 153.49011699 USD and is up 1.26 over the last 24 hours. It is currently trading on 930 active market(s) with $2,659,112,403.89 traded over the last 24 hours. More information can be found at https://solana.com.. It has a market capilization of 79931613184.

From 2024-01-05 to 2024-01-12, SOL-USD's stock price decreased from 99.98 to 91.72. News during this period are listed below:

[Headline]: Trader Buys $9M of Solana Meme Coin Dogwifhat, But Loses Over 60% to Slippage
[Summary]: An enthusiastic buyer – or an apparent fat-finger trader – seemingly spent nearly $9 million on Thursday to purchase dogwifhat (WIF), one of Solana's most-viral meme coins that netted millions of doll...

[Headline]: Solana Meme Coins See 80% Price Drop After December Frenzy
[Summary]: A frenzied demand for meme coins issued on the Solana network seems to have fizzled in the past week as newer tokens fail to gather a meaningful community and prices of recent favorites continue to pl...

From 2024-01-12 to 2024-01-19, SOL-USD's stock price increased from 91.72 to 93.39. News during this period are listed below:

[Headline]: Dogwifhat Zooms to Nearly 50 Cents as Solana Meme Coins Make a Comeback
[Summary]: On-chain metrics suggest a renewed frenzy for meme coins on the Solana blockchain, similar to last year’s frenzy that drove the price of SOL to nearly $121.

Trading volumes and users across several m...

[Headline]: Solana Mobile to Sell Second Crypto Smartphone
[Summary]: Solana Mobile plans to launch a second smartphone as it looks to ride the unlikely success of its first crypto-ready smartphone, a person familiar with the matter said.

The upcoming phone will have t...



Based on all the information before 2024-01-19, let's first analyze the positive developments and potential concerns for SOL-USD. Come up with 2-4 most important factors respectively and keep them concise. Most factors should be inferred from cryptocurrencies related news. Then let's assume your prediction for next week (2024-01-19 to 2024-01-26) is down by 1-2%. Provide a summary analysis to support your prediction. The prediction result need to be inferred from your analysis at the end, and thus not appearing as a foundational factor of your analysis.","**[Positive Developments]:**
1. **Renewed Interest in Meme Coins**: The resurgence of meme coins on the Solana blockchain, as indicated by the rise of dogwifhat, suggests renewed speculative interest, which could drive up the price of SOL.
2. **Expansion of Solana Mobile**: The planned launch of a second crypto-ready smartphone by Solana Mobile shows continued innovation and expansion within the Solana ecosystem, which could attract more users and investors.

**[Potential Concerns]:**
1. **Market Volatility**: The crypto market remains highly volatile, and the recent price increase could be short-lived if broader market conditions deteriorate.
2. **Dependence on Speculative Assets**: The reliance on meme coins for price momentum could be risky, as these assets are highly speculative and subject to rapid price fluctuations.

**[Prediction & Analysis]:**
While there are positive developments such as the renewed interest in meme coins and the expansion of Solana Mobile, the market remains highly volatile. The recent price increase may not be sustainable, especially if the broader crypto market faces headwinds. The prediction is a slight decrease of 1-2% for the upcoming week, as the market may correct after the recent gains, and the reliance on speculative assets poses a risk."
"[Cryptocurrency Introduction]: Solana (SOL) is a cryptocurrency launched in 2020. Solana has a current supply of 602,120,089.8045707 with 522,414,622.9373515 in circulation. The last known price of Solana is 153.49011699 USD and is up 1.26 over the last 24 hours. It is currently trading on 930 active market(s) with $2,659,112,403.89 traded over the last 24 hours. More information can be found at https://solana.com.. It has a market capilization of 79931613184.

From 2024-01-05 to 2024-01-12, SOL-USD's stock price decreased from 99.98 to 91.72. News during this period are listed below:

[Headline]: Trader Buys $9M of Solana Meme Coin Dogwifhat, But Loses Over 60% to Slippage
[Summary]: An enthusiastic buyer – or an apparent fat-finger trader – seemingly spent nearly $9 million on Thursday to purchase dogwifhat (WIF), one of Solana's most-viral meme coins that netted millions of doll...

[Headline]: Solana Meme Coins See 80% Price Drop After December Frenzy
[Summary]: A frenzied demand for meme coins issued on the Solana network seems to have fizzled in the past week as newer tokens fail to gather a meaningful community and prices of recent favorites continue to pl...

From 2024-01-12 to 2024-01-19, SOL-USD's stock price increased from 91.72 to 93.39. News during this period are listed below:

[Headline]: Dogwifhat Zooms to Nearly 50 Cents as Solana Meme Coins Make a Comeback
[Summary]: On-chain metrics suggest a renewed frenzy for meme coins on the Solana blockchain, similar to last year’s frenzy that drove the price of SOL to nearly $121.

Trading volumes and users across several m...

[Headline]: Solana Mobile to Sell Second Crypto Smartphone
[Summary]: Solana Mobile plans to launch a second smartphone as it looks to ride the unlikely success of its first crypto-ready smartphone, a person familiar with the matter said.

The upcoming phone will have t...

From 2024-01-19 to 2024-01-26, SOL-USD's stock price decreased from 93.39 to 92.44. News during this period are listed below:

[Headline]: Solana Startup Dialect Builds 'Conversational' Telegram Trading Bot
[Summary]: Solana-based communications startup Dialect is out with a ""conversational"" trading bot for traders who want to buy and sell tokens right from their Telegram chat apps.

Called Dialect Operator, it's t...

[Headline]: Solana Delivers 'Token Extensions' to Attract Compliance-Minded Token Developers
[Summary]: Tokens built on the Solana blockchain are getting a bit more programmable, with their developers now able to implement rules around who can hold them and what they can do with them.

The Solana Founda...

[Headline]: Solana, Avalanche Tokens Slide as Bitcoin Traders Target Eye Support at $38K
[Summary]: Major tokens continued to slide on Tuesday as institutional sales tied to recently launched exchange-traded funds (ETF) weighed down bitcoin [BTC] prices, leading to a more than 20% decline for some t...

[Headline]: First Mover Americas: Solana, Cardano Lead Losses as Market Starts Week in the Red
[Summary]: This article originally appeared in First Mover, CoinDesk’s daily newsletter, putting the latest moves in crypto markets in context. Subscribe to get it in your inbox every day.

Latest Prices

Top St...

[Headline]: Solana, Cardano Lead Crypto Market Lower as Traders Grapple With Bitcoin Headwinds
[Summary]: Prominent cryptocurrencies started the week in the red as fears of large bitcoin [BTC] sales continue to confront investors, who are likely scaling back exposure in the broader market in anticipation ...



Based on all the information before 2024-01-26, let's first analyze the positive developments and potential concerns for SOL-USD. Come up with 2-4 most important factors respectively and keep them concise. Most factors should be inferred from cryptocurrencies related news. Then let's assume your prediction for next week (2024-01-26 to 2024-02-02) is up by more than 5%. Provide a summary analysis to support your prediction. The prediction result need to be inferred from your analysis at the end, and thus not appearing as a foundational factor of your analysis.","**[Positive Developments]:**
1. **Innovation in Token Programmability**: The introduction of 'Token Extensions' by the Solana Foundation, allowing developers to implement rules around token holding and usage, could attract more compliance-minded developers and projects to the Solana ecosystem.
2. **Expansion of Solana-based Applications**: The development of new applications like Dialect Operator, a Telegram trading bot, indicates continued growth and innovation within the Solana ecosystem.

**[Potential Concerns]:**
1. **Broader Market Weakness**: The weakness in major cryptocurrencies like Bitcoin, as reported, could negatively impact the price of SOL, as investors may reduce their exposure to the broader crypto market.
2. **Institutional Selling Pressure**: The selling pressure from institutional investors, tied to recently launched exchange-traded funds (ETFs), could continue to weigh down the price of SOL and other major tokens.

**[Prediction & Analysis]:**
Despite the positive developments in token programmability and the expansion of Solana-based applications, the broader market weakness and institutional selling pressure pose significant risks. However, the innovations within the Solana ecosystem could attract more users and projects, potentially offsetting these risks. The prediction is an increase of more than 5% for the upcoming week, as the positive developments could outweigh the broader market concerns."
"[Cryptocurrency Introduction]: Solana (SOL) is a cryptocurrency launched in 2020. Solana has a current supply of 602,120,089.8045707 with 522,414,622.9373515 in circulation. The last known price of Solana is 153.49011699 USD and is up 1.26 over the last 24 hours. It is currently trading on 930 active market(s) with $2,659,112,403.89 traded over the last 24 hours. More information can be found at https://solana.com.. It has a market capilization of 79931613184.

From 2024-01-12 to 2024-01-19, SOL-USD's stock price increased from 91.72 to 93.39. News during this period are listed below:

[Headline]: Dogwifhat Zooms to Nearly 50 Cents as Solana Meme Coins Make a Comeback
[Summary]: On-chain metrics suggest a renewed frenzy for meme coins on the Solana blockchain, similar to last year’s frenzy that drove the price of SOL to nearly $121.

Trading volumes and users across several m...

[Headline]: Solana Mobile to Sell Second Crypto Smartphone
[Summary]: Solana Mobile plans to launch a second smartphone as it looks to ride the unlikely success of its first crypto-ready smartphone, a person familiar with the matter said.

The upcoming phone will have t...

From 2024-01-19 to 2024-01-26, SOL-USD's stock price decreased from 93.39 to 92.44. News during this period are listed below:

[Headline]: Fan Club for Solana's Saga Phone Loses 750 SOL
[Summary]: Saga DAO, a community-run fan club for Solana's sellout mobile phone lost over $60,000 in SOL tokens – 70% of its treasury – Wednesday in a chaotic setback for the weeks-old group.

The details surrou...

[Headline]: Solana Delivers 'Token Extensions' to Attract Compliance-Minded Token Developers
[Summary]: Tokens built on the Solana blockchain are getting a bit more programmable, with their developers now able to implement rules around who can hold them and what they can do with them.

The Solana Founda...

[Headline]: Solana, Avalanche Tokens Slide as Bitcoin Traders Target Eye Support at $38K
[Summary]: Major tokens continued to slide on Tuesday as institutional sales tied to recently launched exchange-traded funds (ETF) weighed down bitcoin [BTC] prices, leading to a more than 20% decline for some t...

[Headline]: First Mover Americas: Solana, Cardano Lead Losses as Market Starts Week in the Red
[Summary]: This article originally appeared in First Mover, CoinDesk’s daily newsletter, putting the latest moves in crypto markets in context. Subscribe to get it in your inbox every day.

Latest Prices

Top St...

[Headline]: Solana, Cardano Lead Crypto Market Lower as Traders Grapple With Bitcoin Headwinds
[Summary]: Prominent cryptocurrencies started the week in the red as fears of large bitcoin [BTC] sales continue to confront investors, who are likely scaling back exposure in the broader market in anticipation ...

From 2024-01-26 to 2024-02-02, SOL-USD's stock price increased from 92.44 to 100.44. News during this period are listed below:

[Headline]: The Biggest BONK Whale Just Invested in 'Ycombinator for Solana'
[Summary]: The BONK meme coin started as a jokey way to spread some wealth across Solana when FTX's late-2022 implosion left that crypto ecosystem down bad. One year later both are up big, making BONK into an un...

[Headline]: Solana DEX Jupiter's JUP Token to Debut With 1.35B Circulating Supply
[Summary]: Jupiter, a Solana-based decentralized trading aggregator, is scheduled to launch its native token, JUP, through an airdrop on Wednesday at 10 a.m. EST.

The token will have an initial maximum circulat...

[Headline]: Solana's WEN Token Plummets Despite Burning 27% of Supply
[Summary]: The Wen meme coin saw a sharp drop in price Monday as traders weighed how to value news that 27% of the airdropped token's supply would be burned.

The Solana-based token was trading over 30% below it...

[Headline]: Solana Trading Aggregator Jupiter Sees Trading Volumes Jump Ahead of JUP Issuance
[Summary]: Solana-based trading aggregator Jupiter settled over $500 million in trades in the past 24 hours ahead of its planned token issuance on Wednesday, overtaking Uniswap v3 to become the biggest trading p...

[Headline]: Unibot Boosts Token Value With Solana Ecosystem Draw
[Summary]: Trading application Unibot will issue a native Solana ecosystem token that accrues value back to holders of the original Ethereum-based UNIBOT tokens, a move that initially met with criticism and caus...



Based on all the information before 2024-02-02, let's first analyze the positive developments and potential concerns for SOL-USD. Come up with 2-4 most important factors respectively and keep them concise. Most factors should be inferred from cryptocurrencies related news. Then let's assume your prediction for next week (2024-02-02 to 2024-02-09) is up by more than 5%. Provide a summary analysis to support your prediction. The prediction result need to be inferred from your analysis at the end, and thus not appearing as a foundational factor of your analysis.","**[Positive Developments]:**
1. **Growth in Trading Volumes**: The significant increase in trading volumes on Solana-based platforms, such as Jupiter, indicates growing user engagement and liquidity within the Solana ecosystem.
2. **Expansion of Solana-based Tokens**: The launch of new tokens like JUP and the continued interest in meme coins suggest ongoing growth and innovation within the Solana ecosystem.

**[Potential Concerns]:**
1. **Volatility in Meme Coins**: The sharp price fluctuations in Solana-based meme coins, as seen with WEN token, indicate high speculative activity and potential risks for investors.
2. **Technical Issues**: The outage experienced by Solana, as reported, highlights the technical risks and potential disruptions that could impact the network's reliability and user confidence.

**[Prediction & Analysis]:**
The growth in trading volumes and the expansion of Solana-based tokens are positive indicators of the ecosystem's health and potential. However, the volatility in meme coins and the technical issues experienced by the network pose risks. The prediction is an increase of more than 5% for the upcoming week, as the positive developments could outweigh the potential concerns and drive further growth in the Solana ecosystem."
"[Cryptocurrency Introduction]: Solana (SOL) is a cryptocurrency launched in 2020. Solana has a current supply of 602,120,089.8045707 with 522,414,622.9373515 in circulation. The last known price of Solana is 153.49011699 USD and is up 1.26 over the last 24 hours. It is currently trading on 930 active market(s) with $2,659,112,403.89 traded over the last 24 hours. More information can be found at https://solana.com.. It has a market capilization of 79931613184.

From 2024-01-26 to 2024-02-02, SOL-USD's stock price increased from 92.44 to 100.44. News during this period are listed below:

[Headline]: The Biggest BONK Whale Just Invested in 'Ycombinator for Solana'
[Summary]: The BONK meme coin started as a jokey way to spread some wealth across Solana when FTX's late-2022 implosion left that crypto ecosystem down bad. One year later both are up big, making BONK into an un...

[Headline]: Solana DEX Jupiter's JUP Token to Debut With 1.35B Circulating Supply
[Summary]: Jupiter, a Solana-based decentralized trading aggregator, is scheduled to launch its native token, JUP, through an airdrop on Wednesday at 10 a.m. EST.

The token will have an initial maximum circulat...

[Headline]: Solana's WEN Token Plummets Despite Burning 27% of Supply
[Summary]: The Wen meme coin saw a sharp drop in price Monday as traders weighed how to value news that 27% of the airdropped token's supply would be burned.

The Solana-based token was trading over 30% below it...

[Headline]: Solana Trading Aggregator Jupiter Sees Trading Volumes Jump Ahead of JUP Issuance
[Summary]: Solana-based trading aggregator Jupiter settled over $500 million in trades in the past 24 hours ahead of its planned token issuance on Wednesday, overtaking Uniswap v3 to become the biggest trading p...

[Headline]: Unibot Boosts Token Value With Solana Ecosystem Draw
[Summary]: Trading application Unibot will issue a native Solana ecosystem token that accrues value back to holders of the original Ethereum-based UNIBOT tokens, a move that initially met with criticism and caus...

From 2024-02-02 to 2024-02-09, SOL-USD's stock price increased from 100.44 to 106.93. News during this period are listed below:

[Headline]: The Protocol: Solana's Missed Moment, Exclusive Farcaster Q&A, Bullish Year of Dragon
[Summary]: Honestly, we do try to keep things tight here in The Protocol newsletter. The problem is, there's just so many good stories in crypto. That's true even on a slower week as many of our readers and deve...

[Headline]: Can We All Stop Pretending That Solana Is in Beta?
[Summary]: Solana, one of the fastest growing blockchain networks, experienced severe disruptions early Tuesday morning. Engineers responded quickly, beginning work before 6 a.m. ET, to push out a patch needed t...

[Headline]: Solana Back Up Following Major 5-Hour Outage
[Summary]: Solana, the low-latency blockchain that's seen an explosion in activity in recent months, experienced an approximately five-hour outage on Tuesday.

Solana's SOL token slumped from around $96 before t...

[Headline]: Solana's Most-Notorious Hacker House Is Bigger Than Ever
[Summary]: SALT LAKE CITY — ""We're going to need a bigger boat.""

So said Barrett, the host of Solana's largest community-run coworking meetup, after surveying his fast-filling WeWork in Salt Lake City on Monday...

[Headline]: Jupiter’s JUP Rallies On With Solana Supporters Leading the Charge
[Summary]: Jupiter’s JUP tokens have racked up billions of dollars in trading volumes and amassed thousands of holders, days after a massive $700 million airdrop to users within the Solana ecosystem that raised ...



Based on all the information before 2024-02-09, let's first analyze the positive developments and potential concerns for SOL-USD. Come up with 2-4 most important factors respectively and keep them concise. Most factors should be inferred from cryptocurrencies related news. Then let's assume your prediction for next week (2024-02-09 to 2024-02-16) is up by 3-4%. Provide a summary analysis to support your prediction. The prediction result need to be inferred from your analysis at the end, and thus not appearing as a foundational factor of your analysis.","**[Positive Developments]:**
1. **Community Growth**: The expansion of community-run initiatives, such as the Solana hacker house, indicates a growing and engaged community, which could drive further adoption and innovation.
2. **Success of JUP Token**: The rally in Jupiter's JUP token and its significant trading volumes suggest strong support and interest in Solana-based projects.

**[Potential Concerns]:**
1. **Technical Reliability**: The recent outage experienced by Solana raises concerns about the network's technical reliability and its ability to handle increased user activity.
2. **Market Uncertainty**: The broader market uncertainty, as indicated by the mixed news sentiment, could impact the price of SOL, as investors may be cautious about the overall crypto market outlook.

**[Prediction & Analysis]:**
The community growth and the success of Solana-based projects like JUP token are positive indicators of the ecosystem's potential. However, the technical reliability concerns and broader market uncertainty pose risks. The prediction is an increase of 3-4% for the upcoming week, as the positive developments could drive further growth, while the potential concerns may limit the upside."
"[Cryptocurrency Introduction]: Solana (SOL) is a cryptocurrency launched in 2020. Solana has a current supply of 602,120,089.8045707 with 522,414,622.9373515 in circulation. The last known price of Solana is 153.49011699 USD and is up 1.26 over the last 24 hours. It is currently trading on 930 active market(s) with $2,659,112,403.89 traded over the last 24 hours. More information can be found at https://solana.com.. It has a market capilization of 79931613184.

From 2024-02-09 to 2024-02-16, SOL-USD's stock price increased from 106.93 to 110.45. News during this period are listed below:

[Headline]: Solana’s SOL Futures Rack Up $1B in Record Bullish Bets
[Summary]: SOL tokens are up 15% in the past two weeks and are among the best-performing major tokens.

Levered bullish bets make a bulk of futures open interest for SOL, data shows, but may create a long squeez...

[Headline]: Solana Leads Gains in Crypto Majors, Bitcoin Metric Suggests Low Retail Growth
[Summary]: Ethereum ecosystem and layer-2 tokens, such as LDO, ARB, and MNT, jumped as much as 7% as Franklin Templeton filed plans for a spot ether ETF.

Meanwhile, some market observers pointed out that Google...

[Headline]: Solana's Second Phone Crosses 100,000 Presales, Securing $45M for Development
[Summary]: Solana is committing to building its second smartphone after reaching 100,000 preorders ($45 million in sales) in just under a month.

The second phone, much like the first, will have custom features ...



Based on all the information before 2024-02-16, let's first analyze the positive developments and potential concerns for SOL-USD. Come up with 2-4 most important factors respectively and keep them concise. Most factors should be inferred from cryptocurrencies related news. Then let's assume your prediction for next week (2024-02-16 to 2024-02-23) is down by more than 5%. Provide a summary analysis to support your prediction. The prediction result need to be inferred from your analysis at the end, and thus not appearing as a foundational factor of your analysis.","**[Positive Developments]:**
1. **Bullish Futures Market**: Solana's futures market has seen a record $1 billion in bullish bets, indicating strong optimism among traders.
2. **Phone Preorders**: Solana's second smartphone reached 100,000 preorders, securing $45 million in sales and demonstrating strong ecosystem growth.
3. **Price Performance**: SOL was among the best-performing major tokens, gaining 15% in the past two weeks.

**[Potential Concerns]:**
1. **Long Squeeze Risk**: The levered bullish bets in the futures market pose a risk of a long squeeze, which could lead to a sharp price correction.
2. **Network Outages**: Recent network outages have caused temporary price drops, highlighting the vulnerability of the Solana network.

**[Prediction & Analysis]:**
Solana has shown strong performance and ecosystem growth, but the significant bullish positioning in the futures market raises concerns about a potential long squeeze. Recent network outages have also highlighted vulnerabilities. These factors suggest that the price could be volatile in the upcoming week. The potential for a long squeeze, combined with the network's recent issues, could lead to a downward trend. Therefore, a prediction of a more than 5% decrease in the price of SOL-USD for the week of 2024-02-16 to 2024-02-23 is reasonable."
"[Cryptocurrency Introduction]: Solana (SOL) is a cryptocurrency launched in 2020. Solana has a current supply of 602,120,089.8045707 with 522,414,622.9373515 in circulation. The last known price of Solana is 153.49011699 USD and is up 1.26 over the last 24 hours. It is currently trading on 930 active market(s) with $2,659,112,403.89 traded over the last 24 hours. More information can be found at https://solana.com.. It has a market capilization of 79931613184.

From 2024-02-16 to 2024-02-23, SOL-USD's stock price decreased from 110.45 to 99.95. News during this period are listed below:

[Headline]: Solana’s SOL Futures Rack Up $1B in Record Bullish Bets
[Summary]: SOL tokens are up 15% in the past two weeks and are among the best-performing major tokens.

Levered bullish bets make a bulk of futures open interest for SOL, data shows, but may create a long squeez...

[Headline]: Solana Leads Gains in Crypto Majors, Bitcoin Metric Suggests Low Retail Growth
[Summary]: Ethereum ecosystem and layer-2 tokens, such as LDO, ARB, and MNT, jumped as much as 7% as Franklin Templeton filed plans for a spot ether ETF.

Meanwhile, some market observers pointed out that Google...

[Headline]: Solana's Second Phone Crosses 100,000 Presales, Securing $45M for Development
[Summary]: Solana is committing to building its second smartphone after reaching 100,000 preorders ($45 million in sales) in just under a month.

The second phone, much like the first, will have custom features ...

[Headline]: Solana Gains More Than  Bitcoin as Trader Speculates an 'Extreme Move' Is Ahead
[Summary]: Solana's native token SOL bounced above $100, erasing a price drop spurred by a recent network outage.

SOL is coiling for its next impulsive move, one trader suggested.

Solana's SOL and Cardano's AD...

[Headline]: The Protocol: Solana's Missed Moment, Exclusive Farcaster Q&A, Bullish Year of Dragon
[Summary]: Honestly, we do try to keep things tight here in The Protocol newsletter. The problem is, there's just so many good stories in crypto. That's true even on a slower week as many of our readers and deve...



Based on all the information before 2024-02-23, let's first analyze the positive developments and potential concerns for SOL-USD. Come up with 2-4 most important factors respectively and keep them concise. Most factors should be inferred from cryptocurrencies related news. Then let's assume your prediction for next week (2024-02-23 to 2024-03-01) is up by more than 5%. Provide a summary analysis to support your prediction. The prediction result need to be inferred from your analysis at the end, and thus not appearing as a foundational factor of your analysis.","**[Positive Developments]:**
1. **Trader Optimism**: Traders speculate that Solana is poised for an 'extreme move,' indicating bullish sentiment.
2. **Ecosystem Growth**: The success of Solana's second phone and the growth of its ecosystem suggest long-term potential.
3. **Meme Coin Surge**: The surge in meme coins on the Solana ecosystem has brought attention and potential new investors to the platform.

**[Potential Concerns]:**
1. **Market Volatility**: The crypto market's recent volatility and Solana's history of network outages pose risks.
2. **Regulatory Uncertainty**: The regulatory environment for cryptocurrencies remains uncertain, which could impact Solana's price.

**[Prediction & Analysis]:**
Despite recent price decreases, there are several positive developments for Solana, including trader optimism and ecosystem growth. The surge in meme coins has also brought attention to the platform. While market volatility and regulatory uncertainty pose risks, the overall sentiment and developments suggest a potential rebound. Therefore, a prediction of a more than 5% increase in the price of SOL-USD for the week of 2024-02-23 to 2024-03-01 is reasonable."
"[Cryptocurrency Introduction]: Solana (SOL) is a cryptocurrency launched in 2020. Solana has a current supply of 602,120,089.8045707 with 522,414,622.9373515 in circulation. The last known price of Solana is 153.49011699 USD and is up 1.26 over the last 24 hours. It is currently trading on 930 active market(s) with $2,659,112,403.89 traded over the last 24 hours. More information can be found at https://solana.com.. It has a market capilization of 79931613184.

From 2024-02-09 to 2024-02-16, SOL-USD's stock price increased from 106.93 to 110.45. News during this period are listed below:

[Headline]: Solana’s SOL Futures Rack Up $1B in Record Bullish Bets
[Summary]: SOL tokens are up 15% in the past two weeks and are among the best-performing major tokens.

Levered bullish bets make a bulk of futures open interest for SOL, data shows, but may create a long squeez...

[Headline]: Solana Leads Gains in Crypto Majors, Bitcoin Metric Suggests Low Retail Growth
[Summary]: Ethereum ecosystem and layer-2 tokens, such as LDO, ARB, and MNT, jumped as much as 7% as Franklin Templeton filed plans for a spot ether ETF.

Meanwhile, some market observers pointed out that Google...

[Headline]: Solana's Second Phone Crosses 100,000 Presales, Securing $45M for Development
[Summary]: Solana is committing to building its second smartphone after reaching 100,000 preorders ($45 million in sales) in just under a month.

The second phone, much like the first, will have custom features ...

From 2024-02-16 to 2024-02-23, SOL-USD's stock price decreased from 110.45 to 99.95. News during this period are listed below:

[Headline]: Solana’s SOL Futures Rack Up $1B in Record Bullish Bets
[Summary]: SOL tokens are up 15% in the past two weeks and are among the best-performing major tokens.

Levered bullish bets make a bulk of futures open interest for SOL, data shows, but may create a long squeez...

[Headline]: Solana Leads Gains in Crypto Majors, Bitcoin Metric Suggests Low Retail Growth
[Summary]: Ethereum ecosystem and layer-2 tokens, such as LDO, ARB, and MNT, jumped as much as 7% as Franklin Templeton filed plans for a spot ether ETF.

Meanwhile, some market observers pointed out that Google...

[Headline]: Solana's Second Phone Crosses 100,000 Presales, Securing $45M for Development
[Summary]: Solana is committing to building its second smartphone after reaching 100,000 preorders ($45 million in sales) in just under a month.

The second phone, much like the first, will have custom features ...

[Headline]: Solana Gains More Than  Bitcoin as Trader Speculates an 'Extreme Move' Is Ahead
[Summary]: Solana's native token SOL bounced above $100, erasing a price drop spurred by a recent network outage.

SOL is coiling for its next impulsive move, one trader suggested.

Solana's SOL and Cardano's AD...

[Headline]: The Protocol: Solana's Missed Moment, Exclusive Farcaster Q&A, Bullish Year of Dragon
[Summary]: Honestly, we do try to keep things tight here in The Protocol newsletter. The problem is, there's just so many good stories in crypto. That's true even on a slower week as many of our readers and deve...

From 2024-02-23 to 2024-03-01, SOL-USD's stock price increased from 99.95 to 129.99. News during this period are listed below:

[Headline]: Solana Gaming Project MixMob Bags Stormtrooper NFT Licensing Rights
[Summary]: MixMob's Racer 1 game will see Star Wars stormtroopers make an appearance starting in the second quarter.

The developer plans to arrange three more licensing deals this year.

MixMob, a Solana-based ...

[Headline]: Solana Veterans Raise $17M for 'Backpack' Crypto Wallet, Exchange
[Summary]: Backpack’s founders, Armani Ferrante and Tristan Yver, left FTX/Alameda before the firms collapsed.

The fresh capital injection will cover the compliance and licensing costs as Backpack looks to expa...

[Headline]: PEPE and WIF Jump 50%, Putting Ethereum and Solana Meme Coins in Focus
[Summary]: Prominent meme tokens on Ethereum and Solana ecosystems, such as PEPE and WIF, have rallied significantly, gaining up to 51% in the past 24 hours.

The surge in meme coins is seen as a way to bet on t...



Based on all the information before 2024-03-01, let's first analyze the positive developments and potential concerns for SOL-USD. Come up with 2-4 most important factors respectively and keep them concise. Most factors should be inferred from cryptocurrencies related news. Then let's assume your prediction for next week (2024-03-01 to 2024-03-08) is up by more than 5%. Provide a summary analysis to support your prediction. The prediction result need to be inferred from your analysis at the end, and thus not appearing as a foundational factor of your analysis.","**[Positive Developments]:**
1. **Gaming Projects**: Solana-based gaming projects like MixMob securing major licensing deals, indicating growing ecosystem activity.
2. **Fundraising Success**: Solana veterans raising $17 million for a new crypto wallet shows continued investment in the ecosystem.
3. **Meme Coin Surge**: The surge in meme coins on Solana has brought attention and potential new investors to the platform.

**[Potential Concerns]:**
1. **Market Sentiment**: The broader crypto market sentiment remains volatile, which could impact Solana's price.
2. **Network Stability**: Past network outages raise concerns about the stability of the Solana blockchain.

**[Prediction & Analysis]:**
Solana has seen significant positive developments, including success in gaming projects and fundraising. The surge in meme coins has also brought attention to the platform. While market sentiment and network stability pose risks, the overall developments suggest continued growth. Therefore, a prediction of a more than 5% increase in the price of SOL-USD for the week of 2024-03-01 to 2024-03-08 is reasonable."
"[Cryptocurrency Introduction]: Solana (SOL) is a cryptocurrency launched in 2020. Solana has a current supply of 602,120,089.8045707 with 522,414,622.9373515 in circulation. The last known price of Solana is 153.49011699 USD and is up 1.26 over the last 24 hours. It is currently trading on 930 active market(s) with $2,659,112,403.89 traded over the last 24 hours. More information can be found at https://solana.com.. It has a market capilization of 79931613184.

From 2024-02-16 to 2024-02-23, SOL-USD's stock price decreased from 110.45 to 99.95. News during this period are listed below:

[Headline]: Solana’s SOL Futures Rack Up $1B in Record Bullish Bets
[Summary]: SOL tokens are up 15% in the past two weeks and are among the best-performing major tokens.

Levered bullish bets make a bulk of futures open interest for SOL, data shows, but may create a long squeez...

[Headline]: Solana Leads Gains in Crypto Majors, Bitcoin Metric Suggests Low Retail Growth
[Summary]: Ethereum ecosystem and layer-2 tokens, such as LDO, ARB, and MNT, jumped as much as 7% as Franklin Templeton filed plans for a spot ether ETF.

Meanwhile, some market observers pointed out that Google...

[Headline]: Solana's Second Phone Crosses 100,000 Presales, Securing $45M for Development
[Summary]: Solana is committing to building its second smartphone after reaching 100,000 preorders ($45 million in sales) in just under a month.

The second phone, much like the first, will have custom features ...

[Headline]: Solana Gains More Than  Bitcoin as Trader Speculates an 'Extreme Move' Is Ahead
[Summary]: Solana's native token SOL bounced above $100, erasing a price drop spurred by a recent network outage.

SOL is coiling for its next impulsive move, one trader suggested.

Solana's SOL and Cardano's AD...

[Headline]: The Protocol: Solana's Missed Moment, Exclusive Farcaster Q&A, Bullish Year of Dragon
[Summary]: Honestly, we do try to keep things tight here in The Protocol newsletter. The problem is, there's just so many good stories in crypto. That's true even on a slower week as many of our readers and deve...

From 2024-02-23 to 2024-03-01, SOL-USD's stock price increased from 99.95 to 129.99. News during this period are listed below:

[Headline]: Solana Gaming Project MixMob Bags Stormtrooper NFT Licensing Rights
[Summary]: MixMob's Racer 1 game will see Star Wars stormtroopers make an appearance starting in the second quarter.

The developer plans to arrange three more licensing deals this year.

MixMob, a Solana-based ...

[Headline]: Solana Veterans Raise $17M for 'Backpack' Crypto Wallet, Exchange
[Summary]: Backpack’s founders, Armani Ferrante and Tristan Yver, left FTX/Alameda before the firms collapsed.

The fresh capital injection will cover the compliance and licensing costs as Backpack looks to expa...

[Headline]: PEPE and WIF Jump 50%, Putting Ethereum and Solana Meme Coins in Focus
[Summary]: Prominent meme tokens on Ethereum and Solana ecosystems, such as PEPE and WIF, have rallied significantly, gaining up to 51% in the past 24 hours.

The surge in meme coins is seen as a way to bet on t...

From 2024-03-01 to 2024-03-08, SOL-USD's stock price increased from 129.99 to 145.24. News during this period are listed below:

[Headline]: Solana DeFi Protocol Kamino Sets KMNO Token Airdrop for April
[Summary]: Kamino is the latest Solana-based DeFi protocol to set an airdrop date.

Seven percent of KMNO's total supply is earmarked for the first airdrop.

Solana-based DeFi protocol Kamino plans to airdrop it...

[Headline]: Pantera Looks to Purchase Discounted Solana Tokens With New Fund: Bloomberg
[Summary]: Cryptocurrency fund Pantera Capital is seeking fresh capital to purchase discounted Solana {{SOL}} tokens from the beleaguered FTX estate, Bloomberg reported Thursday.

SOL tokens rose 2.2% in the pas...

[Headline]: Figment, Apex to List Ether and Solana Staking ETPs on SIX Swiss Exchange
[Summary]: Figment Europe and Apex Group plan to list Ethereum and Solana staking ETPs on SIX Swiss Exchange next week.

The ETPs will allow investors to take exposure to ether and solana prices while earning st...

[Headline]: Biden and Trump-Themed Meme Coins Take Center Stage on Solana
[Summary]: A token based on U.S. president Joe Biden rose by 830% on Wednesday morning on more than $23 million worth of trading volume.

Several other meme coins based on celebrities and politicians have been i...

[Headline]: Bitcoiners, Solana Acolytes Crash Ethereum Conference in Denver – for a Reason
[Summary]: Last week's ETHDenver conference, originally focused on the Ethereum blockchain, drew a presence from developers and teams focused on other ecosystems, including Bitcoin, Solana and Polkadot.

The dra...



Based on all the information before 2024-03-08, let's first analyze the positive developments and potential concerns for SOL-USD. Come up with 2-4 most important factors respectively and keep them concise. Most factors should be inferred from cryptocurrencies related news. Then let's assume your prediction for next week (2024-03-08 to 2024-03-15) is up by more than 5%. Provide a summary analysis to support your prediction. The prediction result need to be inferred from your analysis at the end, and thus not appearing as a foundational factor of your analysis.","**[Positive Developments]:**
1. **Investment Interest**: Pantera Capital's interest in purchasing discounted SOL tokens indicates institutional investment interest.
2. **Staking ETPs**: The listing of Solana staking ETPs on the SIX Swiss Exchange provides new avenues for investor exposure.
3. **Meme Coin Popularity**: The popularity of meme coins on Solana continues to drive attention and potential investment.

**[Potential Concerns]:**
1. **Market Competition**: Increased presence of other ecosystems, such as Ethereum and Bitcoin, at conferences highlights competitive pressures.
2. **Regulatory Risks**: The regulatory environment for cryptocurrencies remains uncertain, posing potential risks.

**[Prediction & Analysis]:**
Solana has seen positive developments, including institutional investment interest and the listing of staking ETPs. The continued popularity of meme coins also drives attention to the platform. While market competition and regulatory risks pose concerns, the overall developments suggest potential growth. Therefore, a prediction of a more than 5% increase in the price of SOL-USD for the week of 2024-03-08 to 2024-03-15 is reasonable."
"[Cryptocurrency Introduction]: Solana (SOL) is a cryptocurrency launched in 2020. Solana has a current supply of 602,120,089.8045707 with 522,414,622.9373515 in circulation. The last known price of Solana is 153.49011699 USD and is up 1.26 over the last 24 hours. It is currently trading on 930 active market(s) with $2,659,112,403.89 traded over the last 24 hours. More information can be found at https://solana.com.. It has a market capilization of 79931613184.

From 2024-02-23 to 2024-03-01, SOL-USD's stock price increased from 99.95 to 129.99. News during this period are listed below:

[Headline]: Solana Gaming Project MixMob Bags Stormtrooper NFT Licensing Rights
[Summary]: MixMob's Racer 1 game will see Star Wars stormtroopers make an appearance starting in the second quarter.

The developer plans to arrange three more licensing deals this year.

MixMob, a Solana-based ...

[Headline]: Solana Veterans Raise $17M for 'Backpack' Crypto Wallet, Exchange
[Summary]: Backpack’s founders, Armani Ferrante and Tristan Yver, left FTX/Alameda before the firms collapsed.

The fresh capital injection will cover the compliance and licensing costs as Backpack looks to expa...

[Headline]: PEPE and WIF Jump 50%, Putting Ethereum and Solana Meme Coins in Focus
[Summary]: Prominent meme tokens on Ethereum and Solana ecosystems, such as PEPE and WIF, have rallied significantly, gaining up to 51% in the past 24 hours.

The surge in meme coins is seen as a way to bet on t...

From 2024-03-01 to 2024-03-08, SOL-USD's stock price increased from 129.99 to 145.24. News during this period are listed below:

[Headline]: Pantera Looks to Purchase Discounted Solana Tokens With New Fund: Bloomberg
[Summary]: Cryptocurrency fund Pantera Capital is seeking fresh capital to purchase discounted Solana {{SOL}} tokens from the beleaguered FTX estate, Bloomberg reported Thursday.

SOL tokens rose 2.2% in the pas...

[Headline]: Figment, Apex to List Ether and Solana Staking ETPs on SIX Swiss Exchange
[Summary]: Figment Europe and Apex Group plan to list Ethereum and Solana staking ETPs on SIX Swiss Exchange next week.

The ETPs will allow investors to take exposure to ether and solana prices while earning st...

[Headline]: Biden and Trump-Themed Meme Coins Take Center Stage on Solana
[Summary]: A token based on U.S. president Joe Biden rose by 830% on Wednesday morning on more than $23 million worth of trading volume.

Several other meme coins based on celebrities and politicians have been i...

[Headline]: Solana Meme Coin Dogwifhat Surges 48% to Record, Beats BONK, DOGE to $2
[Summary]: Dogwifhat became the first major meme coin to cross the $2 price mark.

A listing on the prominent exchange Binance likely drove the price surge.

Solana’s runaway meme coin Dogwifhat (WIF) surged 48%...

[Headline]: Bitcoiners, Solana Acolytes Crash Ethereum Conference in Denver – for a Reason
[Summary]: Last week's ETHDenver conference, originally focused on the Ethereum blockchain, drew a presence from developers and teams focused on other ecosystems, including Bitcoin, Solana and Polkadot.

The dra...

From 2024-03-08 to 2024-03-15, SOL-USD's stock price increased from 145.24 to 182.96. News during this period are listed below:

[Headline]: Bitcoin Slumps 4%, Falling Below $70K; Solana Outperforms
[Summary]: Crypto markets slipped Thursday with bitcoin and ether each dropping 5%-6% before a modest rebound.

Solana outperformed, benefitting from capital rotation, QCP Capital said.

SOL could be poised to r...

[Headline]: Solana-Based Crypto Exchange Drift Plans Pre-Launch Market for New Tokens
[Summary]: Drift Protocol is opening up a ""pre-launch market"" for trading tokens that have not yet started trading.

The first token with a market will be Wormhole's upcoming W.

There's soon to be a marketplace...

[Headline]: Solana NFT Marketplace Tensor to Issue TNSR Governance Token
[Summary]: Solana-based NFT trading platform Tensor said Tuesday it will issue a token, $TNSR, whose holders will govern the protocol.

In a post on X (formerly Twitter) the Tensor Foundation said more details a...

[Headline]: Solana DeFi's KMNO Airdrop Sparked Outrage. Kamino Responded With Changes
[Summary]: Kamino Finance is changing some parameters for earning points ahead of its KMNO airdrop, slated for April.

The turnabout will pay dividends for longtime Kamnio users, but key details are still missin...

[Headline]: Unibot Tanks 33% After Ending Collaboration With Solana Group
[Summary]: The native token of trading application Unibot (UNIBOT) sunk 40% on Monday after announcing the termination of its collaboration with the team that deployed it on Solana over security concerns.

Unibo...



Based on all the information before 2024-03-15, let's first analyze the positive developments and potential concerns for SOL-USD. Come up with 2-4 most important factors respectively and keep them concise. Most factors should be inferred from cryptocurrencies related news. Then let's assume your prediction for next week (2024-03-15 to 2024-03-22) is down by 4-5%. Provide a summary analysis to support your prediction. The prediction result need to be inferred from your analysis at the end, and thus not appearing as a foundational factor of your analysis.","**[Positive Developments]:**
1. **Exchange Developments**: Drift Protocol's pre-launch market and Tensor's governance token issuance indicate growing ecosystem activity.
2. **Market Outperformance**: Solana outperformed other major cryptocurrencies during recent market slumps.
3. **Meme Coin Surge**: The continued surge in meme coins on Solana has brought attention and potential new investors to the platform.

**[Potential Concerns]:**
1. **Collaboration End**: Unibot's termination of collaboration with a Solana group raises concerns about ecosystem stability.
2. **Market Volatility**: The broader crypto market remains volatile, which could impact Solana's price.

**[Prediction & Analysis]:**
Solana has seen positive developments, including exchange developments and market outperformance. The continued surge in meme coins has also brought attention to the platform. However, the termination of Unibot's collaboration and broader market volatility pose concerns. These factors suggest potential downward pressure. Therefore, a prediction of a 4-5% decrease in the price of SOL-USD for the week of 2024-03-15 to 2024-03-22 is reasonable."
"[Cryptocurrency Introduction]: Solana (SOL) is a cryptocurrency launched in 2020. Solana has a current supply of 602,120,089.8045707 with 522,414,622.9373515 in circulation. The last known price of Solana is 153.49011699 USD and is up 1.26 over the last 24 hours. It is currently trading on 930 active market(s) with $2,659,112,403.89 traded over the last 24 hours. More information can be found at https://solana.com.. It has a market capilization of 79931613184.

From 2024-02-23 to 2024-03-01, SOL-USD's stock price increased from 99.95 to 129.99. News during this period are listed below:

[Headline]: Solana Gaming Project MixMob Bags Stormtrooper NFT Licensing Rights
[Summary]: MixMob's Racer 1 game will see Star Wars stormtroopers make an appearance starting in the second quarter.

The developer plans to arrange three more licensing deals this year.

MixMob, a Solana-based ...

[Headline]: Solana Veterans Raise $17M for 'Backpack' Crypto Wallet, Exchange
[Summary]: Backpack’s founders, Armani Ferrante and Tristan Yver, left FTX/Alameda before the firms collapsed.

The fresh capital injection will cover the compliance and licensing costs as Backpack looks to expa...

[Headline]: PEPE and WIF Jump 50%, Putting Ethereum and Solana Meme Coins in Focus
[Summary]: Prominent meme tokens on Ethereum and Solana ecosystems, such as PEPE and WIF, have rallied significantly, gaining up to 51% in the past 24 hours.

The surge in meme coins is seen as a way to bet on t...

From 2024-03-01 to 2024-03-08, SOL-USD's stock price increased from 129.99 to 145.24. News during this period are listed below:

[Headline]: Solana DeFi Protocol Kamino Sets KMNO Token Airdrop for April
[Summary]: Kamino is the latest Solana-based DeFi protocol to set an airdrop date.

Seven percent of KMNO's total supply is earmarked for the first airdrop.

Solana-based DeFi protocol Kamino plans to airdrop it...

[Headline]: Pantera Looks to Purchase Discounted Solana Tokens With New Fund: Bloomberg
[Summary]: Cryptocurrency fund Pantera Capital is seeking fresh capital to purchase discounted Solana {{SOL}} tokens from the beleaguered FTX estate, Bloomberg reported Thursday.

SOL tokens rose 2.2% in the pas...

[Headline]: Biden and Trump-Themed Meme Coins Take Center Stage on Solana
[Summary]: A token based on U.S. president Joe Biden rose by 830% on Wednesday morning on more than $23 million worth of trading volume.

Several other meme coins based on celebrities and politicians have been i...

[Headline]: Solana Meme Coin Dogwifhat Surges 48% to Record, Beats BONK, DOGE to $2
[Summary]: Dogwifhat became the first major meme coin to cross the $2 price mark.

A listing on the prominent exchange Binance likely drove the price surge.

Solana’s runaway meme coin Dogwifhat (WIF) surged 48%...

[Headline]: Bitcoiners, Solana Acolytes Crash Ethereum Conference in Denver – for a Reason
[Summary]: Last week's ETHDenver conference, originally focused on the Ethereum blockchain, drew a presence from developers and teams focused on other ecosystems, including Bitcoin, Solana and Polkadot.

The dra...

From 2024-03-08 to 2024-03-15, SOL-USD's stock price increased from 145.24 to 182.96. News during this period are listed below:

[Headline]: Bitcoin Slumps 4%, Falling Below $70K; Solana Outperforms
[Summary]: Crypto markets slipped Thursday with bitcoin and ether each dropping 5%-6% before a modest rebound.

Solana outperformed, benefitting from capital rotation, QCP Capital said.

SOL could be poised to r...

[Headline]: Solana-Based Crypto Exchange Drift Plans Pre-Launch Market for New Tokens
[Summary]: Drift Protocol is opening up a ""pre-launch market"" for trading tokens that have not yet started trading.

The first token with a market will be Wormhole's upcoming W.

There's soon to be a marketplace...

[Headline]: Solana DeFi's KMNO Airdrop Sparked Outrage. Kamino Responded With Changes
[Summary]: Kamino Finance is changing some parameters for earning points ahead of its KMNO airdrop, slated for April.

The turnabout will pay dividends for longtime Kamnio users, but key details are still missin...

[Headline]: Unibot Tanks 33% After Ending Collaboration With Solana Group
[Summary]: The native token of trading application Unibot (UNIBOT) sunk 40% on Monday after announcing the termination of its collaboration with the team that deployed it on Solana over security concerns.

Unibo...

[Headline]: Solana Client Developer Jito Ends 'Mempool' Function 
[Summary]: Solana client developer Jito Labs announced it would shutter its mempool functionality on Friday.

While Solana itself doesn't have a mempool, the Jito client did, which allowed costly ""sandwich attac...

From 2024-03-15 to 2024-03-22, SOL-USD's stock price decreased from 182.96 to 174.36. News during this period are listed below:

[Headline]: Starknet, an Ethereum Layer 2, Plans 'Parallel Execution' to Mimic Solana's Speed Feature 
[Summary]: Starknet's 2024 road map calls for the addition of parallel transactions starting in the second quarter.

Developers behind the project also released plans for measures to cut fees.

Starknet is the b...

[Headline]: Solana Meme Coin Slerf Clocks Higher Trading Volume Than All of Ethereum
[Summary]: A Solana-based meme coin, Slerf, has surpassed all Ethereum-based exchanges in trading volume within its first day of existence.

Slerf's popularity surged after its developer said they accidentally s...

[Headline]: Solana Meme Slerf Notches $1.7B in Volume After Developer Loses All Presale Funds
[Summary]: Slerf, a sloth-themed meme coin on the Solana network, raised $10 million in a so-called presale and quickly gained popularity even though the developer mistakenly burned the liquidity provider and to...

[Headline]: Lure of Quick Money Sees $100M Flow to Solana Meme Coin 'Presales'
[Summary]: Presales have gained popularity in the crypto market, with many projects raising millions of dollars based on simple X posts even in the absence of a working product.

The trend was fueled by the succ...

[Headline]: SOL Crosses $200 as Meme Coin Frenzy Bumps Demand for Solana Network
[Summary]: SOL crossed its previous market cap high of $75 billion.

The network activity is likely being driven by the meme coin frenzy.

Solana’s SOL crossed $200 for the first time since November 2021 as netw...



Based on all the information before 2024-03-22, let's first analyze the positive developments and potential concerns for SOL-USD. Come up with 2-4 most important factors respectively and keep them concise. Most factors should be inferred from cryptocurrencies related news. Then let's assume your prediction for next week (2024-03-22 to 2024-03-29) is up by more than 5%. Provide a summary analysis to support your prediction. The prediction result need to be inferred from your analysis at the end, and thus not appearing as a foundational factor of your analysis.","### Analysis Request 1

**[Positive Developments]:**
1. **Increased Adoption and Integration**: Solana-based projects like MixMob and Backpack have secured significant developments, including licensing deals and fresh capital injections, indicating growing adoption and integration within the ecosystem.
2. **Meme Coin Surge**: The significant rise in meme coins like PEPE and WIF on the Solana ecosystem has driven increased trading volume and market attention, potentially attracting more investors to the SOL token.
3. **DeFi Protocol Growth**: Kamino's upcoming KMNO token airdrop and other DeFi protocol developments suggest a maturing ecosystem with more utilities and potential for increased liquidity.
4. **Investment Interest**: Pantera Capital's interest in purchasing discounted Solana tokens from the FTX estate indicates institutional confidence in the long-term potential of SOL.

**[Potential Concerns]:**
1. **Market Volatility**: The overall crypto market's volatility, as seen with Bitcoin's recent slump, could negatively impact Solana's price despite its relative outperformance.
2. **Security Concerns**: The termination of Unibot's collaboration with a Solana group over security concerns raises questions about the ecosystem's security and reliability.
3. **Meme Coin Risks**: While meme coins have driven volume, their inherent volatility and speculative nature could lead to abrupt market corrections, affecting SOL's price.
4. **Regulatory and Compliance Costs**: The need for compliance and licensing costs, as highlighted by Backpack's capital injection, could strain smaller projects and slow down innovation.

**[Prediction & Analysis]:**
Solana (SOL) has shown resilience and growth potential, particularly with the surge in meme coins and increased institutional interest. The upcoming week could see continued capital rotation into SOL, driven by the meme coin frenzy and institutional investments. However, market volatility and security concerns present downside risks. Despite these concerns, the positive developments, including increased adoption and DeFi protocol growth, are likely to outweigh the potential concerns in the short term. Therefore, a prediction of SOL-USD increasing by more than 5% next week is supported by the current market dynamics and positive news flow."
"[Cryptocurrency Introduction]: Solana (SOL) is a cryptocurrency launched in 2020. Solana has a current supply of 602,120,089.8045707 with 522,414,622.9373515 in circulation. The last known price of Solana is 153.49011699 USD and is up 1.26 over the last 24 hours. It is currently trading on 930 active market(s) with $2,659,112,403.89 traded over the last 24 hours. More information can be found at https://solana.com.. It has a market capilization of 79931613184.

From 2024-03-15 to 2024-03-22, SOL-USD's stock price decreased from 182.96 to 174.36. News during this period are listed below:

[Headline]: Meet the Woman Behind Solana Hit Meme Coin ‘Doland Tremp’
[Summary]: Political finance (PoliFi) meme coins from TRUMP to TREMP are deep in the red, but the woman running the show at the latter, who goes by the handle B, is still having fun.

Over the last few weeks, a ...

[Headline]: Starknet, an Ethereum Layer 2, Plans 'Parallel Execution' to Mimic Solana's Speed Feature 
[Summary]: Starknet's 2024 road map calls for the addition of parallel transactions starting in the second quarter.

Developers behind the project also released plans for measures to cut fees.

Starknet is the b...

[Headline]: Solana Leapfrogs Ethereum on DEX Volume
[Summary]: Solana-based decentralized exchanges have been busier than their Ethereum counterparts over the past seven days.

The meme coin frenzy seems to have catalyzed higher volumes on Solana.

Solana also bo...

[Headline]: Solana Meme Slerf Notches $1.7B in Volume After Developer Loses All Presale Funds
[Summary]: Slerf, a sloth-themed meme coin on the Solana network, raised $10 million in a so-called presale and quickly gained popularity even though the developer mistakenly burned the liquidity provider and to...

[Headline]: SOL Crosses $200 as Meme Coin Frenzy Bumps Demand for Solana Network
[Summary]: SOL crossed its previous market cap high of $75 billion.

The network activity is likely being driven by the meme coin frenzy.

Solana’s SOL crossed $200 for the first time since November 2021 as netw...

From 2024-03-22 to 2024-03-29, SOL-USD's stock price increased from 174.36 to 192.23. News during this period are listed below:

[Headline]: Solana Foundation Says It Can Filter Through the Offensive Meme Coin Problem
[Summary]: In the past few months, many meme coins have appeared containing racist terms.

Panelists during a discussion at BUIDL Asia debated on how to best deal with this problem.

As funny and irreverent as m...

[Headline]: Meet the Woman Behind Solana Hit Meme Coin ‘Doland Tremp’
[Summary]: Political finance (PoliFi) meme coins from TRUMP to TREMP are deep in the red, but the woman running the show at the latter, who goes by the handle B, is still having fun.

Over the last few weeks, a ...

[Headline]: The Protocol: Bitcoin Halving in 3 Weeks, Solana's Yakovenko on Meme Coins
[Summary]: It's a sign of how fast crypto moves that Ethereum's landmark Dencun upgrade last week is already fading from the headlines.

Eyes are now turning to Bitcoin's next quadrennial halving. There's also p...

[Headline]: Solana Strained by Meme Coin Mania, But Co-Founder Yakovenko Welcomes the Test
[Summary]: Solana is having a moment, and it's largely related to the frenzy of meme coin trading suddenly taking place - in tokens built around images of dogs and sloths, general ridiculousness and even the ver...

[Headline]: Starknet, an Ethereum Layer 2, Plans 'Parallel Execution' to Mimic Solana's Speed Feature 
[Summary]: Starknet's 2024 road map calls for the addition of parallel transactions starting in the second quarter.

Developers behind the project also released plans for measures to cut fees.

Starknet is the b...



Based on all the information before 2024-03-29, let's first analyze the positive developments and potential concerns for SOL-USD. Come up with 2-4 most important factors respectively and keep them concise. Most factors should be inferred from cryptocurrencies related news. Then let's assume your prediction for next week (2024-03-29 to 2024-04-05) is down by more than 5%. Provide a summary analysis to support your prediction. The prediction result need to be inferred from your analysis at the end, and thus not appearing as a foundational factor of your analysis.","### Analysis Request 2

**[Positive Developments]:**
1. **Meme Coin Frenzy**: The significant trading volume and popularity of meme coins like Slerf and political meme coins have driven network activity and demand for SOL.
2. **DEX Volume Leadership**: Solana-based decentralized exchanges have surpassed Ethereum in volume, indicating a strong and active user base.
3. **Institutional Interest**: Continued interest from institutional investors and the crypto community in Solana's ecosystem, as evidenced by various news headlines and market movements.

**[Potential Concerns]:**
1. **Meme Coin Volatility**: The speculative nature of meme coins could lead to sudden market corrections, affecting SOL's price.
2. **Network Strain**: The high demand from meme coin trading has put a strain on the Solana network, which could lead to performance issues and user dissatisfaction.
3. **Regulatory Risks**: The need to address offensive meme coin problems and potential regulatory scrutiny could impact the ecosystem's growth and innovation.

**[Prediction & Analysis]:**
While Solana (SOL) has benefited from the meme coin frenzy and increased network activity, the speculative nature of meme coins and potential regulatory risks present significant downside risks. The strain on the Solana network due to high demand could also lead to performance issues, affecting user confidence. Additionally, the broader crypto market's volatility could impact SOL's price. Therefore, a prediction of SOL-USD decreasing by more than 5% next week is supported by the current market dynamics and potential concerns."
"[Cryptocurrency Introduction]: Solana (SOL) is a cryptocurrency launched in 2020. Solana has a current supply of 602,120,089.8045707 with 522,414,622.9373515 in circulation. The last known price of Solana is 153.49011699 USD and is up 1.26 over the last 24 hours. It is currently trading on 930 active market(s) with $2,659,112,403.89 traded over the last 24 hours. More information can be found at https://solana.com.. It has a market capilization of 79931613184.

From 2024-03-22 to 2024-03-29, SOL-USD's stock price increased from 174.36 to 192.23. News during this period are listed below:

[Headline]: Solana Foundation Says It Can Filter Through the Offensive Meme Coin Problem
[Summary]: In the past few months, many meme coins have appeared containing racist terms.

Panelists during a discussion at BUIDL Asia debated on how to best deal with this problem.

As funny and irreverent as m...

[Headline]: Meet the Woman Behind Solana Hit Meme Coin ‘Doland Tremp’
[Summary]: Political finance (PoliFi) meme coins from TRUMP to TREMP are deep in the red, but the woman running the show at the latter, who goes by the handle B, is still having fun.

Over the last few weeks, a ...

[Headline]: The Protocol: Bitcoin Halving in 3 Weeks, Solana's Yakovenko on Meme Coins
[Summary]: It's a sign of how fast crypto moves that Ethereum's landmark Dencun upgrade last week is already fading from the headlines.

Eyes are now turning to Bitcoin's next quadrennial halving. There's also p...

[Headline]: Solana Strained by Meme Coin Mania, But Co-Founder Yakovenko Welcomes the Test
[Summary]: Solana is having a moment, and it's largely related to the frenzy of meme coin trading suddenly taking place - in tokens built around images of dogs and sloths, general ridiculousness and even the ver...

[Headline]: Starknet, an Ethereum Layer 2, Plans 'Parallel Execution' to Mimic Solana's Speed Feature 
[Summary]: Starknet's 2024 road map calls for the addition of parallel transactions starting in the second quarter.

Developers behind the project also released plans for measures to cut fees.

Starknet is the b...

From 2024-03-29 to 2024-04-05, SOL-USD's stock price decreased from 192.23 to 174.50. News during this period are listed below:

[Headline]: Wormhole’s W Token Is Paying Out 999% a Week on Solana Protocol Kamino
[Summary]: Staking Wormhole's W token paired with JitoSOL in the Kamino liquidity pool on Solana is offering a more than 999% weekly return

Participants can earn daily rewards of over 3,300 W and 666 JTO, worth...

[Headline]: Crypto Bulls See $400M Liquidations as Solana, Dogecoin Lead Slide in Majors
[Summary]: Major tokens experienced a significant drop in the past 24 hours, with bitcoin falling 5% and other major tokens like ether, Cardano's ADA, and BNB Chain’s BNB showing similar losses.

Liquidations of...

[Headline]: Solana Foundation Says It Can Filter Through the Offensive Meme Coin Problem
[Summary]: In the past few months, many meme coins have appeared containing racist terms.

Panelists during a discussion at BUIDL Asia debated on how to best deal with this problem.

As funny and irreverent as m...



Based on all the information before 2024-04-05, let's first analyze the positive developments and potential concerns for SOL-USD. Come up with 2-4 most important factors respectively and keep them concise. Most factors should be inferred from cryptocurrencies related news. Then let's assume your prediction for next week (2024-04-05 to 2024-04-12) is down by more than 5%. Provide a summary analysis to support your prediction. The prediction result need to be inferred from your analysis at the end, and thus not appearing as a foundational factor of your analysis.","### Analysis Request 3

**[Positive Developments]:**
1. **High Yield Opportunities**: The high weekly returns offered by staking Wormhole's W token on Kamino indicate strong yield opportunities within the Solana ecosystem.
2. **Institutional Interest**: Continued interest from institutional investors and the crypto community in Solana's ecosystem, as evidenced by various news headlines and market movements.

**[Potential Concerns]:**
1. **Market Corrections**: The significant liquidations and drop in major tokens, including Solana, indicate a broader market correction that could continue to impact SOL's price.
2. **Meme Coin Risks**: The ongoing issues with offensive meme coins and the potential for regulatory scrutiny could impact the ecosystem's growth and innovation.
3. **Network Performance**: The need to address network congestion and potential performance issues could affect user confidence and adoption.

**[Prediction & Analysis]:**
While Solana (SOL) offers high yield opportunities and continues to attract institutional interest, the broader market corrections and potential regulatory risks present significant downside risks. The need to address network congestion and performance issues could also impact user confidence and adoption. Therefore, a prediction of SOL-USD decreasing by more than 5% next week is supported by the current market dynamics and potential concerns."
"[Cryptocurrency Introduction]: Solana (SOL) is a cryptocurrency launched in 2020. Solana has a current supply of 602,120,089.8045707 with 522,414,622.9373515 in circulation. The last known price of Solana is 153.49011699 USD and is up 1.26 over the last 24 hours. It is currently trading on 930 active market(s) with $2,659,112,403.89 traded over the last 24 hours. More information can be found at https://solana.com.. It has a market capilization of 79931613184.

From 2024-03-29 to 2024-04-05, SOL-USD's stock price decreased from 192.23 to 174.50. News during this period are listed below:

[Headline]: Wormhole’s W Token Is Paying Out 999% a Week on Solana Protocol Kamino
[Summary]: Staking Wormhole's W token paired with JitoSOL in the Kamino liquidity pool on Solana is offering a more than 999% weekly return

Participants can earn daily rewards of over 3,300 W and 666 JTO, worth...

[Headline]: Crypto Bulls See $400M Liquidations as Solana, Dogecoin Lead Slide in Majors
[Summary]: Major tokens experienced a significant drop in the past 24 hours, with bitcoin falling 5% and other major tokens like ether, Cardano's ADA, and BNB Chain’s BNB showing similar losses.

Liquidations of...

[Headline]: Solana Foundation Says It Can Filter Through the Offensive Meme Coin Problem
[Summary]: In the past few months, many meme coins have appeared containing racist terms.

Panelists during a discussion at BUIDL Asia debated on how to best deal with this problem.

As funny and irreverent as m...

From 2024-04-05 to 2024-04-12, SOL-USD's stock price decreased from 174.50 to 153.64. News during this period are listed below:

[Headline]: Chaos at MarginFi Shakes up Solana DeFi's Borrow-and-Lend Landscape
[Summary]: The biggest winner from MarginFi's leadership shakeup seems to be Solend, with $17 million in deposits in the last 24 hours and token rising 37%.

Kamino, another competitor, also saw $81 million in n...

[Headline]: MarginFi Leader Resigns on Fiery Day for Major Solana Lender
[Summary]: MarginFi’s longtime leader, Edgar Pavlovsky, resigned Wednesday following an internal dispute at the protocol's builder, mrgn.

The abrupt exit won’t impact MarginFi's borrow-and-lend functions, but i...

[Headline]: Half of Solana Pre-Sales Are Scams, Blockaid Says
[Summary]: Pre-sales on Solana have become increasingly common following the rapid gains of meme coins like book of meme (BOME).

Scammers are targeting users with social-engineering techniques on social media p...

[Headline]: Solana-Based Zeta Markets Debuts Governance Token Z
[Summary]: Solana-based decentralized derivatives protocol Zeta Markets announces the debut of its native governance token Z.

The token will have a total supply of 1 billion, and 10% of the supply will be initi...

[Headline]: Solana Meme Coin Generator Pump on Track for $66M Yearly Revenue
[Summary]: Pump has generated significant revenue in a short period and zoomed to one of Solana's highest earning applications, showcasing the profitability of offering token creation services in the crypto spac...



Based on all the information before 2024-04-12, let's first analyze the positive developments and potential concerns for SOL-USD. Come up with 2-4 most important factors respectively and keep them concise. Most factors should be inferred from cryptocurrencies related news. Then let's assume your prediction for next week (2024-04-12 to 2024-04-19) is down by more than 5%. Provide a summary analysis to support your prediction. The prediction result need to be inferred from your analysis at the end, and thus not appearing as a foundational factor of your analysis.","### Analysis Request 4

**[Positive Developments]:**
1. **Governance Token Launch**: The debut of Zeta Markets' governance token Z and other governance token launches indicate a maturing ecosystem with more utilities and potential for increased liquidity.
2. **Revenue Generation**: The significant revenue generated by the Solana Meme Coin Generator Pump showcases the profitability and growth potential within the ecosystem.

**[Potential Concerns]:**
1. **Scam Pre-Sales**: The prevalence of scam pre-sales on Solana raises concerns about the ecosystem's security and reliability, potentially impacting user trust and adoption.
2. **Leadership Changes**: The abrupt resignation of MarginFi's leader and internal disputes could impact the stability and growth of Solana's DeFi landscape.
3. **Market Volatility**: The broader crypto market's volatility and potential corrections could negatively impact Solana's price.

**[Prediction & Analysis]:**
While Solana (SOL) has seen positive developments such as governance token launches and significant revenue generation, the prevalence of scam pre-sales and leadership changes present significant risks. The broader market volatility and potential corrections could also impact SOL's price. Therefore, a prediction of SOL-USD decreasing by more than 5% next week is supported by the current market dynamics and potential concerns."
"[Cryptocurrency Introduction]: Solana (SOL) is a cryptocurrency launched in 2020. Solana has a current supply of 602,120,089.8045707 with 522,414,622.9373515 in circulation. The last known price of Solana is 153.49011699 USD and is up 1.26 over the last 24 hours. It is currently trading on 930 active market(s) with $2,659,112,403.89 traded over the last 24 hours. More information can be found at https://solana.com.. It has a market capilization of 79931613184.

From 2024-04-05 to 2024-04-12, SOL-USD's stock price decreased from 174.50 to 153.64. News during this period are listed below:

[Headline]: Chaos at MarginFi Shakes up Solana DeFi's Borrow-and-Lend Landscape
[Summary]: The biggest winner from MarginFi's leadership shakeup seems to be Solend, with $17 million in deposits in the last 24 hours and token rising 37%.

Kamino, another competitor, also saw $81 million in n...

[Headline]: MarginFi Leader Resigns on Fiery Day for Major Solana Lender
[Summary]: MarginFi’s longtime leader, Edgar Pavlovsky, resigned Wednesday following an internal dispute at the protocol's builder, mrgn.

The abrupt exit won’t impact MarginFi's borrow-and-lend functions, but i...

[Headline]: Half of Solana Pre-Sales Are Scams, Blockaid Says
[Summary]: Pre-sales on Solana have become increasingly common following the rapid gains of meme coins like book of meme (BOME).

Scammers are targeting users with social-engineering techniques on social media p...

[Headline]: Solana-Based Zeta Markets Debuts Governance Token Z
[Summary]: Solana-based decentralized derivatives protocol Zeta Markets announces the debut of its native governance token Z.

The token will have a total supply of 1 billion, and 10% of the supply will be initi...

[Headline]: Solana Meme Coin Generator Pump on Track for $66M Yearly Revenue
[Summary]: Pump has generated significant revenue in a short period and zoomed to one of Solana's highest earning applications, showcasing the profitability of offering token creation services in the crypto spac...

From 2024-04-12 to 2024-04-19, SOL-USD's stock price decreased from 153.64 to 142.68. News during this period are listed below:

[Headline]: Solana DEX Drift to Airdrop 100M Tokens in Weeks
[Summary]: Drift Protocol is conducting an airdrop of 100 million tokens and spinning up a token-based governance structure.

A surprise winner of the highly anticipated announcement is MetaDAO. Its futarchy tec...

[Headline]: Solana Rolls Out Update to Tackle Network Congestion
[Summary]: Version 1.17.31 is the first in a series of planned updates to address network congestion in recent months.

Congestion issues plagued the network in recent months amid a meme coin frenzy, causing a b...



Based on all the information before 2024-04-19, let's first analyze the positive developments and potential concerns for SOL-USD. Come up with 2-4 most important factors respectively and keep them concise. Most factors should be inferred from cryptocurrencies related news. Then let's assume your prediction for next week (2024-04-19 to 2024-04-26) is down by 2-3%. Provide a summary analysis to support your prediction. The prediction result need to be inferred from your analysis at the end, and thus not appearing as a foundational factor of your analysis.","### Analysis Request 5

**[Positive Developments]:**
1. **Network Updates**: The rollout of updates to tackle network congestion indicates proactive efforts to improve the ecosystem's performance and reliability.
2. **Airdrop Announcements**: The upcoming airdrop of 100 million tokens by Drift Protocol and other airdrop announcements suggest a maturing ecosystem with more utilities and potential for increased liquidity.

**[Potential Concerns]:**
1. **Market Corrections**: The continued decrease in Solana's price and broader market corrections indicate persistent downside risks.
2. **Scam Pre-Sales**: The prevalence of scam pre-sales on Solana raises concerns about the ecosystem's security and reliability, potentially impacting user trust and adoption.

**[Prediction & Analysis]:**
While Solana (SOL) has seen positive developments such as network updates and airdrop announcements, the persistent market corrections and prevalence of scam pre-sales present significant risks. The broader market volatility and potential corrections could also impact SOL's price. Therefore, a prediction of SOL-USD decreasing by 2-3% next week is supported by the current market dynamics and potential concerns."
"[Cryptocurrency Introduction]: Solana (SOL) is a cryptocurrency launched in 2020. Solana has a current supply of 602,120,089.8045707 with 522,414,622.9373515 in circulation. The last known price of Solana is 153.49011699 USD and is up 1.26 over the last 24 hours. It is currently trading on 930 active market(s) with $2,659,112,403.89 traded over the last 24 hours. More information can be found at https://solana.com.. It has a market capilization of 79931613184.

From 2024-03-29 to 2024-04-05, SOL-USD's stock price decreased from 192.23 to 174.50. News during this period are listed below:

[Headline]: Wormhole’s W Token Is Paying Out 999% a Week on Solana Protocol Kamino
[Summary]: Staking Wormhole's W token paired with JitoSOL in the Kamino liquidity pool on Solana is offering a more than 999% weekly return

Participants can earn daily rewards of over 3,300 W and 666 JTO, worth...

[Headline]: Crypto Bulls See $400M Liquidations as Solana, Dogecoin Lead Slide in Majors
[Summary]: Major tokens experienced a significant drop in the past 24 hours, with bitcoin falling 5% and other major tokens like ether, Cardano's ADA, and BNB Chain’s BNB showing similar losses.

Liquidations of...

[Headline]: Solana Foundation Says It Can Filter Through the Offensive Meme Coin Problem
[Summary]: In the past few months, many meme coins have appeared containing racist terms.

Panelists during a discussion at BUIDL Asia debated on how to best deal with this problem.

As funny and irreverent as m...

From 2024-04-05 to 2024-04-12, SOL-USD's stock price decreased from 174.50 to 153.64. News during this period are listed below:

[Headline]: Chaos at MarginFi Shakes up Solana DeFi's Borrow-and-Lend Landscape
[Summary]: The biggest winner from MarginFi's leadership shakeup seems to be Solend, with $17 million in deposits in the last 24 hours and token rising 37%.

Kamino, another competitor, also saw $81 million in n...

[Headline]: MarginFi Leader Resigns on Fiery Day for Major Solana Lender
[Summary]: MarginFi’s longtime leader, Edgar Pavlovsky, resigned Wednesday following an internal dispute at the protocol's builder, mrgn.

The abrupt exit won’t impact MarginFi's borrow-and-lend functions, but i...

[Headline]: Half of Solana Pre-Sales Are Scams, Blockaid Says
[Summary]: Pre-sales on Solana have become increasingly common following the rapid gains of meme coins like book of meme (BOME).

Scammers are targeting users with social-engineering techniques on social media p...

[Headline]: Solana-Based Zeta Markets Debuts Governance Token Z
[Summary]: Solana-based decentralized derivatives protocol Zeta Markets announces the debut of its native governance token Z.

The token will have a total supply of 1 billion, and 10% of the supply will be initi...

[Headline]: Solana Meme Coin Generator Pump on Track for $66M Yearly Revenue
[Summary]: Pump has generated significant revenue in a short period and zoomed to one of Solana's highest earning applications, showcasing the profitability of offering token creation services in the crypto spac...

From 2024-04-12 to 2024-04-19, SOL-USD's stock price decreased from 153.64 to 142.68. News during this period are listed below:

[Headline]: Solana DEX Drift to Airdrop 100M Tokens in Weeks
[Summary]: Drift Protocol is conducting an airdrop of 100 million tokens and spinning up a token-based governance structure.

A surprise winner of the highly anticipated announcement is MetaDAO. Its futarchy tec...

[Headline]: Solana Rolls Out Update to Tackle Network Congestion
[Summary]: Version 1.17.31 is the first in a series of planned updates to address network congestion in recent months.

Congestion issues plagued the network in recent months amid a meme coin frenzy, causing a b...

From 2024-04-19 to 2024-04-26, SOL-USD's stock price decreased from 142.68 to 139.10. News during this period are listed below:

[Headline]: Solana DEX Drift to Airdrop 100M Tokens in Weeks
[Summary]: Drift Protocol is conducting an airdrop of 100 million tokens and spinning up a token-based governance structure.

A surprise winner of the highly anticipated announcement is MetaDAO. Its futarchy tec...

[Headline]: Solana Rolls Out Update to Tackle Network Congestion
[Summary]: Version 1.17.31 is the first in a series of planned updates to address network congestion in recent months.

Congestion issues plagued the network in recent months amid a meme coin frenzy, causing a b...

[Headline]: Chaos at MarginFi Shakes up Solana DeFi's Borrow-and-Lend Landscape
[Summary]: The biggest winner from MarginFi's leadership shakeup seems to be Solend, with $17 million in deposits in the last 24 hours and token rising 37%.

Kamino, another competitor, also saw $81 million in n...

[Headline]: MarginFi Leader Resigns on Fiery Day for Major Solana Lender
[Summary]: MarginFi’s longtime leader, Edgar Pavlovsky, resigned Wednesday following an internal dispute at the protocol's builder, mrgn.

The abrupt exit won’t impact MarginFi's borrow-and-lend functions, but i...

[Headline]: Half of Solana Pre-Sales Are Scams, Blockaid Says
[Summary]: Pre-sales on Solana have become increasingly common following the rapid gains of meme coins like book of meme (BOME).

Scammers are targeting users with social-engineering techniques on social media p...



Based on all the information before 2024-04-26, let's first analyze the positive developments and potential concerns for SOL-USD. Come up with 2-4 most important factors respectively and keep them concise. Most factors should be inferred from cryptocurrencies related news. Then let's assume your prediction for next week (2024-04-26 to 2024-05-03) is up by 3-4%. Provide a summary analysis to support your prediction. The prediction result need to be inferred from your analysis at the end, and thus not appearing as a foundational factor of your analysis.","**[Positive Developments]:**
1. **High Staking Rewards**: Staking Wormhole's W token paired with JitoSOL in the Kamino liquidity pool on Solana is offering over 999% weekly return, which could attract more investors.
2. **Network Upgrades**: Solana rolled out version 1.17.31 to tackle network congestion, showing proactive development and maintenance.
3. **New Token Launches**: Zeta Markets debuted its governance token Z, and Drift Protocol announced an airdrop of 100 million tokens, indicating growing ecosystem activity.

**[Potential Concerns]:**
1. **Market Volatility**: Major tokens, including Bitcoin and Ethereum, experienced significant drops, which could negatively impact Solana's price.
2. **Leadership Instability**: The resignation of MarginFi's leader and internal disputes could affect market sentiment.
3. **Scam Activities**: Reports of half of Solana pre-sales being scams and the compromise of Pump.Fun by an exploit raise security concerns.

**[Prediction & Analysis]:**
The recent network upgrades and high staking rewards are positive indicators for Solana's ecosystem growth. However, the broader market volatility and internal leadership issues within key protocols could dampen investor sentiment in the short term. Despite these concerns, the growing activity within the Solana ecosystem, such as new token launches and airdrops, suggests a resilient community and ongoing development. Therefore, we predict a modest increase of 3-4% for SOL-USD in the upcoming week as the market digests these developments."
"[Cryptocurrency Introduction]: Solana (SOL) is a cryptocurrency launched in 2020. Solana has a current supply of 602,120,089.8045707 with 522,414,622.9373515 in circulation. The last known price of Solana is 153.49011699 USD and is up 1.26 over the last 24 hours. It is currently trading on 930 active market(s) with $2,659,112,403.89 traded over the last 24 hours. More information can be found at https://solana.com.. It has a market capilization of 79931613184.

From 2024-04-26 to 2024-05-03, SOL-USD's stock price increased from 139.10 to 143.77. News during this period are listed below:

[Headline]: Restaking 'Gold Rush' Spreads to Solana From Ethereum, With Jito and Others Joining In
[Summary]: Restaking, an already hot service on the Ethereum blockchain, is now entering the Solana ecosystem, bringing profit-making opportunities but also risks.

Jito, a Solana-based project, is building a re...



Based on all the information before 2024-05-03, let's first analyze the positive developments and potential concerns for SOL-USD. Come up with 2-4 most important factors respectively and keep them concise. Most factors should be inferred from cryptocurrencies related news. Then let's assume your prediction for next week (2024-05-03 to 2024-05-10) is up by 1-2%. Provide a summary analysis to support your prediction. The prediction result need to be inferred from your analysis at the end, and thus not appearing as a foundational factor of your analysis.","**[Positive Developments]:**
1. **Restaking Opportunities**: The introduction of restaking services on Solana, led by projects like Jito, brings new profit-making opportunities.

**[Potential Concerns]:**
1. **Market Risks**: The restaking trend, while promising, also introduces risks that could affect the stability of the ecosystem.
2. **Ethereum Dominance**: The restaking trend originating from Ethereum might overshadow Solana's unique advantages.

**[Prediction & Analysis]:**
The entry of restaking services into the Solana ecosystem presents a significant opportunity for investors to maximize their returns. However, the associated risks and the influence of Ethereum's dominance in this space could temper enthusiasm. Given the balance between new opportunities and potential risks, we anticipate a cautious market sentiment, leading to a modest increase of 1-2% for SOL-USD in the upcoming week."
"[Cryptocurrency Introduction]: Solana (SOL) is a cryptocurrency launched in 2020. Solana has a current supply of 602,120,089.8045707 with 522,414,622.9373515 in circulation. The last known price of Solana is 153.49011699 USD and is up 1.26 over the last 24 hours. It is currently trading on 930 active market(s) with $2,659,112,403.89 traded over the last 24 hours. More information can be found at https://solana.com.. It has a market capilization of 79931613184.

From 2024-04-26 to 2024-05-03, SOL-USD's stock price increased from 139.10 to 143.77. News during this period are listed below:

[Headline]: Restaking 'Gold Rush' Spreads to Solana From Ethereum, With Jito and Others Joining In
[Summary]: Restaking, an already hot service on the Ethereum blockchain, is now entering the Solana ecosystem, bringing profit-making opportunities but also risks.

Jito, a Solana-based project, is building a re...

From 2024-05-03 to 2024-05-10, SOL-USD's stock price increased from 143.77 to 146.22. News during this period are listed below:

[Headline]: Solana-Based Marketplace AgriDex Raises $5M to Tokenize Agricultural Industry
[Summary]: AgriDex is looking to bring the global agricultural industry on-chain by tokenizing various crops to be bought and sold on its Solana-based marketplace.

The tokenization of real-word assets has been ...

[Headline]: Restaking Is Hot in Ethereum and Entering Solana. Should We Worry?
[Summary]: If you're reading this ensconced in a traditional finance career, you know the deal: If money is idle, make it do more work.

Are you, for instance, a broker with collateral quietly sitting in a vault...

[Headline]: Solana and Cosmos Lead CoinDesk 20 Higher: CoinDesk Indices Market Update
[Summary]: CoinDesk Indices (CDI) presents its bi-weekly market update, highlighting the performance of leaders and laggards in the benchmark CoinDesk 20 Index (CD20) and the broad CoinDesk Market Index (CMI).

...



Based on all the information before 2024-05-10, let's first analyze the positive developments and potential concerns for SOL-USD. Come up with 2-4 most important factors respectively and keep them concise. Most factors should be inferred from cryptocurrencies related news. Then let's assume your prediction for next week (2024-05-10 to 2024-05-17) is up by more than 5%. Provide a summary analysis to support your prediction. The prediction result need to be inferred from your analysis at the end, and thus not appearing as a foundational factor of your analysis.","**[Positive Developments]:**
1. **Agricultural Tokenization**: AgriDex's initiative to tokenize the agricultural industry on Solana expands the use cases for the blockchain.
2. **Market Leadership**: Solana's leading position in the CoinDesk 20 index highlights its strong market performance.

**[Potential Concerns]:**
1. **Restaking Risks**: The restaking trend, while hot, also brings concerns about potential market instability.
2. **Ethereum Comparisons**: Continued comparisons with Ethereum could affect Solana's unique market positioning.

**[Prediction & Analysis]:**
The expansion of Solana's use cases into the agricultural sector and its strong market performance are bullish signals. However, the risks associated with the restaking trend and comparisons with Ethereum could introduce some uncertainty. Despite these concerns, the positive developments are likely to drive a significant increase of more than 5% for SOL-USD in the upcoming week as investors recognize the growing utility and market strength of Solana."
"[Cryptocurrency Introduction]: Solana (SOL) is a cryptocurrency launched in 2020. Solana has a current supply of 602,120,089.8045707 with 522,414,622.9373515 in circulation. The last known price of Solana is 153.49011699 USD and is up 1.26 over the last 24 hours. It is currently trading on 930 active market(s) with $2,659,112,403.89 traded over the last 24 hours. More information can be found at https://solana.com.. It has a market capilization of 79931613184.

From 2024-04-26 to 2024-05-03, SOL-USD's stock price increased from 139.10 to 143.77. News during this period are listed below:

[Headline]: Restaking 'Gold Rush' Spreads to Solana From Ethereum, With Jito and Others Joining In
[Summary]: Restaking, an already hot service on the Ethereum blockchain, is now entering the Solana ecosystem, bringing profit-making opportunities but also risks.

Jito, a Solana-based project, is building a re...

From 2024-05-03 to 2024-05-10, SOL-USD's stock price increased from 143.77 to 146.22. News during this period are listed below:

[Headline]: Solana-Based Marketplace AgriDex Raises $5M to Tokenize Agricultural Industry
[Summary]: AgriDex is looking to bring the global agricultural industry on-chain by tokenizing various crops to be bought and sold on its Solana-based marketplace.

The tokenization of real-word assets has been ...

[Headline]: Restaking Is Hot in Ethereum and Entering Solana. Should We Worry?
[Summary]: If you're reading this ensconced in a traditional finance career, you know the deal: If money is idle, make it do more work.

Are you, for instance, a broker with collateral quietly sitting in a vault...

[Headline]: Solana and Cosmos Lead CoinDesk 20 Higher: CoinDesk Indices Market Update
[Summary]: CoinDesk Indices (CDI) presents its bi-weekly market update, highlighting the performance of leaders and laggards in the benchmark CoinDesk 20 Index (CD20) and the broad CoinDesk Market Index (CMI).

...

From 2024-05-10 to 2024-05-17, SOL-USD's stock price increased from 146.22 to 169.53. News during this period are listed below:

[Headline]: Solana Meme Coin Factory Pump.Fun Compromised by 'Bonding Curve' Exploit
[Summary]: The Solana blockchain's red-hot meme coin factory Pump.Fun descended into chaos Thursday at the hands of an exploiter who compromised the tech central to its issuance of joke cryptocurrencies.

""We ar...

[Headline]: Insider at Solana's Cypher Protocol Admits to Stealing $300K
[Summary]: Solana-based crypto trading protocol Cypher has endured its share of hacks and heists. But its latest loss – of money meant for down-bad customers – was an inside job.

On Tuesday, a pseudonymous deve...

[Headline]: How to Buy Solana
[Summary]: Solana is a high-speed blockchain platform capable of processing up to 65,000 transactions per second, with SOL as its native token.

There are multiple methods to purchase SOL, including purchasing f...

[Headline]: Solana Meme Coins, GameStop Stock Rocket as 'Roaring Kitty' Returns on X
[Summary]: A single post by @TheRoaringKitty, the X profile of retail trader Keith Gill, led to rallies in meme coins and GameStop stock (NYSE: GME). Users interpreted the post as a sign to focus on certain stoc...



Based on all the information before 2024-05-17, let's first analyze the positive developments and potential concerns for SOL-USD. Come up with 2-4 most important factors respectively and keep them concise. Most factors should be inferred from cryptocurrencies related news. Then let's assume your prediction for next week (2024-05-17 to 2024-05-24) is down by 1-2%. Provide a summary analysis to support your prediction. The prediction result need to be inferred from your analysis at the end, and thus not appearing as a foundational factor of your analysis.","**[Positive Developments]:**
1. **Influencer Impact**: A post by Keith Gill led to rallies in Solana meme coins, indicating strong community influence.

**[Potential Concerns]:**
1. **Security Breaches**: The compromise of Pump.Fun and an insider theft at Cypher Protocol raise significant security concerns.
2. **Market Speculation**: The influence of a single post on market movements highlights the speculative nature of the crypto market.

**[Prediction & Analysis]:**
While the influence of prominent figures like Keith Gill can drive short-term rallies, the recent security breaches and the speculative nature of the market introduce significant concerns. These factors could lead to a correction as investors become more cautious, resulting in a slight decrease of 1-2% for SOL-USD in the upcoming week."
"[Cryptocurrency Introduction]: Solana (SOL) is a cryptocurrency launched in 2020. Solana has a current supply of 602,120,089.8045707 with 522,414,622.9373515 in circulation. The last known price of Solana is 153.49011699 USD and is up 1.26 over the last 24 hours. It is currently trading on 930 active market(s) with $2,659,112,403.89 traded over the last 24 hours. More information can be found at https://solana.com.. It has a market capilization of 79931613184.

From 2024-05-17 to 2024-05-24, SOL-USD's stock price decreased from 169.53 to 167.80. News during this period are listed below:

[Headline]: Ether Spot ETF Approval Would Raise Expectations Solana Could Also Be Classified as a Commodity: Bernstein
[Summary]: Approval of a spot ether ETF could bode well for rival tokens such as solana, the report said.

Bernstein said a Trump election win could mean a more crypto-friendly administration.

Galaxy Digital sa...

[Headline]: Ether Market Cap Adds Close to an Entire Solana Blockchain in a Single Day
[Summary]: Ether's market value rose by over $70 billion Monday, nearly matching SOL's total market value of around $80 billion.

Analysts expect the gap between ETH and its rivals like SOL to widen further in t...

[Headline]: Solana-Based Wallet Phantom Buys Web3 Specialist Bitski
[Summary]: Bitski’s embedded wallet tech allows onboarding by signing up with email.

The financial terms of the deal were not disclosed.

Phantom, the leading crypto wallet in the Solana ecosystem, has bought W...

[Headline]: Bitcoin Breaks Out Above $68K as Solana's 7% Gain Leads Crypto Rally
[Summary]: A Monday rally during the U.S. trading day put an end to what had been very muted crypto price action over the previous 72 hours, pushing bitcoin {{BTC}} above $68,000 for the first time in more than ...

[Headline]: Solana's SOL Could Hit $200 By Month End, Hedge Fund Founder Says
[Summary]: Solana's SOL hit its highest price in a month Friday outperforming most crypto majors.

The token is ""still the best trade this cycle,"" and could reach $200 by the end of May, Syncracy Capital co-foun...



Based on all the information before 2024-05-24, let's first analyze the positive developments and potential concerns for SOL-USD. Come up with 2-4 most important factors respectively and keep them concise. Most factors should be inferred from cryptocurrencies related news. Then let's assume your prediction for next week (2024-05-24 to 2024-05-31) is down by 1-2%. Provide a summary analysis to support your prediction. The prediction result need to be inferred from your analysis at the end, and thus not appearing as a foundational factor of your analysis.","**[Positive Developments]:**
1. **ETF Approval Hopes**: The potential approval of a spot ether ETF could bode well for Solana's classification as a commodity.
2. **Market Rally**: Solana's 7% gain leading a crypto rally indicates strong market momentum.
3. **Wallet Acquisition**: Phantom's acquisition of Bitski shows continued growth and innovation in the Solana ecosystem.

**[Potential Concerns]:**
1. **Ethereum's Market Gap**: The widening gap between Ethereum and its rivals like Solana could affect Solana's market position.
2. **Market Volatility**: The crypto market's volatility, as seen in the recent rallies and corrections, introduces uncertainty.

**[Prediction & Analysis]:**
The potential classification of Solana as a commodity and the recent market rally are positive indicators. However, the widening gap with Ethereum and the inherent volatility of the crypto market could temper these gains. Given these factors, we anticipate a slight decrease of 1-2% for SOL-USD in the upcoming week as the market adjusts to these developments."
"[Cryptocurrency Introduction]: Solana (SOL) is a cryptocurrency launched in 2020. Solana has a current supply of 602,120,089.8045707 with 522,414,622.9373515 in circulation. The last known price of Solana is 153.49011699 USD and is up 1.26 over the last 24 hours. It is currently trading on 930 active market(s) with $2,659,112,403.89 traded over the last 24 hours. More information can be found at https://solana.com.. It has a market capilization of 79931613184.

From 2024-05-03 to 2024-05-10, SOL-USD's stock price increased from 143.77 to 146.22. News during this period are listed below:

[Headline]: Solana-Based Marketplace AgriDex Raises $5M to Tokenize Agricultural Industry
[Summary]: AgriDex is looking to bring the global agricultural industry on-chain by tokenizing various crops to be bought and sold on its Solana-based marketplace.

The tokenization of real-word assets has been ...

[Headline]: Restaking Is Hot in Ethereum and Entering Solana. Should We Worry?
[Summary]: If you're reading this ensconced in a traditional finance career, you know the deal: If money is idle, make it do more work.

Are you, for instance, a broker with collateral quietly sitting in a vault...

[Headline]: Solana and Cosmos Lead CoinDesk 20 Higher: CoinDesk Indices Market Update
[Summary]: CoinDesk Indices (CDI) presents its bi-weekly market update, highlighting the performance of leaders and laggards in the benchmark CoinDesk 20 Index (CD20) and the broad CoinDesk Market Index (CMI).

...

From 2024-05-10 to 2024-05-17, SOL-USD's stock price increased from 146.22 to 169.53. News during this period are listed below:

[Headline]: Solana Meme Coin Factory Pump.Fun Compromised by 'Bonding Curve' Exploit
[Summary]: The Solana blockchain's red-hot meme coin factory Pump.Fun descended into chaos Thursday at the hands of an exploiter who compromised the tech central to its issuance of joke cryptocurrencies.

""We ar...

[Headline]: Insider at Solana's Cypher Protocol Admits to Stealing $300K
[Summary]: Solana-based crypto trading protocol Cypher has endured its share of hacks and heists. But its latest loss – of money meant for down-bad customers – was an inside job.

On Tuesday, a pseudonymous deve...

[Headline]: How to Buy Solana
[Summary]: Solana is a high-speed blockchain platform capable of processing up to 65,000 transactions per second, with SOL as its native token.

There are multiple methods to purchase SOL, including purchasing f...

[Headline]: Solana Meme Coins, GameStop Stock Rocket as 'Roaring Kitty' Returns on X
[Summary]: A single post by @TheRoaringKitty, the X profile of retail trader Keith Gill, led to rallies in meme coins and GameStop stock (NYSE: GME). Users interpreted the post as a sign to focus on certain stoc...

From 2024-05-17 to 2024-05-24, SOL-USD's stock price decreased from 169.53 to 167.80. News during this period are listed below:

[Headline]: Ether Spot ETF Approval Would Raise Expectations Solana Could Also Be Classified as a Commodity: Bernstein
[Summary]: Approval of a spot ether ETF could bode well for rival tokens such as solana, the report said.

Bernstein said a Trump election win could mean a more crypto-friendly administration.

Galaxy Digital sa...

[Headline]: Ether Market Cap Adds Close to an Entire Solana Blockchain in a Single Day
[Summary]: Ether's market value rose by over $70 billion Monday, nearly matching SOL's total market value of around $80 billion.

Analysts expect the gap between ETH and its rivals like SOL to widen further in t...

[Headline]: Solana-Based Wallet Phantom Buys Web3 Specialist Bitski
[Summary]: Bitski’s embedded wallet tech allows onboarding by signing up with email.

The financial terms of the deal were not disclosed.

Phantom, the leading crypto wallet in the Solana ecosystem, has bought W...

[Headline]: Bitcoin Breaks Out Above $68K as Solana's 7% Gain Leads Crypto Rally
[Summary]: A Monday rally during the U.S. trading day put an end to what had been very muted crypto price action over the previous 72 hours, pushing bitcoin {{BTC}} above $68,000 for the first time in more than ...

[Headline]: Solana's SOL Could Hit $200 By Month End, Hedge Fund Founder Says
[Summary]: Solana's SOL hit its highest price in a month Friday outperforming most crypto majors.

The token is ""still the best trade this cycle,"" and could reach $200 by the end of May, Syncracy Capital co-foun...

From 2024-05-24 to 2024-05-31, SOL-USD's stock price decreased from 167.80 to 165.64. News during this period are listed below:

[Headline]: Ripple's Brad Garlinghouse Foresees XRP, Solana, Cardano ETFs: Consensus 2024
[Summary]: Brad Garlinghouse predicts the inevitable approval of XRP, Solana and Cardano ETFs, despite significant regulatory hurdles.

Garlinghouse criticized the SEC's unclear crypto regulations, highlighting ...

[Headline]: PayPal Makes Retail Stablecoin Play with PYUSD on Solana
[Summary]: Payments giant PayPal’s (PYPL) stablecoin PYUSD is coming to Solana almost a year after first debuting on the Ethereum blockchain.

The launch could bring new interest to a modestly sized crypto asset...

[Headline]: Crypto Bridge LayerZero Connects to Solana Blockchain
[Summary]: Crypto bridging protocol LayerZero is set to expand to the Solana blockchain on Wednesday, adding another route for crypto assets transferring between the Ethereum world and its largest singular compe...

[Headline]: Solana Validators to Get More SOL as Fee Proposal Passes in Favor
[Summary]: Solana validators will receive 100% of priority fees from transactions following a governance vote, aiming to improve network security and efficiency.

The previous model split priority fees between b...



Based on all the information before 2024-05-31, let's first analyze the positive developments and potential concerns for SOL-USD. Come up with 2-4 most important factors respectively and keep them concise. Most factors should be inferred from cryptocurrencies related news. Then let's assume your prediction for next week (2024-05-31 to 2024-06-07) is down by 1-2%. Provide a summary analysis to support your prediction. The prediction result need to be inferred from your analysis at the end, and thus not appearing as a foundational factor of your analysis.","**[Positive Developments]: **
1. **Expanding Ecosystem**: Solana's ecosystem continues to grow with new projects like AgriDex tokenizing real-world assets and Phantom wallet acquiring Bitski, indicating increased adoption and innovation.
2. **Institutional Interest**: PayPal's integration of its stablecoin PYUSD on Solana and the potential classification of Solana as a commodity by regulators suggest growing institutional interest.
3. **Network Improvements**: The governance vote to allocate 100% of priority fees to validators aims to enhance network security and efficiency, showing a proactive approach to development.
4. **Market Performance**: Solana's price has shown resilience and growth potential, with notable rallies and predictions from influential figures like the co-founder of Syncracy Capital.

**[Potential Concerns]: **
1. **Security Issues**: Incidents such as the Pump.Fun exploit and the insider theft at Cypher Protocol highlight ongoing security challenges within the Solana ecosystem.
2. **Regulatory Uncertainty**: Despite predictions, the regulatory environment remains uncertain, with potential hurdles that could impact the approval and classification of Solana ETFs.
3. **Market Volatility**: The cryptocurrency market, including Solana, is subject to high volatility, as seen in the fluctuations of major tokens like Bitcoin and Ether.
4. **Competition**: The growing gap between Ethereum and its rivals, including Solana, as well as the approval of spot ether ETFs, could intensify competition and potentially dilute Solana's market share.

**[Prediction & Analysis]: **
Solana's price has shown positive momentum with ecosystem expansions and institutional interest. However, security concerns and regulatory uncertainties persist. The recent market volatility and increasing competition from Ethereum may put pressure on Solana's price. Despite the positive developments, the potential concerns could lead to a cautious market sentiment, resulting in a slight correction. Therefore, a downward movement of 1-2% for SOL-USD in the upcoming week is predicted."
"[Cryptocurrency Introduction]: Solana (SOL) is a cryptocurrency launched in 2020. Solana has a current supply of 602,120,089.8045707 with 522,414,622.9373515 in circulation. The last known price of Solana is 153.49011699 USD and is up 1.26 over the last 24 hours. It is currently trading on 930 active market(s) with $2,659,112,403.89 traded over the last 24 hours. More information can be found at https://solana.com.. It has a market capilization of 79931613184.

From 2024-05-10 to 2024-05-17, SOL-USD's stock price increased from 146.22 to 169.53. News during this period are listed below:

[Headline]: Solana Meme Coin Factory Pump.Fun Compromised by 'Bonding Curve' Exploit
[Summary]: The Solana blockchain's red-hot meme coin factory Pump.Fun descended into chaos Thursday at the hands of an exploiter who compromised the tech central to its issuance of joke cryptocurrencies.

""We ar...

[Headline]: Insider at Solana's Cypher Protocol Admits to Stealing $300K
[Summary]: Solana-based crypto trading protocol Cypher has endured its share of hacks and heists. But its latest loss – of money meant for down-bad customers – was an inside job.

On Tuesday, a pseudonymous deve...

[Headline]: How to Buy Solana
[Summary]: Solana is a high-speed blockchain platform capable of processing up to 65,000 transactions per second, with SOL as its native token.

There are multiple methods to purchase SOL, including purchasing f...

[Headline]: Solana Meme Coins, GameStop Stock Rocket as 'Roaring Kitty' Returns on X
[Summary]: A single post by @TheRoaringKitty, the X profile of retail trader Keith Gill, led to rallies in meme coins and GameStop stock (NYSE: GME). Users interpreted the post as a sign to focus on certain stoc...

From 2024-05-17 to 2024-05-24, SOL-USD's stock price decreased from 169.53 to 167.80. News during this period are listed below:

[Headline]: Ether Spot ETF Approval Would Raise Expectations Solana Could Also Be Classified as a Commodity: Bernstein
[Summary]: Approval of a spot ether ETF could bode well for rival tokens such as solana, the report said.

Bernstein said a Trump election win could mean a more crypto-friendly administration.

Galaxy Digital sa...

[Headline]: Ether Market Cap Adds Close to an Entire Solana Blockchain in a Single Day
[Summary]: Ether's market value rose by over $70 billion Monday, nearly matching SOL's total market value of around $80 billion.

Analysts expect the gap between ETH and its rivals like SOL to widen further in t...

[Headline]: Solana-Based Wallet Phantom Buys Web3 Specialist Bitski
[Summary]: Bitski’s embedded wallet tech allows onboarding by signing up with email.

The financial terms of the deal were not disclosed.

Phantom, the leading crypto wallet in the Solana ecosystem, has bought W...

[Headline]: Bitcoin Breaks Out Above $68K as Solana's 7% Gain Leads Crypto Rally
[Summary]: A Monday rally during the U.S. trading day put an end to what had been very muted crypto price action over the previous 72 hours, pushing bitcoin {{BTC}} above $68,000 for the first time in more than ...

[Headline]: Solana's SOL Could Hit $200 By Month End, Hedge Fund Founder Says
[Summary]: Solana's SOL hit its highest price in a month Friday outperforming most crypto majors.

The token is ""still the best trade this cycle,"" and could reach $200 by the end of May, Syncracy Capital co-foun...

From 2024-05-24 to 2024-05-31, SOL-USD's stock price decreased from 167.80 to 165.64. News during this period are listed below:

[Headline]: Ripple's Brad Garlinghouse Foresees XRP, Solana, Cardano ETFs: Consensus 2024
[Summary]: Brad Garlinghouse predicts the inevitable approval of XRP, Solana and Cardano ETFs, despite significant regulatory hurdles.

Garlinghouse criticized the SEC's unclear crypto regulations, highlighting ...

[Headline]: PayPal Makes Retail Stablecoin Play with PYUSD on Solana
[Summary]: Payments giant PayPal’s (PYPL) stablecoin PYUSD is coming to Solana almost a year after first debuting on the Ethereum blockchain.

The launch could bring new interest to a modestly sized crypto asset...

[Headline]: Crypto Bridge LayerZero Connects to Solana Blockchain
[Summary]: Crypto bridging protocol LayerZero is set to expand to the Solana blockchain on Wednesday, adding another route for crypto assets transferring between the Ethereum world and its largest singular compe...

[Headline]: Solana Validators to Get More SOL as Fee Proposal Passes in Favor
[Summary]: Solana validators will receive 100% of priority fees from transactions following a governance vote, aiming to improve network security and efficiency.

The previous model split priority fees between b...

From 2024-05-31 to 2024-06-07, SOL-USD's stock price decreased from 165.64 to 162.51. News during this period are listed below:

[Headline]: GameStop-Inspired Solana Meme Coin Soars Over 80% as Roaring Kitty Flashes $586M Worth of GME Position
[Summary]: It's 2021 all over again as shares of video retailer GameStop (GME) soared Thursday after influential retail trader Keith Gill, better known under his Roaring Kitty or DeepF--kingValue aliases, provid...

[Headline]: BODEN Token Up Over 10%, TREMP Gains 5% After Kraken Lists Solana PoliFi Duo
[Summary]: Kraken announced that PoliFi tokens BODEN and TREMP are now available on its Kraken Pro platform, making it the first U.S. exchange to list the PoliFi themed tokens.

BODEN appeared to be the winner, ...

[Headline]: As Random Celebs Like Caitlyn Jenner Embrace Solana Meme Coins, Early Hoarders Fare Best
[Summary]: Niche celebrities have recently launched tokens in the crypto market using the Pump Fun application on Solana.

Early buyers of these celebrity-backed tokens have made significant profits, with some t...



Based on all the information before 2024-06-07, let's first analyze the positive developments and potential concerns for SOL-USD. Come up with 2-4 most important factors respectively and keep them concise. Most factors should be inferred from cryptocurrencies related news. Then let's assume your prediction for next week (2024-06-07 to 2024-06-14) is down by more than 5%. Provide a summary analysis to support your prediction. The prediction result need to be inferred from your analysis at the end, and thus not appearing as a foundational factor of your analysis.","**[Positive Developments]: **
1. **Ecosystem Growth**: New projects and listings, such as the PoliFi tokens BODEN and TREMP on Kraken, indicate a growing and diversifying ecosystem within Solana.
2. **Institutional Integrations**: PayPal's integration of its stablecoin PYUSD on Solana and the expansion of bridging protocols like LayerZero suggest increasing institutional adoption and integration.
3. **Market Performance**: Solana has shown strong market performance, with significant rallies and predictions from influential figures, indicating bullish sentiment.
4. **Network Improvements**: The governance vote to allocate 100% of priority fees to validators aims to enhance network security and efficiency, showing a commitment to improving the blockchain's infrastructure.

**[Potential Concerns]: **
1. **Security Concerns**: Incidents such as the Pump.Fun exploit and the insider theft at Cypher Protocol raise questions about the security of projects within the Solana ecosystem.
2. **Market Volatility**: The cryptocurrency market remains highly volatile, with significant fluctuations in the prices of major tokens, which could impact Solana's price.
3. **Regulatory Uncertainty**: Despite predictions, the regulatory environment for cryptocurrencies remains uncertain, with potential hurdles that could impact the approval of Solana ETFs.
4. **Meme Coin Speculation**: The speculative nature of meme coins and celebrity-backed tokens on Solana could lead to increased volatility and potential market manipulation.

**[Prediction & Analysis]: **
While Solana has seen positive developments in ecosystem growth and institutional integrations, the security concerns and market volatility pose significant risks. The regulatory uncertainty and speculative nature of meme coins add to the potential challenges. These factors could lead to a more substantial correction in Solana's price, with a predicted downward movement of over 5% for SOL-USD in the upcoming week."
"[Cryptocurrency Introduction]: Solana (SOL) is a cryptocurrency launched in 2020. Solana has a current supply of 602,120,089.8045707 with 522,414,622.9373515 in circulation. The last known price of Solana is 153.49011699 USD and is up 1.26 over the last 24 hours. It is currently trading on 930 active market(s) with $2,659,112,403.89 traded over the last 24 hours. More information can be found at https://solana.com.. It has a market capilization of 79931613184.

From 2024-05-24 to 2024-05-31, SOL-USD's stock price decreased from 167.80 to 165.64. News during this period are listed below:

[Headline]: Ripple's Brad Garlinghouse Foresees XRP, Solana, Cardano ETFs: Consensus 2024
[Summary]: Brad Garlinghouse predicts the inevitable approval of XRP, Solana and Cardano ETFs, despite significant regulatory hurdles.

Garlinghouse criticized the SEC's unclear crypto regulations, highlighting ...

[Headline]: PayPal Makes Retail Stablecoin Play with PYUSD on Solana
[Summary]: Payments giant PayPal’s (PYPL) stablecoin PYUSD is coming to Solana almost a year after first debuting on the Ethereum blockchain.

The launch could bring new interest to a modestly sized crypto asset...

[Headline]: Crypto Bridge LayerZero Connects to Solana Blockchain
[Summary]: Crypto bridging protocol LayerZero is set to expand to the Solana blockchain on Wednesday, adding another route for crypto assets transferring between the Ethereum world and its largest singular compe...

[Headline]: Solana Validators to Get More SOL as Fee Proposal Passes in Favor
[Summary]: Solana validators will receive 100% of priority fees from transactions following a governance vote, aiming to improve network security and efficiency.

The previous model split priority fees between b...

From 2024-05-31 to 2024-06-07, SOL-USD's stock price decreased from 165.64 to 162.51. News during this period are listed below:

[Headline]: GameStop-Inspired Solana Meme Coin Soars Over 80% as Roaring Kitty Flashes $586M Worth of GME Position
[Summary]: It's 2021 all over again as shares of video retailer GameStop (GME) soared Thursday after influential retail trader Keith Gill, better known under his Roaring Kitty or DeepF--kingValue aliases, provid...

[Headline]: BODEN Token Up Over 10%, TREMP Gains 5% After Kraken Lists Solana PoliFi Duo
[Summary]: Kraken announced that PoliFi tokens BODEN and TREMP are now available on its Kraken Pro platform, making it the first U.S. exchange to list the PoliFi themed tokens.

BODEN appeared to be the winner, ...

[Headline]: As Random Celebs Like Caitlyn Jenner Embrace Solana Meme Coins, Early Hoarders Fare Best
[Summary]: Niche celebrities have recently launched tokens in the crypto market using the Pump Fun application on Solana.

Early buyers of these celebrity-backed tokens have made significant profits, with some t...

From 2024-06-07 to 2024-06-14, SOL-USD's stock price decreased from 162.51 to 143.09. News during this period are listed below:

[Headline]: TipLink Aims for Crypto Newcomers With Google-Powered Solana Wallet
[Summary]: Solana {{SOL}} crypto wallet startup TipLink is making a play for newcomer blockchain users with a service that cuts wallet browser extensions out of the equation.

Called TipLink Wallet Adaptor, it c...

[Headline]: Solana Heavyweights Wage War Against Private Mempool Operators
[Summary]: A group of Solana {{SOL}} validators are facing financial penalties for allegedly facilitating economic attacks against crypto traders.

Over 30 validator operators were kicked off the Solana Foundati...



Based on all the information before 2024-06-14, let's first analyze the positive developments and potential concerns for SOL-USD. Come up with 2-4 most important factors respectively and keep them concise. Most factors should be inferred from cryptocurrencies related news. Then let's assume your prediction for next week (2024-06-14 to 2024-06-21) is down by more than 5%. Provide a summary analysis to support your prediction. The prediction result need to be inferred from your analysis at the end, and thus not appearing as a foundational factor of your analysis.","**[Positive Developments]: **
1. **Institutional Adoption**: PayPal's integration of its stablecoin PYUSD on Solana and the expansion of bridging protocols like LayerZero indicate growing institutional interest and adoption.
2. **Ecosystem Innovations**: New projects and features, such as TipLink's Google-powered wallet and Sonic's gaming-focused layer-2 chain, showcase ongoing innovation within the Solana ecosystem.
3. **Market Listings**: The listing of PoliFi tokens on Kraken and the potential listing of a Solana ETP in Toronto suggest increasing market recognition and accessibility for Solana-based projects.
4. **Network Improvements**: The governance vote to allocate 100% of priority fees to validators aims to enhance network security and efficiency, demonstrating a proactive approach to development.

**[Potential Concerns]: **
1. **Security Issues**: The security challenges within the Solana ecosystem, as highlighted by the Pump.Fun exploit and the insider theft at Cypher Protocol, remain a concern.
2. **Regulatory Uncertainty**: The regulatory environment for cryptocurrencies continues to be uncertain, with potential hurdles that could impact the approval and classification of Solana ETFs.
3. **Market Volatility**: The high volatility of the cryptocurrency market, as seen in the fluctuations of major tokens, could impact Solana's price.
4. **Validator Conflicts**: The conflict involving Solana validators and private mempool operators raises questions about the stability and governance of the network.

**[Prediction & Analysis]: **
Despite positive developments in institutional adoption and ecosystem innovations, the security issues and regulatory uncertainty present significant challenges for Solana. The market volatility and validator conflicts add to the potential concerns, which could lead to a more substantial correction in Solana's price. Therefore, a downward movement of over 5% for SOL-USD in the upcoming week is predicted."
"[Cryptocurrency Introduction]: Solana (SOL) is a cryptocurrency launched in 2020. Solana has a current supply of 602,120,089.8045707 with 522,414,622.9373515 in circulation. The last known price of Solana is 153.49011699 USD and is up 1.26 over the last 24 hours. It is currently trading on 930 active market(s) with $2,659,112,403.89 traded over the last 24 hours. More information can be found at https://solana.com.. It has a market capilization of 79931613184.

From 2024-05-24 to 2024-05-31, SOL-USD's stock price decreased from 167.80 to 165.64. News during this period are listed below:

[Headline]: Ripple's Brad Garlinghouse Foresees XRP, Solana, Cardano ETFs: Consensus 2024
[Summary]: Brad Garlinghouse predicts the inevitable approval of XRP, Solana and Cardano ETFs, despite significant regulatory hurdles.

Garlinghouse criticized the SEC's unclear crypto regulations, highlighting ...

[Headline]: PayPal Makes Retail Stablecoin Play with PYUSD on Solana
[Summary]: Payments giant PayPal’s (PYPL) stablecoin PYUSD is coming to Solana almost a year after first debuting on the Ethereum blockchain.

The launch could bring new interest to a modestly sized crypto asset...

[Headline]: Crypto Bridge LayerZero Connects to Solana Blockchain
[Summary]: Crypto bridging protocol LayerZero is set to expand to the Solana blockchain on Wednesday, adding another route for crypto assets transferring between the Ethereum world and its largest singular compe...

[Headline]: Solana Validators to Get More SOL as Fee Proposal Passes in Favor
[Summary]: Solana validators will receive 100% of priority fees from transactions following a governance vote, aiming to improve network security and efficiency.

The previous model split priority fees between b...

From 2024-05-31 to 2024-06-07, SOL-USD's stock price decreased from 165.64 to 162.51. News during this period are listed below:

[Headline]: GameStop-Inspired Solana Meme Coin Soars Over 80% as Roaring Kitty Flashes $586M Worth of GME Position
[Summary]: It's 2021 all over again as shares of video retailer GameStop (GME) soared Thursday after influential retail trader Keith Gill, better known under his Roaring Kitty or DeepF--kingValue aliases, provid...

[Headline]: BODEN Token Up Over 10%, TREMP Gains 5% After Kraken Lists Solana PoliFi Duo
[Summary]: Kraken announced that PoliFi tokens BODEN and TREMP are now available on its Kraken Pro platform, making it the first U.S. exchange to list the PoliFi themed tokens.

BODEN appeared to be the winner, ...

[Headline]: As Random Celebs Like Caitlyn Jenner Embrace Solana Meme Coins, Early Hoarders Fare Best
[Summary]: Niche celebrities have recently launched tokens in the crypto market using the Pump Fun application on Solana.

Early buyers of these celebrity-backed tokens have made significant profits, with some t...

From 2024-06-07 to 2024-06-14, SOL-USD's stock price decreased from 162.51 to 143.09. News during this period are listed below:

[Headline]: TipLink Aims for Crypto Newcomers With Google-Powered Solana Wallet
[Summary]: Solana {{SOL}} crypto wallet startup TipLink is making a play for newcomer blockchain users with a service that cuts wallet browser extensions out of the equation.

Called TipLink Wallet Adaptor, it c...

[Headline]: Solana Heavyweights Wage War Against Private Mempool Operators
[Summary]: A group of Solana {{SOL}} validators are facing financial penalties for allegedly facilitating economic attacks against crypto traders.

Over 30 validator operators were kicked off the Solana Foundati...

From 2024-06-14 to 2024-06-21, SOL-USD's stock price decreased from 143.09 to 134.59. News during this period are listed below:

[Headline]: Canada's 3iQ Files to List Solana ETP in Toronto
[Summary]: Canadian asset manager 3iQ announced it has filed a prospectus to list a Solana ETP in Toronto.

3iQ was one of the first fund managers to launch a publicly traded Bitcoin fund, as well as an Ether fu...

[Headline]: Solana-Ether Ratio Hits 3-Month Low, Analyst Anticipates Further Losses
[Summary]: The SOL/ETH ratio slides as ether ETF narrative weighs over altcoins.

Technicals have flipped bearish, signaling more losses ahead for the ratio.

A month ago, CoinDesk discussed how spot ether {{ETH...

[Headline]: Sonic, Gaming-Focused Layer-2 Chain on Solana, Raises $12M
[Summary]: Sonic, a gaming-focused layer-2 blockchain atop Solana, has raised $12 million in a fundraising.

The Series A round was led by Bitkraft and joined by investors including Galaxy Interactive and Big Br...

[Headline]: Dogecoin, Solana Lead Crypto Majors Plunge as Bitcoin Falls Below $66K
[Summary]: Major tokens, including Bitcoin and Ether, experienced significant declines in Asian trading hours on Tuesday. This was influenced by ongoing profit-taking and outflows from U.S.-listed Bitcoin ETFs, ...



Based on all the information before 2024-06-21, let's first analyze the positive developments and potential concerns for SOL-USD. Come up with 2-4 most important factors respectively and keep them concise. Most factors should be inferred from cryptocurrencies related news. Then let's assume your prediction for next week (2024-06-21 to 2024-06-28) is up by 3-4%. Provide a summary analysis to support your prediction. The prediction result need to be inferred from your analysis at the end, and thus not appearing as a foundational factor of your analysis.","**[Positive Developments]: **
1. **Institutional Integrations**: PayPal's integration of its stablecoin PYUSD on Solana and the expansion of bridging protocols like LayerZero suggest increasing institutional adoption and integration.
2. **Ecosystem Growth**: New projects and innovations, such as Sonic's gaming-focused layer-2 chain and the listing of PoliFi tokens on Kraken, indicate a growing and diversifying ecosystem within Solana.
3. **Market Recognition**: The potential listing of a Solana ETP in Toronto and the filing for a Solana ETF by VanEck showcase increasing market recognition and accessibility for Solana-based projects.
4. **Network Improvements**: The governance vote to allocate 100% of priority fees to validators aims to enhance network security and efficiency, demonstrating a commitment to improving the blockchain's infrastructure.

**[Potential Concerns]: **
1. **Market Volatility**: The cryptocurrency market remains highly volatile, with significant fluctuations in the prices of major tokens, which could impact Solana's price.
2. **Regulatory Uncertainty**: The regulatory environment for cryptocurrencies continues to be uncertain, with potential hurdles that could impact the approval and classification of Solana ETFs.
3. **ETF Approval Delays**: The delay in the approval of Solana ETFs, as indicated by the SOL/ETH ratio hitting a 3-month low, suggests potential challenges in gaining regulatory approval.
4. **Validator Conflicts**: The conflict involving Solana validators and private mempool operators raises questions about the stability and governance of the network.

**[Prediction & Analysis]: **
Solana has seen positive developments in institutional integrations and ecosystem growth, with increasing market recognition. However, the market volatility and regulatory uncertainty present significant challenges. The delay in ETF approval and validator conflicts add to the potential concerns, but the positive developments could outweigh these challenges in the short term. Therefore, an upward movement of 3-4% for SOL-USD in the upcoming week is predicted."
"[Cryptocurrency Introduction]: Solana (SOL) is a cryptocurrency launched in 2020. Solana has a current supply of 602,120,089.8045707 with 522,414,622.9373515 in circulation. The last known price of Solana is 153.49011699 USD and is up 1.26 over the last 24 hours. It is currently trading on 930 active market(s) with $2,659,112,403.89 traded over the last 24 hours. More information can be found at https://solana.com.. It has a market capilization of 79931613184.

From 2024-06-07 to 2024-06-14, SOL-USD's stock price decreased from 162.51 to 143.09. News during this period are listed below:

[Headline]: TipLink Aims for Crypto Newcomers With Google-Powered Solana Wallet
[Summary]: Solana {{SOL}} crypto wallet startup TipLink is making a play for newcomer blockchain users with a service that cuts wallet browser extensions out of the equation.

Called TipLink Wallet Adaptor, it c...

[Headline]: Solana Heavyweights Wage War Against Private Mempool Operators
[Summary]: A group of Solana {{SOL}} validators are facing financial penalties for allegedly facilitating economic attacks against crypto traders.

Over 30 validator operators were kicked off the Solana Foundati...

From 2024-06-14 to 2024-06-21, SOL-USD's stock price decreased from 143.09 to 134.59. News during this period are listed below:

[Headline]: Canada's 3iQ Files to List Solana ETP in Toronto
[Summary]: Canadian asset manager 3iQ announced it has filed a prospectus to list a Solana ETP in Toronto.

3iQ was one of the first fund managers to launch a publicly traded Bitcoin fund, as well as an Ether fu...

[Headline]: Solana-Ether Ratio Hits 3-Month Low, Analyst Anticipates Further Losses
[Summary]: The SOL/ETH ratio slides as ether ETF narrative weighs over altcoins.

Technicals have flipped bearish, signaling more losses ahead for the ratio.

A month ago, CoinDesk discussed how spot ether {{ETH...

[Headline]: Sonic, Gaming-Focused Layer-2 Chain on Solana, Raises $12M
[Summary]: Sonic, a gaming-focused layer-2 blockchain atop Solana, has raised $12 million in a fundraising.

The Series A round was led by Bitkraft and joined by investors including Galaxy Interactive and Big Br...

[Headline]: Dogecoin, Solana Lead Crypto Majors Plunge as Bitcoin Falls Below $66K
[Summary]: Major tokens, including Bitcoin and Ether, experienced significant declines in Asian trading hours on Tuesday. This was influenced by ongoing profit-taking and outflows from U.S.-listed Bitcoin ETFs, ...

From 2024-06-21 to 2024-06-28, SOL-USD's stock price increased from 134.59 to 139.70. News during this period are listed below:

[Headline]: VanEck Files for Solana ETF, SOL Rises 8%
[Summary]: SOL has jumped by almost 8% since the filing went live.

The filing is the first solana ETF registration in the U.S.

Asset manager VanEck filed to sell shares in a Solana {{SOL}} exchange-traded fund...

[Headline]: Solana ETFs and Huge SOL Gains a Real Possibility Under Trump, Major Crypto Trader Says
[Summary]: Under the Biden administration, Solana {{SOL}} appears nowhere close to getting its own ETF in the U.S. But, according to market-making firm GSR, if Donald Trump retakes the White House, it might be c...

[Headline]: Solana Adds 'Blinks' and 'Actions' so Users Can Trade Crypto on Their Favorite Social Apps
[Summary]: The Solana blockchain has been the epicenter of crypto's latest ""meme coin"" frenzy, and a new set of features for the chain – so-called Actions and Blinks – could help make meme coins and other buzzy ...

[Headline]: Solana-Focused Startup Accelerator Colosseum Raises $60M to Invest in Early-Stage Projects
[Summary]: Colosseum, a company that sets up hackathons for the Solana ecosystem, raised $60 million.

The company has already deployed $2.75 million to 11 different companies.

Colosseum, the recently launched ...



Based on all the information before 2024-06-28, let's first analyze the positive developments and potential concerns for SOL-USD. Come up with 2-4 most important factors respectively and keep them concise. Most factors should be inferred from cryptocurrencies related news. Then let's assume your prediction for next week (2024-06-28 to 2024-07-05) is down by 3-4%. Provide a summary analysis to support your prediction. The prediction result need to be inferred from your analysis at the end, and thus not appearing as a foundational factor of your analysis.","**[Positive Developments]: **
1. **ETF Filings**: The filing for a Solana ETF by VanEck and the potential listing of a Solana ETP in Toronto indicate increasing institutional interest and potential regulatory approval.
2. **Ecosystem Innovations**: New features such as ""Blinks"" and ""Actions"" for trading crypto on social apps and the raising of $60M by Colosseum for early-stage projects showcase ongoing innovation within the Solana ecosystem.
3. **Market Performance**: Solana has shown strong market performance, with significant rallies and predictions from influential figures, indicating bullish sentiment.
4. **Institutional Adoption**: The integration of PayPal's stablecoin PYUSD on Solana and the expansion of bridging protocols like LayerZero suggest increasing institutional adoption and integration.

**[Potential Concerns]: **
1. **Regulatory Uncertainty**: Despite the ETF filings, the regulatory environment for cryptocurrencies remains uncertain, with potential hurdles that could impact the approval of Solana ETFs.
2. **Market Volatility**: The cryptocurrency market is subject to high volatility, as seen in the fluctuations of major tokens, which could impact Solana's price.
3. **Validator Conflicts**: The conflict involving Solana validators and private mempool operators raises questions about the stability and governance of the network.
4. **ETF Approval Delays**: The delay in the approval of Solana ETFs, as indicated by the SOL/ETH ratio hitting a 3-month low, suggests potential challenges in gaining regulatory approval.

**[Prediction & Analysis]: **
While Solana has seen positive developments in ETF filings and ecosystem innovations, the regulatory uncertainty and market volatility present significant challenges. The validator conflicts and ETF approval delays add to the potential concerns, which could lead to a cautious market sentiment. Therefore, a downward movement of 3-4% for SOL-USD in the upcoming week is predicted."
"[Cryptocurrency Introduction]: Solana (SOL) is a cryptocurrency launched in 2020. Solana has a current supply of 602,120,089.8045707 with 522,414,622.9373515 in circulation. The last known price of Solana is 153.49011699 USD and is up 1.26 over the last 24 hours. It is currently trading on 930 active market(s) with $2,659,112,403.89 traded over the last 24 hours. More information can be found at https://solana.com.. It has a market capilization of 79931613184.

From 2024-06-14 to 2024-06-21, SOL-USD's stock price decreased from 143.09 to 134.59. News during this period are listed below:

[Headline]: Canada's 3iQ Files to List Solana ETP in Toronto
[Summary]: Canadian asset manager 3iQ announced it has filed a prospectus to list a Solana ETP in Toronto.

3iQ was one of the first fund managers to launch a publicly traded Bitcoin fund, as well as an Ether fu...

[Headline]: Solana-Ether Ratio Hits 3-Month Low, Analyst Anticipates Further Losses
[Summary]: The SOL/ETH ratio slides as ether ETF narrative weighs over altcoins.

Technicals have flipped bearish, signaling more losses ahead for the ratio.

A month ago, CoinDesk discussed how spot ether {{ETH...

[Headline]: Sonic, Gaming-Focused Layer-2 Chain on Solana, Raises $12M
[Summary]: Sonic, a gaming-focused layer-2 blockchain atop Solana, has raised $12 million in a fundraising.

The Series A round was led by Bitkraft and joined by investors including Galaxy Interactive and Big Br...

[Headline]: Dogecoin, Solana Lead Crypto Majors Plunge as Bitcoin Falls Below $66K
[Summary]: Major tokens, including Bitcoin and Ether, experienced significant declines in Asian trading hours on Tuesday. This was influenced by ongoing profit-taking and outflows from U.S.-listed Bitcoin ETFs, ...

From 2024-06-21 to 2024-06-28, SOL-USD's stock price increased from 134.59 to 139.70. News during this period are listed below:

[Headline]: VanEck Files for Solana ETF, SOL Rises 8%
[Summary]: SOL has jumped by almost 8% since the filing went live.

The filing is the first solana ETF registration in the U.S.

Asset manager VanEck filed to sell shares in a Solana {{SOL}} exchange-traded fund...

[Headline]: Solana ETFs and Huge SOL Gains a Real Possibility Under Trump, Major Crypto Trader Says
[Summary]: Under the Biden administration, Solana {{SOL}} appears nowhere close to getting its own ETF in the U.S. But, according to market-making firm GSR, if Donald Trump retakes the White House, it might be c...

[Headline]: Solana Adds 'Blinks' and 'Actions' so Users Can Trade Crypto on Their Favorite Social Apps
[Summary]: The Solana blockchain has been the epicenter of crypto's latest ""meme coin"" frenzy, and a new set of features for the chain – so-called Actions and Blinks – could help make meme coins and other buzzy ...

[Headline]: Solana-Focused Startup Accelerator Colosseum Raises $60M to Invest in Early-Stage Projects
[Summary]: Colosseum, a company that sets up hackathons for the Solana ecosystem, raised $60 million.

The company has already deployed $2.75 million to 11 different companies.

Colosseum, the recently launched ...

From 2024-06-28 to 2024-07-05, SOL-USD's stock price decreased from 139.70 to 134.37. News during this period are listed below:

[Headline]: Solana Meme Coin MEW's Cat Character to Feature on Trending Telegram Mini Game
[Summary]: Web3 gaming ecosystem Pixelverse will add Solana-based meme coin character MEW to its real-time game rooster.

The move will likely attract a new audience within the Telegram ecosystem, where the Pixe...

[Headline]: Solana ETF Applications Look Like Bets on Trump Retaking White House, Making U.S. Friendlier to Crypto
[Summary]: Two asset managers, VanEck and 21Shares, filed to launch solana ETFs this week.

They appear to be dead-on-arrival under Joe Biden, but a key deadline in the approval process would be next year, when ...



Based on all the information before 2024-07-05, let's first analyze the positive developments and potential concerns for SOL-USD. Come up with 2-4 most important factors respectively and keep them concise. Most factors should be inferred from cryptocurrencies related news. Then let's assume your prediction for next week (2024-07-05 to 2024-07-12) is up by 3-4%. Provide a summary analysis to support your prediction. The prediction result need to be inferred from your analysis at the end, and thus not appearing as a foundational factor of your analysis.","### ANALYSIS REQUEST 1

**[Positive Developments]:**
1. **ETF Filings**: The filings for Solana ETFs by VanEck and 21Shares have generated significant interest and optimism, leading to an 8% jump in SOL's price.
2. **Ecosystem Growth**: The raising of $60 million by Colosseum and $12 million by Sonic indicates strong investor confidence in the Solana ecosystem.
3. **Innovation**: The introduction of new features like 'Blinks' and 'Actions' shows Solana's commitment to enhancing user experience and functionality.

**[Potential Concerns]:**
1. **Market Volatility**: The broader crypto market volatility, as seen in the plunge of major tokens like Bitcoin and Ether, could negatively impact Solana.
2. **ETF Uncertainty**: The approval of Solana ETFs is uncertain, especially under the current administration, which could dampen investor enthusiasm.
3. **Technical Indicators**: The bearish signals in the SOL/ETH ratio and technical indicators flipping bearish suggest potential further losses.

**[Prediction & Analysis]:**
The recent positive developments, such as the ETF filings and ecosystem growth, have provided a strong foundation for Solana. However, the broader market volatility and technical indicators suggest caution. Despite these concerns, the innovative features and strong investor interest are likely to drive a modest price increase. Therefore, a 3-4% rise in SOL's price next week is a reasonable prediction, supported by the ongoing positive developments and investor optimism."
"[Cryptocurrency Introduction]: Solana (SOL) is a cryptocurrency launched in 2020. Solana has a current supply of 602,120,089.8045707 with 522,414,622.9373515 in circulation. The last known price of Solana is 153.49011699 USD and is up 1.26 over the last 24 hours. It is currently trading on 930 active market(s) with $2,659,112,403.89 traded over the last 24 hours. More information can be found at https://solana.com.. It has a market capilization of 79931613184.

From 2024-06-14 to 2024-06-21, SOL-USD's stock price decreased from 143.09 to 134.59. News during this period are listed below:

[Headline]: Canada's 3iQ Files to List Solana ETP in Toronto
[Summary]: Canadian asset manager 3iQ announced it has filed a prospectus to list a Solana ETP in Toronto.

3iQ was one of the first fund managers to launch a publicly traded Bitcoin fund, as well as an Ether fu...

[Headline]: Solana-Ether Ratio Hits 3-Month Low, Analyst Anticipates Further Losses
[Summary]: The SOL/ETH ratio slides as ether ETF narrative weighs over altcoins.

Technicals have flipped bearish, signaling more losses ahead for the ratio.

A month ago, CoinDesk discussed how spot ether {{ETH...

[Headline]: Sonic, Gaming-Focused Layer-2 Chain on Solana, Raises $12M
[Summary]: Sonic, a gaming-focused layer-2 blockchain atop Solana, has raised $12 million in a fundraising.

The Series A round was led by Bitkraft and joined by investors including Galaxy Interactive and Big Br...

[Headline]: Dogecoin, Solana Lead Crypto Majors Plunge as Bitcoin Falls Below $66K
[Summary]: Major tokens, including Bitcoin and Ether, experienced significant declines in Asian trading hours on Tuesday. This was influenced by ongoing profit-taking and outflows from U.S.-listed Bitcoin ETFs, ...

From 2024-06-21 to 2024-06-28, SOL-USD's stock price increased from 134.59 to 139.70. News during this period are listed below:

[Headline]: VanEck Files for Solana ETF, SOL Rises 8%
[Summary]: SOL has jumped by almost 8% since the filing went live.

The filing is the first solana ETF registration in the U.S.

Asset manager VanEck filed to sell shares in a Solana {{SOL}} exchange-traded fund...

[Headline]: Solana ETFs and Huge SOL Gains a Real Possibility Under Trump, Major Crypto Trader Says
[Summary]: Under the Biden administration, Solana {{SOL}} appears nowhere close to getting its own ETF in the U.S. But, according to market-making firm GSR, if Donald Trump retakes the White House, it might be c...

[Headline]: Solana Adds 'Blinks' and 'Actions' so Users Can Trade Crypto on Their Favorite Social Apps
[Summary]: The Solana blockchain has been the epicenter of crypto's latest ""meme coin"" frenzy, and a new set of features for the chain – so-called Actions and Blinks – could help make meme coins and other buzzy ...

[Headline]: Solana-Focused Startup Accelerator Colosseum Raises $60M to Invest in Early-Stage Projects
[Summary]: Colosseum, a company that sets up hackathons for the Solana ecosystem, raised $60 million.

The company has already deployed $2.75 million to 11 different companies.

Colosseum, the recently launched ...

From 2024-06-28 to 2024-07-05, SOL-USD's stock price decreased from 139.70 to 134.37. News during this period are listed below:

[Headline]: Solana Meme Coin MEW's Cat Character to Feature on Trending Telegram Mini Game
[Summary]: Web3 gaming ecosystem Pixelverse will add Solana-based meme coin character MEW to its real-time game rooster.

The move will likely attract a new audience within the Telegram ecosystem, where the Pixe...

[Headline]: Solana ETF Applications Look Like Bets on Trump Retaking White House, Making U.S. Friendlier to Crypto
[Summary]: Two asset managers, VanEck and 21Shares, filed to launch solana ETFs this week.

They appear to be dead-on-arrival under Joe Biden, but a key deadline in the approval process would be next year, when ...

From 2024-07-05 to 2024-07-12, SOL-USD's stock price increased from 134.37 to 139.53. News during this period are listed below:

[Headline]: Blockchain Startup Rome Raises $9M to Serve Ethereum Layer-2s Through Solana
[Summary]: Rome, a crypto startup project aiming to use Solana as an auxiliary network to provide services to layer-2 blockchains built atop Ethereum, emerged from stealth and announced it has raised $9 million ...

[Headline]: VanEck, 21Shares Solana ETF Plan Confirmed in Cboe Filing
[Summary]: Cboe has confirmed two asset managers' plans to launch a Solana-based exchange-traded fund (ETF).

The exchange submitted 19b-4 filings with the Securities and Exchanges Commission (SEC) on Monday, as...

[Headline]: Crypto Bulls Rack up $580M Liquidations as Bitcoin Drops 8%, Ether, Solana, Dogecoin Plunge
[Summary]: Bullish trades on bitcoin and ether together registered over $380 million in losses.

The largest single liquidation order was on Binance—an ETH trade valued at $18.4 million

Crypto majors plunged as...



Based on all the information before 2024-07-12, let's first analyze the positive developments and potential concerns for SOL-USD. Come up with 2-4 most important factors respectively and keep them concise. Most factors should be inferred from cryptocurrencies related news. Then let's assume your prediction for next week (2024-07-12 to 2024-07-19) is up by more than 5%. Provide a summary analysis to support your prediction. The prediction result need to be inferred from your analysis at the end, and thus not appearing as a foundational factor of your analysis.","### ANALYSIS REQUEST 2

**[Positive Developments]:**
1. **ETF Filings**: The confirmation of VanEck and 21Shares' plans to launch Solana ETFs has boosted investor confidence.
2. **Ecosystem Expansion**: The raising of $9 million by Rome to serve Ethereum layer-2s through Solana highlights the network's growing utility.
3. **Market Resilience**: Solana's price increase despite broader market liquidations indicates strong underlying demand.

**[Potential Concerns]:**
1. **Market Volatility**: The significant liquidations in the crypto market, with Bitcoin dropping 8%, could lead to further sell-offs.
2. **Regulatory Uncertainty**: The approval of Solana ETFs remains uncertain, which could limit potential gains.
3. **Competition**: The choice of Sui over Solana for DePIN projects suggests increasing competition in the decentralized infrastructure space.

**[Prediction & Analysis]:**
The positive developments, including the ETF filings and ecosystem expansion, are driving investor optimism. However, market volatility and regulatory uncertainty pose risks. Despite these concerns, the resilience shown by Solana and the growing utility of its network suggest a strong upward potential. Therefore, a more than 5% rise in SOL's price next week is a reasonable prediction, supported by the ongoing positive developments and investor confidence."
"[Cryptocurrency Introduction]: Solana (SOL) is a cryptocurrency launched in 2020. Solana has a current supply of 602,120,089.8045707 with 522,414,622.9373515 in circulation. The last known price of Solana is 153.49011699 USD and is up 1.26 over the last 24 hours. It is currently trading on 930 active market(s) with $2,659,112,403.89 traded over the last 24 hours. More information can be found at https://solana.com.. It has a market capilization of 79931613184.

From 2024-06-28 to 2024-07-05, SOL-USD's stock price decreased from 139.70 to 134.37. News during this period are listed below:

[Headline]: Solana Meme Coin MEW's Cat Character to Feature on Trending Telegram Mini Game
[Summary]: Web3 gaming ecosystem Pixelverse will add Solana-based meme coin character MEW to its real-time game rooster.

The move will likely attract a new audience within the Telegram ecosystem, where the Pixe...

[Headline]: Solana ETF Applications Look Like Bets on Trump Retaking White House, Making U.S. Friendlier to Crypto
[Summary]: Two asset managers, VanEck and 21Shares, filed to launch solana ETFs this week.

They appear to be dead-on-arrival under Joe Biden, but a key deadline in the approval process would be next year, when ...

From 2024-07-05 to 2024-07-12, SOL-USD's stock price increased from 134.37 to 139.53. News during this period are listed below:

[Headline]: Blockchain Startup Rome Raises $9M to Serve Ethereum Layer-2s Through Solana
[Summary]: Rome, a crypto startup project aiming to use Solana as an auxiliary network to provide services to layer-2 blockchains built atop Ethereum, emerged from stealth and announced it has raised $9 million ...

[Headline]: VanEck, 21Shares Solana ETF Plan Confirmed in Cboe Filing
[Summary]: Cboe has confirmed two asset managers' plans to launch a Solana-based exchange-traded fund (ETF).

The exchange submitted 19b-4 filings with the Securities and Exchanges Commission (SEC) on Monday, as...

[Headline]: Crypto Bulls Rack up $580M Liquidations as Bitcoin Drops 8%, Ether, Solana, Dogecoin Plunge
[Summary]: Bullish trades on bitcoin and ether together registered over $380 million in losses.

The largest single liquidation order was on Binance—an ETH trade valued at $18.4 million

Crypto majors plunged as...

From 2024-07-12 to 2024-07-19, SOL-USD's stock price increased from 139.53 to 169.19. News during this period are listed below:

[Headline]: Why We Chose Sui Over Solana for Our DePIN
[Summary]: Looking at crypto news headlines, it would seem initially that Solana has firmly established itself as the home of DePIN. From Hivemapper to Helium, some of the most well-known DePIN projects are buil...

[Headline]: Crypto Traders Search for Clues in Solana's Triangle Pattern 
[Summary]: SOL's daily chart shows a triangular consolidation pattern.

A breakout would signal a continuation of the broader uptrend, according to Fairlead Strategies.

Crypto traders looking for clues on the n...



Based on all the information before 2024-07-19, let's first analyze the positive developments and potential concerns for SOL-USD. Come up with 2-4 most important factors respectively and keep them concise. Most factors should be inferred from cryptocurrencies related news. Then let's assume your prediction for next week (2024-07-19 to 2024-07-26) is up by more than 5%. Provide a summary analysis to support your prediction. The prediction result need to be inferred from your analysis at the end, and thus not appearing as a foundational factor of your analysis.","### ANALYSIS REQUEST 3

**[Positive Developments]:**
1. **ETF Confirmation**: The Cboe filing confirmation for VanEck and 21Shares' Solana ETF plans has boosted market sentiment.
2. **Technical Analysis**: The triangular consolidation pattern on SOL's daily chart suggests a potential breakout and continuation of the broader uptrend.
3. **Ecosystem Growth**: The raising of funds by various startups and the integration of new features indicate a thriving ecosystem.

**[Potential Concerns]:**
1. **Market Volatility**: The significant liquidations and plunge in major cryptocurrencies could lead to further sell-offs.
2. **Competition**: The preference for Sui over Solana for DePIN projects highlights increasing competition.
3. **Regulatory Uncertainty**: The approval of Solana ETFs remains uncertain, which could limit potential gains.

**[Prediction & Analysis]:**
The positive developments, including the ETF confirmation and technical analysis, suggest a strong upward potential for Solana. However, market volatility and competition pose risks. Despite these concerns, the growing ecosystem and technical indicators support a bullish outlook. Therefore, a more than 5% rise in SOL's price next week is a reasonable prediction, supported by the ongoing positive developments and technical analysis."
"[Cryptocurrency Introduction]: Solana (SOL) is a cryptocurrency launched in 2020. Solana has a current supply of 602,120,089.8045707 with 522,414,622.9373515 in circulation. The last known price of Solana is 153.49011699 USD and is up 1.26 over the last 24 hours. It is currently trading on 930 active market(s) with $2,659,112,403.89 traded over the last 24 hours. More information can be found at https://solana.com.. It has a market capilization of 79931613184.

From 2024-07-05 to 2024-07-12, SOL-USD's stock price increased from 134.37 to 139.53. News during this period are listed below:

[Headline]: Blockchain Startup Rome Raises $9M to Serve Ethereum Layer-2s Through Solana
[Summary]: Rome, a crypto startup project aiming to use Solana as an auxiliary network to provide services to layer-2 blockchains built atop Ethereum, emerged from stealth and announced it has raised $9 million ...

[Headline]: VanEck, 21Shares Solana ETF Plan Confirmed in Cboe Filing
[Summary]: Cboe has confirmed two asset managers' plans to launch a Solana-based exchange-traded fund (ETF).

The exchange submitted 19b-4 filings with the Securities and Exchanges Commission (SEC) on Monday, as...

[Headline]: Crypto Bulls Rack up $580M Liquidations as Bitcoin Drops 8%, Ether, Solana, Dogecoin Plunge
[Summary]: Bullish trades on bitcoin and ether together registered over $380 million in losses.

The largest single liquidation order was on Binance—an ETH trade valued at $18.4 million

Crypto majors plunged as...

From 2024-07-12 to 2024-07-19, SOL-USD's stock price increased from 139.53 to 169.19. News during this period are listed below:

[Headline]: Why We Chose Sui Over Solana for Our DePIN
[Summary]: Looking at crypto news headlines, it would seem initially that Solana has firmly established itself as the home of DePIN. From Hivemapper to Helium, some of the most well-known DePIN projects are buil...

[Headline]: Crypto Traders Search for Clues in Solana's Triangle Pattern 
[Summary]: SOL's daily chart shows a triangular consolidation pattern.

A breakout would signal a continuation of the broader uptrend, according to Fairlead Strategies.

Crypto traders looking for clues on the n...

From 2024-07-19 to 2024-07-26, SOL-USD's stock price increased from 169.19 to 183.14. News during this period are listed below:

[Headline]: Jito Releases Open-Source Restaking Service for Solana
[Summary]: Solana's march toward restaking took a big leap Thursday, with infrastructure project Jito Foundation releasing the code for a staking and restaking program – the network's first.

Restaking theoretic...

[Headline]: AgriDex Settles First Agricultural Trade on Solana Blockchain
[Summary]: AgriDex has settled its first agricultural trade on the Solana blockchain.

It facilitated the shipment of two hundred bottles of extra virgin olive oil and multiple cases of wine from a farm and vine...

[Headline]: Solana ETF Hopes, Rising Fundamentals Are Driving SOL Prices Higher, Traders Say
[Summary]: Increased transactional activity on Solana-based applications and a surge in the total value locked (TVL) on the network have contributed to Solana's recent outperformance.

Expectations of a possible...

[Headline]: Bitcoin Tops $67K as Cryptos Rally Amid Global IT Outage; Solana's SOL Leads Altcoins
[Summary]: Bitcoin hit a one-month high price, surging 5.5% over the past 24 hours.

Solana rose 8%, topping $170 for the first time since early June.

Crypto observers highlight the resiliency of decentralized ...

[Headline]: CrowdStrike, Windows BSoD Meme Tokens Populate Solana and Ethereum Amid Global Internet Outage
[Summary]: Dozens of new crypto tokens themed after internet services company CrowdStrike and the popular Microsoft “Blue Screen of Death” (BSoD) error were issued on Ethereum and Solana blockchains amid a repor...



Based on all the information before 2024-07-26, let's first analyze the positive developments and potential concerns for SOL-USD. Come up with 2-4 most important factors respectively and keep them concise. Most factors should be inferred from cryptocurrencies related news. Then let's assume your prediction for next week (2024-07-26 to 2024-08-02) is down by more than 5%. Provide a summary analysis to support your prediction. The prediction result need to be inferred from your analysis at the end, and thus not appearing as a foundational factor of your analysis.","### ANALYSIS REQUEST 4

**[Positive Developments]:**
1. **ETF Hopes**: The expectations of a possible Solana ETF approval and rising fundamentals are driving prices higher.
2. **Ecosystem Innovation**: The release of the first restaking service by Jito Foundation and the settlement of the first agricultural trade on Solana highlight the network's growing utility.
3. **Market Resilience**: Solana's price increase amid global IT outages and market volatility indicates strong underlying demand.

**[Potential Concerns]:**
1. **Market Volatility**: The significant liquidations and plunge in major cryptocurrencies could lead to further sell-offs.
2. **Regulatory Uncertainty**: The approval of Solana ETFs remains uncertain, which could limit potential gains.
3. **Competition**: The increasing competition in the decentralized infrastructure space poses a risk to Solana's dominance.

**[Prediction & Analysis]:**
The positive developments, including the ETF hopes and ecosystem innovation, suggest a strong upward potential for Solana. However, market volatility and regulatory uncertainty pose risks. Despite these concerns, the resilience shown by Solana and the growing utility of its network support a bullish outlook. Therefore, a more than 5% rise in SOL's price next week is a reasonable prediction, supported by the ongoing positive developments and market resilience."
"[Cryptocurrency Introduction]: Solana (SOL) is a cryptocurrency launched in 2020. Solana has a current supply of 602,120,089.8045707 with 522,414,622.9373515 in circulation. The last known price of Solana is 153.49011699 USD and is up 1.26 over the last 24 hours. It is currently trading on 930 active market(s) with $2,659,112,403.89 traded over the last 24 hours. More information can be found at https://solana.com.. It has a market capilization of 79931613184.

From 2024-07-05 to 2024-07-12, SOL-USD's stock price increased from 134.37 to 139.53. News during this period are listed below:

[Headline]: Blockchain Startup Rome Raises $9M to Serve Ethereum Layer-2s Through Solana
[Summary]: Rome, a crypto startup project aiming to use Solana as an auxiliary network to provide services to layer-2 blockchains built atop Ethereum, emerged from stealth and announced it has raised $9 million ...

[Headline]: VanEck, 21Shares Solana ETF Plan Confirmed in Cboe Filing
[Summary]: Cboe has confirmed two asset managers' plans to launch a Solana-based exchange-traded fund (ETF).

The exchange submitted 19b-4 filings with the Securities and Exchanges Commission (SEC) on Monday, as...

[Headline]: Crypto Bulls Rack up $580M Liquidations as Bitcoin Drops 8%, Ether, Solana, Dogecoin Plunge
[Summary]: Bullish trades on bitcoin and ether together registered over $380 million in losses.

The largest single liquidation order was on Binance—an ETH trade valued at $18.4 million

Crypto majors plunged as...

From 2024-07-12 to 2024-07-19, SOL-USD's stock price increased from 139.53 to 169.19. News during this period are listed below:

[Headline]: Why We Chose Sui Over Solana for Our DePIN
[Summary]: Looking at crypto news headlines, it would seem initially that Solana has firmly established itself as the home of DePIN. From Hivemapper to Helium, some of the most well-known DePIN projects are buil...

[Headline]: Crypto Traders Search for Clues in Solana's Triangle Pattern 
[Summary]: SOL's daily chart shows a triangular consolidation pattern.

A breakout would signal a continuation of the broader uptrend, according to Fairlead Strategies.

Crypto traders looking for clues on the n...

From 2024-07-19 to 2024-07-26, SOL-USD's stock price increased from 169.19 to 183.14. News during this period are listed below:

[Headline]: Jito Releases Open-Source Restaking Service for Solana
[Summary]: Solana's march toward restaking took a big leap Thursday, with infrastructure project Jito Foundation releasing the code for a staking and restaking program – the network's first.

Restaking theoretic...

[Headline]: Solana Sees Arrival of Nomura, Brevan Howard-Affiliated Tokenization Firm Libre
[Summary]: Adding Libre’s tokenization gateway to Solana offers users access to Hamilton Lane’s SCOPE fund, the Brevan Howard Master Fund and Blackrock ICS Money Market Fund.

Libre’s Solana expansion has garner...

[Headline]: Solana ETF Hopes, Rising Fundamentals Are Driving SOL Prices Higher, Traders Say
[Summary]: Increased transactional activity on Solana-based applications and a surge in the total value locked (TVL) on the network have contributed to Solana's recent outperformance.

Expectations of a possible...

[Headline]: Popcat Crosses $1B, Mog Rallies as Solana, Ethereum Beta Bets Gain Favor
[Summary]: Meme coins popcat (POPCAT) and mog (MOG) surged over the weekend, driven by the cat-themed narrative and their use as beta bets by some traders.

POPCAT briefly topped $1 billion capitalization to eme...

[Headline]: Bitcoin Tops $67K as Cryptos Rally Amid Global IT Outage; Solana's SOL Leads Altcoins
[Summary]: Bitcoin hit a one-month high price, surging 5.5% over the past 24 hours.

Solana rose 8%, topping $170 for the first time since early June.

Crypto observers highlight the resiliency of decentralized ...

From 2024-07-26 to 2024-08-02, SOL-USD's stock price decreased from 183.14 to 152.64. News during this period are listed below:

[Headline]: Anthony Pompliano: Bitcoin Will Be on U.S. Balance Sheet in 'Next 10, 15 Years' and Investing in Solana for Less Than a Dollar
[Summary]: Anthony Pompliano, CEO of Professional Capital Management spoke with CoinDesk's Jennifer Sanasie. The following is a lightly edited transcript of their interview.

Jennifer Sanasie: It's Tuesday, July...

[Headline]: Bitcoin Slides to $66K in Wake of Silk Road BTC Movements, Solana’s SOL Leads Majors Losses
[Summary]: Bitcoin's price dipped to $66,000 early Tuesday, erasing last week's gains.

The slide came after the U.S. government moved $2 billion worth of bitcoin, raising concerns of potential selling pressure....



Based on all the information before 2024-08-02, let's first analyze the positive developments and potential concerns for SOL-USD. Come up with 2-4 most important factors respectively and keep them concise. Most factors should be inferred from cryptocurrencies related news. Then let's assume your prediction for next week (2024-08-02 to 2024-08-09) is up by 2-3%. Provide a summary analysis to support your prediction. The prediction result need to be inferred from your analysis at the end, and thus not appearing as a foundational factor of your analysis.","### ANALYSIS REQUEST 5

**[Positive Developments]:**
1. **ETF Hopes**: The expectations of a possible Solana ETF approval and rising fundamentals are driving prices higher.
2. **Ecosystem Growth**: The arrival of Libre and the release of the first restaking service by Jito Foundation highlight the network's growing utility.
3. **Market Resilience**: Solana's price increase amid global IT outages and market volatility indicates strong underlying demand.

**[Potential Concerns]:**
1. **Market Volatility**: The significant liquidations and plunge in major cryptocurrencies, including Bitcoin's slide to $66K, could lead to further sell-offs.
2. **Regulatory Uncertainty**: The approval of Solana ETFs remains uncertain, which could limit potential gains.
3. **Investor Sentiment**: The movement of $2 billion worth of bitcoin by the U.S. government has raised concerns of potential selling pressure, which could impact investor sentiment.

**[Prediction & Analysis]:**
The positive developments, including the ETF hopes and ecosystem growth, suggest a strong upward potential for Solana. However, market volatility and regulatory uncertainty pose significant risks. The recent price decrease and investor concerns highlight the potential for further sell-offs. Therefore, a 2-3% rise in SOL's price next week is a reasonable prediction, supported by the ongoing positive developments and market resilience, but tempered by the potential concerns."
"[Cryptocurrency Introduction]: Solana (SOL) is a cryptocurrency launched in 2020. Solana has a current supply of 602,120,089.8045707 with 522,414,622.9373515 in circulation. The last known price of Solana is 153.49011699 USD and is up 1.26 over the last 24 hours. It is currently trading on 930 active market(s) with $2,659,112,403.89 traded over the last 24 hours. More information can be found at https://solana.com.. It has a market capilization of 79931613184.

From 2024-08-02 to 2024-08-09, SOL-USD's stock price increased from 152.64 to 156.46. News during this period are listed below:

[Headline]: Brazil’s Securities and Exchange Commission Approves Solana-Based ETF
[Summary]: The Brazilian Securities and Exchange Commission (CVM) has approved a Solana-based exchange-traded fund (ETF), the agency disclosed in its central database on Wednesday.

It is the first product of it...

[Headline]: Solana Hits All-Time High Against Ether, Outperforms Bitcoin in Crypto Rebound
[Summary]: Cryptocurrencies continued their bounce from Monday lows on Wednesday, with layer-1 network Solana's token {{SOL}} being the fastest horse during the rebound.

The sharp relative move higher for SOL p...

[Headline]: Crypto Bank Anchorage Adds Custody for Solana-Based Tokens
[Summary]: Anchorage Digital Bank is adding custody support for tokens on the Solana blockchain, CEO Nathan McCauley told CoinDesk.

The federally chartered custody company will initially allow its customers – r...

[Headline]: Bitcoin Jumps Above $56K, Solana Leads Recovery From Monday's Rout
[Summary]: Bitcoin and Japanese stocks look to stabilize amid rate cut talks.

Institutional investors sold spot ETFs Monday.

Bitcoin (BTC) zoomed above $56,000 early Tuesday amid a broader market recovery in A...

[Headline]: Bitcoin Plunges Under $60K; Crypto Bulls Lose $200M as Dogecoin, Solana Tokens Drop 10%
[Summary]: Bitcoin slumped under $60,000 in early U.S. hours Sunday as a market sell-off continued into its fourth day, with bullish futures bets losing nearly $200 million in the past 24 hours.

Ether (ETH) fel...



Based on all the information before 2024-08-09, let's first analyze the positive developments and potential concerns for SOL-USD. Come up with 2-4 most important factors respectively and keep them concise. Most factors should be inferred from cryptocurrencies related news. Then let's assume your prediction for next week (2024-08-09 to 2024-08-16) is down by more than 5%. Provide a summary analysis to support your prediction. The prediction result need to be inferred from your analysis at the end, and thus not appearing as a foundational factor of your analysis.","**[Positive Developments]:
1. **Regulatory Approval**: Brazil’s Securities and Exchange Commission approved a Solana-based ETF, indicating growing institutional acceptance and regulatory support for Solana.
2. **Market Performance**: Solana outperformed both Bitcoin and Ether during the crypto rebound, highlighting its strength and resilience in the market.
3. **Institutional Support**: Crypto Bank Anchorage added custody for Solana-based tokens, signaling increased institutional interest and support.
4. **Memecoin Surge**: The surge in Solana-based memecoins indicates growing ecosystem activity and investor interest.

**[Potential Concerns]:
1. **Market Volatility**: Bitcoin’s plunge under $60K and the subsequent market sell-off raise concerns about broader market instability affecting Solana.
2. **Futures Bets Loss**: The loss of nearly $200 million in bullish futures bets suggests potential sentiment shifts and increased risk aversion among investors.
3. **Regulatory Risks**: While the ETF approval is positive, ongoing regulatory scrutiny and potential interventions could impact market sentiment.
4. **Dependence on Bitcoin**: Solana’s price movements remain correlated with Bitcoin, which poses a risk if Bitcoin experiences significant volatility.

**[Prediction & Analysis]:
The positive developments, such as the approval of a Solana-based ETF and institutional support, suggest a bullish outlook for Solana. However, the broader market volatility and the significant loss in futures bets indicate a cautious investor sentiment. The surge in memecoins highlights ecosystem activity, but the dependence on Bitcoin's performance poses a risk. Given the recent market sell-off and the loss in futures bets, investors may adopt a risk-off approach, leading to a potential decrease in Solana's price. Therefore, the prediction for the next week is a decrease of more than 5%."
"[Cryptocurrency Introduction]: Solana (SOL) is a cryptocurrency launched in 2020. Solana has a current supply of 602,120,089.8045707 with 522,414,622.9373515 in circulation. The last known price of Solana is 153.49011699 USD and is up 1.26 over the last 24 hours. It is currently trading on 930 active market(s) with $2,659,112,403.89 traded over the last 24 hours. More information can be found at https://solana.com.. It has a market capilization of 79931613184.

From 2024-07-19 to 2024-07-26, SOL-USD's stock price increased from 169.19 to 183.14. News during this period are listed below:

[Headline]: Jito Releases Open-Source Restaking Service for Solana
[Summary]: Solana's march toward restaking took a big leap Thursday, with infrastructure project Jito Foundation releasing the code for a staking and restaking program – the network's first.

Restaking theoretic...

[Headline]: AgriDex Settles First Agricultural Trade on Solana Blockchain
[Summary]: AgriDex has settled its first agricultural trade on the Solana blockchain.

It facilitated the shipment of two hundred bottles of extra virgin olive oil and multiple cases of wine from a farm and vine...

[Headline]: Popcat Crosses $1B, Mog Rallies as Solana, Ethereum Beta Bets Gain Favor
[Summary]: Meme coins popcat (POPCAT) and mog (MOG) surged over the weekend, driven by the cat-themed narrative and their use as beta bets by some traders.

POPCAT briefly topped $1 billion capitalization to eme...

[Headline]: Bitcoin Tops $67K as Cryptos Rally Amid Global IT Outage; Solana's SOL Leads Altcoins
[Summary]: Bitcoin hit a one-month high price, surging 5.5% over the past 24 hours.

Solana rose 8%, topping $170 for the first time since early June.

Crypto observers highlight the resiliency of decentralized ...

[Headline]: CrowdStrike, Windows BSoD Meme Tokens Populate Solana and Ethereum Amid Global Internet Outage
[Summary]: Dozens of new crypto tokens themed after internet services company CrowdStrike and the popular Microsoft “Blue Screen of Death” (BSoD) error were issued on Ethereum and Solana blockchains amid a repor...

From 2024-07-26 to 2024-08-02, SOL-USD's stock price decreased from 183.14 to 152.64. News during this period are listed below:

[Headline]: Anthony Pompliano: Bitcoin Will Be on U.S. Balance Sheet in 'Next 10, 15 Years' and Investing in Solana for Less Than a Dollar
[Summary]: Anthony Pompliano, CEO of Professional Capital Management spoke with CoinDesk's Jennifer Sanasie. The following is a lightly edited transcript of their interview.

Jennifer Sanasie: It's Tuesday, July...

[Headline]: Bitcoin Slides to $66K in Wake of Silk Road BTC Movements, Solana’s SOL Leads Majors Losses
[Summary]: Bitcoin's price dipped to $66,000 early Tuesday, erasing last week's gains.

The slide came after the U.S. government moved $2 billion worth of bitcoin, raising concerns of potential selling pressure....

From 2024-08-02 to 2024-08-09, SOL-USD's stock price increased from 152.64 to 156.46. News during this period are listed below:

[Headline]: Brazil’s Securities and Exchange Commission Approves Solana-Based ETF
[Summary]: The Brazilian Securities and Exchange Commission (CVM) has approved a Solana-based exchange-traded fund (ETF), the agency disclosed in its central database on Wednesday.

It is the first product of it...

[Headline]: Solana Hits All-Time High Against Ether, Outperforms Bitcoin in Crypto Rebound
[Summary]: Cryptocurrencies continued their bounce from Monday lows on Wednesday, with layer-1 network Solana's token {{SOL}} being the fastest horse during the rebound.

The sharp relative move higher for SOL p...

[Headline]: Solana-Based Memecoins Surge as SOL Jumps 38% From Monday's Lows
[Summary]: Cat-themed token POPCAT and dog-themed WIF jumped 25%, while smaller tokens MUMU and CATDOG were up 30%.

The surge in Solana-based tokens contrasted with declines in major memecoins on other blockcha...

[Headline]: Bitcoin Jumps Above $56K, Solana Leads Recovery From Monday's Rout
[Summary]: Bitcoin and Japanese stocks look to stabilize amid rate cut talks.

Institutional investors sold spot ETFs Monday.

Bitcoin (BTC) zoomed above $56,000 early Tuesday amid a broader market recovery in A...

[Headline]: Bitcoin Plunges Under $60K; Crypto Bulls Lose $200M as Dogecoin, Solana Tokens Drop 10%
[Summary]: Bitcoin slumped under $60,000 in early U.S. hours Sunday as a market sell-off continued into its fourth day, with bullish futures bets losing nearly $200 million in the past 24 hours.

Ether (ETH) fel...

From 2024-08-09 to 2024-08-16, SOL-USD's stock price decreased from 156.46 to 139.33. News during this period are listed below:

[Headline]: As Restaking Takes Shape on Solana, Ethereum's Renzo Jumps in With 'ezSOL'
[Summary]: Early efforts on the Solana blockchain to develop a framework for ""restaking"" – a way of securing new protocols and applications without having to spin up additional validator networks – appear to be ...



Based on all the information before 2024-08-16, let's first analyze the positive developments and potential concerns for SOL-USD. Come up with 2-4 most important factors respectively and keep them concise. Most factors should be inferred from cryptocurrencies related news. Then let's assume your prediction for next week (2024-08-16 to 2024-08-23) is up by more than 5%. Provide a summary analysis to support your prediction. The prediction result need to be inferred from your analysis at the end, and thus not appearing as a foundational factor of your analysis.","**[Positive Developments]:
1. **Technological Advancements**: The release of open-source restaking services and the settlement of agricultural trades on the Solana blockchain demonstrate technological progress and real-world applications.
2. **Market Performance**: Solana’s price increase and outperformance against other cryptocurrencies indicate strong market sentiment and investor interest.
3. **Institutional Interest**: The approval of a second Solana ETF in Brazil and the addition of prediction markets on Solana show growing institutional and ecosystem activity.
4. **Ecosystem Growth**: The surge in Solana-based memecoins and the expansion of PayPal's stablecoin to the Solana ecosystem highlight a thriving ecosystem.

**[Potential Concerns]:
1. **Regulatory Challenges**: The SEC securities violations faced by Mango Markets raise concerns about regulatory risks and potential interventions.
2. **Market Correlation**: Solana’s price movements remain correlated with Bitcoin, posing a risk if Bitcoin experiences significant volatility.
3. **Investor Sentiment**: The decline in major memecoins on other blockchains and the broader market sell-off suggest potential shifts in investor sentiment.
4. **Ecosystem Risks**: The gutted state of Mango Markets due to fraud highlights vulnerabilities within the Solana ecosystem.

**[Prediction & Analysis]:
The technological advancements and market performance indicate a bullish outlook for Solana. However, regulatory challenges and market correlation with Bitcoin pose risks. The approval of a second ETF and the expansion of PayPal's stablecoin suggest growing institutional interest, but the regulatory issues faced by Mango Markets and the broader market sell-off could dampen investor sentiment. Given the positive developments and the potential for continued ecosystem growth, the prediction for the next week is an increase of more than 5%."
"[Cryptocurrency Introduction]: Solana (SOL) is a cryptocurrency launched in 2020. Solana has a current supply of 602,120,089.8045707 with 522,414,622.9373515 in circulation. The last known price of Solana is 153.49011699 USD and is up 1.26 over the last 24 hours. It is currently trading on 930 active market(s) with $2,659,112,403.89 traded over the last 24 hours. More information can be found at https://solana.com.. It has a market capilization of 79931613184.

From 2024-08-02 to 2024-08-09, SOL-USD's stock price increased from 152.64 to 156.46. News during this period are listed below:

[Headline]: Brazil’s Securities and Exchange Commission Approves Solana-Based ETF
[Summary]: The Brazilian Securities and Exchange Commission (CVM) has approved a Solana-based exchange-traded fund (ETF), the agency disclosed in its central database on Wednesday.

It is the first product of it...

[Headline]: Solana-Based Memecoins Surge as SOL Jumps 38% From Monday's Lows
[Summary]: Cat-themed token POPCAT and dog-themed WIF jumped 25%, while smaller tokens MUMU and CATDOG were up 30%.

The surge in Solana-based tokens contrasted with declines in major memecoins on other blockcha...

[Headline]: Crypto Bank Anchorage Adds Custody for Solana-Based Tokens
[Summary]: Anchorage Digital Bank is adding custody support for tokens on the Solana blockchain, CEO Nathan McCauley told CoinDesk.

The federally chartered custody company will initially allow its customers – r...

[Headline]: Bitcoin Jumps Above $56K, Solana Leads Recovery From Monday's Rout
[Summary]: Bitcoin and Japanese stocks look to stabilize amid rate cut talks.

Institutional investors sold spot ETFs Monday.

Bitcoin (BTC) zoomed above $56,000 early Tuesday amid a broader market recovery in A...

[Headline]: Bitcoin Plunges Under $60K; Crypto Bulls Lose $200M as Dogecoin, Solana Tokens Drop 10%
[Summary]: Bitcoin slumped under $60,000 in early U.S. hours Sunday as a market sell-off continued into its fourth day, with bullish futures bets losing nearly $200 million in the past 24 hours.

Ether (ETH) fel...

From 2024-08-09 to 2024-08-16, SOL-USD's stock price decreased from 156.46 to 139.33. News during this period are listed below:

[Headline]: As Restaking Takes Shape on Solana, Ethereum's Renzo Jumps in With 'ezSOL'
[Summary]: Early efforts on the Solana blockchain to develop a framework for ""restaking"" – a way of securing new protocols and applications without having to spin up additional validator networks – appear to be ...

From 2024-08-16 to 2024-08-23, SOL-USD's stock price increased from 139.33 to 153.11. News during this period are listed below:

[Headline]: Second Solana ETF Approved in Brazil
[Summary]: The Brazilian Securities and Exchange Commission (CVM) has approved a second Solana exchange-traded fund (ETF), the agency disclosed in its central database.

According to the CVM database, the new So...

[Headline]: Solana's Former Top Decentralized Crypto Exchange Faces SEC Securities Violations
[Summary]: Mango Markets, Solana's once-mighty decentralized crypto exchange that was gutted by convicted fraudster Avraham Eisenberg, is preparing to settle with the U.S. Securities and Exchange commission over...

[Headline]: Crypto's Bet on Election Betting Expands to Solana
[Summary]: Solana-based crypto trading platform Drift is adding prediction markets to its product lineup, placing a bet on Polymarket-style election betting, but with a few twists.

The BET service will allow tr...



Based on all the information before 2024-08-23, let's first analyze the positive developments and potential concerns for SOL-USD. Come up with 2-4 most important factors respectively and keep them concise. Most factors should be inferred from cryptocurrencies related news. Then let's assume your prediction for next week (2024-08-23 to 2024-08-30) is down by more than 5%. Provide a summary analysis to support your prediction. The prediction result need to be inferred from your analysis at the end, and thus not appearing as a foundational factor of your analysis.","**[Positive Developments]:
1. **Institutional Support**: Crypto Bank Anchorage adding custody for Solana-based tokens signals increased institutional interest and support.
2. **Market Rebound**: Solana led the recovery from Monday’s rout, indicating resilience and strong market sentiment.
3. **Ecosystem Activity**: The surge in Solana-based memecoins and the approval of a Solana-based ETF in Brazil highlight a thriving ecosystem and growing institutional acceptance.
4. **Technological Innovation**: Early efforts in restaking on the Solana blockchain demonstrate technological progress and innovation.

**[Potential Concerns]:
1. **Market Volatility**: Bitcoin’s plunge under $60K and the subsequent market sell-off raise concerns about broader market instability affecting Solana.
2. **Regulatory Risks**: Ongoing regulatory scrutiny and potential interventions, as seen with Mango Markets, could impact market sentiment.
3. **Investor Sentiment**: The loss of nearly $200 million in bullish futures bets suggests potential sentiment shifts and increased risk aversion among investors.
4. **Ecosystem Vulnerabilities**: The fraud incident with Mango Markets highlights vulnerabilities within the Solana ecosystem that could affect investor confidence.

**[Prediction & Analysis]:
The institutional support and market rebound indicate a bullish outlook for Solana. However, market volatility and regulatory risks pose concerns. The ecosystem activity and technological innovation suggest a thriving ecosystem, but the vulnerabilities highlighted by the Mango Markets incident and the broader market sell-off could affect investor sentiment. Given the recent market sell-off and the potential for continued volatility, the prediction for the next week is a decrease of more than 5%."
"[Cryptocurrency Introduction]: Solana (SOL) is a cryptocurrency launched in 2020. Solana has a current supply of 602,120,089.8045707 with 522,414,622.9373515 in circulation. The last known price of Solana is 153.49011699 USD and is up 1.26 over the last 24 hours. It is currently trading on 930 active market(s) with $2,659,112,403.89 traded over the last 24 hours. More information can be found at https://solana.com.. It has a market capilization of 79931613184.

From 2024-08-09 to 2024-08-16, SOL-USD's stock price decreased from 156.46 to 139.33. News during this period are listed below:

[Headline]: As Restaking Takes Shape on Solana, Ethereum's Renzo Jumps in With 'ezSOL'
[Summary]: Early efforts on the Solana blockchain to develop a framework for ""restaking"" – a way of securing new protocols and applications without having to spin up additional validator networks – appear to be ...

From 2024-08-16 to 2024-08-23, SOL-USD's stock price increased from 139.33 to 153.11. News during this period are listed below:

[Headline]: Second Solana ETF Approved in Brazil
[Summary]: The Brazilian Securities and Exchange Commission (CVM) has approved a second Solana exchange-traded fund (ETF), the agency disclosed in its central database.

According to the CVM database, the new So...

[Headline]: Solana's Former Top Decentralized Crypto Exchange Faces SEC Securities Violations
[Summary]: Mango Markets, Solana's once-mighty decentralized crypto exchange that was gutted by convicted fraudster Avraham Eisenberg, is preparing to settle with the U.S. Securities and Exchange commission over...

[Headline]: Crypto's Bet on Election Betting Expands to Solana
[Summary]: Solana-based crypto trading platform Drift is adding prediction markets to its product lineup, placing a bet on Polymarket-style election betting, but with a few twists.

The BET service will allow tr...

From 2024-08-23 to 2024-08-30, SOL-USD's stock price decreased from 153.11 to 138.10. News during this period are listed below:

[Headline]: PayPal's Stablecoin Hits $1B Market Cap as Incentives Boost Activity on Solana
[Summary]: PayPal's PYUSD reached $1 billion in supply, per CoinMarketCap data.

The stablecoin benefited from its expansion to the bustling Solana ecosystem, with its supply on the network already surpassing th...



Based on all the information before 2024-08-30, let's first analyze the positive developments and potential concerns for SOL-USD. Come up with 2-4 most important factors respectively and keep them concise. Most factors should be inferred from cryptocurrencies related news. Then let's assume your prediction for next week (2024-08-30 to 2024-09-06) is down by more than 5%. Provide a summary analysis to support your prediction. The prediction result need to be inferred from your analysis at the end, and thus not appearing as a foundational factor of your analysis.","**[Positive Developments]:
1. **Institutional Interest**: The approval of a second Solana ETF in Brazil and the expansion of PayPal's stablecoin to the Solana ecosystem indicate growing institutional interest and support.
2. **Ecosystem Growth**: The addition of prediction markets on Solana and the surge in Solana-based memecoins highlight a thriving ecosystem and increasing activity.
3. **Market Performance**: Solana’s price increase and its leading role in the market rebound suggest strong market sentiment and investor interest.
4. **Technological Progress**: Early efforts in restaking on the Solana blockchain demonstrate technological advancements and innovation.

**[Potential Concerns]:
1. **Regulatory Challenges**: The SEC securities violations faced by Mango Markets and the regulatory scrutiny of the Solana ecosystem raise concerns about potential interventions.
2. **Market Correlation**: Solana’s price movements remain correlated with Bitcoin, posing a risk if Bitcoin experiences significant volatility.
3. **Investor Sentiment**: The broader market sell-off and the decline in major memecoins on other blockchains suggest potential shifts in investor sentiment.
4. **Ecosystem Vulnerabilities**: The fraud incident with Mango Markets highlights vulnerabilities within the Solana ecosystem that could affect investor confidence.

**[Prediction & Analysis]:
The institutional interest and ecosystem growth indicate a bullish outlook for Solana. However, regulatory challenges and market correlation with Bitcoin pose risks. The market performance and technological progress suggest a thriving ecosystem, but the vulnerabilities highlighted by the Mango Markets incident and the broader market sell-off could affect investor sentiment. Given the recent price decrease and the potential for continued regulatory scrutiny, the prediction for the next week is a decrease of more than 5%."
"[Cryptocurrency Introduction]: Solana (SOL) is a cryptocurrency launched in 2020. Solana has a current supply of 602,120,089.8045707 with 522,414,622.9373515 in circulation. The last known price of Solana is 153.49011699 USD and is up 1.26 over the last 24 hours. It is currently trading on 930 active market(s) with $2,659,112,403.89 traded over the last 24 hours. More information can be found at https://solana.com.. It has a market capilization of 79931613184.

From 2024-08-09 to 2024-08-16, SOL-USD's stock price decreased from 156.46 to 139.33. News during this period are listed below:

[Headline]: As Restaking Takes Shape on Solana, Ethereum's Renzo Jumps in With 'ezSOL'
[Summary]: Early efforts on the Solana blockchain to develop a framework for ""restaking"" – a way of securing new protocols and applications without having to spin up additional validator networks – appear to be ...

From 2024-08-16 to 2024-08-23, SOL-USD's stock price increased from 139.33 to 153.11. News during this period are listed below:

[Headline]: Second Solana ETF Approved in Brazil
[Summary]: The Brazilian Securities and Exchange Commission (CVM) has approved a second Solana exchange-traded fund (ETF), the agency disclosed in its central database.

According to the CVM database, the new So...

[Headline]: Solana's Former Top Decentralized Crypto Exchange Faces SEC Securities Violations
[Summary]: Mango Markets, Solana's once-mighty decentralized crypto exchange that was gutted by convicted fraudster Avraham Eisenberg, is preparing to settle with the U.S. Securities and Exchange commission over...

[Headline]: Crypto's Bet on Election Betting Expands to Solana
[Summary]: Solana-based crypto trading platform Drift is adding prediction markets to its product lineup, placing a bet on Polymarket-style election betting, but with a few twists.

The BET service will allow tr...

From 2024-08-23 to 2024-08-30, SOL-USD's stock price decreased from 153.11 to 138.10. News during this period are listed below:

[Headline]: PayPal's Stablecoin Hits $1B Market Cap as Incentives Boost Activity on Solana
[Summary]: PayPal's PYUSD reached $1 billion in supply, per CoinMarketCap data.

The stablecoin benefited from its expansion to the bustling Solana ecosystem, with its supply on the network already surpassing th...

From 2024-08-30 to 2024-09-06, SOL-USD's stock price decreased from 138.10 to 124.99. News during this period are listed below:

[Headline]: Solana's SOL Gets First Implied Volatility Index on Volmex
[Summary]: Volmex announces 14-day implied volatility index tied to SOL.

More indices to be debuted in months ahead, Volmex said.

Crypto derivatives protocol Volmex Finance unveiled a new implied volatility in...



Based on all the information before 2024-09-06, let's first analyze the positive developments and potential concerns for SOL-USD. Come up with 2-4 most important factors respectively and keep them concise. Most factors should be inferred from cryptocurrencies related news. Then let's assume your prediction for next week (2024-09-06 to 2024-09-13) is up by more than 5%. Provide a summary analysis to support your prediction. The prediction result need to be inferred from your analysis at the end, and thus not appearing as a foundational factor of your analysis.","**[Positive Developments]:
1. **Institutional Support**: The approval of a second Solana ETF in Brazil and the expansion of PayPal's stablecoin to the Solana ecosystem indicate growing institutional interest and support.
2. **Ecosystem Activity**: The addition of prediction markets on Solana and the surge in Solana-based memecoins highlight a thriving ecosystem and increasing activity.
3. **Market Resilience**: Solana’s ability to lead the market rebound and its price increases suggest strong market sentiment and investor interest.
4. **Technological Innovation**: The development of an implied volatility index for SOL and early efforts in restaking demonstrate technological progress and innovation.

**[Potential Concerns]:
1. **Regulatory Risks**: The SEC securities violations faced by Mango Markets and ongoing regulatory scrutiny raise concerns about potential interventions and market sentiment.
2. **Market Volatility**: The broader market sell-off and Bitcoin’s price movements pose risks to Solana’s price stability.
3. **Investor Sentiment**: The decline in major memecoins on other blockchains and the loss in futures bets suggest potential shifts in investor sentiment and increased risk aversion.
4. **Ecosystem Vulnerabilities**: The fraud incident with Mango Markets highlights vulnerabilities within the Solana ecosystem that could affect investor confidence.

**[Prediction & Analysis]:
The institutional support and ecosystem activity indicate a bullish outlook for Solana. However, regulatory risks and market volatility pose concerns. The market resilience and technological innovation suggest a thriving ecosystem, but the vulnerabilities highlighted by the Mango Markets incident and the broader market sell-off could affect investor sentiment. Given the recent price decreases and the potential for continued volatility, the prediction for the next week is an increase of more than 5%, driven by the positive developments and the potential for a rebound in investor sentiment."
"[Cryptocurrency Introduction]: Solana (SOL) is a cryptocurrency launched in 2020. Solana has a current supply of 602,120,089.8045707 with 522,414,622.9373515 in circulation. The last known price of Solana is 153.49011699 USD and is up 1.26 over the last 24 hours. It is currently trading on 930 active market(s) with $2,659,112,403.89 traded over the last 24 hours. More information can be found at https://solana.com.. It has a market capilization of 79931613184.

From 2024-08-30 to 2024-09-06, SOL-USD's stock price decreased from 138.10 to 124.99. News during this period are listed below:

[Headline]: Solana's SOL Gets First Implied Volatility Index on Volmex
[Summary]: Volmex announces 14-day implied volatility index tied to SOL.

More indices to be debuted in months ahead, Volmex said.

Crypto derivatives protocol Volmex Finance unveiled a new implied volatility in...

From 2024-09-06 to 2024-09-13, SOL-USD's stock price increased from 124.99 to 139.10. News during this period are listed below:

[Headline]: Tokenized RWA Platform Huma Finance Gets $38M Investment, Plans Expansion to Solana and Stellar’s Soroban
[Summary]: The fundraising round consisted of $10 million equity investment and $28 million of investments in real-world assets on Huma's platform.

Investors included Distributed Global with significant partici...

[Headline]: Sonic SVM, Gaming Project on Solana Blockchain, Plans $12.8M Node Sale
[Summary]: Sonic SVM has built its own framework, HyperGrid, which can be used to spin up new networks called ""grids"" that ultimately settle to the Solana blockchain.

The sale is scheduled for the week of Sept....



Based on all the information before 2024-09-13, let's first analyze the positive developments and potential concerns for SOL-USD. Come up with 2-4 most important factors respectively and keep them concise. Most factors should be inferred from cryptocurrencies related news. Then let's assume your prediction for next week (2024-09-13 to 2024-09-20) is up by more than 5%. Provide a summary analysis to support your prediction. The prediction result need to be inferred from your analysis at the end, and thus not appearing as a foundational factor of your analysis.","**[Positive Developments]:
1. **Expansion of Tokenized RWA Platform**: Huma Finance's $38M investment and planned expansion to Solana indicates growing interest and confidence in the Solana ecosystem.
2. **Gaming Project Advancements**: Sonic SVM's $12.8M node sale highlights the growth of gaming projects on the Solana blockchain, attracting more users and investments.

**[Potential Concerns]:
1. **Market Volatility**: The introduction of SOL's first implied volatility index by Volmex could indicate increased market volatility, which might deter some investors.
2. **Price Fluctuations**: The recent price decrease from $138.10 to $124.99 suggests market uncertainty and potential downward pressure.

**[Prediction & Analysis]:
The expansion of tokenized RWA platforms and gaming projects on Solana indicates a robust and growing ecosystem, which is likely to attract more investments and users. Despite the implied volatility index and recent price fluctuations, the positive developments suggest a bullish trend. Therefore, we predict that SOL-USD will increase by more than 5% in the upcoming week (2024-09-13 to 2024-09-20).**"
"[Cryptocurrency Introduction]: Solana (SOL) is a cryptocurrency launched in 2020. Solana has a current supply of 602,120,089.8045707 with 522,414,622.9373515 in circulation. The last known price of Solana is 153.49011699 USD and is up 1.26 over the last 24 hours. It is currently trading on 930 active market(s) with $2,659,112,403.89 traded over the last 24 hours. More information can be found at https://solana.com.. It has a market capilization of 79931613184.

From 2024-08-23 to 2024-08-30, SOL-USD's stock price decreased from 153.11 to 138.10. News during this period are listed below:

[Headline]: PayPal's Stablecoin Hits $1B Market Cap as Incentives Boost Activity on Solana
[Summary]: PayPal's PYUSD reached $1 billion in supply, per CoinMarketCap data.

The stablecoin benefited from its expansion to the bustling Solana ecosystem, with its supply on the network already surpassing th...

From 2024-08-30 to 2024-09-06, SOL-USD's stock price decreased from 138.10 to 124.99. News during this period are listed below:

[Headline]: Solana's SOL Gets First Implied Volatility Index on Volmex
[Summary]: Volmex announces 14-day implied volatility index tied to SOL.

More indices to be debuted in months ahead, Volmex said.

Crypto derivatives protocol Volmex Finance unveiled a new implied volatility in...

From 2024-09-06 to 2024-09-13, SOL-USD's stock price increased from 124.99 to 139.10. News during this period are listed below:

[Headline]: Tokenized RWA Platform Huma Finance Gets $38M Investment, Plans Expansion to Solana and Stellar’s Soroban
[Summary]: The fundraising round consisted of $10 million equity investment and $28 million of investments in real-world assets on Huma's platform.

Investors included Distributed Global with significant partici...

[Headline]: Sonic SVM, Gaming Project on Solana Blockchain, Plans $12.8M Node Sale
[Summary]: Sonic SVM has built its own framework, HyperGrid, which can be used to spin up new networks called ""grids"" that ultimately settle to the Solana blockchain.

The sale is scheduled for the week of Sept....

From 2024-09-13 to 2024-09-20, SOL-USD's stock price increased from 139.10 to 146.57. News during this period are listed below:

[Headline]: Solana-Based Drift Raises $25M to Build 'SuperApp' for DeFi Trading 
[Summary]: Drift raised $25 million in a Series B funding round led by Multicoin Capital.

The decentralized finance platform plans to build an array of financial services tools, including spot and derivatives t...

[Headline]: Solana Unveils Details of Second Crypto Phone 'Seeker'
[Summary]: SINGAPORE –– Solana Labs's phone designing subsidiary is slated to ship its second crypto phone in 2025, Solana Mobile announced at the Token 2049 conference on Thursday.

Called Seeker, the upcoming ...

[Headline]: Borderless Capital Introduces $100M DePIN Fund Backed by Peaq, Solana Foundation
[Summary]: Borderless Capital has unveiled its third DePIN fund with $100 million in backing.

The fund counts DePIN-focused blockchain Peaq amongst its investors, as well as the Solana Foundation, Jump Crypto a...



Based on all the information before 2024-09-20, let's first analyze the positive developments and potential concerns for SOL-USD. Come up with 2-4 most important factors respectively and keep them concise. Most factors should be inferred from cryptocurrencies related news. Then let's assume your prediction for next week (2024-09-20 to 2024-09-27) is up by more than 5%. Provide a summary analysis to support your prediction. The prediction result need to be inferred from your analysis at the end, and thus not appearing as a foundational factor of your analysis.","**[Positive Developments]:
1. **Stablecoin Expansion**: PayPal's PYUSD reaching $1 billion in supply and expanding to Solana showcases the network's growing adoption and utility.
2. **Funding and Investments**: Huma Finance's $38M investment and Drift's $25M funding round indicate significant financial backing and confidence in Solana-based projects.

**[Potential Concerns]:
1. **Price Decline**: The consecutive weekly price decreases from $153.11 to $138.10 and then to $124.99 suggest a bearish trend that could continue.
2. **Market Volatility**: The introduction of SOL's first implied volatility index by Volmex could indicate increased market volatility, posing risks for investors.

**[Prediction & Analysis]:
The expansion of stablecoins and substantial investments in Solana-based projects demonstrate the ecosystem's strength and potential. Despite the recent price declines and market volatility, these positive developments suggest a bullish trend. Therefore, we predict that SOL-USD will increase by more than 5% in the upcoming week (2024-09-20 to 2024-09-27).**"
"[Cryptocurrency Introduction]: Solana (SOL) is a cryptocurrency launched in 2020. Solana has a current supply of 602,120,089.8045707 with 522,414,622.9373515 in circulation. The last known price of Solana is 153.49011699 USD and is up 1.26 over the last 24 hours. It is currently trading on 930 active market(s) with $2,659,112,403.89 traded over the last 24 hours. More information can be found at https://solana.com.. It has a market capilization of 79931613184.

From 2024-09-06 to 2024-09-13, SOL-USD's stock price increased from 124.99 to 139.10. News during this period are listed below:

[Headline]: Tokenized RWA Platform Huma Finance Gets $38M Investment, Plans Expansion to Solana and Stellar’s Soroban
[Summary]: The fundraising round consisted of $10 million equity investment and $28 million of investments in real-world assets on Huma's platform.

Investors included Distributed Global with significant partici...

[Headline]: Sonic SVM, Gaming Project on Solana Blockchain, Plans $12.8M Node Sale
[Summary]: Sonic SVM has built its own framework, HyperGrid, which can be used to spin up new networks called ""grids"" that ultimately settle to the Solana blockchain.

The sale is scheduled for the week of Sept....

From 2024-09-13 to 2024-09-20, SOL-USD's stock price increased from 139.10 to 146.57. News during this period are listed below:

[Headline]: Solana-Based Drift Raises $25M to Build 'SuperApp' for DeFi Trading 
[Summary]: Drift raised $25 million in a Series B funding round led by Multicoin Capital.

The decentralized finance platform plans to build an array of financial services tools, including spot and derivatives t...

[Headline]: Solana Unveils Details of Second Crypto Phone 'Seeker'
[Summary]: SINGAPORE –– Solana Labs's phone designing subsidiary is slated to ship its second crypto phone in 2025, Solana Mobile announced at the Token 2049 conference on Thursday.

Called Seeker, the upcoming ...

[Headline]: Borderless Capital Introduces $100M DePIN Fund Backed by Peaq, Solana Foundation
[Summary]: Borderless Capital has unveiled its third DePIN fund with $100 million in backing.

The fund counts DePIN-focused blockchain Peaq amongst its investors, as well as the Solana Foundation, Jump Crypto a...

From 2024-09-20 to 2024-09-27, SOL-USD's stock price increased from 146.57 to 157.75. News during this period are listed below:

[Headline]: Jump's 'Frankendancer' Validator Client Is Live on Solana Mainnet
[Summary]: Frankendancer, a validator client for the Solana blockchain that adds contributions from Jump Crypto to existing software, is up and running.

The fully new client, Firedancer, is running on testnet, ...

[Headline]: SocGen's Crypto Unit Takes Euro Stablecoin to Solana After Flopping on Ethereum
[Summary]: SINGAPORE – SG Forge, a subsidiary of Societe Generale, will roll out euro stablecoin EUR CoinVertible (EURCV) on the Solana blockchain, the French financial services firm said Friday.

SG Forge launc...



Based on all the information before 2024-09-27, let's first analyze the positive developments and potential concerns for SOL-USD. Come up with 2-4 most important factors respectively and keep them concise. Most factors should be inferred from cryptocurrencies related news. Then let's assume your prediction for next week (2024-09-27 to 2024-10-04) is down by more than 5%. Provide a summary analysis to support your prediction. The prediction result need to be inferred from your analysis at the end, and thus not appearing as a foundational factor of your analysis.","**[Positive Developments]:
1. **DeFi Growth**: Drift's $25M funding round to build a 'SuperApp' for DeFi trading on Solana highlights the network's growing DeFi ecosystem.
2. **Technological Advancements**: The launch of Frankendancer validator client and the upcoming Firedancer client on testnet showcase Solana's continuous technological improvements.

**[Potential Concerns]:
1. **Price Increase**: The consecutive weekly price increases from $124.99 to $139.10 and then to $146.57 may indicate a potential market correction in the near future.
2. **Dependence on External Factors**: The introduction of EURCV stablecoin on Solana following its flop on Ethereum suggests that Solana's success may be dependent on external factors, such as the performance of other blockchains.

**[Prediction & Analysis]:
The growth of the DeFi ecosystem and technological advancements on Solana indicate a strong and innovative network. However, the recent consecutive price increases and dependence on external factors may lead to a market correction. Therefore, we predict that SOL-USD will decrease by more than 5% in the upcoming week (2024-09-27 to 2024-10-04).**"
"[Cryptocurrency Introduction]: Solana (SOL) is a cryptocurrency launched in 2020. Solana has a current supply of 602,120,089.8045707 with 522,414,622.9373515 in circulation. The last known price of Solana is 153.49011699 USD and is up 1.26 over the last 24 hours. It is currently trading on 930 active market(s) with $2,659,112,403.89 traded over the last 24 hours. More information can be found at https://solana.com.. It has a market capilization of 79931613184.

From 2024-09-20 to 2024-09-27, SOL-USD's stock price increased from 146.57 to 157.75. News during this period are listed below:

[Headline]: Jump's 'Frankendancer' Validator Client Is Live on Solana Mainnet
[Summary]: Frankendancer, a validator client for the Solana blockchain that adds contributions from Jump Crypto to existing software, is up and running.

The fully new client, Firedancer, is running on testnet, ...

[Headline]: SocGen's Crypto Unit Takes Euro Stablecoin to Solana After Flopping on Ethereum
[Summary]: SINGAPORE – SG Forge, a subsidiary of Societe Generale, will roll out euro stablecoin EUR CoinVertible (EURCV) on the Solana blockchain, the French financial services firm said Friday.

SG Forge launc...

From 2024-09-27 to 2024-10-04, SOL-USD's stock price decreased from 157.75 to 143.17. News during this period are listed below:

[Headline]: Jump's 'Frankendancer' Validator Client Is Live on Solana Mainnet
[Summary]: Frankendancer, a validator client for the Solana blockchain that adds contributions from Jump Crypto to existing software, is up and running.

The fully new client, Firedancer, is running on testnet, ...

[Headline]: SocGen's Crypto Unit Takes Euro Stablecoin to Solana After Flopping on Ethereum
[Summary]: SINGAPORE – SG Forge, a subsidiary of Societe Generale, will roll out euro stablecoin EUR CoinVertible (EURCV) on the Solana blockchain, the French financial services firm said Friday.

SG Forge launc...

[Headline]: Solana-Based Drift Raises $25M to Build 'SuperApp' for DeFi Trading 
[Summary]: Drift raised $25 million in a Series B funding round led by Multicoin Capital.

The decentralized finance platform plans to build an array of financial services tools, including spot and derivatives t...

[Headline]: Solana Unveils Details of Second Crypto Phone 'Seeker'
[Summary]: SINGAPORE –– Solana Labs's phone designing subsidiary is slated to ship its second crypto phone in 2025, Solana Mobile announced at the Token 2049 conference on Thursday.

Called Seeker, the upcoming ...

[Headline]: Borderless Capital Introduces $100M DePIN Fund Backed by Peaq, Solana Foundation
[Summary]: Borderless Capital has unveiled its third DePIN fund with $100 million in backing.

The fund counts DePIN-focused blockchain Peaq amongst its investors, as well as the Solana Foundation, Jump Crypto a...



Based on all the information before 2024-10-04, let's first analyze the positive developments and potential concerns for SOL-USD. Come up with 2-4 most important factors respectively and keep them concise. Most factors should be inferred from cryptocurrencies related news. Then let's assume your prediction for next week (2024-10-04 to 2024-10-11) is up by 1-2%. Provide a summary analysis to support your prediction. The prediction result need to be inferred from your analysis at the end, and thus not appearing as a foundational factor of your analysis.","**[Positive Developments]:
1. **Institutional Adoption**: SG Forge's rollout of EURCV stablecoin on Solana indicates growing institutional adoption and confidence in the network.
2. **Funding and Investments**: Borderless Capital's $100M DePIN fund and Drift's $25M funding round demonstrate significant financial backing for Solana-based projects.

**[Potential Concerns]:
1. **Price Decline**: The price decrease from $157.75 to $143.17 indicates a bearish trend that could continue.
2. **Potential Market Saturation**: The numerous positive developments in recent weeks may lead to market saturation, potentially limiting further price increases.

**[Prediction & Analysis]:
Institutional adoption and significant investments in Solana-based projects showcase the network's long-term potential. However, the recent price decline and potential market saturation may limit short-term gains. Therefore, we predict that SOL-USD will increase by 1-2% in the upcoming week (2024-10-04 to 2024-10-11).**"
"[Cryptocurrency Introduction]: Solana (SOL) is a cryptocurrency launched in 2020. Solana has a current supply of 602,120,089.8045707 with 522,414,622.9373515 in circulation. The last known price of Solana is 153.49011699 USD and is up 1.26 over the last 24 hours. It is currently trading on 930 active market(s) with $2,659,112,403.89 traded over the last 24 hours. More information can be found at https://solana.com.. It has a market capilization of 79931613184.

From 2024-09-27 to 2024-10-04, SOL-USD's stock price decreased from 157.75 to 143.17. News during this period are listed below:

[Headline]: Jump's 'Frankendancer' Validator Client Is Live on Solana Mainnet
[Summary]: Frankendancer, a validator client for the Solana blockchain that adds contributions from Jump Crypto to existing software, is up and running.

The fully new client, Firedancer, is running on testnet, ...

[Headline]: SocGen's Crypto Unit Takes Euro Stablecoin to Solana After Flopping on Ethereum
[Summary]: SINGAPORE – SG Forge, a subsidiary of Societe Generale, will roll out euro stablecoin EUR CoinVertible (EURCV) on the Solana blockchain, the French financial services firm said Friday.

SG Forge launc...

[Headline]: Solana-Based Drift Raises $25M to Build 'SuperApp' for DeFi Trading 
[Summary]: Drift raised $25 million in a Series B funding round led by Multicoin Capital.

The decentralized finance platform plans to build an array of financial services tools, including spot and derivatives t...

[Headline]: Solana Unveils Details of Second Crypto Phone 'Seeker'
[Summary]: SINGAPORE –– Solana Labs's phone designing subsidiary is slated to ship its second crypto phone in 2025, Solana Mobile announced at the Token 2049 conference on Thursday.

Called Seeker, the upcoming ...

[Headline]: Borderless Capital Introduces $100M DePIN Fund Backed by Peaq, Solana Foundation
[Summary]: Borderless Capital has unveiled its third DePIN fund with $100 million in backing.

The fund counts DePIN-focused blockchain Peaq amongst its investors, as well as the Solana Foundation, Jump Crypto a...

From 2024-10-04 to 2024-10-11, SOL-USD's stock price increased from 143.17 to 145.38. News during this period are listed below:

[Headline]: Solana Is 'Richly Valued' Versus Ether, but Could Still Outperform If Trump Gets Elected: Standard Chartered
[Summary]: Solana {{SOL}} looks overvalued compared to Ethereum {{ETH}} based on several metrics, but each token's relative performance to each other and bitcoin {{BTC}} depends heavily on who will be the next p...

[Headline]: Binance, FalconX and the Curious Case of 1.35M Missing Solana Tokens
[Summary]: CORRECTION (Oct. 8, 2024, 18:42 UTC): An earlier version of this story asserted that FalconX lost track of who the 1.35 million solana tokens belonged to. FalconX said it never knew who sent the SOL, ...



Based on all the information before 2024-10-11, let's first analyze the positive developments and potential concerns for SOL-USD. Come up with 2-4 most important factors respectively and keep them concise. Most factors should be inferred from cryptocurrencies related news. Then let's assume your prediction for next week (2024-10-11 to 2024-10-18) is up by more than 5%. Provide a summary analysis to support your prediction. The prediction result need to be inferred from your analysis at the end, and thus not appearing as a foundational factor of your analysis.","**[Positive Developments]:
1. **Political Influence**: Standard Chartered's analysis suggests that Solana could outperform Ethereum if a favorable political environment emerges, highlighting the network's potential for growth.
2. **Market Resilience**: The minor price increase from $143.17 to $145.38, despite potential concerns, demonstrates Solana's market resilience.

**[Potential Concerns]:
1. **Potential Mismanagement**: The incident involving Binance, FalconX, and the missing 1.35M SOL tokens raises concerns about potential mismanagement and security risks within the Solana ecosystem.
2. **Relative Valuation**: Standard Chartered's analysis suggesting that Solana is 'richly valued' compared to Ethereum may indicate a potential market correction.

**[Prediction & Analysis]:
The potential for growth under a favorable political environment and Solana's market resilience indicate a strong network. However, concerns about potential mismanagement and relative valuation may lead to a market correction. Despite these concerns, the positive developments suggest a bullish trend. Therefore, we predict that SOL-USD will increase by more than 5% in the upcoming week (2024-10-11 to 2024-10-18).**"
"[Cryptocurrency Introduction]: Solana (SOL) is a cryptocurrency launched in 2020. Solana has a current supply of 602,120,089.8045707 with 522,414,622.9373515 in circulation. The last known price of Solana is 153.49011699 USD and is up 1.26 over the last 24 hours. It is currently trading on 930 active market(s) with $2,659,112,403.89 traded over the last 24 hours. More information can be found at https://solana.com.. It has a market capilization of 79931613184.

From 2024-09-20 to 2024-09-27, SOL-USD's stock price increased from 146.57 to 157.75. News during this period are listed below:

[Headline]: Jump's 'Frankendancer' Validator Client Is Live on Solana Mainnet
[Summary]: Frankendancer, a validator client for the Solana blockchain that adds contributions from Jump Crypto to existing software, is up and running.

The fully new client, Firedancer, is running on testnet, ...

[Headline]: SocGen's Crypto Unit Takes Euro Stablecoin to Solana After Flopping on Ethereum
[Summary]: SINGAPORE – SG Forge, a subsidiary of Societe Generale, will roll out euro stablecoin EUR CoinVertible (EURCV) on the Solana blockchain, the French financial services firm said Friday.

SG Forge launc...

From 2024-09-27 to 2024-10-04, SOL-USD's stock price decreased from 157.75 to 143.17. News during this period are listed below:

[Headline]: Jump's 'Frankendancer' Validator Client Is Live on Solana Mainnet
[Summary]: Frankendancer, a validator client for the Solana blockchain that adds contributions from Jump Crypto to existing software, is up and running.

The fully new client, Firedancer, is running on testnet, ...

[Headline]: SocGen's Crypto Unit Takes Euro Stablecoin to Solana After Flopping on Ethereum
[Summary]: SINGAPORE – SG Forge, a subsidiary of Societe Generale, will roll out euro stablecoin EUR CoinVertible (EURCV) on the Solana blockchain, the French financial services firm said Friday.

SG Forge launc...

[Headline]: Solana-Based Drift Raises $25M to Build 'SuperApp' for DeFi Trading 
[Summary]: Drift raised $25 million in a Series B funding round led by Multicoin Capital.

The decentralized finance platform plans to build an array of financial services tools, including spot and derivatives t...

[Headline]: Solana Unveils Details of Second Crypto Phone 'Seeker'
[Summary]: SINGAPORE –– Solana Labs's phone designing subsidiary is slated to ship its second crypto phone in 2025, Solana Mobile announced at the Token 2049 conference on Thursday.

Called Seeker, the upcoming ...

[Headline]: Borderless Capital Introduces $100M DePIN Fund Backed by Peaq, Solana Foundation
[Summary]: Borderless Capital has unveiled its third DePIN fund with $100 million in backing.

The fund counts DePIN-focused blockchain Peaq amongst its investors, as well as the Solana Foundation, Jump Crypto a...

From 2024-10-04 to 2024-10-11, SOL-USD's stock price increased from 143.17 to 145.38. News during this period are listed below:

[Headline]: Solana Is 'Richly Valued' Versus Ether, but Could Still Outperform If Trump Gets Elected: Standard Chartered
[Summary]: Solana {{SOL}} looks overvalued compared to Ethereum {{ETH}} based on several metrics, but each token's relative performance to each other and bitcoin {{BTC}} depends heavily on who will be the next p...

[Headline]: Binance, FalconX and the Curious Case of 1.35M Missing Solana Tokens
[Summary]: CORRECTION (Oct. 8, 2024, 18:42 UTC): An earlier version of this story asserted that FalconX lost track of who the 1.35 million solana tokens belonged to. FalconX said it never knew who sent the SOL, ...

From 2024-10-11 to 2024-10-18, SOL-USD's stock price increased from 145.38 to 154.98. News during this period are listed below:

[Headline]: Solana Is 'Richly Valued' Versus Ether, but Could Still Outperform If Trump Gets Elected: Standard Chartered
[Summary]: Solana {{SOL}} looks overvalued compared to Ethereum {{ETH}} based on several metrics, but each token's relative performance to each other and bitcoin {{BTC}} depends heavily on who will be the next p...

[Headline]: Binance, FalconX and the Curious Case of 1.35M Missing Solana Tokens
[Summary]: CORRECTION (Oct. 8, 2024, 18:42 UTC): An earlier version of this story asserted that FalconX lost track of who the 1.35 million solana tokens belonged to. FalconX said it never knew who sent the SOL, ...

[Headline]: Jump's 'Frankendancer' Validator Client Is Live on Solana Mainnet
[Summary]: Frankendancer, a validator client for the Solana blockchain that adds contributions from Jump Crypto to existing software, is up and running.

The fully new client, Firedancer, is running on testnet, ...

[Headline]: SocGen's Crypto Unit Takes Euro Stablecoin to Solana After Flopping on Ethereum
[Summary]: SINGAPORE – SG Forge, a subsidiary of Societe Generale, will roll out euro stablecoin EUR CoinVertible (EURCV) on the Solana blockchain, the French financial services firm said Friday.

SG Forge launc...

[Headline]: Solana-Based Drift Raises $25M to Build 'SuperApp' for DeFi Trading 
[Summary]: Drift raised $25 million in a Series B funding round led by Multicoin Capital.

The decentralized finance platform plans to build an array of financial services tools, including spot and derivatives t...



Based on all the information before 2024-10-18, let's first analyze the positive developments and potential concerns for SOL-USD. Come up with 2-4 most important factors respectively and keep them concise. Most factors should be inferred from cryptocurrencies related news. Then let's assume your prediction for next week (2024-10-18 to 2024-10-25) is up by more than 5%. Provide a summary analysis to support your prediction. The prediction result need to be inferred from your analysis at the end, and thus not appearing as a foundational factor of your analysis.","**[Positive Developments]:**
1. **Infrastructure Improvements**: The launch of Frankendancer and the upcoming Firedancer client on the Solana mainnet and testnet, respectively, indicate significant infrastructure improvements, which could enhance the network's performance and attract more developers.
2. **Institutional Adoption**: Societe Generale's crypto unit is rolling out a euro stablecoin on Solana, signaling growing institutional interest and adoption.
3. **Funding and Ecosystem Growth**: Drift raised $25 million to build a 'SuperApp' for DeFi trading, and Borderless Capital introduced a $100M DePIN fund backed by the Solana Foundation, indicating a thriving ecosystem with substantial investment.
4. **Technological Innovations**: Solana's announcement of its second crypto phone, 'Seeker', demonstrates the project's commitment to technological innovation and expanding its ecosystem.

**[Potential Concerns]:**
1. **Valuation Concerns**: Standard Chartered's analysis suggests that Solana looks overvalued compared to Ethereum based on several metrics, which could lead to a price correction.
2. **Token Incidents**: The incident involving 1.35 million missing Solana tokens, even if resolved, raises concerns about the security and management of SOL tokens.
3. **Market Volatility**: The cryptocurrency market's overall volatility could impact Solana's price, as seen in the fluctuations between September 27 and October 4.

**[Prediction & Analysis]:**
Solana's price has shown resilience and growth potential, with significant developments such as infrastructure improvements, institutional adoption, and ecosystem growth. The launch of new clients like Frankendancer and the introduction of stablecoins on the Solana blockchain are positive indicators. Additionally, the substantial investments in the ecosystem, such as the $100M DePIN fund and Drift's $25M funding round, suggest strong support and potential for growth.

However, concerns about valuation and token incidents could introduce volatility. Despite these concerns, the positive developments and strong ecosystem support indicate a bullish trend. Therefore, it is reasonable to predict that Solana's price could increase by more than 5% in the upcoming week, driven by continued institutional adoption and ecosystem growth."
"[Cryptocurrency Introduction]: Solana (SOL) is a cryptocurrency launched in 2020. Solana has a current supply of 602,120,089.8045707 with 522,414,622.9373515 in circulation. The last known price of Solana is 153.49011699 USD and is up 1.26 over the last 24 hours. It is currently trading on 930 active market(s) with $2,659,112,403.89 traded over the last 24 hours. More information can be found at https://solana.com.. It has a market capilization of 79931613184.

From 2024-10-04 to 2024-10-11, SOL-USD's stock price increased from 143.17 to 145.38. News during this period are listed below:

[Headline]: Solana Is 'Richly Valued' Versus Ether, but Could Still Outperform If Trump Gets Elected: Standard Chartered
[Summary]: Solana {{SOL}} looks overvalued compared to Ethereum {{ETH}} based on several metrics, but each token's relative performance to each other and bitcoin {{BTC}} depends heavily on who will be the next p...

[Headline]: Binance, FalconX and the Curious Case of 1.35M Missing Solana Tokens
[Summary]: CORRECTION (Oct. 8, 2024, 18:42 UTC): An earlier version of this story asserted that FalconX lost track of who the 1.35 million solana tokens belonged to. FalconX said it never knew who sent the SOL, ...

From 2024-10-11 to 2024-10-18, SOL-USD's stock price increased from 145.38 to 154.98. News during this period are listed below:

[Headline]: Solana Is 'Richly Valued' Versus Ether, but Could Still Outperform If Trump Gets Elected: Standard Chartered
[Summary]: Solana {{SOL}} looks overvalued compared to Ethereum {{ETH}} based on several metrics, but each token's relative performance to each other and bitcoin {{BTC}} depends heavily on who will be the next p...

[Headline]: Binance, FalconX and the Curious Case of 1.35M Missing Solana Tokens
[Summary]: CORRECTION (Oct. 8, 2024, 18:42 UTC): An earlier version of this story asserted that FalconX lost track of who the 1.35 million solana tokens belonged to. FalconX said it never knew who sent the SOL, ...

[Headline]: Jump's 'Frankendancer' Validator Client Is Live on Solana Mainnet
[Summary]: Frankendancer, a validator client for the Solana blockchain that adds contributions from Jump Crypto to existing software, is up and running.

The fully new client, Firedancer, is running on testnet, ...

[Headline]: SocGen's Crypto Unit Takes Euro Stablecoin to Solana After Flopping on Ethereum
[Summary]: SINGAPORE – SG Forge, a subsidiary of Societe Generale, will roll out euro stablecoin EUR CoinVertible (EURCV) on the Solana blockchain, the French financial services firm said Friday.

SG Forge launc...

[Headline]: Solana-Based Drift Raises $25M to Build 'SuperApp' for DeFi Trading 
[Summary]: Drift raised $25 million in a Series B funding round led by Multicoin Capital.

The decentralized finance platform plans to build an array of financial services tools, including spot and derivatives t...

From 2024-10-18 to 2024-10-25, SOL-USD's stock price increased from 154.98 to 164.76. News during this period are listed below:

[Headline]: Bitcoin Climbs 3% to Retake $68K With Solana Outperforming, Ether Showing Relative Weakness
[Summary]: Cryptocurrencies rallied after three days of modest downward action, with the CoinDesk 20 bouncing 2.7% in the last 24 hours.

Solana's market cap dominance is approaching all-time highs at 3.70%.

Cr...

[Headline]: Solana Looks Overbought Against Ethereum; Bitcoin-Gold Ratio Stuck in a Downtrend
[Summary]: SOL/ETH trading on Binance looks overbought, as per the RSI.

BTC/Gold ratio has turned lower from a downtrend resistance.

The solana-ether (SOL/ETH) spot pair trading on Binance has surged over 15% ...

[Headline]: Solana Hits Record vs. Ether, Outperforms Bitcoin as AI Memecoin Frenzy and Surging Revenues Fuel Rally
[Summary]: Solana's SOL has outperformed ether (ETH) and bitcoin (BTC) as blockchain activity is booming on the network.

The latest memecoin trend of artificial intelligence agents promoting and investing in to...

[Headline]: Solana's Crypto-Governance Hub Realms Is Under New Management
[Summary]: Realms has been in the business of crypto-governance for nearly as long the blockchain it's built on – Solana {{SOL}} – has been around. Its new leaders want to start turning a profit.

The hub for cr...

[Headline]: Solana Token Issuer Pump.Fun Rakes in Big Bucks With 1M SOL in Lifetime Fees 
[Summary]: Solana token issuer Pump.Fun is nearing 1 million SOL token in lifetime fees, with over 2.5 million tokens launched using the service since its early March release.

Over 5,550 addresses issued 7,500 ...



Based on all the information before 2024-10-25, let's first analyze the positive developments and potential concerns for SOL-USD. Come up with 2-4 most important factors respectively and keep them concise. Most factors should be inferred from cryptocurrencies related news. Then let's assume your prediction for next week (2024-10-25 to 2024-11-01) is up by 0-1%. Provide a summary analysis to support your prediction. The prediction result need to be inferred from your analysis at the end, and thus not appearing as a foundational factor of your analysis.","**[Positive Developments]:**
1. **Market Dominance**: Solana's market cap dominance is approaching all-time highs, indicating strong market position and investor confidence.
2. **Institutional Interest**: The introduction of a euro stablecoin on Solana by Societe Generale's crypto unit signals growing institutional interest and adoption.
3. **Ecosystem Growth**: The raise of $25 million by Solana-based Drift to build a 'SuperApp' for DeFi trading shows a thriving ecosystem with substantial investment.

**[Potential Concerns]:**
1. **Overbought Conditions**: The SOL/ETH trading pair on Binance looks overbought, as per the RSI, which could indicate a potential correction.
2. **Valuation Concerns**: Standard Chartered's analysis suggests that Solana looks overvalued compared to Ethereum, which could lead to a price adjustment.
3. **Market Volatility**: The cryptocurrency market's overall volatility and external factors, such as the upcoming FOMC meeting, could impact Solana's price.

**[Prediction & Analysis]:**
Solana's price has shown stability and growth potential, with positive developments such as increasing market dominance, institutional interest, and ecosystem growth. The introduction of a euro stablecoin and the substantial investment in Drift indicate strong support and potential for further adoption.

However, concerns about overbought conditions and valuation could introduce volatility. Given the mixed signals, with positive developments balanced by potential concerns, it is reasonable to predict a modest price increase of 0-1% for Solana in the upcoming week. This prediction considers the strong ecosystem support and institutional interest, while also accounting for potential market corrections and external factors."
"[Cryptocurrency Introduction]: Solana (SOL) is a cryptocurrency launched in 2020. Solana has a current supply of 602,120,089.8045707 with 522,414,622.9373515 in circulation. The last known price of Solana is 153.49011699 USD and is up 1.26 over the last 24 hours. It is currently trading on 930 active market(s) with $2,659,112,403.89 traded over the last 24 hours. More information can be found at https://solana.com.. It has a market capilization of 79931613184.

From 2024-10-18 to 2024-10-25, SOL-USD's stock price increased from 154.98 to 164.76. News during this period are listed below:

[Headline]: Bitcoin Climbs 3% to Retake $68K With Solana Outperforming, Ether Showing Relative Weakness
[Summary]: Cryptocurrencies rallied after three days of modest downward action, with the CoinDesk 20 bouncing 2.7% in the last 24 hours.

Solana's market cap dominance is approaching all-time highs at 3.70%.

Cr...

[Headline]: Solana Looks Overbought Against Ethereum; Bitcoin-Gold Ratio Stuck in a Downtrend
[Summary]: SOL/ETH trading on Binance looks overbought, as per the RSI.

BTC/Gold ratio has turned lower from a downtrend resistance.

The solana-ether (SOL/ETH) spot pair trading on Binance has surged over 15% ...

[Headline]: Bitcoin Trader Warns of Correction as BTC Dominance Reaches 2021 Levels; Solana Leads Market Gains
[Summary]: While bitcoin and other major cryptocurrencies showed minimal movement, Solana's SOL token surged by 5% to $173, leading the market gains with a 14% increase over the week.

Bitcoin's market dominance...

[Headline]: Solana's Crypto-Governance Hub Realms Is Under New Management
[Summary]: Realms has been in the business of crypto-governance for nearly as long the blockchain it's built on – Solana {{SOL}} – has been around. Its new leaders want to start turning a profit.

The hub for cr...

[Headline]: Solana Token Issuer Pump.Fun Rakes in Big Bucks With 1M SOL in Lifetime Fees 
[Summary]: Solana token issuer Pump.Fun is nearing 1 million SOL token in lifetime fees, with over 2.5 million tokens launched using the service since its early March release.

Over 5,550 addresses issued 7,500 ...

From 2024-10-25 to 2024-11-01, SOL-USD's stock price increased from 164.76 to 166.26. News during this period are listed below:

[Headline]: Solana-Based RWA Platform AgriDex Taps Stripe's Bridge to Lower Cost for Agricultural Trade Settlements
[Summary]: AgriDex, a Solana-based {{SOL}} real-world asset (RWA) marketplace that aims to bring agricultural goods to blockchain rails, has tapped stablecoin platform Bridge to make transactions cheaper and fas...



Based on all the information before 2024-11-01, let's first analyze the positive developments and potential concerns for SOL-USD. Come up with 2-4 most important factors respectively and keep them concise. Most factors should be inferred from cryptocurrencies related news. Then let's assume your prediction for next week (2024-11-01 to 2024-11-08) is up by more than 5%. Provide a summary analysis to support your prediction. The prediction result need to be inferred from your analysis at the end, and thus not appearing as a foundational factor of your analysis.","[Positive Developments]:
1. **Market Dominance**: Solana's market cap dominance is approaching all-time highs, indicating a strong market position and investor confidence.
2. **Real-World Asset Integration**: AgriDex tapping Stripe's Bridge to lower costs for agricultural trade settlements on Solana shows real-world use cases and adoption.

[Potential Concerns]:
1. **Overbought Conditions**: The SOL/ETH trading pair on Binance looks overbought, as per the RSI, which could indicate a potential correction.
2. **Market Volatility**: The cryptocurrency market's overall volatility and external factors, such as the upcoming FOMC meeting and the U.S. election, could impact Solana's price.

**[Prediction & Analysis]:**
Solana's price has shown stability and growth potential, with positive developments such as increasing market dominance and real-world asset integration. The integration of AgriDex on Solana demonstrates practical use cases and growing adoption.

However, concerns about overbought conditions and market volatility could introduce uncertainty. Despite these concerns, the positive developments and strong market position indicate a bullish trend. Therefore, it is reasonable to predict that Solana's price could increase by more than 5% in the upcoming week, driven by continued adoption and real-world use cases."
"[Cryptocurrency Introduction]: Solana (SOL) is a cryptocurrency launched in 2020. Solana has a current supply of 602,120,089.8045707 with 522,414,622.9373515 in circulation. The last known price of Solana is 153.49011699 USD and is up 1.26 over the last 24 hours. It is currently trading on 930 active market(s) with $2,659,112,403.89 traded over the last 24 hours. More information can be found at https://solana.com.. It has a market capilization of 79931613184.

From 2024-10-18 to 2024-10-25, SOL-USD's stock price increased from 154.98 to 164.76. News during this period are listed below:

[Headline]: Bitcoin Climbs 3% to Retake $68K With Solana Outperforming, Ether Showing Relative Weakness
[Summary]: Cryptocurrencies rallied after three days of modest downward action, with the CoinDesk 20 bouncing 2.7% in the last 24 hours.

Solana's market cap dominance is approaching all-time highs at 3.70%.

Cr...

[Headline]: Bitcoin Trader Warns of Correction as BTC Dominance Reaches 2021 Levels; Solana Leads Market Gains
[Summary]: While bitcoin and other major cryptocurrencies showed minimal movement, Solana's SOL token surged by 5% to $173, leading the market gains with a 14% increase over the week.

Bitcoin's market dominance...

[Headline]: Solana Hits Record vs. Ether, Outperforms Bitcoin as AI Memecoin Frenzy and Surging Revenues Fuel Rally
[Summary]: Solana's SOL has outperformed ether (ETH) and bitcoin (BTC) as blockchain activity is booming on the network.

The latest memecoin trend of artificial intelligence agents promoting and investing in to...

[Headline]: Solana's Crypto-Governance Hub Realms Is Under New Management
[Summary]: Realms has been in the business of crypto-governance for nearly as long the blockchain it's built on – Solana {{SOL}} – has been around. Its new leaders want to start turning a profit.

The hub for cr...

[Headline]: Solana Token Issuer Pump.Fun Rakes in Big Bucks With 1M SOL in Lifetime Fees 
[Summary]: Solana token issuer Pump.Fun is nearing 1 million SOL token in lifetime fees, with over 2.5 million tokens launched using the service since its early March release.

Over 5,550 addresses issued 7,500 ...

From 2024-10-25 to 2024-11-01, SOL-USD's stock price increased from 164.76 to 166.26. News during this period are listed below:

[Headline]: Solana-Based RWA Platform AgriDex Taps Stripe's Bridge to Lower Cost for Agricultural Trade Settlements
[Summary]: AgriDex, a Solana-based {{SOL}} real-world asset (RWA) marketplace that aims to bring agricultural goods to blockchain rails, has tapped stablecoin platform Bridge to make transactions cheaper and fas...

From 2024-11-01 to 2024-11-08, SOL-USD's stock price increased from 166.26 to 199.94. News during this period are listed below:

[Headline]: Coinbase Brings Bitcoin to Solana, Spurring High Hopes for DeFi Surge
[Summary]: Coinbase introduced cbBTC, which brings bitcoin to the Solana blockchain.

Bitcoin helps power trading, lending and borrowing on centralized crypto exchanges, but this crucial functionality requires e...

[Headline]: Post-Election Déjà Vu: Bitcoin Spikes to a New Record High, While Ether and Solana Rally Ahead of FOMC
[Summary]: Bitcoin has made a new all-time high, continuing its strong performance after Donald Trump won the U.S. presidential election.

Ether outperformed by rising 8% in the last 24 hours ahead of Federal Re...

[Headline]: VC Darling Eclipse Finally Debuts Its Solana-Ethereum Blockchain Hybrid
[Summary]: Eclipse launched its long-awaited mainnet blockchain on Thursday — introducing a first-of-its-kind layer-2 network that melds tech from the popular Ethereum and Solana blockchains into a single packag...

[Headline]: Bitcoin, Solana Hit New Cycle Highs Against Ether as Trump Edges Closer to U.S. Presidency
[Summary]: Bitcoin broke all-time highs on Donald Trump winning the U.S. presidential election.

Solana continues to outperform ether, making a new cycle high.

The total cryptocurrency market cap hit $2.45 tril...

[Headline]: Long Bitcoin Short Solana Preferred Tactical Trade Heading Into U.S. Election: 10X Research
[Summary]: A tactical trade heading into the election could involve going long Bitcoin and short Solana, 10x Research said.

If Harris wins, the likelihood of these ETFs getting approved may decrease, potentiall...



Based on all the information before 2024-11-08, let's first analyze the positive developments and potential concerns for SOL-USD. Come up with 2-4 most important factors respectively and keep them concise. Most factors should be inferred from cryptocurrencies related news. Then let's assume your prediction for next week (2024-11-08 to 2024-11-15) is up by more than 5%. Provide a summary analysis to support your prediction. The prediction result need to be inferred from your analysis at the end, and thus not appearing as a foundational factor of your analysis.","**[Positive Developments]:**
1. **Institutional Support**: Coinbase bringing bitcoin to Solana through cbBTC indicates significant institutional support and potential for increased DeFi activity.
2. **Technological Innovations**: The launch of Eclipse's Solana-Ethereum blockchain hybrid introduces a first-of-its-kind layer-2 network, demonstrating technological advancements and ecosystem growth.
3. **Market Momentum**: Solana's outperformance compared to ether and bitcoin, driven by booming blockchain activity and the AI memecoin frenzy, suggests strong market momentum.

**[Potential Concerns]:**
1. **Election Uncertainty**: The U.S. election could introduce market volatility, with potential regulatory changes and shifts in investor sentiment.
2. **Valuation Concerns**: Standard Chartered's analysis suggests that Solana looks overvalued compared to Ethereum, which could lead to a price adjustment.

**[Prediction & Analysis]:**
Solana's price has shown strong growth potential, with significant positive developments such as institutional support, technological innovations, and market momentum. The introduction of cbBTC by Coinbase and the launch of Eclipse's hybrid blockchain indicate substantial ecosystem growth and potential for increased DeFi activity.

However, concerns about election uncertainty and valuation could introduce volatility. Despite these concerns, the positive developments and strong market momentum indicate a bullish trend. Therefore, it is reasonable to predict that Solana's price could increase by more than 5% in the upcoming week, driven by continued institutional support and technological advancements."
"[Cryptocurrency Introduction]: Solana (SOL) is a cryptocurrency launched in 2020. Solana has a current supply of 602,120,089.8045707 with 522,414,622.9373515 in circulation. The last known price of Solana is 153.49011699 USD and is up 1.26 over the last 24 hours. It is currently trading on 930 active market(s) with $2,659,112,403.89 traded over the last 24 hours. More information can be found at https://solana.com.. It has a market capilization of 79931613184.

From 2024-10-25 to 2024-11-01, SOL-USD's stock price increased from 164.76 to 166.26. News during this period are listed below:

[Headline]: Solana-Based RWA Platform AgriDex Taps Stripe's Bridge to Lower Cost for Agricultural Trade Settlements
[Summary]: AgriDex, a Solana-based {{SOL}} real-world asset (RWA) marketplace that aims to bring agricultural goods to blockchain rails, has tapped stablecoin platform Bridge to make transactions cheaper and fas...

From 2024-11-01 to 2024-11-08, SOL-USD's stock price increased from 166.26 to 199.94. News during this period are listed below:

[Headline]: Coinbase Brings Bitcoin to Solana, Spurring High Hopes for DeFi Surge
[Summary]: Coinbase introduced cbBTC, which brings bitcoin to the Solana blockchain.

Bitcoin helps power trading, lending and borrowing on centralized crypto exchanges, but this crucial functionality requires e...

[Headline]: Post-Election Déjà Vu: Bitcoin Spikes to a New Record High, While Ether and Solana Rally Ahead of FOMC
[Summary]: Bitcoin has made a new all-time high, continuing its strong performance after Donald Trump won the U.S. presidential election.

Ether outperformed by rising 8% in the last 24 hours ahead of Federal Re...

[Headline]: VC Darling Eclipse Finally Debuts Its Solana-Ethereum Blockchain Hybrid
[Summary]: Eclipse launched its long-awaited mainnet blockchain on Thursday — introducing a first-of-its-kind layer-2 network that melds tech from the popular Ethereum and Solana blockchains into a single packag...

[Headline]: Bitcoin, Solana Hit New Cycle Highs Against Ether as Trump Edges Closer to U.S. Presidency
[Summary]: Bitcoin broke all-time highs on Donald Trump winning the U.S. presidential election.

Solana continues to outperform ether, making a new cycle high.

The total cryptocurrency market cap hit $2.45 tril...

[Headline]: Long Bitcoin Short Solana Preferred Tactical Trade Heading Into U.S. Election: 10X Research
[Summary]: A tactical trade heading into the election could involve going long Bitcoin and short Solana, 10x Research said.

If Harris wins, the likelihood of these ETFs getting approved may decrease, potentiall...

From 2024-11-08 to 2024-11-15, SOL-USD's stock price increased from 199.94 to 218.09. News during this period are listed below:

[Headline]: Ex-Valkyrie CEO Leah Wald's Investment Firm Buys Four Validators, Including Solana Network's, for Nearly $18M
[Summary]: Sol Strategies (HODL), a crypto investment firm led by Leah Wald, the former boss and co-founder of Valkyrie Investments, bought four validators for nearly $18 million in cash and shares.

The Toronto...

[Headline]: Solana Memecoin ACT Rockets 1,720% on Binance Listing as Altcoin Market Heats Up
[Summary]: ACT, a memecoin based on a Discord server featuring AI chat bots, has risen by 1,720% after being listed on Binance.

Trading volume has topped $350 million on Binance and Raydium, its market cap has ...

[Headline]: Solana Joins $100B Club, Hitting Nearly a Three-Year High Above $210
[Summary]: Solana's native cryptocurrency {{SOL}} hit a new milestone on Sunday as bitcoin's {{BTC}} breakout to new record prices accelerated the broad-based crypto rally following Donald Trump's decisive elect...

[Headline]: The Unique Way the Solana Trading Ecosystem Is Making Bank
[Summary]: Solana's on-chain trading ecosystem is generating surprisingly high revenues.

That's because of the network's unique architecture and the possibilities it affords traders.

As a sector in its own rig...



Based on all the information before 2024-11-15, let's first analyze the positive developments and potential concerns for SOL-USD. Come up with 2-4 most important factors respectively and keep them concise. Most factors should be inferred from cryptocurrencies related news. Then let's assume your prediction for next week (2024-11-15 to 2024-11-22) is up by more than 5%. Provide a summary analysis to support your prediction. The prediction result need to be inferred from your analysis at the end, and thus not appearing as a foundational factor of your analysis.","**[Positive Developments]:**
1. **Institutional Investment**: Sol Strategies' purchase of four validators, including Solana's, for nearly $18 million indicates significant institutional investment and confidence in the network.
2. **Memecoin Success**: The listing of Solana-based memecoin ACT on Binance and its subsequent price surge demonstrate the network's potential for hosting successful memecoin projects.
3. **Market Milestones**: Solana joining the $100B club and hitting a nearly three-year high above $210 indicate strong market performance and investor bullishness.
4. **Revenue Generation**: Solana's on-chain trading ecosystem generating high revenues showcases the network's unique architecture and potential for profitability.

**[Potential Concerns]:**
1. **Market Volatility**: The cryptocurrency market's overall volatility and external factors, such as regulatory changes and shifts in investor sentiment, could impact Solana's price.
2. **Memecoin Risks**: The success of memecoins like ACT could also introduce risks, as memecoin trends can be highly speculative and subject to rapid changes in investor interest.

**[Prediction & Analysis]:**
Solana's price has shown strong growth potential, with significant positive developments such as institutional investment, memecoin success, market milestones, and revenue generation. The substantial investment by Sol Strategies and the listing of ACT on Binance indicate strong ecosystem support and potential for further growth.

However, concerns about market volatility and memecoin risks could introduce uncertainty. Despite these concerns, the positive developments and strong market performance indicate a bullish trend. Therefore, it is reasonable to predict that Solana's price could increase by more than 5% in the upcoming week, driven by continued institutional investment and ecosystem growth."
"[Cryptocurrency Introduction]: Solana (SOL) is a cryptocurrency launched in 2020. Solana has a current supply of 602,120,089.8045707 with 522,414,622.9373515 in circulation. The last known price of Solana is 153.49011699 USD and is up 1.26 over the last 24 hours. It is currently trading on 930 active market(s) with $2,659,112,403.89 traded over the last 24 hours. More information can be found at https://solana.com.. It has a market capilization of 79931613184.

From 2024-10-25 to 2024-11-01, SOL-USD's stock price increased from 164.76 to 166.26. News during this period are listed below:

[Headline]: Solana-Based RWA Platform AgriDex Taps Stripe's Bridge to Lower Cost for Agricultural Trade Settlements
[Summary]: AgriDex, a Solana-based {{SOL}} real-world asset (RWA) marketplace that aims to bring agricultural goods to blockchain rails, has tapped stablecoin platform Bridge to make transactions cheaper and fas...

From 2024-11-01 to 2024-11-08, SOL-USD's stock price increased from 166.26 to 199.94. News during this period are listed below:

[Headline]: Coinbase Brings Bitcoin to Solana, Spurring High Hopes for DeFi Surge
[Summary]: Coinbase introduced cbBTC, which brings bitcoin to the Solana blockchain.

Bitcoin helps power trading, lending and borrowing on centralized crypto exchanges, but this crucial functionality requires e...

[Headline]: Post-Election Déjà Vu: Bitcoin Spikes to a New Record High, While Ether and Solana Rally Ahead of FOMC
[Summary]: Bitcoin has made a new all-time high, continuing its strong performance after Donald Trump won the U.S. presidential election.

Ether outperformed by rising 8% in the last 24 hours ahead of Federal Re...

[Headline]: Bitcoin, Solana Hit New Cycle Highs Against Ether as Trump Edges Closer to U.S. Presidency
[Summary]: Bitcoin broke all-time highs on Donald Trump winning the U.S. presidential election.

Solana continues to outperform ether, making a new cycle high.

The total cryptocurrency market cap hit $2.45 tril...

[Headline]: ‘It’s So Early’: How Solana Is Competing With Ethereum for Institutional Interest
[Summary]: Solana has garnered notoriety for its meme coin connection.

But financial institutions are also interested in using the network to build their products.

While Solana is newer than Ethereum, it doesn...

[Headline]: Long Bitcoin Short Solana Preferred Tactical Trade Heading Into U.S. Election: 10X Research
[Summary]: A tactical trade heading into the election could involve going long Bitcoin and short Solana, 10x Research said.

If Harris wins, the likelihood of these ETFs getting approved may decrease, potentiall...

From 2024-11-08 to 2024-11-15, SOL-USD's stock price increased from 199.94 to 218.09. News during this period are listed below:

[Headline]: Ex-Valkyrie CEO Leah Wald's Investment Firm Buys Four Validators, Including Solana Network's, for Nearly $18M
[Summary]: Sol Strategies (HODL), a crypto investment firm led by Leah Wald, the former boss and co-founder of Valkyrie Investments, bought four validators for nearly $18 million in cash and shares.

The Toronto...

[Headline]: Solana Memecoin ACT Rockets 1,720% on Binance Listing as Altcoin Market Heats Up
[Summary]: ACT, a memecoin based on a Discord server featuring AI chat bots, has risen by 1,720% after being listed on Binance.

Trading volume has topped $350 million on Binance and Raydium, its market cap has ...

[Headline]: Solana Joins $100B Club, Hitting Nearly a Three-Year High Above $210
[Summary]: Solana's native cryptocurrency {{SOL}} hit a new milestone on Sunday as bitcoin's {{BTC}} breakout to new record prices accelerated the broad-based crypto rally following Donald Trump's decisive elect...

[Headline]: The Unique Way the Solana Trading Ecosystem Is Making Bank
[Summary]: Solana's on-chain trading ecosystem is generating surprisingly high revenues.

That's because of the network's unique architecture and the possibilities it affords traders.

As a sector in its own rig...

From 2024-11-15 to 2024-11-22, SOL-USD's stock price increased from 218.09 to 256.52. News during this period are listed below:

[Headline]: Bitwise Joins Mounting Race for Solana ETF
[Summary]: Crypto-investments firm Bitwise took a big jump Thursday toward offering a Solana exchange traded fund (ETF) in the United States.

Paperwork filed with the Securities and Exchange Commission (SEC) ma...

[Headline]: Juiced USDS Yields Woo Solana Traders to Sky's Stablecoin
[Summary]: Solana traders are quickly embracing the newest stablecoin to join their decentralized finance (DeFi) fray: USDS, issued by Sky (formerly MakerDAO).

Less than a day into launch, USDS's circulating su...

[Headline]: SOL Looks Set to Outperform BTC as Solana-Based DEXs Register Record $41B in Trading Volume: Godbole
[Summary]: SOL/BTC's prolonged triangular consolidation has ended with a bullish breakout.

Solana-based decentralized exchanges register record weekly trading volume that's bigger than the combined activity in ...

[Headline]: First Mover Americas: Solana Breaks Out to New Cycle Highs
[Summary]: This article originally appeared in First Mover, CoinDesk’s daily newsletter, putting the latest moves in crypto markets in context. Subscribe to get it in your inbox every day.

Latest Prices

CoinDe...

[Headline]: CAT Token Expands to Solana, Setting Up Long-Term Bullish Move
[Summary]: CAT, the memecoin linked to Simon's Cat, is expanding to the Solana blockchain to tap into its active trading community.

A vault provides early access to BONK token holders who have locked their toke...



Based on all the information before 2024-11-22, let's first analyze the positive developments and potential concerns for SOL-USD. Come up with 2-4 most important factors respectively and keep them concise. Most factors should be inferred from cryptocurrencies related news. Then let's assume your prediction for next week (2024-11-22 to 2024-11-29) is down by more than 5%. Provide a summary analysis to support your prediction. The prediction result need to be inferred from your analysis at the end, and thus not appearing as a foundational factor of your analysis.","### ANALYSIS REQUEST 1

**[Positive Developments]:**
1. **Institutional Interest**: Solana has garnered significant interest from financial institutions looking to build products on its network, competing directly with Ethereum.
2. **DeFi Surge**: Coinbase's introduction of cbBTC has spurred a surge in DeFi activities on the Solana blockchain, increasing its utility and demand.
3. **Market Performance**: Solana has outperformed Ether and reached new cycle highs, benefiting from the broader crypto market rally.
4. **ETF Race**: The mounting race for a Solana ETF, with Bitwise joining the fray, indicates growing institutional confidence in Solana.

**[Potential Concerns]:**
1. **Market Volatility**: The broader market's bullish pause and the cooling of over-leveraged positions could lead to a correction in Solana's price.
2. **Competition**: Ethereum's developers are confident in their blockchain's longevity and see no threat from Solana, which could impact long-term investor sentiment.
3. **Regulatory Uncertainty**: The approval of ETFs is subject to regulatory scrutiny, which could delay or prevent their launch, affecting Solana's price.
4. **Memecoin Influence**: The surge in memecoins like ACT and CAT could lead to a bubble, which, if it bursts, could negatively impact Solana's price.

**[Prediction & Analysis]:**
Solana's recent price surge has been driven by positive developments such as institutional interest, DeFi growth, and the potential for ETFs. However, the broader market's bullish pause and the cooling of over-leveraged positions could lead to a correction. Additionally, regulatory uncertainty and the potential bursting of the memecoin bubble pose risks. The recent highs have also made Solana more susceptible to a pullback, as investors may look to take profits. Therefore, a downward correction of more than 5% is likely in the upcoming week."
"[Cryptocurrency Introduction]: Solana (SOL) is a cryptocurrency launched in 2020. Solana has a current supply of 602,120,089.8045707 with 522,414,622.9373515 in circulation. The last known price of Solana is 153.49011699 USD and is up 1.26 over the last 24 hours. It is currently trading on 930 active market(s) with $2,659,112,403.89 traded over the last 24 hours. More information can be found at https://solana.com.. It has a market capilization of 79931613184.

From 2024-11-15 to 2024-11-22, SOL-USD's stock price increased from 218.09 to 256.52. News during this period are listed below:

[Headline]: Solana's SOL Surges to Record High Above $260
[Summary]: Continuing a massive comeback from a crypto winter price collapse of more than 95%, {{SOL}}, the native token of the Solana blockchain, has shattered its all-time high reached in October 2021.

At pre...

[Headline]: Bitwise Joins Mounting Race for Solana ETF
[Summary]: Crypto-investments firm Bitwise took a big jump Thursday toward offering a Solana exchange traded fund (ETF) in the United States.

Paperwork filed with the Securities and Exchange Commission (SEC) ma...

[Headline]: Juiced USDS Yields Woo Solana Traders to Sky's Stablecoin
[Summary]: Solana traders are quickly embracing the newest stablecoin to join their decentralized finance (DeFi) fray: USDS, issued by Sky (formerly MakerDAO).

Less than a day into launch, USDS's circulating su...

[Headline]: First Mover Americas: Solana Breaks Out to New Cycle Highs
[Summary]: This article originally appeared in First Mover, CoinDesk’s daily newsletter, putting the latest moves in crypto markets in context. Subscribe to get it in your inbox every day.

Latest Prices

CoinDe...

[Headline]: CAT Token Expands to Solana, Setting Up Long-Term Bullish Move
[Summary]: CAT, the memecoin linked to Simon's Cat, is expanding to the Solana blockchain to tap into its active trading community.

A vault provides early access to BONK token holders who have locked their toke...

From 2024-11-22 to 2024-11-29, SOL-USD's stock price decreased from 256.52 to 243.55. News during this period are listed below:

[Headline]: Solana-Based DEX Raydium's RAY Is Still Too Hot to Handle: Godbole
[Summary]: Bitcoin's (BTC) recent bullish pause has cooled jets in the broader market, shaking out over-leveraged positions and normalizing costs associated with betting on price rallies. One token, however, is ...



Based on all the information before 2024-11-29, let's first analyze the positive developments and potential concerns for SOL-USD. Come up with 2-4 most important factors respectively and keep them concise. Most factors should be inferred from cryptocurrencies related news. Then let's assume your prediction for next week (2024-11-29 to 2024-12-06) is down by 2-3%. Provide a summary analysis to support your prediction. The prediction result need to be inferred from your analysis at the end, and thus not appearing as a foundational factor of your analysis.","### ANALYSIS REQUEST 2

**[Positive Developments]:**
1. **Record Highs**: Solana's SOL has surged to a record high above $260, continuing its massive comeback from the crypto winter.
2. **ETF Race**: Bitwise's move towards offering a Solana ETF in the United States indicates growing institutional confidence.
3. **DeFi Growth**: The embrace of new stablecoins like USDS and the record trading volume on Solana-based DEXs highlight the network's growing utility.
4. **Memecoin Expansion**: The expansion of memecoins like CAT to the Solana blockchain shows increasing activity and interest in the ecosystem.

**[Potential Concerns]:**
1. **Market Cooling**: Bitcoin's recent bullish pause has cooled jets in the broader market, which could affect Solana's price.
2. **Over-Leveraged Positions**: The normalization of costs associated with betting on price rallies could lead to a correction as over-leveraged positions are shaken out.
3. **Regulatory Risks**: The approval of ETFs is subject to regulatory scrutiny, which could delay or prevent their launch, impacting Solana's price.
4. **Competition**: Ethereum's developers remain confident in their blockchain's longevity, which could affect long-term investor sentiment towards Solana.

**[Prediction & Analysis]:**
While Solana has seen significant positive developments, such as record highs and institutional interest, the broader market cooling and the normalization of over-leveraged positions pose risks. Additionally, regulatory uncertainties and competition from Ethereum could impact investor sentiment. Given these factors, a modest downward correction of 2-3% is likely in the upcoming week as the market digests recent gains and addresses potential concerns."
"[Cryptocurrency Introduction]: Solana (SOL) is a cryptocurrency launched in 2020. Solana has a current supply of 602,120,089.8045707 with 522,414,622.9373515 in circulation. The last known price of Solana is 153.49011699 USD and is up 1.26 over the last 24 hours. It is currently trading on 930 active market(s) with $2,659,112,403.89 traded over the last 24 hours. More information can be found at https://solana.com.. It has a market capilization of 79931613184.

From 2024-11-08 to 2024-11-15, SOL-USD's stock price increased from 199.94 to 218.09. News during this period are listed below:

[Headline]: Ex-Valkyrie CEO Leah Wald's Investment Firm Buys Four Validators, Including Solana Network's, for Nearly $18M
[Summary]: Sol Strategies (HODL), a crypto investment firm led by Leah Wald, the former boss and co-founder of Valkyrie Investments, bought four validators for nearly $18 million in cash and shares.

The Toronto...

[Headline]: Solana Memecoin ACT Rockets 1,720% on Binance Listing as Altcoin Market Heats Up
[Summary]: ACT, a memecoin based on a Discord server featuring AI chat bots, has risen by 1,720% after being listed on Binance.

Trading volume has topped $350 million on Binance and Raydium, its market cap has ...

[Headline]: Solana Joins $100B Club, Hitting Nearly a Three-Year High Above $210
[Summary]: Solana's native cryptocurrency {{SOL}} hit a new milestone on Sunday as bitcoin's {{BTC}} breakout to new record prices accelerated the broad-based crypto rally following Donald Trump's decisive elect...

[Headline]: The Unique Way the Solana Trading Ecosystem Is Making Bank
[Summary]: Solana's on-chain trading ecosystem is generating surprisingly high revenues.

That's because of the network's unique architecture and the possibilities it affords traders.

As a sector in its own rig...

From 2024-11-15 to 2024-11-22, SOL-USD's stock price increased from 218.09 to 256.52. News during this period are listed below:

[Headline]: Bitwise Joins Mounting Race for Solana ETF
[Summary]: Crypto-investments firm Bitwise took a big jump Thursday toward offering a Solana exchange traded fund (ETF) in the United States.

Paperwork filed with the Securities and Exchange Commission (SEC) ma...

[Headline]: Juiced USDS Yields Woo Solana Traders to Sky's Stablecoin
[Summary]: Solana traders are quickly embracing the newest stablecoin to join their decentralized finance (DeFi) fray: USDS, issued by Sky (formerly MakerDAO).

Less than a day into launch, USDS's circulating su...

[Headline]: SOL Looks Set to Outperform BTC as Solana-Based DEXs Register Record $41B in Trading Volume: Godbole
[Summary]: SOL/BTC's prolonged triangular consolidation has ended with a bullish breakout.

Solana-based decentralized exchanges register record weekly trading volume that's bigger than the combined activity in ...

[Headline]: First Mover Americas: Solana Breaks Out to New Cycle Highs
[Summary]: This article originally appeared in First Mover, CoinDesk’s daily newsletter, putting the latest moves in crypto markets in context. Subscribe to get it in your inbox every day.

Latest Prices

CoinDe...

[Headline]: CAT Token Expands to Solana, Setting Up Long-Term Bullish Move
[Summary]: CAT, the memecoin linked to Simon's Cat, is expanding to the Solana blockchain to tap into its active trading community.

A vault provides early access to BONK token holders who have locked their toke...

From 2024-11-22 to 2024-11-29, SOL-USD's stock price decreased from 256.52 to 243.55. News during this period are listed below:

[Headline]: Solana-Based DEX Raydium's RAY Is Still Too Hot to Handle: Godbole
[Summary]: Bitcoin's (BTC) recent bullish pause has cooled jets in the broader market, shaking out over-leveraged positions and normalizing costs associated with betting on price rallies. One token, however, is ...

From 2024-11-29 to 2024-12-06, SOL-USD's stock price decreased from 243.55 to 237.05. News during this period are listed below:

[Headline]: Ethereum's Justin Drake Sees No Threat From Solana, Says Its ‘Golden Era’ Will End
[Summary]: Ethereum developer Justin Drake said his comprehensive proposal to overhaul the second-largest blockchain's consensus layer isn't about catching up with a rival, it's about sticking around for the lon...

[Headline]: Grayscale Files to Convert Solana Trust Into ETF
[Summary]: Grayscale has become the latest entrant into the Solana ETF sweepstakes as it looks to convert its existing Solana Trust (GSOL) into an exchange-traded fund.

A 19b-4 filing submitted by NYSE Arca, th...



Based on all the information before 2024-12-06, let's first analyze the positive developments and potential concerns for SOL-USD. Come up with 2-4 most important factors respectively and keep them concise. Most factors should be inferred from cryptocurrencies related news. Then let's assume your prediction for next week (2024-12-06 to 2024-12-13) is down by more than 5%. Provide a summary analysis to support your prediction. The prediction result need to be inferred from your analysis at the end, and thus not appearing as a foundational factor of your analysis.","### ANALYSIS REQUEST 3

**[Positive Developments]:**
1. **Validator Acquisition**: Sol Strategies' acquisition of four validators, including Solana's, for nearly $18 million highlights institutional investment in the network.
2. **Memecoin Surge**: The listing of memecoins like ACT on Binance has driven significant trading volume and market cap growth for Solana.
3. **Market Milestones**: Solana's entry into the $100B club and its new milestones indicate strong market performance and investor confidence.
4. **DeFi Ecosystem**: The unique architecture of Solana's on-chain trading ecosystem is generating high revenues, attracting traders and investors.

**[Potential Concerns]:**
1. **Market Volatility**: Bitcoin's bullish pause and the cooling of over-leveraged positions could lead to a correction in Solana's price.
2. **Regulatory Uncertainty**: The approval of ETFs is subject to regulatory scrutiny, which could delay or prevent their launch, affecting Solana's price.
3. **Competition**: Ethereum's developers are confident in their blockchain's longevity, which could impact long-term investor sentiment towards Solana.
4. **Memecoin Bubble**: The surge in memecoins could lead to a bubble, which, if it bursts, could negatively impact Solana's price.

**[Prediction & Analysis]:**
Solana's recent positive developments, including institutional investment and market milestones, have driven its price upward. However, market volatility, regulatory uncertainty, competition from Ethereum, and the potential bursting of the memecoin bubble pose significant risks. Given these factors, a downward correction of more than 5% is likely in the upcoming week as investors take profits and the market addresses potential concerns."
"[Cryptocurrency Introduction]: Solana (SOL) is a cryptocurrency launched in 2020. Solana has a current supply of 602,120,089.8045707 with 522,414,622.9373515 in circulation. The last known price of Solana is 153.49011699 USD and is up 1.26 over the last 24 hours. It is currently trading on 930 active market(s) with $2,659,112,403.89 traded over the last 24 hours. More information can be found at https://solana.com.. It has a market capilization of 79931613184.

From 2024-11-15 to 2024-11-22, SOL-USD's stock price increased from 218.09 to 256.52. News during this period are listed below:

[Headline]: Solana's SOL Surges to Record High Above $260
[Summary]: Continuing a massive comeback from a crypto winter price collapse of more than 95%, {{SOL}}, the native token of the Solana blockchain, has shattered its all-time high reached in October 2021.

At pre...

[Headline]: Bitwise Joins Mounting Race for Solana ETF
[Summary]: Crypto-investments firm Bitwise took a big jump Thursday toward offering a Solana exchange traded fund (ETF) in the United States.

Paperwork filed with the Securities and Exchange Commission (SEC) ma...

[Headline]: Juiced USDS Yields Woo Solana Traders to Sky's Stablecoin
[Summary]: Solana traders are quickly embracing the newest stablecoin to join their decentralized finance (DeFi) fray: USDS, issued by Sky (formerly MakerDAO).

Less than a day into launch, USDS's circulating su...

[Headline]: SOL Looks Set to Outperform BTC as Solana-Based DEXs Register Record $41B in Trading Volume: Godbole
[Summary]: SOL/BTC's prolonged triangular consolidation has ended with a bullish breakout.

Solana-based decentralized exchanges register record weekly trading volume that's bigger than the combined activity in ...

[Headline]: First Mover Americas: Solana Breaks Out to New Cycle Highs
[Summary]: This article originally appeared in First Mover, CoinDesk’s daily newsletter, putting the latest moves in crypto markets in context. Subscribe to get it in your inbox every day.

Latest Prices

CoinDe...

From 2024-11-22 to 2024-11-29, SOL-USD's stock price decreased from 256.52 to 243.55. News during this period are listed below:

[Headline]: Solana-Based DEX Raydium's RAY Is Still Too Hot to Handle: Godbole
[Summary]: Bitcoin's (BTC) recent bullish pause has cooled jets in the broader market, shaking out over-leveraged positions and normalizing costs associated with betting on price rallies. One token, however, is ...

From 2024-11-29 to 2024-12-06, SOL-USD's stock price decreased from 243.55 to 237.05. News during this period are listed below:

[Headline]: Ethereum's Justin Drake Sees No Threat From Solana, Says Its ‘Golden Era’ Will End
[Summary]: Ethereum developer Justin Drake said his comprehensive proposal to overhaul the second-largest blockchain's consensus layer isn't about catching up with a rival, it's about sticking around for the lon...

[Headline]: Grayscale Files to Convert Solana Trust Into ETF
[Summary]: Grayscale has become the latest entrant into the Solana ETF sweepstakes as it looks to convert its existing Solana Trust (GSOL) into an exchange-traded fund.

A 19b-4 filing submitted by NYSE Arca, th...

From 2024-12-06 to 2024-12-13, SOL-USD's stock price decreased from 237.05 to 224.84. News during this period are listed below:

[Headline]: Solana Was the Biggest Draw for New Crypto Developers in 2024: Electric Capital
[Summary]: The ranks of cryptocurrency developers held steady in 2024, as some recent entrants left the industry while veterans mostly stuck around, according to a report released Thursday by Electric Capital.

...

[Headline]: Stablecoin Trading Startup Perena Tries Its Luck on Solana 
[Summary]: Solana Foundation's former stablecoin lead Anna Yuan has left the mothership to build her own startup catering to the fast-growing crypto subsector.

The company building Perena, a stablecoin trading ...

[Headline]: Lily Liu: Solana’s Powerhouse Ambassador
[Summary]: The Solana blockchain's two-year comeback story may have reached its zenith with SOL's record high in late November. But, two months earlier, the blockchain's community had already come together to pl...

[Headline]: Pump.Fun: Solana’s Memecoin Juggernaut
[Summary]: Solana's status as the top tier memecoin chain is largely due to its ascendant launchpad, Pump.Fun. This minimum viable memecoin factory redefined the way crypto investors create and bet on joke crypt...

[Headline]: Dev's Defection Highlights Ethereum's Growing Solana Problem 
[Summary]: Ethereum's place near the top of the crypto market is unquestioned from the perspective of market cap. But beneath the surface – at the product, developer and decision-making levels – the original sma...



Based on all the information before 2024-12-13, let's first analyze the positive developments and potential concerns for SOL-USD. Come up with 2-4 most important factors respectively and keep them concise. Most factors should be inferred from cryptocurrencies related news. Then let's assume your prediction for next week (2024-12-13 to 2024-12-20) is down by more than 5%. Provide a summary analysis to support your prediction. The prediction result need to be inferred from your analysis at the end, and thus not appearing as a foundational factor of your analysis.","### ANALYSIS REQUEST 4

**[Positive Developments]:**
1. **Record Highs**: Solana's SOL has surged to a record high above $260, indicating strong market performance and investor confidence.
2. **ETF Race**: The mounting race for a Solana ETF, with Bitwise and Grayscale joining the fray, highlights growing institutional interest.
3. **DeFi Growth**: The record trading volume on Solana-based DEXs and the embrace of new stablecoins like USDS show the network's increasing utility.
4. **Developer Interest**: Solana's status as the biggest draw for new crypto developers in 2024 indicates a robust and growing ecosystem.

**[Potential Concerns]:**
1. **Market Cooling**: The broader market's bullish pause and the normalization of over-leveraged positions could lead to a correction in Solana's price.
2. **Regulatory Risks**: The approval of ETFs is subject to regulatory scrutiny, which could delay or prevent their launch, impacting Solana's price.
3. **Competition**: Ethereum's developers remain confident in their blockchain's longevity, which could affect long-term investor sentiment towards Solana.
4. **Memecoin Influence**: The surge in memecoins and the potential bursting of the bubble could negatively impact Solana's price.

**[Prediction & Analysis]:**
Solana's recent positive developments, including record highs and institutional interest, have driven its price upward. However, market cooling, regulatory risks, competition from Ethereum, and the potential bursting of the memecoin bubble pose significant concerns. Given these factors, a downward correction of more than 5% is likely in the upcoming week as the market digests recent gains and addresses potential risks."
"[Cryptocurrency Introduction]: Solana (SOL) is a cryptocurrency launched in 2020. Solana has a current supply of 602,120,089.8045707 with 522,414,622.9373515 in circulation. The last known price of Solana is 153.49011699 USD and is up 1.26 over the last 24 hours. It is currently trading on 930 active market(s) with $2,659,112,403.89 traded over the last 24 hours. More information can be found at https://solana.com.. It has a market capilization of 79931613184.

From 2024-11-29 to 2024-12-06, SOL-USD's stock price decreased from 243.55 to 237.05. News during this period are listed below:

[Headline]: Ethereum's Justin Drake Sees No Threat From Solana, Says Its ‘Golden Era’ Will End
[Summary]: Ethereum developer Justin Drake said his comprehensive proposal to overhaul the second-largest blockchain's consensus layer isn't about catching up with a rival, it's about sticking around for the lon...

[Headline]: Grayscale Files to Convert Solana Trust Into ETF
[Summary]: Grayscale has become the latest entrant into the Solana ETF sweepstakes as it looks to convert its existing Solana Trust (GSOL) into an exchange-traded fund.

A 19b-4 filing submitted by NYSE Arca, th...

From 2024-12-06 to 2024-12-13, SOL-USD's stock price decreased from 237.05 to 224.84. News during this period are listed below:

[Headline]: Solana Was the Biggest Draw for New Crypto Developers in 2024: Electric Capital
[Summary]: The ranks of cryptocurrency developers held steady in 2024, as some recent entrants left the industry while veterans mostly stuck around, according to a report released Thursday by Electric Capital.

...

[Headline]: Ranger Finance Targets Crypto Perps Traders of 'Size' on Solana 
[Summary]: Solana's nearly $500 million decentralized finance (DeFi) derivatives market is getting a new participant, one that's looking to take a slice of all the other venues' pies.



Ranger Finance is an agg...

[Headline]: Stablecoin Trading Startup Perena Tries Its Luck on Solana 
[Summary]: Solana Foundation's former stablecoin lead Anna Yuan has left the mothership to build her own startup catering to the fast-growing crypto subsector.

The company building Perena, a stablecoin trading ...

[Headline]: Lily Liu: Solana’s Powerhouse Ambassador
[Summary]: The Solana blockchain's two-year comeback story may have reached its zenith with SOL's record high in late November. But, two months earlier, the blockchain's community had already come together to pl...

[Headline]: Pump.Fun: Solana’s Memecoin Juggernaut
[Summary]: Solana's status as the top tier memecoin chain is largely due to its ascendant launchpad, Pump.Fun. This minimum viable memecoin factory redefined the way crypto investors create and bet on joke crypt...

From 2024-12-13 to 2024-12-20, SOL-USD's stock price decreased from 224.84 to 194.21. News during this period are listed below:

[Headline]: The Protocol: Solana's Allure for Devs; Avalanche's Big Upgrade
[Summary]: Welcome to The Protocol, CoinDesk's weekly wrap-up of the most important stories in cryptocurrency tech development. I'm Marc Hochstein, CoinDesk's deputy editor-in-chief for features, opinion and sta...

[Headline]: Solana Smashes Record With 66.9M Daily Transactions as Pengu Token Debuts
[Summary]: Solana's network activity lit up on Tuesday as the Pudgy Penguins NFT project debuted its native token, PENGU, on the programmable blockchain.

The layer 1 blockchain, considered a cheap alternative t...



Based on all the information before 2024-12-20, let's first analyze the positive developments and potential concerns for SOL-USD. Come up with 2-4 most important factors respectively and keep them concise. Most factors should be inferred from cryptocurrencies related news. Then let's assume your prediction for next week (2024-12-20 to 2024-12-27) is down by more than 5%. Provide a summary analysis to support your prediction. The prediction result need to be inferred from your analysis at the end, and thus not appearing as a foundational factor of your analysis.","### ANALYSIS REQUEST 5

**[Positive Developments]:**
1. **Developer Interest**: Solana's status as the biggest draw for new crypto developers in 2024 indicates a robust and growing ecosystem.
2. **ETF Race**: Grayscale's move to convert its Solana Trust into an ETF highlights growing institutional confidence in Solana.
3. **DeFi Ecosystem**: The entry of new participants like Ranger Finance into Solana's DeFi derivatives market shows the network's increasing utility and appeal.
4. **Network Activity**: Solana's record-breaking daily transactions, driven by the debut of tokens like PENGU, indicate high network activity and demand.

**[Potential Concerns]:**
1. **Market Volatility**: The broader market's volatility and the cooling of over-leveraged positions could lead to a correction in Solana's price.
2. **Regulatory Uncertainty**: The approval of ETFs is subject to regulatory scrutiny, which could delay or prevent their launch, affecting Solana's price.
3. **Competition**: Ethereum's developers are confident in their blockchain's longevity, which could impact long-term investor sentiment towards Solana.
4. **Memecoin Bubble**: The surge in memecoins and the potential bursting of the bubble could negatively impact Solana's price.

**[Prediction & Analysis]:**
While Solana has seen significant positive developments, such as developer interest and institutional confidence, market volatility, regulatory uncertainty, competition from Ethereum, and the potential bursting of the memecoin bubble pose risks. Given these factors, a downward correction of more than 5% is likely in the upcoming week as the market addresses potential concerns and investors take profits."
"[Cryptocurrency Introduction]: Solana (SOL) is a cryptocurrency launched in 2020. Solana has a current supply of 602,120,089.8045707 with 522,414,622.9373515 in circulation. The last known price of Solana is 153.49011699 USD and is up 1.26 over the last 24 hours. It is currently trading on 930 active market(s) with $2,659,112,403.89 traded over the last 24 hours. More information can be found at https://solana.com.. It has a market capilization of 79931613184.

From 2024-11-29 to 2024-12-06, SOL-USD's stock price decreased from 243.55 to 237.05. News during this period are listed below:

[Headline]: Ethereum's Justin Drake Sees No Threat From Solana, Says Its ‘Golden Era’ Will End
[Summary]: Ethereum developer Justin Drake said his comprehensive proposal to overhaul the second-largest blockchain's consensus layer isn't about catching up with a rival, it's about sticking around for the lon...

[Headline]: Grayscale Files to Convert Solana Trust Into ETF
[Summary]: Grayscale has become the latest entrant into the Solana ETF sweepstakes as it looks to convert its existing Solana Trust (GSOL) into an exchange-traded fund.

A 19b-4 filing submitted by NYSE Arca, th...

From 2024-12-06 to 2024-12-13, SOL-USD's stock price decreased from 237.05 to 224.84. News during this period are listed below:

[Headline]: Solana Was the Biggest Draw for New Crypto Developers in 2024: Electric Capital
[Summary]: The ranks of cryptocurrency developers held steady in 2024, as some recent entrants left the industry while veterans mostly stuck around, according to a report released Thursday by Electric Capital.

...

[Headline]: Ranger Finance Targets Crypto Perps Traders of 'Size' on Solana 
[Summary]: Solana's nearly $500 million decentralized finance (DeFi) derivatives market is getting a new participant, one that's looking to take a slice of all the other venues' pies.



Ranger Finance is an agg...

[Headline]: Stablecoin Trading Startup Perena Tries Its Luck on Solana 
[Summary]: Solana Foundation's former stablecoin lead Anna Yuan has left the mothership to build her own startup catering to the fast-growing crypto subsector.

The company building Perena, a stablecoin trading ...

[Headline]: Lily Liu: Solana’s Powerhouse Ambassador
[Summary]: The Solana blockchain's two-year comeback story may have reached its zenith with SOL's record high in late November. But, two months earlier, the blockchain's community had already come together to pl...

[Headline]: Dev's Defection Highlights Ethereum's Growing Solana Problem 
[Summary]: Ethereum's place near the top of the crypto market is unquestioned from the perspective of market cap. But beneath the surface – at the product, developer and decision-making levels – the original sma...

From 2024-12-13 to 2024-12-20, SOL-USD's stock price decreased from 224.84 to 194.21. News during this period are listed below:

[Headline]: The Protocol: Solana's Allure for Devs; Avalanche's Big Upgrade
[Summary]: Welcome to The Protocol, CoinDesk's weekly wrap-up of the most important stories in cryptocurrency tech development. I'm Marc Hochstein, CoinDesk's deputy editor-in-chief for features, opinion and sta...

[Headline]: Solana Smashes Record With 66.9M Daily Transactions as Pengu Token Debuts
[Summary]: Solana's network activity lit up on Tuesday as the Pudgy Penguins NFT project debuted its native token, PENGU, on the programmable blockchain.

The layer 1 blockchain, considered a cheap alternative t...

From 2024-12-20 to 2024-12-27, SOL-USD's stock price decreased from 194.21 to 183.83. News during this period are listed below:

[Headline]: Solana Layer 2 Sonic to Airdrop SONIC Token to TikTok Users 
[Summary]: Solana-based gaming-focused layer-2 blockchain Sonic will airdrop its SONIC token to all its users onboarded through social-media platform TikTok.

Sonic built its SonicX game natively inside TikTok, ...



Based on all the information before 2024-12-27, let's first analyze the positive developments and potential concerns for SOL-USD. Come up with 2-4 most important factors respectively and keep them concise. Most factors should be inferred from cryptocurrencies related news. Then let's assume your prediction for next week (2024-12-27 to 2025-01-03) is up by 2-3%. Provide a summary analysis to support your prediction. The prediction result need to be inferred from your analysis at the end, and thus not appearing as a foundational factor of your analysis.","### Analysis Request 1

[Positive Developments]:
1. **Increased Developer Interest**: Solana has attracted a significant number of new cryptocurrency developers in 2024, as reported by Electric Capital. This indicates growing interest and potential innovations in the ecosystem.
2. **Grayscale ETF Filing**: Grayscale's filing to convert its Solana Trust into an ETF suggests increased institutional interest and potential inflows of capital.
3. **New Projects and Partnerships**: The launch of new projects like Ranger Finance and Perena, along with the debut of the Pudgy Penguins NFT token, highlights the ecosystem's vibrancy and growth potential.
4. **Layer 2 Developments**: The airdrop of the SONIC token by Solana-based layer 2 blockchain Sonic to TikTok users shows innovative marketing strategies and potential user growth.

[Potential Concerns]:
1. **Competition from Ethereum**: Ethereum developer Justin Drake's comments and the defection of developers to Solana highlight the competitive pressure from Ethereum, which could impact Solana's long-term prospects.
2. **Market Sentiment**: The consistent decrease in SOL-USD's price over the past weeks may indicate bearish market sentiment, which could continue to affect the price negatively.
3. **Regulatory Uncertainty**: The regulatory environment for cryptocurrencies remains uncertain, which could impact the approval and success of Grayscale's ETF filing and other institutional investments.
4. **Network Congestion**: High network activity, such as the record-breaking daily transactions due to the Pudgy Penguins NFT debut, could lead to congestion and performance issues if not managed properly.

[Prediction & Analysis]:
The recent developments for Solana present a mixed picture. On one hand, the increased developer interest, institutional investments, and new projects indicate a robust and growing ecosystem. These factors suggest that Solana has strong fundamentals that could drive long-term growth. However, the competitive pressure from Ethereum and the recent bearish market sentiment are significant concerns. Despite these concerns, the positive developments, particularly the institutional interest and innovative projects, are likely to provide some upward momentum. Therefore, a modest price increase of 2-3% for SOL-USD in the upcoming week is a reasonable prediction, supported by the ongoing developments and potential inflows of capital."
