,End Date,Start Date,End Price,Start Price,Weekly Returns,Bin Label,News,Basics
0,2024-01-12,2024-01-05,0.10692299902439117,0.10446000099182129,0.023578384158379685,U3,"[{""date"": ""20231204052653"", ""headline"": ""TRX Trades at Premium on Poloniex as Arbitrage Lures Risk Takers"", ""summary"": ""Tron's native token [TRX] traded at a premium of up to 17% over the weekend on the recently hacked exchange Poloniex, creating a potentially lucrative arbitrage trade.\n\nThe premium has since shrunk to..."", ""url"": ""https://coindesk.com/markets/2023/12/04/trx-trades-at-premium-on-poloniex-as-arbitrage-lures-risk-takers"", ""source"": ""CoinDesk"", ""sentiment"": ""NEUTRAL"", ""keywords"": ""TRX|Tron|Arbitrage|Trade"", ""id"": 42419063, ""guid"": ""ha93388BwWkPe8xtcUDVQT""}, {""date"": ""20230411230804"", ""headline"": ""Tron\u2019s TRX Drops 6% as Binance.US Delists the Token"", ""summary"": ""Tron\u2019s TRX token has been delisted on Binance.US.\n\nThis comes weeks after the U.S. Securities and Exchange Commission sued Tron's Justin Sun over allegations of selling and airdropping unregistered se..."", ""url"": ""https://coindesk.com/markets/2023/04/12/trons-trx-down-6-as-binanceus-delists-token"", ""source"": ""CoinDesk"", ""sentiment"": ""NEGATIVE"", ""keywords"": ""Tron|TRX|Justin Sun|Binance US"", ""id"": 42412340, ""guid"": ""PU3faaK1X8MGOraUJl4dG8""}, {""date"": ""20230322155856"", ""headline"": ""Tron Network\u2019s TRX Drops 13% Following SEC Charges Against Justin Sun"", ""summary"": ""The Tron network\u2019s native TRX token dropped 13%, per CoinDesk data, from 6.7 cents to 5.8 cents after the Securities and Exchange Commission (SEC) announced charges against Justin Sun and three of his..."", ""url"": ""https://coindesk.com/markets/2023/03/22/tron-networks-trx-drops-13-following-sec-charges-against-justin-sun"", ""source"": ""CoinDesk"", ""sentiment"": ""NEGATIVE"", ""keywords"": ""SEC|Justin Sun|Tron|Tron Foundation|TRX"", ""id"": 42414125, ""guid"": ""Qdo0jHtYInnpQ8tboAwM4D""}, {""date"": ""20221110142643"", ""headline"": ""Tron's TRX Jumps 140% Amid 1:1 FTX Redemption of Tron-Based Tokens"", ""summary"": ""TRX, the native token of the Tron network, surged over 140% on cryptocurrency exchange FTX, from 12 cents to 29 cents after Tron founder Justin Sun agreed to move Tron-based assets from FTX to externa..."", ""url"": ""https://coindesk.com/markets/2022/11/10/trons-trx-token-jumps-140-amid-ftx-redemption-of-tron-based-tokens"", ""source"": ""CoinDesk"", ""sentiment"": ""POSITIVE"", ""keywords"": ""Tron|FTX|Sam Bankman-Fried|Binance"", ""id"": 42414968, ""guid"": ""Qdo0jHtYInnpQ8tboBVT57""}, {""date"": ""20221110033624"", ""headline"": ""TRX Momentarily Surges 4,000% on FTX After Justin Sun Emerges as Latest 'Would Be' FTX Savior"", ""summary"": ""Tron network\u2019s native TRX token momentarily surged some 4,000%, from 6 cents to $2.50, on embattled crypto exchange FTX even though they are trading for 6 cents on other prominent exchanges, such as B..."", ""url"": ""https://coindesk.com/markets/2022/11/10/trx-momentarily-surges-4000-on-ftx-as-justin-sun-emerges-as-latest-would-be-ftx-savior"", ""source"": ""CoinDesk"", ""sentiment"": ""POSITIVE"", ""keywords"": ""Trading|Tron|Markets"", ""id"": 42415030, ""guid"": ""Qdo0jHtYInnpQ8tboBVqcO""}]",{}
1,2024-01-19,2024-01-12,0.11035799980163574,0.10692299902439117,0.03212592995507897,U4,"[{""date"": ""20231204052653"", ""headline"": ""TRX Trades at Premium on Poloniex as Arbitrage Lures Risk Takers"", ""summary"": ""Tron's native token [TRX] traded at a premium of up to 17% over the weekend on the recently hacked exchange Poloniex, creating a potentially lucrative arbitrage trade.\n\nThe premium has since shrunk to..."", ""url"": ""https://coindesk.com/markets/2023/12/04/trx-trades-at-premium-on-poloniex-as-arbitrage-lures-risk-takers"", ""source"": ""CoinDesk"", ""sentiment"": ""NEUTRAL"", ""keywords"": ""TRX|Tron|Arbitrage|Trade"", ""id"": 42419063, ""guid"": ""ha93388BwWkPe8xtcUDVQT""}, {""date"": ""20230411230804"", ""headline"": ""Tron\u2019s TRX Drops 6% as Binance.US Delists the Token"", ""summary"": ""Tron\u2019s TRX token has been delisted on Binance.US.\n\nThis comes weeks after the U.S. Securities and Exchange Commission sued Tron's Justin Sun over allegations of selling and airdropping unregistered se..."", ""url"": ""https://coindesk.com/markets/2023/04/12/trons-trx-down-6-as-binanceus-delists-token"", ""source"": ""CoinDesk"", ""sentiment"": ""NEGATIVE"", ""keywords"": ""Tron|TRX|Justin Sun|Binance US"", ""id"": 42412340, ""guid"": ""PU3faaK1X8MGOraUJl4dG8""}, {""date"": ""20230322155856"", ""headline"": ""Tron Network\u2019s TRX Drops 13% Following SEC Charges Against Justin Sun"", ""summary"": ""The Tron network\u2019s native TRX token dropped 13%, per CoinDesk data, from 6.7 cents to 5.8 cents after the Securities and Exchange Commission (SEC) announced charges against Justin Sun and three of his..."", ""url"": ""https://coindesk.com/markets/2023/03/22/tron-networks-trx-drops-13-following-sec-charges-against-justin-sun"", ""source"": ""CoinDesk"", ""sentiment"": ""NEGATIVE"", ""keywords"": ""SEC|Justin Sun|Tron|Tron Foundation|TRX"", ""id"": 42414125, ""guid"": ""Qdo0jHtYInnpQ8tboAwM4D""}, {""date"": ""20221110142643"", ""headline"": ""Tron's TRX Jumps 140% Amid 1:1 FTX Redemption of Tron-Based Tokens"", ""summary"": ""TRX, the native token of the Tron network, surged over 140% on cryptocurrency exchange FTX, from 12 cents to 29 cents after Tron founder Justin Sun agreed to move Tron-based assets from FTX to externa..."", ""url"": ""https://coindesk.com/markets/2022/11/10/trons-trx-token-jumps-140-amid-ftx-redemption-of-tron-based-tokens"", ""source"": ""CoinDesk"", ""sentiment"": ""POSITIVE"", ""keywords"": ""Tron|FTX|Sam Bankman-Fried|Binance"", ""id"": 42414968, ""guid"": ""Qdo0jHtYInnpQ8tboBVT57""}, {""date"": ""20221110033624"", ""headline"": ""TRX Momentarily Surges 4,000% on FTX After Justin Sun Emerges as Latest 'Would Be' FTX Savior"", ""summary"": ""Tron network\u2019s native TRX token momentarily surged some 4,000%, from 6 cents to $2.50, on embattled crypto exchange FTX even though they are trading for 6 cents on other prominent exchanges, such as B..."", ""url"": ""https://coindesk.com/markets/2022/11/10/trx-momentarily-surges-4000-on-ftx-as-justin-sun-emerges-as-latest-would-be-ftx-savior"", ""source"": ""CoinDesk"", ""sentiment"": ""POSITIVE"", ""keywords"": ""Trading|Tron|Markets"", ""id"": 42415030, ""guid"": ""Qdo0jHtYInnpQ8tboBVqcO""}]",{}
2,2024-01-26,2024-01-19,0.11452200263738632,0.11035799980163574,0.037731771536591956,U4,"[{""date"": ""20231204052653"", ""headline"": ""TRX Trades at Premium on Poloniex as Arbitrage Lures Risk Takers"", ""summary"": ""Tron's native token [TRX] traded at a premium of up to 17% over the weekend on the recently hacked exchange Poloniex, creating a potentially lucrative arbitrage trade.\n\nThe premium has since shrunk to..."", ""url"": ""https://coindesk.com/markets/2023/12/04/trx-trades-at-premium-on-poloniex-as-arbitrage-lures-risk-takers"", ""source"": ""CoinDesk"", ""sentiment"": ""NEUTRAL"", ""keywords"": ""TRX|Tron|Arbitrage|Trade"", ""id"": 42419063, ""guid"": ""ha93388BwWkPe8xtcUDVQT""}, {""date"": ""20230411230804"", ""headline"": ""Tron\u2019s TRX Drops 6% as Binance.US Delists the Token"", ""summary"": ""Tron\u2019s TRX token has been delisted on Binance.US.\n\nThis comes weeks after the U.S. Securities and Exchange Commission sued Tron's Justin Sun over allegations of selling and airdropping unregistered se..."", ""url"": ""https://coindesk.com/markets/2023/04/12/trons-trx-down-6-as-binanceus-delists-token"", ""source"": ""CoinDesk"", ""sentiment"": ""NEGATIVE"", ""keywords"": ""Tron|TRX|Justin Sun|Binance US"", ""id"": 42412340, ""guid"": ""PU3faaK1X8MGOraUJl4dG8""}, {""date"": ""20230322155856"", ""headline"": ""Tron Network\u2019s TRX Drops 13% Following SEC Charges Against Justin Sun"", ""summary"": ""The Tron network\u2019s native TRX token dropped 13%, per CoinDesk data, from 6.7 cents to 5.8 cents after the Securities and Exchange Commission (SEC) announced charges against Justin Sun and three of his..."", ""url"": ""https://coindesk.com/markets/2023/03/22/tron-networks-trx-drops-13-following-sec-charges-against-justin-sun"", ""source"": ""CoinDesk"", ""sentiment"": ""NEGATIVE"", ""keywords"": ""SEC|Justin Sun|Tron|Tron Foundation|TRX"", ""id"": 42414125, ""guid"": ""Qdo0jHtYInnpQ8tboAwM4D""}, {""date"": ""20221110142643"", ""headline"": ""Tron's TRX Jumps 140% Amid 1:1 FTX Redemption of Tron-Based Tokens"", ""summary"": ""TRX, the native token of the Tron network, surged over 140% on cryptocurrency exchange FTX, from 12 cents to 29 cents after Tron founder Justin Sun agreed to move Tron-based assets from FTX to externa..."", ""url"": ""https://coindesk.com/markets/2022/11/10/trons-trx-token-jumps-140-amid-ftx-redemption-of-tron-based-tokens"", ""source"": ""CoinDesk"", ""sentiment"": ""POSITIVE"", ""keywords"": ""Tron|FTX|Sam Bankman-Fried|Binance"", ""id"": 42414968, ""guid"": ""Qdo0jHtYInnpQ8tboBVT57""}, {""date"": ""20221110033624"", ""headline"": ""TRX Momentarily Surges 4,000% on FTX After Justin Sun Emerges as Latest 'Would Be' FTX Savior"", ""summary"": ""Tron network\u2019s native TRX token momentarily surged some 4,000%, from 6 cents to $2.50, on embattled crypto exchange FTX even though they are trading for 6 cents on other prominent exchanges, such as B..."", ""url"": ""https://coindesk.com/markets/2022/11/10/trx-momentarily-surges-4000-on-ftx-as-justin-sun-emerges-as-latest-would-be-ftx-savior"", ""source"": ""CoinDesk"", ""sentiment"": ""POSITIVE"", ""keywords"": ""Trading|Tron|Markets"", ""id"": 42415030, ""guid"": ""Qdo0jHtYInnpQ8tboBVqcO""}]",{}
3,2024-02-02,2024-01-26,0.11627999693155289,0.11452200263738632,0.015350712122394009,U2,"[{""date"": ""20231204052653"", ""headline"": ""TRX Trades at Premium on Poloniex as Arbitrage Lures Risk Takers"", ""summary"": ""Tron's native token [TRX] traded at a premium of up to 17% over the weekend on the recently hacked exchange Poloniex, creating a potentially lucrative arbitrage trade.\n\nThe premium has since shrunk to..."", ""url"": ""https://coindesk.com/markets/2023/12/04/trx-trades-at-premium-on-poloniex-as-arbitrage-lures-risk-takers"", ""source"": ""CoinDesk"", ""sentiment"": ""NEUTRAL"", ""keywords"": ""TRX|Tron|Arbitrage|Trade"", ""id"": 42419063, ""guid"": ""ha93388BwWkPe8xtcUDVQT""}, {""date"": ""20230411230804"", ""headline"": ""Tron\u2019s TRX Drops 6% as Binance.US Delists the Token"", ""summary"": ""Tron\u2019s TRX token has been delisted on Binance.US.\n\nThis comes weeks after the U.S. Securities and Exchange Commission sued Tron's Justin Sun over allegations of selling and airdropping unregistered se..."", ""url"": ""https://coindesk.com/markets/2023/04/12/trons-trx-down-6-as-binanceus-delists-token"", ""source"": ""CoinDesk"", ""sentiment"": ""NEGATIVE"", ""keywords"": ""Tron|TRX|Justin Sun|Binance US"", ""id"": 42412340, ""guid"": ""PU3faaK1X8MGOraUJl4dG8""}, {""date"": ""20230322155856"", ""headline"": ""Tron Network\u2019s TRX Drops 13% Following SEC Charges Against Justin Sun"", ""summary"": ""The Tron network\u2019s native TRX token dropped 13%, per CoinDesk data, from 6.7 cents to 5.8 cents after the Securities and Exchange Commission (SEC) announced charges against Justin Sun and three of his..."", ""url"": ""https://coindesk.com/markets/2023/03/22/tron-networks-trx-drops-13-following-sec-charges-against-justin-sun"", ""source"": ""CoinDesk"", ""sentiment"": ""NEGATIVE"", ""keywords"": ""SEC|Justin Sun|Tron|Tron Foundation|TRX"", ""id"": 42414125, ""guid"": ""Qdo0jHtYInnpQ8tboAwM4D""}, {""date"": ""20221110142643"", ""headline"": ""Tron's TRX Jumps 140% Amid 1:1 FTX Redemption of Tron-Based Tokens"", ""summary"": ""TRX, the native token of the Tron network, surged over 140% on cryptocurrency exchange FTX, from 12 cents to 29 cents after Tron founder Justin Sun agreed to move Tron-based assets from FTX to externa..."", ""url"": ""https://coindesk.com/markets/2022/11/10/trons-trx-token-jumps-140-amid-ftx-redemption-of-tron-based-tokens"", ""source"": ""CoinDesk"", ""sentiment"": ""POSITIVE"", ""keywords"": ""Tron|FTX|Sam Bankman-Fried|Binance"", ""id"": 42414968, ""guid"": ""Qdo0jHtYInnpQ8tboBVT57""}, {""date"": ""20221110033624"", ""headline"": ""TRX Momentarily Surges 4,000% on FTX After Justin Sun Emerges as Latest 'Would Be' FTX Savior"", ""summary"": ""Tron network\u2019s native TRX token momentarily surged some 4,000%, from 6 cents to $2.50, on embattled crypto exchange FTX even though they are trading for 6 cents on other prominent exchanges, such as B..."", ""url"": ""https://coindesk.com/markets/2022/11/10/trx-momentarily-surges-4000-on-ftx-as-justin-sun-emerges-as-latest-would-be-ftx-savior"", ""source"": ""CoinDesk"", ""sentiment"": ""POSITIVE"", ""keywords"": ""Trading|Tron|Markets"", ""id"": 42415030, ""guid"": ""Qdo0jHtYInnpQ8tboBVqcO""}]",{}
4,2024-02-09,2024-02-02,0.12377600371837616,0.11627999693155289,0.06446514434667319,U5+,"[{""date"": ""20231204052653"", ""headline"": ""TRX Trades at Premium on Poloniex as Arbitrage Lures Risk Takers"", ""summary"": ""Tron's native token [TRX] traded at a premium of up to 17% over the weekend on the recently hacked exchange Poloniex, creating a potentially lucrative arbitrage trade.\n\nThe premium has since shrunk to..."", ""url"": ""https://coindesk.com/markets/2023/12/04/trx-trades-at-premium-on-poloniex-as-arbitrage-lures-risk-takers"", ""source"": ""CoinDesk"", ""sentiment"": ""NEUTRAL"", ""keywords"": ""TRX|Tron|Arbitrage|Trade"", ""id"": 42419063, ""guid"": ""ha93388BwWkPe8xtcUDVQT""}, {""date"": ""20230411230804"", ""headline"": ""Tron\u2019s TRX Drops 6% as Binance.US Delists the Token"", ""summary"": ""Tron\u2019s TRX token has been delisted on Binance.US.\n\nThis comes weeks after the U.S. Securities and Exchange Commission sued Tron's Justin Sun over allegations of selling and airdropping unregistered se..."", ""url"": ""https://coindesk.com/markets/2023/04/12/trons-trx-down-6-as-binanceus-delists-token"", ""source"": ""CoinDesk"", ""sentiment"": ""NEGATIVE"", ""keywords"": ""Tron|TRX|Justin Sun|Binance US"", ""id"": 42412340, ""guid"": ""PU3faaK1X8MGOraUJl4dG8""}, {""date"": ""20230322155856"", ""headline"": ""Tron Network\u2019s TRX Drops 13% Following SEC Charges Against Justin Sun"", ""summary"": ""The Tron network\u2019s native TRX token dropped 13%, per CoinDesk data, from 6.7 cents to 5.8 cents after the Securities and Exchange Commission (SEC) announced charges against Justin Sun and three of his..."", ""url"": ""https://coindesk.com/markets/2023/03/22/tron-networks-trx-drops-13-following-sec-charges-against-justin-sun"", ""source"": ""CoinDesk"", ""sentiment"": ""NEGATIVE"", ""keywords"": ""SEC|Justin Sun|Tron|Tron Foundation|TRX"", ""id"": 42414125, ""guid"": ""Qdo0jHtYInnpQ8tboAwM4D""}, {""date"": ""20221110142643"", ""headline"": ""Tron's TRX Jumps 140% Amid 1:1 FTX Redemption of Tron-Based Tokens"", ""summary"": ""TRX, the native token of the Tron network, surged over 140% on cryptocurrency exchange FTX, from 12 cents to 29 cents after Tron founder Justin Sun agreed to move Tron-based assets from FTX to externa..."", ""url"": ""https://coindesk.com/markets/2022/11/10/trons-trx-token-jumps-140-amid-ftx-redemption-of-tron-based-tokens"", ""source"": ""CoinDesk"", ""sentiment"": ""POSITIVE"", ""keywords"": ""Tron|FTX|Sam Bankman-Fried|Binance"", ""id"": 42414968, ""guid"": ""Qdo0jHtYInnpQ8tboBVT57""}, {""date"": ""20221110033624"", ""headline"": ""TRX Momentarily Surges 4,000% on FTX After Justin Sun Emerges as Latest 'Would Be' FTX Savior"", ""summary"": ""Tron network\u2019s native TRX token momentarily surged some 4,000%, from 6 cents to $2.50, on embattled crypto exchange FTX even though they are trading for 6 cents on other prominent exchanges, such as B..."", ""url"": ""https://coindesk.com/markets/2022/11/10/trx-momentarily-surges-4000-on-ftx-as-justin-sun-emerges-as-latest-would-be-ftx-savior"", ""source"": ""CoinDesk"", ""sentiment"": ""POSITIVE"", ""keywords"": ""Trading|Tron|Markets"", ""id"": 42415030, ""guid"": ""Qdo0jHtYInnpQ8tboBVqcO""}]",{}
5,2024-02-16,2024-02-09,0.13292300701141357,0.12377600371837616,0.0738996495140473,U5+,"[{""date"": ""20240215041007"", ""headline"": ""BitTorrent's BTT Surges 12% as Owner Tron Completes TRX Burn"", ""summary"": ""BTT is up as Tron, the network it is issued on, completed another TRX burn.\n\nBTT tends to react to positive news from Tron even as TRX doesn't move to the same extent\n\nBTT, the eponymous token of BitT..."", ""url"": ""https://coindesk.com/markets/2024/02/15/bittorrents-btt-surges-12-as-owner-tron-completes-trx-burn"", ""source"": ""CoinDesk"", ""sentiment"": ""POSITIVE"", ""keywords"": ""TRX|Tron|Justin Sun|BitTorrent"", ""id"": 42391496, ""guid"": ""CpI5Y2Su0uMQDo69bexXOl""}]",{}
6,2024-02-23,2024-02-16,0.13818900287151337,0.13292300701141357,0.039616887839797534,U4,"[{""date"": ""20240220224837"", ""headline"": ""USDC Stablecoin Issuer Circle Dumps Tron Network; TRX Steady"", ""summary"": ""Circle is phasing out suppport for USDC on the Tron network, with minting of the stablecoin stopping immediately.\n\nThe company said the move is to ensure \""USDC remains trusted, transparent and safe.\""\n..."", ""url"": ""https://coindesk.com/markets/2024/02/21/usdc-stablecoins-issuer-circle-dumps-tron-network-trx-steady"", ""source"": ""CoinDesk"", ""sentiment"": ""NEUTRAL"", ""keywords"": ""Tron|Stablecoin|Markets"", ""id"": 42408785, ""guid"": ""GJVPKSa3D710Liw1gb2C4M""}]",{}
7,2024-03-01,2024-02-23,0.14159899950027466,0.13818900287151337,0.024676324149555298,U3,"[{""date"": ""20240220224837"", ""headline"": ""USDC Stablecoin Issuer Circle Dumps Tron Network; TRX Steady"", ""summary"": ""Circle is phasing out suppport for USDC on the Tron network, with minting of the stablecoin stopping immediately.\n\nThe company said the move is to ensure \""USDC remains trusted, transparent and safe.\""\n..."", ""url"": ""https://coindesk.com/markets/2024/02/21/usdc-stablecoins-issuer-circle-dumps-tron-network-trx-steady"", ""source"": ""CoinDesk"", ""sentiment"": ""NEUTRAL"", ""keywords"": ""Tron|Stablecoin|Markets"", ""id"": 42408785, ""guid"": ""GJVPKSa3D710Liw1gb2C4M""}, {""date"": ""20240215041007"", ""headline"": ""BitTorrent's BTT Surges 12% as Owner Tron Completes TRX Burn"", ""summary"": ""BTT is up as Tron, the network it is issued on, completed another TRX burn.\n\nBTT tends to react to positive news from Tron even as TRX doesn't move to the same extent\n\nBTT, the eponymous token of BitT..."", ""url"": ""https://coindesk.com/markets/2024/02/15/bittorrents-btt-surges-12-as-owner-tron-completes-trx-burn"", ""source"": ""CoinDesk"", ""sentiment"": ""POSITIVE"", ""keywords"": ""TRX|Tron|Justin Sun|BitTorrent"", ""id"": 42391496, ""guid"": ""CpI5Y2Su0uMQDo69bexXOl""}, {""date"": ""20231204052653"", ""headline"": ""TRX Trades at Premium on Poloniex as Arbitrage Lures Risk Takers"", ""summary"": ""Tron's native token [TRX] traded at a premium of up to 17% over the weekend on the recently hacked exchange Poloniex, creating a potentially lucrative arbitrage trade.\n\nThe premium has since shrunk to..."", ""url"": ""https://coindesk.com/markets/2023/12/04/trx-trades-at-premium-on-poloniex-as-arbitrage-lures-risk-takers"", ""source"": ""CoinDesk"", ""sentiment"": ""NEUTRAL"", ""keywords"": ""TRX|Tron|Arbitrage|Trade"", ""id"": 42419063, ""guid"": ""ha93388BwWkPe8xtcUDVQT""}, {""date"": ""20230411230804"", ""headline"": ""Tron\u2019s TRX Drops 6% as Binance.US Delists the Token"", ""summary"": ""Tron\u2019s TRX token has been delisted on Binance.US.\n\nThis comes weeks after the U.S. Securities and Exchange Commission sued Tron's Justin Sun over allegations of selling and airdropping unregistered se..."", ""url"": ""https://coindesk.com/markets/2023/04/12/trons-trx-down-6-as-binanceus-delists-token"", ""source"": ""CoinDesk"", ""sentiment"": ""NEGATIVE"", ""keywords"": ""Tron|TRX|Justin Sun|Binance US"", ""id"": 42412340, ""guid"": ""PU3faaK1X8MGOraUJl4dG8""}, {""date"": ""20230322155856"", ""headline"": ""Tron Network\u2019s TRX Drops 13% Following SEC Charges Against Justin Sun"", ""summary"": ""The Tron network\u2019s native TRX token dropped 13%, per CoinDesk data, from 6.7 cents to 5.8 cents after the Securities and Exchange Commission (SEC) announced charges against Justin Sun and three of his..."", ""url"": ""https://coindesk.com/markets/2023/03/22/tron-networks-trx-drops-13-following-sec-charges-against-justin-sun"", ""source"": ""CoinDesk"", ""sentiment"": ""NEGATIVE"", ""keywords"": ""SEC|Justin Sun|Tron|Tron Foundation|TRX"", ""id"": 42414125, ""guid"": ""Qdo0jHtYInnpQ8tboAwM4D""}]",{}
8,2024-03-08,2024-03-01,0.13694800436496735,0.14159899950027466,-0.032846242923476945,D4,"[{""date"": ""20240220224837"", ""headline"": ""USDC Stablecoin Issuer Circle Dumps Tron Network; TRX Steady"", ""summary"": ""Circle is phasing out suppport for USDC on the Tron network, with minting of the stablecoin stopping immediately.\n\nThe company said the move is to ensure \""USDC remains trusted, transparent and safe.\""\n..."", ""url"": ""https://coindesk.com/markets/2024/02/21/usdc-stablecoins-issuer-circle-dumps-tron-network-trx-steady"", ""source"": ""CoinDesk"", ""sentiment"": ""NEUTRAL"", ""keywords"": ""Tron|Stablecoin|Markets"", ""id"": 42408785, ""guid"": ""GJVPKSa3D710Liw1gb2C4M""}, {""date"": ""20240215041007"", ""headline"": ""BitTorrent's BTT Surges 12% as Owner Tron Completes TRX Burn"", ""summary"": ""BTT is up as Tron, the network it is issued on, completed another TRX burn.\n\nBTT tends to react to positive news from Tron even as TRX doesn't move to the same extent\n\nBTT, the eponymous token of BitT..."", ""url"": ""https://coindesk.com/markets/2024/02/15/bittorrents-btt-surges-12-as-owner-tron-completes-trx-burn"", ""source"": ""CoinDesk"", ""sentiment"": ""POSITIVE"", ""keywords"": ""TRX|Tron|Justin Sun|BitTorrent"", ""id"": 42391496, ""guid"": ""CpI5Y2Su0uMQDo69bexXOl""}, {""date"": ""20231204052653"", ""headline"": ""TRX Trades at Premium on Poloniex as Arbitrage Lures Risk Takers"", ""summary"": ""Tron's native token [TRX] traded at a premium of up to 17% over the weekend on the recently hacked exchange Poloniex, creating a potentially lucrative arbitrage trade.\n\nThe premium has since shrunk to..."", ""url"": ""https://coindesk.com/markets/2023/12/04/trx-trades-at-premium-on-poloniex-as-arbitrage-lures-risk-takers"", ""source"": ""CoinDesk"", ""sentiment"": ""NEUTRAL"", ""keywords"": ""TRX|Tron|Arbitrage|Trade"", ""id"": 42419063, ""guid"": ""ha93388BwWkPe8xtcUDVQT""}, {""date"": ""20230411230804"", ""headline"": ""Tron\u2019s TRX Drops 6% as Binance.US Delists the Token"", ""summary"": ""Tron\u2019s TRX token has been delisted on Binance.US.\n\nThis comes weeks after the U.S. Securities and Exchange Commission sued Tron's Justin Sun over allegations of selling and airdropping unregistered se..."", ""url"": ""https://coindesk.com/markets/2023/04/12/trons-trx-down-6-as-binanceus-delists-token"", ""source"": ""CoinDesk"", ""sentiment"": ""NEGATIVE"", ""keywords"": ""Tron|TRX|Justin Sun|Binance US"", ""id"": 42412340, ""guid"": ""PU3faaK1X8MGOraUJl4dG8""}, {""date"": ""20230322155856"", ""headline"": ""Tron Network\u2019s TRX Drops 13% Following SEC Charges Against Justin Sun"", ""summary"": ""The Tron network\u2019s native TRX token dropped 13%, per CoinDesk data, from 6.7 cents to 5.8 cents after the Securities and Exchange Commission (SEC) announced charges against Justin Sun and three of his..."", ""url"": ""https://coindesk.com/markets/2023/03/22/tron-networks-trx-drops-13-following-sec-charges-against-justin-sun"", ""source"": ""CoinDesk"", ""sentiment"": ""NEGATIVE"", ""keywords"": ""SEC|Justin Sun|Tron|Tron Foundation|TRX"", ""id"": 42414125, ""guid"": ""Qdo0jHtYInnpQ8tboAwM4D""}]",{}
9,2024-03-15,2024-03-08,0.12637099623680115,0.13694800436496735,-0.07723375143151705,D5+,"[{""date"": ""20240220224837"", ""headline"": ""USDC Stablecoin Issuer Circle Dumps Tron Network; TRX Steady"", ""summary"": ""Circle is phasing out suppport for USDC on the Tron network, with minting of the stablecoin stopping immediately.\n\nThe company said the move is to ensure \""USDC remains trusted, transparent and safe.\""\n..."", ""url"": ""https://coindesk.com/markets/2024/02/21/usdc-stablecoins-issuer-circle-dumps-tron-network-trx-steady"", ""source"": ""CoinDesk"", ""sentiment"": ""NEUTRAL"", ""keywords"": ""Tron|Stablecoin|Markets"", ""id"": 42408785, ""guid"": ""GJVPKSa3D710Liw1gb2C4M""}, {""date"": ""20240215041007"", ""headline"": ""BitTorrent's BTT Surges 12% as Owner Tron Completes TRX Burn"", ""summary"": ""BTT is up as Tron, the network it is issued on, completed another TRX burn.\n\nBTT tends to react to positive news from Tron even as TRX doesn't move to the same extent\n\nBTT, the eponymous token of BitT..."", ""url"": ""https://coindesk.com/markets/2024/02/15/bittorrents-btt-surges-12-as-owner-tron-completes-trx-burn"", ""source"": ""CoinDesk"", ""sentiment"": ""POSITIVE"", ""keywords"": ""TRX|Tron|Justin Sun|BitTorrent"", ""id"": 42391496, ""guid"": ""CpI5Y2Su0uMQDo69bexXOl""}, {""date"": ""20231204052653"", ""headline"": ""TRX Trades at Premium on Poloniex as Arbitrage Lures Risk Takers"", ""summary"": ""Tron's native token [TRX] traded at a premium of up to 17% over the weekend on the recently hacked exchange Poloniex, creating a potentially lucrative arbitrage trade.\n\nThe premium has since shrunk to..."", ""url"": ""https://coindesk.com/markets/2023/12/04/trx-trades-at-premium-on-poloniex-as-arbitrage-lures-risk-takers"", ""source"": ""CoinDesk"", ""sentiment"": ""NEUTRAL"", ""keywords"": ""TRX|Tron|Arbitrage|Trade"", ""id"": 42419063, ""guid"": ""ha93388BwWkPe8xtcUDVQT""}, {""date"": ""20230411230804"", ""headline"": ""Tron\u2019s TRX Drops 6% as Binance.US Delists the Token"", ""summary"": ""Tron\u2019s TRX token has been delisted on Binance.US.\n\nThis comes weeks after the U.S. Securities and Exchange Commission sued Tron's Justin Sun over allegations of selling and airdropping unregistered se..."", ""url"": ""https://coindesk.com/markets/2023/04/12/trons-trx-down-6-as-binanceus-delists-token"", ""source"": ""CoinDesk"", ""sentiment"": ""NEGATIVE"", ""keywords"": ""Tron|TRX|Justin Sun|Binance US"", ""id"": 42412340, ""guid"": ""PU3faaK1X8MGOraUJl4dG8""}, {""date"": ""20230322155856"", ""headline"": ""Tron Network\u2019s TRX Drops 13% Following SEC Charges Against Justin Sun"", ""summary"": ""The Tron network\u2019s native TRX token dropped 13%, per CoinDesk data, from 6.7 cents to 5.8 cents after the Securities and Exchange Commission (SEC) announced charges against Justin Sun and three of his..."", ""url"": ""https://coindesk.com/markets/2023/03/22/tron-networks-trx-drops-13-following-sec-charges-against-justin-sun"", ""source"": ""CoinDesk"", ""sentiment"": ""NEGATIVE"", ""keywords"": ""SEC|Justin Sun|Tron|Tron Foundation|TRX"", ""id"": 42414125, ""guid"": ""Qdo0jHtYInnpQ8tboAwM4D""}]",{}
10,2024-03-22,2024-03-15,0.11722800135612488,0.12637099623680115,-0.07235042179728968,D5+,"[{""date"": ""20240220224837"", ""headline"": ""USDC Stablecoin Issuer Circle Dumps Tron Network; TRX Steady"", ""summary"": ""Circle is phasing out suppport for USDC on the Tron network, with minting of the stablecoin stopping immediately.\n\nThe company said the move is to ensure \""USDC remains trusted, transparent and safe.\""\n..."", ""url"": ""https://coindesk.com/markets/2024/02/21/usdc-stablecoins-issuer-circle-dumps-tron-network-trx-steady"", ""source"": ""CoinDesk"", ""sentiment"": ""NEUTRAL"", ""keywords"": ""Tron|Stablecoin|Markets"", ""id"": 42408785, ""guid"": ""GJVPKSa3D710Liw1gb2C4M""}, {""date"": ""20240215041007"", ""headline"": ""BitTorrent's BTT Surges 12% as Owner Tron Completes TRX Burn"", ""summary"": ""BTT is up as Tron, the network it is issued on, completed another TRX burn.\n\nBTT tends to react to positive news from Tron even as TRX doesn't move to the same extent\n\nBTT, the eponymous token of BitT..."", ""url"": ""https://coindesk.com/markets/2024/02/15/bittorrents-btt-surges-12-as-owner-tron-completes-trx-burn"", ""source"": ""CoinDesk"", ""sentiment"": ""POSITIVE"", ""keywords"": ""TRX|Tron|Justin Sun|BitTorrent"", ""id"": 42391496, ""guid"": ""CpI5Y2Su0uMQDo69bexXOl""}, {""date"": ""20231204052653"", ""headline"": ""TRX Trades at Premium on Poloniex as Arbitrage Lures Risk Takers"", ""summary"": ""Tron's native token [TRX] traded at a premium of up to 17% over the weekend on the recently hacked exchange Poloniex, creating a potentially lucrative arbitrage trade.\n\nThe premium has since shrunk to..."", ""url"": ""https://coindesk.com/markets/2023/12/04/trx-trades-at-premium-on-poloniex-as-arbitrage-lures-risk-takers"", ""source"": ""CoinDesk"", ""sentiment"": ""NEUTRAL"", ""keywords"": ""TRX|Tron|Arbitrage|Trade"", ""id"": 42419063, ""guid"": ""ha93388BwWkPe8xtcUDVQT""}, {""date"": ""20230411230804"", ""headline"": ""Tron\u2019s TRX Drops 6% as Binance.US Delists the Token"", ""summary"": ""Tron\u2019s TRX token has been delisted on Binance.US.\n\nThis comes weeks after the U.S. Securities and Exchange Commission sued Tron's Justin Sun over allegations of selling and airdropping unregistered se..."", ""url"": ""https://coindesk.com/markets/2023/04/12/trons-trx-down-6-as-binanceus-delists-token"", ""source"": ""CoinDesk"", ""sentiment"": ""NEGATIVE"", ""keywords"": ""Tron|TRX|Justin Sun|Binance US"", ""id"": 42412340, ""guid"": ""PU3faaK1X8MGOraUJl4dG8""}, {""date"": ""20230322155856"", ""headline"": ""Tron Network\u2019s TRX Drops 13% Following SEC Charges Against Justin Sun"", ""summary"": ""The Tron network\u2019s native TRX token dropped 13%, per CoinDesk data, from 6.7 cents to 5.8 cents after the Securities and Exchange Commission (SEC) announced charges against Justin Sun and three of his..."", ""url"": ""https://coindesk.com/markets/2023/03/22/tron-networks-trx-drops-13-following-sec-charges-against-justin-sun"", ""source"": ""CoinDesk"", ""sentiment"": ""NEGATIVE"", ""keywords"": ""SEC|Justin Sun|Tron|Tron Foundation|TRX"", ""id"": 42414125, ""guid"": ""Qdo0jHtYInnpQ8tboAwM4D""}]",{}
11,2024-03-29,2024-03-22,0.11998499929904938,0.11722800135612488,0.023518254265455434,U3,"[{""date"": ""20240220224837"", ""headline"": ""USDC Stablecoin Issuer Circle Dumps Tron Network; TRX Steady"", ""summary"": ""Circle is phasing out suppport for USDC on the Tron network, with minting of the stablecoin stopping immediately.\n\nThe company said the move is to ensure \""USDC remains trusted, transparent and safe.\""\n..."", ""url"": ""https://coindesk.com/markets/2024/02/21/usdc-stablecoins-issuer-circle-dumps-tron-network-trx-steady"", ""source"": ""CoinDesk"", ""sentiment"": ""NEUTRAL"", ""keywords"": ""Tron|Stablecoin|Markets"", ""id"": 42408785, ""guid"": ""GJVPKSa3D710Liw1gb2C4M""}, {""date"": ""20240215041007"", ""headline"": ""BitTorrent's BTT Surges 12% as Owner Tron Completes TRX Burn"", ""summary"": ""BTT is up as Tron, the network it is issued on, completed another TRX burn.\n\nBTT tends to react to positive news from Tron even as TRX doesn't move to the same extent\n\nBTT, the eponymous token of BitT..."", ""url"": ""https://coindesk.com/markets/2024/02/15/bittorrents-btt-surges-12-as-owner-tron-completes-trx-burn"", ""source"": ""CoinDesk"", ""sentiment"": ""POSITIVE"", ""keywords"": ""TRX|Tron|Justin Sun|BitTorrent"", ""id"": 42391496, ""guid"": ""CpI5Y2Su0uMQDo69bexXOl""}, {""date"": ""20231204052653"", ""headline"": ""TRX Trades at Premium on Poloniex as Arbitrage Lures Risk Takers"", ""summary"": ""Tron's native token [TRX] traded at a premium of up to 17% over the weekend on the recently hacked exchange Poloniex, creating a potentially lucrative arbitrage trade.\n\nThe premium has since shrunk to..."", ""url"": ""https://coindesk.com/markets/2023/12/04/trx-trades-at-premium-on-poloniex-as-arbitrage-lures-risk-takers"", ""source"": ""CoinDesk"", ""sentiment"": ""NEUTRAL"", ""keywords"": ""TRX|Tron|Arbitrage|Trade"", ""id"": 42419063, ""guid"": ""ha93388BwWkPe8xtcUDVQT""}, {""date"": ""20230411230804"", ""headline"": ""Tron\u2019s TRX Drops 6% as Binance.US Delists the Token"", ""summary"": ""Tron\u2019s TRX token has been delisted on Binance.US.\n\nThis comes weeks after the U.S. Securities and Exchange Commission sued Tron's Justin Sun over allegations of selling and airdropping unregistered se..."", ""url"": ""https://coindesk.com/markets/2023/04/12/trons-trx-down-6-as-binanceus-delists-token"", ""source"": ""CoinDesk"", ""sentiment"": ""NEGATIVE"", ""keywords"": ""Tron|TRX|Justin Sun|Binance US"", ""id"": 42412340, ""guid"": ""PU3faaK1X8MGOraUJl4dG8""}, {""date"": ""20230322155856"", ""headline"": ""Tron Network\u2019s TRX Drops 13% Following SEC Charges Against Justin Sun"", ""summary"": ""The Tron network\u2019s native TRX token dropped 13%, per CoinDesk data, from 6.7 cents to 5.8 cents after the Securities and Exchange Commission (SEC) announced charges against Justin Sun and three of his..."", ""url"": ""https://coindesk.com/markets/2023/03/22/tron-networks-trx-drops-13-following-sec-charges-against-justin-sun"", ""source"": ""CoinDesk"", ""sentiment"": ""NEGATIVE"", ""keywords"": ""SEC|Justin Sun|Tron|Tron Foundation|TRX"", ""id"": 42414125, ""guid"": ""Qdo0jHtYInnpQ8tboAwM4D""}]",{}
12,2024-04-05,2024-03-29,0.11796600371599197,0.11998499929904938,-0.01682706667377044,D2,"[{""date"": ""20240220224837"", ""headline"": ""USDC Stablecoin Issuer Circle Dumps Tron Network; TRX Steady"", ""summary"": ""Circle is phasing out suppport for USDC on the Tron network, with minting of the stablecoin stopping immediately.\n\nThe company said the move is to ensure \""USDC remains trusted, transparent and safe.\""\n..."", ""url"": ""https://coindesk.com/markets/2024/02/21/usdc-stablecoins-issuer-circle-dumps-tron-network-trx-steady"", ""source"": ""CoinDesk"", ""sentiment"": ""NEUTRAL"", ""keywords"": ""Tron|Stablecoin|Markets"", ""id"": 42408785, ""guid"": ""GJVPKSa3D710Liw1gb2C4M""}, {""date"": ""20240215041007"", ""headline"": ""BitTorrent's BTT Surges 12% as Owner Tron Completes TRX Burn"", ""summary"": ""BTT is up as Tron, the network it is issued on, completed another TRX burn.\n\nBTT tends to react to positive news from Tron even as TRX doesn't move to the same extent\n\nBTT, the eponymous token of BitT..."", ""url"": ""https://coindesk.com/markets/2024/02/15/bittorrents-btt-surges-12-as-owner-tron-completes-trx-burn"", ""source"": ""CoinDesk"", ""sentiment"": ""POSITIVE"", ""keywords"": ""TRX|Tron|Justin Sun|BitTorrent"", ""id"": 42391496, ""guid"": ""CpI5Y2Su0uMQDo69bexXOl""}, {""date"": ""20231204052653"", ""headline"": ""TRX Trades at Premium on Poloniex as Arbitrage Lures Risk Takers"", ""summary"": ""Tron's native token [TRX] traded at a premium of up to 17% over the weekend on the recently hacked exchange Poloniex, creating a potentially lucrative arbitrage trade.\n\nThe premium has since shrunk to..."", ""url"": ""https://coindesk.com/markets/2023/12/04/trx-trades-at-premium-on-poloniex-as-arbitrage-lures-risk-takers"", ""source"": ""CoinDesk"", ""sentiment"": ""NEUTRAL"", ""keywords"": ""TRX|Tron|Arbitrage|Trade"", ""id"": 42419063, ""guid"": ""ha93388BwWkPe8xtcUDVQT""}, {""date"": ""20230411230804"", ""headline"": ""Tron\u2019s TRX Drops 6% as Binance.US Delists the Token"", ""summary"": ""Tron\u2019s TRX token has been delisted on Binance.US.\n\nThis comes weeks after the U.S. Securities and Exchange Commission sued Tron's Justin Sun over allegations of selling and airdropping unregistered se..."", ""url"": ""https://coindesk.com/markets/2023/04/12/trons-trx-down-6-as-binanceus-delists-token"", ""source"": ""CoinDesk"", ""sentiment"": ""NEGATIVE"", ""keywords"": ""Tron|TRX|Justin Sun|Binance US"", ""id"": 42412340, ""guid"": ""PU3faaK1X8MGOraUJl4dG8""}, {""date"": ""20230322155856"", ""headline"": ""Tron Network\u2019s TRX Drops 13% Following SEC Charges Against Justin Sun"", ""summary"": ""The Tron network\u2019s native TRX token dropped 13%, per CoinDesk data, from 6.7 cents to 5.8 cents after the Securities and Exchange Commission (SEC) announced charges against Justin Sun and three of his..."", ""url"": ""https://coindesk.com/markets/2023/03/22/tron-networks-trx-drops-13-following-sec-charges-against-justin-sun"", ""source"": ""CoinDesk"", ""sentiment"": ""NEGATIVE"", ""keywords"": ""SEC|Justin Sun|Tron|Tron Foundation|TRX"", ""id"": 42414125, ""guid"": ""Qdo0jHtYInnpQ8tboAwM4D""}]",{}
13,2024-04-12,2024-04-05,0.11488000303506851,0.11796600371599197,-0.026160084971201838,D3,"[{""date"": ""20240220224837"", ""headline"": ""USDC Stablecoin Issuer Circle Dumps Tron Network; TRX Steady"", ""summary"": ""Circle is phasing out suppport for USDC on the Tron network, with minting of the stablecoin stopping immediately.\n\nThe company said the move is to ensure \""USDC remains trusted, transparent and safe.\""\n..."", ""url"": ""https://coindesk.com/markets/2024/02/21/usdc-stablecoins-issuer-circle-dumps-tron-network-trx-steady"", ""source"": ""CoinDesk"", ""sentiment"": ""NEUTRAL"", ""keywords"": ""Tron|Stablecoin|Markets"", ""id"": 42408785, ""guid"": ""GJVPKSa3D710Liw1gb2C4M""}, {""date"": ""20240215041007"", ""headline"": ""BitTorrent's BTT Surges 12% as Owner Tron Completes TRX Burn"", ""summary"": ""BTT is up as Tron, the network it is issued on, completed another TRX burn.\n\nBTT tends to react to positive news from Tron even as TRX doesn't move to the same extent\n\nBTT, the eponymous token of BitT..."", ""url"": ""https://coindesk.com/markets/2024/02/15/bittorrents-btt-surges-12-as-owner-tron-completes-trx-burn"", ""source"": ""CoinDesk"", ""sentiment"": ""POSITIVE"", ""keywords"": ""TRX|Tron|Justin Sun|BitTorrent"", ""id"": 42391496, ""guid"": ""CpI5Y2Su0uMQDo69bexXOl""}, {""date"": ""20231204052653"", ""headline"": ""TRX Trades at Premium on Poloniex as Arbitrage Lures Risk Takers"", ""summary"": ""Tron's native token [TRX] traded at a premium of up to 17% over the weekend on the recently hacked exchange Poloniex, creating a potentially lucrative arbitrage trade.\n\nThe premium has since shrunk to..."", ""url"": ""https://coindesk.com/markets/2023/12/04/trx-trades-at-premium-on-poloniex-as-arbitrage-lures-risk-takers"", ""source"": ""CoinDesk"", ""sentiment"": ""NEUTRAL"", ""keywords"": ""TRX|Tron|Arbitrage|Trade"", ""id"": 42419063, ""guid"": ""ha93388BwWkPe8xtcUDVQT""}, {""date"": ""20230411230804"", ""headline"": ""Tron\u2019s TRX Drops 6% as Binance.US Delists the Token"", ""summary"": ""Tron\u2019s TRX token has been delisted on Binance.US.\n\nThis comes weeks after the U.S. Securities and Exchange Commission sued Tron's Justin Sun over allegations of selling and airdropping unregistered se..."", ""url"": ""https://coindesk.com/markets/2023/04/12/trons-trx-down-6-as-binanceus-delists-token"", ""source"": ""CoinDesk"", ""sentiment"": ""NEGATIVE"", ""keywords"": ""Tron|TRX|Justin Sun|Binance US"", ""id"": 42412340, ""guid"": ""PU3faaK1X8MGOraUJl4dG8""}, {""date"": ""20230322155856"", ""headline"": ""Tron Network\u2019s TRX Drops 13% Following SEC Charges Against Justin Sun"", ""summary"": ""The Tron network\u2019s native TRX token dropped 13%, per CoinDesk data, from 6.7 cents to 5.8 cents after the Securities and Exchange Commission (SEC) announced charges against Justin Sun and three of his..."", ""url"": ""https://coindesk.com/markets/2023/03/22/tron-networks-trx-drops-13-following-sec-charges-against-justin-sun"", ""source"": ""CoinDesk"", ""sentiment"": ""NEGATIVE"", ""keywords"": ""SEC|Justin Sun|Tron|Tron Foundation|TRX"", ""id"": 42414125, ""guid"": ""Qdo0jHtYInnpQ8tboAwM4D""}]",{}
14,2024-04-19,2024-04-12,0.10994800180196762,0.11488000303506851,-0.04293176447423437,D5,"[{""date"": ""20240220224837"", ""headline"": ""USDC Stablecoin Issuer Circle Dumps Tron Network; TRX Steady"", ""summary"": ""Circle is phasing out suppport for USDC on the Tron network, with minting of the stablecoin stopping immediately.\n\nThe company said the move is to ensure \""USDC remains trusted, transparent and safe.\""\n..."", ""url"": ""https://coindesk.com/markets/2024/02/21/usdc-stablecoins-issuer-circle-dumps-tron-network-trx-steady"", ""source"": ""CoinDesk"", ""sentiment"": ""NEUTRAL"", ""keywords"": ""Tron|Stablecoin|Markets"", ""id"": 42408785, ""guid"": ""GJVPKSa3D710Liw1gb2C4M""}, {""date"": ""20240215041007"", ""headline"": ""BitTorrent's BTT Surges 12% as Owner Tron Completes TRX Burn"", ""summary"": ""BTT is up as Tron, the network it is issued on, completed another TRX burn.\n\nBTT tends to react to positive news from Tron even as TRX doesn't move to the same extent\n\nBTT, the eponymous token of BitT..."", ""url"": ""https://coindesk.com/markets/2024/02/15/bittorrents-btt-surges-12-as-owner-tron-completes-trx-burn"", ""source"": ""CoinDesk"", ""sentiment"": ""POSITIVE"", ""keywords"": ""TRX|Tron|Justin Sun|BitTorrent"", ""id"": 42391496, ""guid"": ""CpI5Y2Su0uMQDo69bexXOl""}, {""date"": ""20231204052653"", ""headline"": ""TRX Trades at Premium on Poloniex as Arbitrage Lures Risk Takers"", ""summary"": ""Tron's native token [TRX] traded at a premium of up to 17% over the weekend on the recently hacked exchange Poloniex, creating a potentially lucrative arbitrage trade.\n\nThe premium has since shrunk to..."", ""url"": ""https://coindesk.com/markets/2023/12/04/trx-trades-at-premium-on-poloniex-as-arbitrage-lures-risk-takers"", ""source"": ""CoinDesk"", ""sentiment"": ""NEUTRAL"", ""keywords"": ""TRX|Tron|Arbitrage|Trade"", ""id"": 42419063, ""guid"": ""ha93388BwWkPe8xtcUDVQT""}, {""date"": ""20230411230804"", ""headline"": ""Tron\u2019s TRX Drops 6% as Binance.US Delists the Token"", ""summary"": ""Tron\u2019s TRX token has been delisted on Binance.US.\n\nThis comes weeks after the U.S. Securities and Exchange Commission sued Tron's Justin Sun over allegations of selling and airdropping unregistered se..."", ""url"": ""https://coindesk.com/markets/2023/04/12/trons-trx-down-6-as-binanceus-delists-token"", ""source"": ""CoinDesk"", ""sentiment"": ""NEGATIVE"", ""keywords"": ""Tron|TRX|Justin Sun|Binance US"", ""id"": 42412340, ""guid"": ""PU3faaK1X8MGOraUJl4dG8""}, {""date"": ""20230322155856"", ""headline"": ""Tron Network\u2019s TRX Drops 13% Following SEC Charges Against Justin Sun"", ""summary"": ""The Tron network\u2019s native TRX token dropped 13%, per CoinDesk data, from 6.7 cents to 5.8 cents after the Securities and Exchange Commission (SEC) announced charges against Justin Sun and three of his..."", ""url"": ""https://coindesk.com/markets/2023/03/22/tron-networks-trx-drops-13-following-sec-charges-against-justin-sun"", ""source"": ""CoinDesk"", ""sentiment"": ""NEGATIVE"", ""keywords"": ""SEC|Justin Sun|Tron|Tron Foundation|TRX"", ""id"": 42414125, ""guid"": ""Qdo0jHtYInnpQ8tboAwM4D""}]",{}
15,2024-04-26,2024-04-19,0.12005499750375748,0.10994800180196762,0.09192523316607452,U5+,"[{""date"": ""20240220224837"", ""headline"": ""USDC Stablecoin Issuer Circle Dumps Tron Network; TRX Steady"", ""summary"": ""Circle is phasing out suppport for USDC on the Tron network, with minting of the stablecoin stopping immediately.\n\nThe company said the move is to ensure \""USDC remains trusted, transparent and safe.\""\n..."", ""url"": ""https://coindesk.com/markets/2024/02/21/usdc-stablecoins-issuer-circle-dumps-tron-network-trx-steady"", ""source"": ""CoinDesk"", ""sentiment"": ""NEUTRAL"", ""keywords"": ""Tron|Stablecoin|Markets"", ""id"": 42408785, ""guid"": ""GJVPKSa3D710Liw1gb2C4M""}, {""date"": ""20240215041007"", ""headline"": ""BitTorrent's BTT Surges 12% as Owner Tron Completes TRX Burn"", ""summary"": ""BTT is up as Tron, the network it is issued on, completed another TRX burn.\n\nBTT tends to react to positive news from Tron even as TRX doesn't move to the same extent\n\nBTT, the eponymous token of BitT..."", ""url"": ""https://coindesk.com/markets/2024/02/15/bittorrents-btt-surges-12-as-owner-tron-completes-trx-burn"", ""source"": ""CoinDesk"", ""sentiment"": ""POSITIVE"", ""keywords"": ""TRX|Tron|Justin Sun|BitTorrent"", ""id"": 42391496, ""guid"": ""CpI5Y2Su0uMQDo69bexXOl""}, {""date"": ""20231204052653"", ""headline"": ""TRX Trades at Premium on Poloniex as Arbitrage Lures Risk Takers"", ""summary"": ""Tron's native token [TRX] traded at a premium of up to 17% over the weekend on the recently hacked exchange Poloniex, creating a potentially lucrative arbitrage trade.\n\nThe premium has since shrunk to..."", ""url"": ""https://coindesk.com/markets/2023/12/04/trx-trades-at-premium-on-poloniex-as-arbitrage-lures-risk-takers"", ""source"": ""CoinDesk"", ""sentiment"": ""NEUTRAL"", ""keywords"": ""TRX|Tron|Arbitrage|Trade"", ""id"": 42419063, ""guid"": ""ha93388BwWkPe8xtcUDVQT""}, {""date"": ""20230411230804"", ""headline"": ""Tron\u2019s TRX Drops 6% as Binance.US Delists the Token"", ""summary"": ""Tron\u2019s TRX token has been delisted on Binance.US.\n\nThis comes weeks after the U.S. Securities and Exchange Commission sued Tron's Justin Sun over allegations of selling and airdropping unregistered se..."", ""url"": ""https://coindesk.com/markets/2023/04/12/trons-trx-down-6-as-binanceus-delists-token"", ""source"": ""CoinDesk"", ""sentiment"": ""NEGATIVE"", ""keywords"": ""Tron|TRX|Justin Sun|Binance US"", ""id"": 42412340, ""guid"": ""PU3faaK1X8MGOraUJl4dG8""}, {""date"": ""20230322155856"", ""headline"": ""Tron Network\u2019s TRX Drops 13% Following SEC Charges Against Justin Sun"", ""summary"": ""The Tron network\u2019s native TRX token dropped 13%, per CoinDesk data, from 6.7 cents to 5.8 cents after the Securities and Exchange Commission (SEC) announced charges against Justin Sun and three of his..."", ""url"": ""https://coindesk.com/markets/2023/03/22/tron-networks-trx-drops-13-following-sec-charges-against-justin-sun"", ""source"": ""CoinDesk"", ""sentiment"": ""NEGATIVE"", ""keywords"": ""SEC|Justin Sun|Tron|Tron Foundation|TRX"", ""id"": 42414125, ""guid"": ""Qdo0jHtYInnpQ8tboAwM4D""}]",{}
16,2024-05-03,2024-04-26,0.12276600301265717,0.12005499750375748,0.022581363252411377,U3,"[{""date"": ""20240220224837"", ""headline"": ""USDC Stablecoin Issuer Circle Dumps Tron Network; TRX Steady"", ""summary"": ""Circle is phasing out suppport for USDC on the Tron network, with minting of the stablecoin stopping immediately.\n\nThe company said the move is to ensure \""USDC remains trusted, transparent and safe.\""\n..."", ""url"": ""https://coindesk.com/markets/2024/02/21/usdc-stablecoins-issuer-circle-dumps-tron-network-trx-steady"", ""source"": ""CoinDesk"", ""sentiment"": ""NEUTRAL"", ""keywords"": ""Tron|Stablecoin|Markets"", ""id"": 42408785, ""guid"": ""GJVPKSa3D710Liw1gb2C4M""}, {""date"": ""20240215041007"", ""headline"": ""BitTorrent's BTT Surges 12% as Owner Tron Completes TRX Burn"", ""summary"": ""BTT is up as Tron, the network it is issued on, completed another TRX burn.\n\nBTT tends to react to positive news from Tron even as TRX doesn't move to the same extent\n\nBTT, the eponymous token of BitT..."", ""url"": ""https://coindesk.com/markets/2024/02/15/bittorrents-btt-surges-12-as-owner-tron-completes-trx-burn"", ""source"": ""CoinDesk"", ""sentiment"": ""POSITIVE"", ""keywords"": ""TRX|Tron|Justin Sun|BitTorrent"", ""id"": 42391496, ""guid"": ""CpI5Y2Su0uMQDo69bexXOl""}, {""date"": ""20231204052653"", ""headline"": ""TRX Trades at Premium on Poloniex as Arbitrage Lures Risk Takers"", ""summary"": ""Tron's native token [TRX] traded at a premium of up to 17% over the weekend on the recently hacked exchange Poloniex, creating a potentially lucrative arbitrage trade.\n\nThe premium has since shrunk to..."", ""url"": ""https://coindesk.com/markets/2023/12/04/trx-trades-at-premium-on-poloniex-as-arbitrage-lures-risk-takers"", ""source"": ""CoinDesk"", ""sentiment"": ""NEUTRAL"", ""keywords"": ""TRX|Tron|Arbitrage|Trade"", ""id"": 42419063, ""guid"": ""ha93388BwWkPe8xtcUDVQT""}, {""date"": ""20230411230804"", ""headline"": ""Tron\u2019s TRX Drops 6% as Binance.US Delists the Token"", ""summary"": ""Tron\u2019s TRX token has been delisted on Binance.US.\n\nThis comes weeks after the U.S. Securities and Exchange Commission sued Tron's Justin Sun over allegations of selling and airdropping unregistered se..."", ""url"": ""https://coindesk.com/markets/2023/04/12/trons-trx-down-6-as-binanceus-delists-token"", ""source"": ""CoinDesk"", ""sentiment"": ""NEGATIVE"", ""keywords"": ""Tron|TRX|Justin Sun|Binance US"", ""id"": 42412340, ""guid"": ""PU3faaK1X8MGOraUJl4dG8""}, {""date"": ""20230322155856"", ""headline"": ""Tron Network\u2019s TRX Drops 13% Following SEC Charges Against Justin Sun"", ""summary"": ""The Tron network\u2019s native TRX token dropped 13%, per CoinDesk data, from 6.7 cents to 5.8 cents after the Securities and Exchange Commission (SEC) announced charges against Justin Sun and three of his..."", ""url"": ""https://coindesk.com/markets/2023/03/22/tron-networks-trx-drops-13-following-sec-charges-against-justin-sun"", ""source"": ""CoinDesk"", ""sentiment"": ""NEGATIVE"", ""keywords"": ""SEC|Justin Sun|Tron|Tron Foundation|TRX"", ""id"": 42414125, ""guid"": ""Qdo0jHtYInnpQ8tboAwM4D""}]",{}
17,2024-05-10,2024-05-03,0.12736600637435913,0.12276600301265717,0.03746968418632726,U4,"[{""date"": ""20240220224837"", ""headline"": ""USDC Stablecoin Issuer Circle Dumps Tron Network; TRX Steady"", ""summary"": ""Circle is phasing out suppport for USDC on the Tron network, with minting of the stablecoin stopping immediately.\n\nThe company said the move is to ensure \""USDC remains trusted, transparent and safe.\""\n..."", ""url"": ""https://coindesk.com/markets/2024/02/21/usdc-stablecoins-issuer-circle-dumps-tron-network-trx-steady"", ""source"": ""CoinDesk"", ""sentiment"": ""NEUTRAL"", ""keywords"": ""Tron|Stablecoin|Markets"", ""id"": 42408785, ""guid"": ""GJVPKSa3D710Liw1gb2C4M""}, {""date"": ""20240215041007"", ""headline"": ""BitTorrent's BTT Surges 12% as Owner Tron Completes TRX Burn"", ""summary"": ""BTT is up as Tron, the network it is issued on, completed another TRX burn.\n\nBTT tends to react to positive news from Tron even as TRX doesn't move to the same extent\n\nBTT, the eponymous token of BitT..."", ""url"": ""https://coindesk.com/markets/2024/02/15/bittorrents-btt-surges-12-as-owner-tron-completes-trx-burn"", ""source"": ""CoinDesk"", ""sentiment"": ""POSITIVE"", ""keywords"": ""TRX|Tron|Justin Sun|BitTorrent"", ""id"": 42391496, ""guid"": ""CpI5Y2Su0uMQDo69bexXOl""}, {""date"": ""20231204052653"", ""headline"": ""TRX Trades at Premium on Poloniex as Arbitrage Lures Risk Takers"", ""summary"": ""Tron's native token [TRX] traded at a premium of up to 17% over the weekend on the recently hacked exchange Poloniex, creating a potentially lucrative arbitrage trade.\n\nThe premium has since shrunk to..."", ""url"": ""https://coindesk.com/markets/2023/12/04/trx-trades-at-premium-on-poloniex-as-arbitrage-lures-risk-takers"", ""source"": ""CoinDesk"", ""sentiment"": ""NEUTRAL"", ""keywords"": ""TRX|Tron|Arbitrage|Trade"", ""id"": 42419063, ""guid"": ""ha93388BwWkPe8xtcUDVQT""}, {""date"": ""20230411230804"", ""headline"": ""Tron\u2019s TRX Drops 6% as Binance.US Delists the Token"", ""summary"": ""Tron\u2019s TRX token has been delisted on Binance.US.\n\nThis comes weeks after the U.S. Securities and Exchange Commission sued Tron's Justin Sun over allegations of selling and airdropping unregistered se..."", ""url"": ""https://coindesk.com/markets/2023/04/12/trons-trx-down-6-as-binanceus-delists-token"", ""source"": ""CoinDesk"", ""sentiment"": ""NEGATIVE"", ""keywords"": ""Tron|TRX|Justin Sun|Binance US"", ""id"": 42412340, ""guid"": ""PU3faaK1X8MGOraUJl4dG8""}, {""date"": ""20230322155856"", ""headline"": ""Tron Network\u2019s TRX Drops 13% Following SEC Charges Against Justin Sun"", ""summary"": ""The Tron network\u2019s native TRX token dropped 13%, per CoinDesk data, from 6.7 cents to 5.8 cents after the Securities and Exchange Commission (SEC) announced charges against Justin Sun and three of his..."", ""url"": ""https://coindesk.com/markets/2023/03/22/tron-networks-trx-drops-13-following-sec-charges-against-justin-sun"", ""source"": ""CoinDesk"", ""sentiment"": ""NEGATIVE"", ""keywords"": ""SEC|Justin Sun|Tron|Tron Foundation|TRX"", ""id"": 42414125, ""guid"": ""Qdo0jHtYInnpQ8tboAwM4D""}]",{}
18,2024-05-17,2024-05-10,0.12441100180149078,0.12736600637435913,-0.02320088897333314,D3,"[{""date"": ""20240220224837"", ""headline"": ""USDC Stablecoin Issuer Circle Dumps Tron Network; TRX Steady"", ""summary"": ""Circle is phasing out suppport for USDC on the Tron network, with minting of the stablecoin stopping immediately.\n\nThe company said the move is to ensure \""USDC remains trusted, transparent and safe.\""\n..."", ""url"": ""https://coindesk.com/markets/2024/02/21/usdc-stablecoins-issuer-circle-dumps-tron-network-trx-steady"", ""source"": ""CoinDesk"", ""sentiment"": ""NEUTRAL"", ""keywords"": ""Tron|Stablecoin|Markets"", ""id"": 42408785, ""guid"": ""GJVPKSa3D710Liw1gb2C4M""}, {""date"": ""20240215041007"", ""headline"": ""BitTorrent's BTT Surges 12% as Owner Tron Completes TRX Burn"", ""summary"": ""BTT is up as Tron, the network it is issued on, completed another TRX burn.\n\nBTT tends to react to positive news from Tron even as TRX doesn't move to the same extent\n\nBTT, the eponymous token of BitT..."", ""url"": ""https://coindesk.com/markets/2024/02/15/bittorrents-btt-surges-12-as-owner-tron-completes-trx-burn"", ""source"": ""CoinDesk"", ""sentiment"": ""POSITIVE"", ""keywords"": ""TRX|Tron|Justin Sun|BitTorrent"", ""id"": 42391496, ""guid"": ""CpI5Y2Su0uMQDo69bexXOl""}, {""date"": ""20231204052653"", ""headline"": ""TRX Trades at Premium on Poloniex as Arbitrage Lures Risk Takers"", ""summary"": ""Tron's native token [TRX] traded at a premium of up to 17% over the weekend on the recently hacked exchange Poloniex, creating a potentially lucrative arbitrage trade.\n\nThe premium has since shrunk to..."", ""url"": ""https://coindesk.com/markets/2023/12/04/trx-trades-at-premium-on-poloniex-as-arbitrage-lures-risk-takers"", ""source"": ""CoinDesk"", ""sentiment"": ""NEUTRAL"", ""keywords"": ""TRX|Tron|Arbitrage|Trade"", ""id"": 42419063, ""guid"": ""ha93388BwWkPe8xtcUDVQT""}, {""date"": ""20230411230804"", ""headline"": ""Tron\u2019s TRX Drops 6% as Binance.US Delists the Token"", ""summary"": ""Tron\u2019s TRX token has been delisted on Binance.US.\n\nThis comes weeks after the U.S. Securities and Exchange Commission sued Tron's Justin Sun over allegations of selling and airdropping unregistered se..."", ""url"": ""https://coindesk.com/markets/2023/04/12/trons-trx-down-6-as-binanceus-delists-token"", ""source"": ""CoinDesk"", ""sentiment"": ""NEGATIVE"", ""keywords"": ""Tron|TRX|Justin Sun|Binance US"", ""id"": 42412340, ""guid"": ""PU3faaK1X8MGOraUJl4dG8""}, {""date"": ""20230322155856"", ""headline"": ""Tron Network\u2019s TRX Drops 13% Following SEC Charges Against Justin Sun"", ""summary"": ""The Tron network\u2019s native TRX token dropped 13%, per CoinDesk data, from 6.7 cents to 5.8 cents after the Securities and Exchange Commission (SEC) announced charges against Justin Sun and three of his..."", ""url"": ""https://coindesk.com/markets/2023/03/22/tron-networks-trx-drops-13-following-sec-charges-against-justin-sun"", ""source"": ""CoinDesk"", ""sentiment"": ""NEGATIVE"", ""keywords"": ""SEC|Justin Sun|Tron|Tron Foundation|TRX"", ""id"": 42414125, ""guid"": ""Qdo0jHtYInnpQ8tboAwM4D""}]",{}
19,2024-05-24,2024-05-17,0.1154559999704361,0.12441100180149078,-0.07197917950490598,D5+,"[{""date"": ""20240220224837"", ""headline"": ""USDC Stablecoin Issuer Circle Dumps Tron Network; TRX Steady"", ""summary"": ""Circle is phasing out suppport for USDC on the Tron network, with minting of the stablecoin stopping immediately.\n\nThe company said the move is to ensure \""USDC remains trusted, transparent and safe.\""\n..."", ""url"": ""https://coindesk.com/markets/2024/02/21/usdc-stablecoins-issuer-circle-dumps-tron-network-trx-steady"", ""source"": ""CoinDesk"", ""sentiment"": ""NEUTRAL"", ""keywords"": ""Tron|Stablecoin|Markets"", ""id"": 42408785, ""guid"": ""GJVPKSa3D710Liw1gb2C4M""}, {""date"": ""20240215041007"", ""headline"": ""BitTorrent's BTT Surges 12% as Owner Tron Completes TRX Burn"", ""summary"": ""BTT is up as Tron, the network it is issued on, completed another TRX burn.\n\nBTT tends to react to positive news from Tron even as TRX doesn't move to the same extent\n\nBTT, the eponymous token of BitT..."", ""url"": ""https://coindesk.com/markets/2024/02/15/bittorrents-btt-surges-12-as-owner-tron-completes-trx-burn"", ""source"": ""CoinDesk"", ""sentiment"": ""POSITIVE"", ""keywords"": ""TRX|Tron|Justin Sun|BitTorrent"", ""id"": 42391496, ""guid"": ""CpI5Y2Su0uMQDo69bexXOl""}, {""date"": ""20231204052653"", ""headline"": ""TRX Trades at Premium on Poloniex as Arbitrage Lures Risk Takers"", ""summary"": ""Tron's native token [TRX] traded at a premium of up to 17% over the weekend on the recently hacked exchange Poloniex, creating a potentially lucrative arbitrage trade.\n\nThe premium has since shrunk to..."", ""url"": ""https://coindesk.com/markets/2023/12/04/trx-trades-at-premium-on-poloniex-as-arbitrage-lures-risk-takers"", ""source"": ""CoinDesk"", ""sentiment"": ""NEUTRAL"", ""keywords"": ""TRX|Tron|Arbitrage|Trade"", ""id"": 42419063, ""guid"": ""ha93388BwWkPe8xtcUDVQT""}, {""date"": ""20230411230804"", ""headline"": ""Tron\u2019s TRX Drops 6% as Binance.US Delists the Token"", ""summary"": ""Tron\u2019s TRX token has been delisted on Binance.US.\n\nThis comes weeks after the U.S. Securities and Exchange Commission sued Tron's Justin Sun over allegations of selling and airdropping unregistered se..."", ""url"": ""https://coindesk.com/markets/2023/04/12/trons-trx-down-6-as-binanceus-delists-token"", ""source"": ""CoinDesk"", ""sentiment"": ""NEGATIVE"", ""keywords"": ""Tron|TRX|Justin Sun|Binance US"", ""id"": 42412340, ""guid"": ""PU3faaK1X8MGOraUJl4dG8""}, {""date"": ""20230322155856"", ""headline"": ""Tron Network\u2019s TRX Drops 13% Following SEC Charges Against Justin Sun"", ""summary"": ""The Tron network\u2019s native TRX token dropped 13%, per CoinDesk data, from 6.7 cents to 5.8 cents after the Securities and Exchange Commission (SEC) announced charges against Justin Sun and three of his..."", ""url"": ""https://coindesk.com/markets/2023/03/22/tron-networks-trx-drops-13-following-sec-charges-against-justin-sun"", ""source"": ""CoinDesk"", ""sentiment"": ""NEGATIVE"", ""keywords"": ""SEC|Justin Sun|Tron|Tron Foundation|TRX"", ""id"": 42414125, ""guid"": ""Qdo0jHtYInnpQ8tboAwM4D""}]",{}
20,2024-05-31,2024-05-24,0.11207299679517746,0.1154559999704361,-0.02930123316349861,D3,"[{""date"": ""20240220224837"", ""headline"": ""USDC Stablecoin Issuer Circle Dumps Tron Network; TRX Steady"", ""summary"": ""Circle is phasing out suppport for USDC on the Tron network, with minting of the stablecoin stopping immediately.\n\nThe company said the move is to ensure \""USDC remains trusted, transparent and safe.\""\n..."", ""url"": ""https://coindesk.com/markets/2024/02/21/usdc-stablecoins-issuer-circle-dumps-tron-network-trx-steady"", ""source"": ""CoinDesk"", ""sentiment"": ""NEUTRAL"", ""keywords"": ""Tron|Stablecoin|Markets"", ""id"": 42408785, ""guid"": ""GJVPKSa3D710Liw1gb2C4M""}, {""date"": ""20240215041007"", ""headline"": ""BitTorrent's BTT Surges 12% as Owner Tron Completes TRX Burn"", ""summary"": ""BTT is up as Tron, the network it is issued on, completed another TRX burn.\n\nBTT tends to react to positive news from Tron even as TRX doesn't move to the same extent\n\nBTT, the eponymous token of BitT..."", ""url"": ""https://coindesk.com/markets/2024/02/15/bittorrents-btt-surges-12-as-owner-tron-completes-trx-burn"", ""source"": ""CoinDesk"", ""sentiment"": ""POSITIVE"", ""keywords"": ""TRX|Tron|Justin Sun|BitTorrent"", ""id"": 42391496, ""guid"": ""CpI5Y2Su0uMQDo69bexXOl""}, {""date"": ""20231204052653"", ""headline"": ""TRX Trades at Premium on Poloniex as Arbitrage Lures Risk Takers"", ""summary"": ""Tron's native token [TRX] traded at a premium of up to 17% over the weekend on the recently hacked exchange Poloniex, creating a potentially lucrative arbitrage trade.\n\nThe premium has since shrunk to..."", ""url"": ""https://coindesk.com/markets/2023/12/04/trx-trades-at-premium-on-poloniex-as-arbitrage-lures-risk-takers"", ""source"": ""CoinDesk"", ""sentiment"": ""NEUTRAL"", ""keywords"": ""TRX|Tron|Arbitrage|Trade"", ""id"": 42419063, ""guid"": ""ha93388BwWkPe8xtcUDVQT""}, {""date"": ""20230411230804"", ""headline"": ""Tron\u2019s TRX Drops 6% as Binance.US Delists the Token"", ""summary"": ""Tron\u2019s TRX token has been delisted on Binance.US.\n\nThis comes weeks after the U.S. Securities and Exchange Commission sued Tron's Justin Sun over allegations of selling and airdropping unregistered se..."", ""url"": ""https://coindesk.com/markets/2023/04/12/trons-trx-down-6-as-binanceus-delists-token"", ""source"": ""CoinDesk"", ""sentiment"": ""NEGATIVE"", ""keywords"": ""Tron|TRX|Justin Sun|Binance US"", ""id"": 42412340, ""guid"": ""PU3faaK1X8MGOraUJl4dG8""}, {""date"": ""20230322155856"", ""headline"": ""Tron Network\u2019s TRX Drops 13% Following SEC Charges Against Justin Sun"", ""summary"": ""The Tron network\u2019s native TRX token dropped 13%, per CoinDesk data, from 6.7 cents to 5.8 cents after the Securities and Exchange Commission (SEC) announced charges against Justin Sun and three of his..."", ""url"": ""https://coindesk.com/markets/2023/03/22/tron-networks-trx-drops-13-following-sec-charges-against-justin-sun"", ""source"": ""CoinDesk"", ""sentiment"": ""NEGATIVE"", ""keywords"": ""SEC|Justin Sun|Tron|Tron Foundation|TRX"", ""id"": 42414125, ""guid"": ""Qdo0jHtYInnpQ8tboAwM4D""}]",{}
21,2024-06-07,2024-05-31,0.11271099746227264,0.11207299679517746,0.005692724254185712,U1,"[{""date"": ""20240220224837"", ""headline"": ""USDC Stablecoin Issuer Circle Dumps Tron Network; TRX Steady"", ""summary"": ""Circle is phasing out suppport for USDC on the Tron network, with minting of the stablecoin stopping immediately.\n\nThe company said the move is to ensure \""USDC remains trusted, transparent and safe.\""\n..."", ""url"": ""https://coindesk.com/markets/2024/02/21/usdc-stablecoins-issuer-circle-dumps-tron-network-trx-steady"", ""source"": ""CoinDesk"", ""sentiment"": ""NEUTRAL"", ""keywords"": ""Tron|Stablecoin|Markets"", ""id"": 42408785, ""guid"": ""GJVPKSa3D710Liw1gb2C4M""}, {""date"": ""20240215041007"", ""headline"": ""BitTorrent's BTT Surges 12% as Owner Tron Completes TRX Burn"", ""summary"": ""BTT is up as Tron, the network it is issued on, completed another TRX burn.\n\nBTT tends to react to positive news from Tron even as TRX doesn't move to the same extent\n\nBTT, the eponymous token of BitT..."", ""url"": ""https://coindesk.com/markets/2024/02/15/bittorrents-btt-surges-12-as-owner-tron-completes-trx-burn"", ""source"": ""CoinDesk"", ""sentiment"": ""POSITIVE"", ""keywords"": ""TRX|Tron|Justin Sun|BitTorrent"", ""id"": 42391496, ""guid"": ""CpI5Y2Su0uMQDo69bexXOl""}, {""date"": ""20231204052653"", ""headline"": ""TRX Trades at Premium on Poloniex as Arbitrage Lures Risk Takers"", ""summary"": ""Tron's native token [TRX] traded at a premium of up to 17% over the weekend on the recently hacked exchange Poloniex, creating a potentially lucrative arbitrage trade.\n\nThe premium has since shrunk to..."", ""url"": ""https://coindesk.com/markets/2023/12/04/trx-trades-at-premium-on-poloniex-as-arbitrage-lures-risk-takers"", ""source"": ""CoinDesk"", ""sentiment"": ""NEUTRAL"", ""keywords"": ""TRX|Tron|Arbitrage|Trade"", ""id"": 42419063, ""guid"": ""ha93388BwWkPe8xtcUDVQT""}, {""date"": ""20230411230804"", ""headline"": ""Tron\u2019s TRX Drops 6% as Binance.US Delists the Token"", ""summary"": ""Tron\u2019s TRX token has been delisted on Binance.US.\n\nThis comes weeks after the U.S. Securities and Exchange Commission sued Tron's Justin Sun over allegations of selling and airdropping unregistered se..."", ""url"": ""https://coindesk.com/markets/2023/04/12/trons-trx-down-6-as-binanceus-delists-token"", ""source"": ""CoinDesk"", ""sentiment"": ""NEGATIVE"", ""keywords"": ""Tron|TRX|Justin Sun|Binance US"", ""id"": 42412340, ""guid"": ""PU3faaK1X8MGOraUJl4dG8""}, {""date"": ""20230322155856"", ""headline"": ""Tron Network\u2019s TRX Drops 13% Following SEC Charges Against Justin Sun"", ""summary"": ""The Tron network\u2019s native TRX token dropped 13%, per CoinDesk data, from 6.7 cents to 5.8 cents after the Securities and Exchange Commission (SEC) announced charges against Justin Sun and three of his..."", ""url"": ""https://coindesk.com/markets/2023/03/22/tron-networks-trx-drops-13-following-sec-charges-against-justin-sun"", ""source"": ""CoinDesk"", ""sentiment"": ""NEGATIVE"", ""keywords"": ""SEC|Justin Sun|Tron|Tron Foundation|TRX"", ""id"": 42414125, ""guid"": ""Qdo0jHtYInnpQ8tboAwM4D""}]",{}
22,2024-06-14,2024-06-07,0.11641199886798859,0.11271099746227264,0.03283620488723619,U4,"[{""date"": ""20240220224837"", ""headline"": ""USDC Stablecoin Issuer Circle Dumps Tron Network; TRX Steady"", ""summary"": ""Circle is phasing out suppport for USDC on the Tron network, with minting of the stablecoin stopping immediately.\n\nThe company said the move is to ensure \""USDC remains trusted, transparent and safe.\""\n..."", ""url"": ""https://coindesk.com/markets/2024/02/21/usdc-stablecoins-issuer-circle-dumps-tron-network-trx-steady"", ""source"": ""CoinDesk"", ""sentiment"": ""NEUTRAL"", ""keywords"": ""Tron|Stablecoin|Markets"", ""id"": 42408785, ""guid"": ""GJVPKSa3D710Liw1gb2C4M""}, {""date"": ""20240215041007"", ""headline"": ""BitTorrent's BTT Surges 12% as Owner Tron Completes TRX Burn"", ""summary"": ""BTT is up as Tron, the network it is issued on, completed another TRX burn.\n\nBTT tends to react to positive news from Tron even as TRX doesn't move to the same extent\n\nBTT, the eponymous token of BitT..."", ""url"": ""https://coindesk.com/markets/2024/02/15/bittorrents-btt-surges-12-as-owner-tron-completes-trx-burn"", ""source"": ""CoinDesk"", ""sentiment"": ""POSITIVE"", ""keywords"": ""TRX|Tron|Justin Sun|BitTorrent"", ""id"": 42391496, ""guid"": ""CpI5Y2Su0uMQDo69bexXOl""}, {""date"": ""20231204052653"", ""headline"": ""TRX Trades at Premium on Poloniex as Arbitrage Lures Risk Takers"", ""summary"": ""Tron's native token [TRX] traded at a premium of up to 17% over the weekend on the recently hacked exchange Poloniex, creating a potentially lucrative arbitrage trade.\n\nThe premium has since shrunk to..."", ""url"": ""https://coindesk.com/markets/2023/12/04/trx-trades-at-premium-on-poloniex-as-arbitrage-lures-risk-takers"", ""source"": ""CoinDesk"", ""sentiment"": ""NEUTRAL"", ""keywords"": ""TRX|Tron|Arbitrage|Trade"", ""id"": 42419063, ""guid"": ""ha93388BwWkPe8xtcUDVQT""}, {""date"": ""20230411230804"", ""headline"": ""Tron\u2019s TRX Drops 6% as Binance.US Delists the Token"", ""summary"": ""Tron\u2019s TRX token has been delisted on Binance.US.\n\nThis comes weeks after the U.S. Securities and Exchange Commission sued Tron's Justin Sun over allegations of selling and airdropping unregistered se..."", ""url"": ""https://coindesk.com/markets/2023/04/12/trons-trx-down-6-as-binanceus-delists-token"", ""source"": ""CoinDesk"", ""sentiment"": ""NEGATIVE"", ""keywords"": ""Tron|TRX|Justin Sun|Binance US"", ""id"": 42412340, ""guid"": ""PU3faaK1X8MGOraUJl4dG8""}, {""date"": ""20230322155856"", ""headline"": ""Tron Network\u2019s TRX Drops 13% Following SEC Charges Against Justin Sun"", ""summary"": ""The Tron network\u2019s native TRX token dropped 13%, per CoinDesk data, from 6.7 cents to 5.8 cents after the Securities and Exchange Commission (SEC) announced charges against Justin Sun and three of his..."", ""url"": ""https://coindesk.com/markets/2023/03/22/tron-networks-trx-drops-13-following-sec-charges-against-justin-sun"", ""source"": ""CoinDesk"", ""sentiment"": ""NEGATIVE"", ""keywords"": ""SEC|Justin Sun|Tron|Tron Foundation|TRX"", ""id"": 42414125, ""guid"": ""Qdo0jHtYInnpQ8tboAwM4D""}]",{}
23,2024-06-21,2024-06-14,0.11826500296592712,0.11641199886798859,0.01591763835306915,U2,"[{""date"": ""20240220224837"", ""headline"": ""USDC Stablecoin Issuer Circle Dumps Tron Network; TRX Steady"", ""summary"": ""Circle is phasing out suppport for USDC on the Tron network, with minting of the stablecoin stopping immediately.\n\nThe company said the move is to ensure \""USDC remains trusted, transparent and safe.\""\n..."", ""url"": ""https://coindesk.com/markets/2024/02/21/usdc-stablecoins-issuer-circle-dumps-tron-network-trx-steady"", ""source"": ""CoinDesk"", ""sentiment"": ""NEUTRAL"", ""keywords"": ""Tron|Stablecoin|Markets"", ""id"": 42408785, ""guid"": ""GJVPKSa3D710Liw1gb2C4M""}, {""date"": ""20240215041007"", ""headline"": ""BitTorrent's BTT Surges 12% as Owner Tron Completes TRX Burn"", ""summary"": ""BTT is up as Tron, the network it is issued on, completed another TRX burn.\n\nBTT tends to react to positive news from Tron even as TRX doesn't move to the same extent\n\nBTT, the eponymous token of BitT..."", ""url"": ""https://coindesk.com/markets/2024/02/15/bittorrents-btt-surges-12-as-owner-tron-completes-trx-burn"", ""source"": ""CoinDesk"", ""sentiment"": ""POSITIVE"", ""keywords"": ""TRX|Tron|Justin Sun|BitTorrent"", ""id"": 42391496, ""guid"": ""CpI5Y2Su0uMQDo69bexXOl""}, {""date"": ""20231204052653"", ""headline"": ""TRX Trades at Premium on Poloniex as Arbitrage Lures Risk Takers"", ""summary"": ""Tron's native token [TRX] traded at a premium of up to 17% over the weekend on the recently hacked exchange Poloniex, creating a potentially lucrative arbitrage trade.\n\nThe premium has since shrunk to..."", ""url"": ""https://coindesk.com/markets/2023/12/04/trx-trades-at-premium-on-poloniex-as-arbitrage-lures-risk-takers"", ""source"": ""CoinDesk"", ""sentiment"": ""NEUTRAL"", ""keywords"": ""TRX|Tron|Arbitrage|Trade"", ""id"": 42419063, ""guid"": ""ha93388BwWkPe8xtcUDVQT""}, {""date"": ""20230411230804"", ""headline"": ""Tron\u2019s TRX Drops 6% as Binance.US Delists the Token"", ""summary"": ""Tron\u2019s TRX token has been delisted on Binance.US.\n\nThis comes weeks after the U.S. Securities and Exchange Commission sued Tron's Justin Sun over allegations of selling and airdropping unregistered se..."", ""url"": ""https://coindesk.com/markets/2023/04/12/trons-trx-down-6-as-binanceus-delists-token"", ""source"": ""CoinDesk"", ""sentiment"": ""NEGATIVE"", ""keywords"": ""Tron|TRX|Justin Sun|Binance US"", ""id"": 42412340, ""guid"": ""PU3faaK1X8MGOraUJl4dG8""}, {""date"": ""20230322155856"", ""headline"": ""Tron Network\u2019s TRX Drops 13% Following SEC Charges Against Justin Sun"", ""summary"": ""The Tron network\u2019s native TRX token dropped 13%, per CoinDesk data, from 6.7 cents to 5.8 cents after the Securities and Exchange Commission (SEC) announced charges against Justin Sun and three of his..."", ""url"": ""https://coindesk.com/markets/2023/03/22/tron-networks-trx-drops-13-following-sec-charges-against-justin-sun"", ""source"": ""CoinDesk"", ""sentiment"": ""NEGATIVE"", ""keywords"": ""SEC|Justin Sun|Tron|Tron Foundation|TRX"", ""id"": 42414125, ""guid"": ""Qdo0jHtYInnpQ8tboAwM4D""}]",{}
24,2024-06-28,2024-06-21,0.1229730024933815,0.11826500296592712,0.03980889873913739,U4,"[{""date"": ""20240220224837"", ""headline"": ""USDC Stablecoin Issuer Circle Dumps Tron Network; TRX Steady"", ""summary"": ""Circle is phasing out suppport for USDC on the Tron network, with minting of the stablecoin stopping immediately.\n\nThe company said the move is to ensure \""USDC remains trusted, transparent and safe.\""\n..."", ""url"": ""https://coindesk.com/markets/2024/02/21/usdc-stablecoins-issuer-circle-dumps-tron-network-trx-steady"", ""source"": ""CoinDesk"", ""sentiment"": ""NEUTRAL"", ""keywords"": ""Tron|Stablecoin|Markets"", ""id"": 42408785, ""guid"": ""GJVPKSa3D710Liw1gb2C4M""}, {""date"": ""20240215041007"", ""headline"": ""BitTorrent's BTT Surges 12% as Owner Tron Completes TRX Burn"", ""summary"": ""BTT is up as Tron, the network it is issued on, completed another TRX burn.\n\nBTT tends to react to positive news from Tron even as TRX doesn't move to the same extent\n\nBTT, the eponymous token of BitT..."", ""url"": ""https://coindesk.com/markets/2024/02/15/bittorrents-btt-surges-12-as-owner-tron-completes-trx-burn"", ""source"": ""CoinDesk"", ""sentiment"": ""POSITIVE"", ""keywords"": ""TRX|Tron|Justin Sun|BitTorrent"", ""id"": 42391496, ""guid"": ""CpI5Y2Su0uMQDo69bexXOl""}, {""date"": ""20231204052653"", ""headline"": ""TRX Trades at Premium on Poloniex as Arbitrage Lures Risk Takers"", ""summary"": ""Tron's native token [TRX] traded at a premium of up to 17% over the weekend on the recently hacked exchange Poloniex, creating a potentially lucrative arbitrage trade.\n\nThe premium has since shrunk to..."", ""url"": ""https://coindesk.com/markets/2023/12/04/trx-trades-at-premium-on-poloniex-as-arbitrage-lures-risk-takers"", ""source"": ""CoinDesk"", ""sentiment"": ""NEUTRAL"", ""keywords"": ""TRX|Tron|Arbitrage|Trade"", ""id"": 42419063, ""guid"": ""ha93388BwWkPe8xtcUDVQT""}, {""date"": ""20230411230804"", ""headline"": ""Tron\u2019s TRX Drops 6% as Binance.US Delists the Token"", ""summary"": ""Tron\u2019s TRX token has been delisted on Binance.US.\n\nThis comes weeks after the U.S. Securities and Exchange Commission sued Tron's Justin Sun over allegations of selling and airdropping unregistered se..."", ""url"": ""https://coindesk.com/markets/2023/04/12/trons-trx-down-6-as-binanceus-delists-token"", ""source"": ""CoinDesk"", ""sentiment"": ""NEGATIVE"", ""keywords"": ""Tron|TRX|Justin Sun|Binance US"", ""id"": 42412340, ""guid"": ""PU3faaK1X8MGOraUJl4dG8""}, {""date"": ""20230322155856"", ""headline"": ""Tron Network\u2019s TRX Drops 13% Following SEC Charges Against Justin Sun"", ""summary"": ""The Tron network\u2019s native TRX token dropped 13%, per CoinDesk data, from 6.7 cents to 5.8 cents after the Securities and Exchange Commission (SEC) announced charges against Justin Sun and three of his..."", ""url"": ""https://coindesk.com/markets/2023/03/22/tron-networks-trx-drops-13-following-sec-charges-against-justin-sun"", ""source"": ""CoinDesk"", ""sentiment"": ""NEGATIVE"", ""keywords"": ""SEC|Justin Sun|Tron|Tron Foundation|TRX"", ""id"": 42414125, ""guid"": ""Qdo0jHtYInnpQ8tboAwM4D""}]",{}
25,2024-07-05,2024-06-28,0.12690100073814392,0.1229730024933815,0.03194195608075706,U4,"[{""date"": ""20240220224837"", ""headline"": ""USDC Stablecoin Issuer Circle Dumps Tron Network; TRX Steady"", ""summary"": ""Circle is phasing out suppport for USDC on the Tron network, with minting of the stablecoin stopping immediately.\n\nThe company said the move is to ensure \""USDC remains trusted, transparent and safe.\""\n..."", ""url"": ""https://coindesk.com/markets/2024/02/21/usdc-stablecoins-issuer-circle-dumps-tron-network-trx-steady"", ""source"": ""CoinDesk"", ""sentiment"": ""NEUTRAL"", ""keywords"": ""Tron|Stablecoin|Markets"", ""id"": 42408785, ""guid"": ""GJVPKSa3D710Liw1gb2C4M""}, {""date"": ""20240215041007"", ""headline"": ""BitTorrent's BTT Surges 12% as Owner Tron Completes TRX Burn"", ""summary"": ""BTT is up as Tron, the network it is issued on, completed another TRX burn.\n\nBTT tends to react to positive news from Tron even as TRX doesn't move to the same extent\n\nBTT, the eponymous token of BitT..."", ""url"": ""https://coindesk.com/markets/2024/02/15/bittorrents-btt-surges-12-as-owner-tron-completes-trx-burn"", ""source"": ""CoinDesk"", ""sentiment"": ""POSITIVE"", ""keywords"": ""TRX|Tron|Justin Sun|BitTorrent"", ""id"": 42391496, ""guid"": ""CpI5Y2Su0uMQDo69bexXOl""}, {""date"": ""20231204052653"", ""headline"": ""TRX Trades at Premium on Poloniex as Arbitrage Lures Risk Takers"", ""summary"": ""Tron's native token [TRX] traded at a premium of up to 17% over the weekend on the recently hacked exchange Poloniex, creating a potentially lucrative arbitrage trade.\n\nThe premium has since shrunk to..."", ""url"": ""https://coindesk.com/markets/2023/12/04/trx-trades-at-premium-on-poloniex-as-arbitrage-lures-risk-takers"", ""source"": ""CoinDesk"", ""sentiment"": ""NEUTRAL"", ""keywords"": ""TRX|Tron|Arbitrage|Trade"", ""id"": 42419063, ""guid"": ""ha93388BwWkPe8xtcUDVQT""}, {""date"": ""20230411230804"", ""headline"": ""Tron\u2019s TRX Drops 6% as Binance.US Delists the Token"", ""summary"": ""Tron\u2019s TRX token has been delisted on Binance.US.\n\nThis comes weeks after the U.S. Securities and Exchange Commission sued Tron's Justin Sun over allegations of selling and airdropping unregistered se..."", ""url"": ""https://coindesk.com/markets/2023/04/12/trons-trx-down-6-as-binanceus-delists-token"", ""source"": ""CoinDesk"", ""sentiment"": ""NEGATIVE"", ""keywords"": ""Tron|TRX|Justin Sun|Binance US"", ""id"": 42412340, ""guid"": ""PU3faaK1X8MGOraUJl4dG8""}, {""date"": ""20230322155856"", ""headline"": ""Tron Network\u2019s TRX Drops 13% Following SEC Charges Against Justin Sun"", ""summary"": ""The Tron network\u2019s native TRX token dropped 13%, per CoinDesk data, from 6.7 cents to 5.8 cents after the Securities and Exchange Commission (SEC) announced charges against Justin Sun and three of his..."", ""url"": ""https://coindesk.com/markets/2023/03/22/tron-networks-trx-drops-13-following-sec-charges-against-justin-sun"", ""source"": ""CoinDesk"", ""sentiment"": ""NEGATIVE"", ""keywords"": ""SEC|Justin Sun|Tron|Tron Foundation|TRX"", ""id"": 42414125, ""guid"": ""Qdo0jHtYInnpQ8tboAwM4D""}]",{}
26,2024-07-12,2024-07-05,0.1372770071029663,0.12690100073814392,0.08176457478245533,U5+,"[{""date"": ""20240220224837"", ""headline"": ""USDC Stablecoin Issuer Circle Dumps Tron Network; TRX Steady"", ""summary"": ""Circle is phasing out suppport for USDC on the Tron network, with minting of the stablecoin stopping immediately.\n\nThe company said the move is to ensure \""USDC remains trusted, transparent and safe.\""\n..."", ""url"": ""https://coindesk.com/markets/2024/02/21/usdc-stablecoins-issuer-circle-dumps-tron-network-trx-steady"", ""source"": ""CoinDesk"", ""sentiment"": ""NEUTRAL"", ""keywords"": ""Tron|Stablecoin|Markets"", ""id"": 42408785, ""guid"": ""GJVPKSa3D710Liw1gb2C4M""}, {""date"": ""20240215041007"", ""headline"": ""BitTorrent's BTT Surges 12% as Owner Tron Completes TRX Burn"", ""summary"": ""BTT is up as Tron, the network it is issued on, completed another TRX burn.\n\nBTT tends to react to positive news from Tron even as TRX doesn't move to the same extent\n\nBTT, the eponymous token of BitT..."", ""url"": ""https://coindesk.com/markets/2024/02/15/bittorrents-btt-surges-12-as-owner-tron-completes-trx-burn"", ""source"": ""CoinDesk"", ""sentiment"": ""POSITIVE"", ""keywords"": ""TRX|Tron|Justin Sun|BitTorrent"", ""id"": 42391496, ""guid"": ""CpI5Y2Su0uMQDo69bexXOl""}, {""date"": ""20231204052653"", ""headline"": ""TRX Trades at Premium on Poloniex as Arbitrage Lures Risk Takers"", ""summary"": ""Tron's native token [TRX] traded at a premium of up to 17% over the weekend on the recently hacked exchange Poloniex, creating a potentially lucrative arbitrage trade.\n\nThe premium has since shrunk to..."", ""url"": ""https://coindesk.com/markets/2023/12/04/trx-trades-at-premium-on-poloniex-as-arbitrage-lures-risk-takers"", ""source"": ""CoinDesk"", ""sentiment"": ""NEUTRAL"", ""keywords"": ""TRX|Tron|Arbitrage|Trade"", ""id"": 42419063, ""guid"": ""ha93388BwWkPe8xtcUDVQT""}, {""date"": ""20230411230804"", ""headline"": ""Tron\u2019s TRX Drops 6% as Binance.US Delists the Token"", ""summary"": ""Tron\u2019s TRX token has been delisted on Binance.US.\n\nThis comes weeks after the U.S. Securities and Exchange Commission sued Tron's Justin Sun over allegations of selling and airdropping unregistered se..."", ""url"": ""https://coindesk.com/markets/2023/04/12/trons-trx-down-6-as-binanceus-delists-token"", ""source"": ""CoinDesk"", ""sentiment"": ""NEGATIVE"", ""keywords"": ""Tron|TRX|Justin Sun|Binance US"", ""id"": 42412340, ""guid"": ""PU3faaK1X8MGOraUJl4dG8""}, {""date"": ""20230322155856"", ""headline"": ""Tron Network\u2019s TRX Drops 13% Following SEC Charges Against Justin Sun"", ""summary"": ""The Tron network\u2019s native TRX token dropped 13%, per CoinDesk data, from 6.7 cents to 5.8 cents after the Securities and Exchange Commission (SEC) announced charges against Justin Sun and three of his..."", ""url"": ""https://coindesk.com/markets/2023/03/22/tron-networks-trx-drops-13-following-sec-charges-against-justin-sun"", ""source"": ""CoinDesk"", ""sentiment"": ""NEGATIVE"", ""keywords"": ""SEC|Justin Sun|Tron|Tron Foundation|TRX"", ""id"": 42414125, ""guid"": ""Qdo0jHtYInnpQ8tboAwM4D""}]",{}
27,2024-07-19,2024-07-12,0.13476499915122986,0.1372770071029663,-0.018298825161975507,D2,"[{""date"": ""20240220224837"", ""headline"": ""USDC Stablecoin Issuer Circle Dumps Tron Network; TRX Steady"", ""summary"": ""Circle is phasing out suppport for USDC on the Tron network, with minting of the stablecoin stopping immediately.\n\nThe company said the move is to ensure \""USDC remains trusted, transparent and safe.\""\n..."", ""url"": ""https://coindesk.com/markets/2024/02/21/usdc-stablecoins-issuer-circle-dumps-tron-network-trx-steady"", ""source"": ""CoinDesk"", ""sentiment"": ""NEUTRAL"", ""keywords"": ""Tron|Stablecoin|Markets"", ""id"": 42408785, ""guid"": ""GJVPKSa3D710Liw1gb2C4M""}, {""date"": ""20240215041007"", ""headline"": ""BitTorrent's BTT Surges 12% as Owner Tron Completes TRX Burn"", ""summary"": ""BTT is up as Tron, the network it is issued on, completed another TRX burn.\n\nBTT tends to react to positive news from Tron even as TRX doesn't move to the same extent\n\nBTT, the eponymous token of BitT..."", ""url"": ""https://coindesk.com/markets/2024/02/15/bittorrents-btt-surges-12-as-owner-tron-completes-trx-burn"", ""source"": ""CoinDesk"", ""sentiment"": ""POSITIVE"", ""keywords"": ""TRX|Tron|Justin Sun|BitTorrent"", ""id"": 42391496, ""guid"": ""CpI5Y2Su0uMQDo69bexXOl""}, {""date"": ""20231204052653"", ""headline"": ""TRX Trades at Premium on Poloniex as Arbitrage Lures Risk Takers"", ""summary"": ""Tron's native token [TRX] traded at a premium of up to 17% over the weekend on the recently hacked exchange Poloniex, creating a potentially lucrative arbitrage trade.\n\nThe premium has since shrunk to..."", ""url"": ""https://coindesk.com/markets/2023/12/04/trx-trades-at-premium-on-poloniex-as-arbitrage-lures-risk-takers"", ""source"": ""CoinDesk"", ""sentiment"": ""NEUTRAL"", ""keywords"": ""TRX|Tron|Arbitrage|Trade"", ""id"": 42419063, ""guid"": ""ha93388BwWkPe8xtcUDVQT""}, {""date"": ""20230411230804"", ""headline"": ""Tron\u2019s TRX Drops 6% as Binance.US Delists the Token"", ""summary"": ""Tron\u2019s TRX token has been delisted on Binance.US.\n\nThis comes weeks after the U.S. Securities and Exchange Commission sued Tron's Justin Sun over allegations of selling and airdropping unregistered se..."", ""url"": ""https://coindesk.com/markets/2023/04/12/trons-trx-down-6-as-binanceus-delists-token"", ""source"": ""CoinDesk"", ""sentiment"": ""NEGATIVE"", ""keywords"": ""Tron|TRX|Justin Sun|Binance US"", ""id"": 42412340, ""guid"": ""PU3faaK1X8MGOraUJl4dG8""}, {""date"": ""20230322155856"", ""headline"": ""Tron Network\u2019s TRX Drops 13% Following SEC Charges Against Justin Sun"", ""summary"": ""The Tron network\u2019s native TRX token dropped 13%, per CoinDesk data, from 6.7 cents to 5.8 cents after the Securities and Exchange Commission (SEC) announced charges against Justin Sun and three of his..."", ""url"": ""https://coindesk.com/markets/2023/03/22/tron-networks-trx-drops-13-following-sec-charges-against-justin-sun"", ""source"": ""CoinDesk"", ""sentiment"": ""NEGATIVE"", ""keywords"": ""SEC|Justin Sun|Tron|Tron Foundation|TRX"", ""id"": 42414125, ""guid"": ""Qdo0jHtYInnpQ8tboAwM4D""}]",{}
28,2024-07-26,2024-07-19,0.13756400346755981,0.13476499915122986,0.020769519785986748,U3,"[{""date"": ""20240220224837"", ""headline"": ""USDC Stablecoin Issuer Circle Dumps Tron Network; TRX Steady"", ""summary"": ""Circle is phasing out suppport for USDC on the Tron network, with minting of the stablecoin stopping immediately.\n\nThe company said the move is to ensure \""USDC remains trusted, transparent and safe.\""\n..."", ""url"": ""https://coindesk.com/markets/2024/02/21/usdc-stablecoins-issuer-circle-dumps-tron-network-trx-steady"", ""source"": ""CoinDesk"", ""sentiment"": ""NEUTRAL"", ""keywords"": ""Tron|Stablecoin|Markets"", ""id"": 42408785, ""guid"": ""GJVPKSa3D710Liw1gb2C4M""}, {""date"": ""20240215041007"", ""headline"": ""BitTorrent's BTT Surges 12% as Owner Tron Completes TRX Burn"", ""summary"": ""BTT is up as Tron, the network it is issued on, completed another TRX burn.\n\nBTT tends to react to positive news from Tron even as TRX doesn't move to the same extent\n\nBTT, the eponymous token of BitT..."", ""url"": ""https://coindesk.com/markets/2024/02/15/bittorrents-btt-surges-12-as-owner-tron-completes-trx-burn"", ""source"": ""CoinDesk"", ""sentiment"": ""POSITIVE"", ""keywords"": ""TRX|Tron|Justin Sun|BitTorrent"", ""id"": 42391496, ""guid"": ""CpI5Y2Su0uMQDo69bexXOl""}, {""date"": ""20231204052653"", ""headline"": ""TRX Trades at Premium on Poloniex as Arbitrage Lures Risk Takers"", ""summary"": ""Tron's native token [TRX] traded at a premium of up to 17% over the weekend on the recently hacked exchange Poloniex, creating a potentially lucrative arbitrage trade.\n\nThe premium has since shrunk to..."", ""url"": ""https://coindesk.com/markets/2023/12/04/trx-trades-at-premium-on-poloniex-as-arbitrage-lures-risk-takers"", ""source"": ""CoinDesk"", ""sentiment"": ""NEUTRAL"", ""keywords"": ""TRX|Tron|Arbitrage|Trade"", ""id"": 42419063, ""guid"": ""ha93388BwWkPe8xtcUDVQT""}, {""date"": ""20230411230804"", ""headline"": ""Tron\u2019s TRX Drops 6% as Binance.US Delists the Token"", ""summary"": ""Tron\u2019s TRX token has been delisted on Binance.US.\n\nThis comes weeks after the U.S. Securities and Exchange Commission sued Tron's Justin Sun over allegations of selling and airdropping unregistered se..."", ""url"": ""https://coindesk.com/markets/2023/04/12/trons-trx-down-6-as-binanceus-delists-token"", ""source"": ""CoinDesk"", ""sentiment"": ""NEGATIVE"", ""keywords"": ""Tron|TRX|Justin Sun|Binance US"", ""id"": 42412340, ""guid"": ""PU3faaK1X8MGOraUJl4dG8""}, {""date"": ""20230322155856"", ""headline"": ""Tron Network\u2019s TRX Drops 13% Following SEC Charges Against Justin Sun"", ""summary"": ""The Tron network\u2019s native TRX token dropped 13%, per CoinDesk data, from 6.7 cents to 5.8 cents after the Securities and Exchange Commission (SEC) announced charges against Justin Sun and three of his..."", ""url"": ""https://coindesk.com/markets/2023/03/22/tron-networks-trx-drops-13-following-sec-charges-against-justin-sun"", ""source"": ""CoinDesk"", ""sentiment"": ""NEGATIVE"", ""keywords"": ""SEC|Justin Sun|Tron|Tron Foundation|TRX"", ""id"": 42414125, ""guid"": ""Qdo0jHtYInnpQ8tboAwM4D""}]",{}
29,2024-08-02,2024-07-26,0.12337499856948853,0.13756400346755981,-0.10314475110065639,D5+,"[{""date"": ""20240220224837"", ""headline"": ""USDC Stablecoin Issuer Circle Dumps Tron Network; TRX Steady"", ""summary"": ""Circle is phasing out suppport for USDC on the Tron network, with minting of the stablecoin stopping immediately.\n\nThe company said the move is to ensure \""USDC remains trusted, transparent and safe.\""\n..."", ""url"": ""https://coindesk.com/markets/2024/02/21/usdc-stablecoins-issuer-circle-dumps-tron-network-trx-steady"", ""source"": ""CoinDesk"", ""sentiment"": ""NEUTRAL"", ""keywords"": ""Tron|Stablecoin|Markets"", ""id"": 42408785, ""guid"": ""GJVPKSa3D710Liw1gb2C4M""}, {""date"": ""20240215041007"", ""headline"": ""BitTorrent's BTT Surges 12% as Owner Tron Completes TRX Burn"", ""summary"": ""BTT is up as Tron, the network it is issued on, completed another TRX burn.\n\nBTT tends to react to positive news from Tron even as TRX doesn't move to the same extent\n\nBTT, the eponymous token of BitT..."", ""url"": ""https://coindesk.com/markets/2024/02/15/bittorrents-btt-surges-12-as-owner-tron-completes-trx-burn"", ""source"": ""CoinDesk"", ""sentiment"": ""POSITIVE"", ""keywords"": ""TRX|Tron|Justin Sun|BitTorrent"", ""id"": 42391496, ""guid"": ""CpI5Y2Su0uMQDo69bexXOl""}, {""date"": ""20231204052653"", ""headline"": ""TRX Trades at Premium on Poloniex as Arbitrage Lures Risk Takers"", ""summary"": ""Tron's native token [TRX] traded at a premium of up to 17% over the weekend on the recently hacked exchange Poloniex, creating a potentially lucrative arbitrage trade.\n\nThe premium has since shrunk to..."", ""url"": ""https://coindesk.com/markets/2023/12/04/trx-trades-at-premium-on-poloniex-as-arbitrage-lures-risk-takers"", ""source"": ""CoinDesk"", ""sentiment"": ""NEUTRAL"", ""keywords"": ""TRX|Tron|Arbitrage|Trade"", ""id"": 42419063, ""guid"": ""ha93388BwWkPe8xtcUDVQT""}, {""date"": ""20230411230804"", ""headline"": ""Tron\u2019s TRX Drops 6% as Binance.US Delists the Token"", ""summary"": ""Tron\u2019s TRX token has been delisted on Binance.US.\n\nThis comes weeks after the U.S. Securities and Exchange Commission sued Tron's Justin Sun over allegations of selling and airdropping unregistered se..."", ""url"": ""https://coindesk.com/markets/2023/04/12/trons-trx-down-6-as-binanceus-delists-token"", ""source"": ""CoinDesk"", ""sentiment"": ""NEGATIVE"", ""keywords"": ""Tron|TRX|Justin Sun|Binance US"", ""id"": 42412340, ""guid"": ""PU3faaK1X8MGOraUJl4dG8""}, {""date"": ""20230322155856"", ""headline"": ""Tron Network\u2019s TRX Drops 13% Following SEC Charges Against Justin Sun"", ""summary"": ""The Tron network\u2019s native TRX token dropped 13%, per CoinDesk data, from 6.7 cents to 5.8 cents after the Securities and Exchange Commission (SEC) announced charges against Justin Sun and three of his..."", ""url"": ""https://coindesk.com/markets/2023/03/22/tron-networks-trx-drops-13-following-sec-charges-against-justin-sun"", ""source"": ""CoinDesk"", ""sentiment"": ""NEGATIVE"", ""keywords"": ""SEC|Justin Sun|Tron|Tron Foundation|TRX"", ""id"": 42414125, ""guid"": ""Qdo0jHtYInnpQ8tboAwM4D""}]",{}
30,2024-08-09,2024-08-02,0.128261998295784,0.12337499856948853,0.0396109404900456,U4,"[{""date"": ""20240220224837"", ""headline"": ""USDC Stablecoin Issuer Circle Dumps Tron Network; TRX Steady"", ""summary"": ""Circle is phasing out suppport for USDC on the Tron network, with minting of the stablecoin stopping immediately.\n\nThe company said the move is to ensure \""USDC remains trusted, transparent and safe.\""\n..."", ""url"": ""https://coindesk.com/markets/2024/02/21/usdc-stablecoins-issuer-circle-dumps-tron-network-trx-steady"", ""source"": ""CoinDesk"", ""sentiment"": ""NEUTRAL"", ""keywords"": ""Tron|Stablecoin|Markets"", ""id"": 42408785, ""guid"": ""GJVPKSa3D710Liw1gb2C4M""}, {""date"": ""20240215041007"", ""headline"": ""BitTorrent's BTT Surges 12% as Owner Tron Completes TRX Burn"", ""summary"": ""BTT is up as Tron, the network it is issued on, completed another TRX burn.\n\nBTT tends to react to positive news from Tron even as TRX doesn't move to the same extent\n\nBTT, the eponymous token of BitT..."", ""url"": ""https://coindesk.com/markets/2024/02/15/bittorrents-btt-surges-12-as-owner-tron-completes-trx-burn"", ""source"": ""CoinDesk"", ""sentiment"": ""POSITIVE"", ""keywords"": ""TRX|Tron|Justin Sun|BitTorrent"", ""id"": 42391496, ""guid"": ""CpI5Y2Su0uMQDo69bexXOl""}, {""date"": ""20231204052653"", ""headline"": ""TRX Trades at Premium on Poloniex as Arbitrage Lures Risk Takers"", ""summary"": ""Tron's native token [TRX] traded at a premium of up to 17% over the weekend on the recently hacked exchange Poloniex, creating a potentially lucrative arbitrage trade.\n\nThe premium has since shrunk to..."", ""url"": ""https://coindesk.com/markets/2023/12/04/trx-trades-at-premium-on-poloniex-as-arbitrage-lures-risk-takers"", ""source"": ""CoinDesk"", ""sentiment"": ""NEUTRAL"", ""keywords"": ""TRX|Tron|Arbitrage|Trade"", ""id"": 42419063, ""guid"": ""ha93388BwWkPe8xtcUDVQT""}, {""date"": ""20230411230804"", ""headline"": ""Tron\u2019s TRX Drops 6% as Binance.US Delists the Token"", ""summary"": ""Tron\u2019s TRX token has been delisted on Binance.US.\n\nThis comes weeks after the U.S. Securities and Exchange Commission sued Tron's Justin Sun over allegations of selling and airdropping unregistered se..."", ""url"": ""https://coindesk.com/markets/2023/04/12/trons-trx-down-6-as-binanceus-delists-token"", ""source"": ""CoinDesk"", ""sentiment"": ""NEGATIVE"", ""keywords"": ""Tron|TRX|Justin Sun|Binance US"", ""id"": 42412340, ""guid"": ""PU3faaK1X8MGOraUJl4dG8""}, {""date"": ""20230322155856"", ""headline"": ""Tron Network\u2019s TRX Drops 13% Following SEC Charges Against Justin Sun"", ""summary"": ""The Tron network\u2019s native TRX token dropped 13%, per CoinDesk data, from 6.7 cents to 5.8 cents after the Securities and Exchange Commission (SEC) announced charges against Justin Sun and three of his..."", ""url"": ""https://coindesk.com/markets/2023/03/22/tron-networks-trx-drops-13-following-sec-charges-against-justin-sun"", ""source"": ""CoinDesk"", ""sentiment"": ""NEGATIVE"", ""keywords"": ""SEC|Justin Sun|Tron|Tron Foundation|TRX"", ""id"": 42414125, ""guid"": ""Qdo0jHtYInnpQ8tboAwM4D""}]",{}
31,2024-08-16,2024-08-09,0.13419200479984283,0.128261998295784,0.046233542146939706,U5,"[{""date"": ""20240220224837"", ""headline"": ""USDC Stablecoin Issuer Circle Dumps Tron Network; TRX Steady"", ""summary"": ""Circle is phasing out suppport for USDC on the Tron network, with minting of the stablecoin stopping immediately.\n\nThe company said the move is to ensure \""USDC remains trusted, transparent and safe.\""\n..."", ""url"": ""https://coindesk.com/markets/2024/02/21/usdc-stablecoins-issuer-circle-dumps-tron-network-trx-steady"", ""source"": ""CoinDesk"", ""sentiment"": ""NEUTRAL"", ""keywords"": ""Tron|Stablecoin|Markets"", ""id"": 42408785, ""guid"": ""GJVPKSa3D710Liw1gb2C4M""}, {""date"": ""20240215041007"", ""headline"": ""BitTorrent's BTT Surges 12% as Owner Tron Completes TRX Burn"", ""summary"": ""BTT is up as Tron, the network it is issued on, completed another TRX burn.\n\nBTT tends to react to positive news from Tron even as TRX doesn't move to the same extent\n\nBTT, the eponymous token of BitT..."", ""url"": ""https://coindesk.com/markets/2024/02/15/bittorrents-btt-surges-12-as-owner-tron-completes-trx-burn"", ""source"": ""CoinDesk"", ""sentiment"": ""POSITIVE"", ""keywords"": ""TRX|Tron|Justin Sun|BitTorrent"", ""id"": 42391496, ""guid"": ""CpI5Y2Su0uMQDo69bexXOl""}, {""date"": ""20231204052653"", ""headline"": ""TRX Trades at Premium on Poloniex as Arbitrage Lures Risk Takers"", ""summary"": ""Tron's native token [TRX] traded at a premium of up to 17% over the weekend on the recently hacked exchange Poloniex, creating a potentially lucrative arbitrage trade.\n\nThe premium has since shrunk to..."", ""url"": ""https://coindesk.com/markets/2023/12/04/trx-trades-at-premium-on-poloniex-as-arbitrage-lures-risk-takers"", ""source"": ""CoinDesk"", ""sentiment"": ""NEUTRAL"", ""keywords"": ""TRX|Tron|Arbitrage|Trade"", ""id"": 42419063, ""guid"": ""ha93388BwWkPe8xtcUDVQT""}, {""date"": ""20230411230804"", ""headline"": ""Tron\u2019s TRX Drops 6% as Binance.US Delists the Token"", ""summary"": ""Tron\u2019s TRX token has been delisted on Binance.US.\n\nThis comes weeks after the U.S. Securities and Exchange Commission sued Tron's Justin Sun over allegations of selling and airdropping unregistered se..."", ""url"": ""https://coindesk.com/markets/2023/04/12/trons-trx-down-6-as-binanceus-delists-token"", ""source"": ""CoinDesk"", ""sentiment"": ""NEGATIVE"", ""keywords"": ""Tron|TRX|Justin Sun|Binance US"", ""id"": 42412340, ""guid"": ""PU3faaK1X8MGOraUJl4dG8""}, {""date"": ""20230322155856"", ""headline"": ""Tron Network\u2019s TRX Drops 13% Following SEC Charges Against Justin Sun"", ""summary"": ""The Tron network\u2019s native TRX token dropped 13%, per CoinDesk data, from 6.7 cents to 5.8 cents after the Securities and Exchange Commission (SEC) announced charges against Justin Sun and three of his..."", ""url"": ""https://coindesk.com/markets/2023/03/22/tron-networks-trx-drops-13-following-sec-charges-against-justin-sun"", ""source"": ""CoinDesk"", ""sentiment"": ""NEGATIVE"", ""keywords"": ""SEC|Justin Sun|Tron|Tron Foundation|TRX"", ""id"": 42414125, ""guid"": ""Qdo0jHtYInnpQ8tboAwM4D""}]",{}
32,2024-08-23,2024-08-16,0.1585720032453537,0.13419200479984283,0.18167996284037496,U5+,"[{""date"": ""20240220224837"", ""headline"": ""USDC Stablecoin Issuer Circle Dumps Tron Network; TRX Steady"", ""summary"": ""Circle is phasing out suppport for USDC on the Tron network, with minting of the stablecoin stopping immediately.\n\nThe company said the move is to ensure \""USDC remains trusted, transparent and safe.\""\n..."", ""url"": ""https://coindesk.com/markets/2024/02/21/usdc-stablecoins-issuer-circle-dumps-tron-network-trx-steady"", ""source"": ""CoinDesk"", ""sentiment"": ""NEUTRAL"", ""keywords"": ""Tron|Stablecoin|Markets"", ""id"": 42408785, ""guid"": ""GJVPKSa3D710Liw1gb2C4M""}, {""date"": ""20240215041007"", ""headline"": ""BitTorrent's BTT Surges 12% as Owner Tron Completes TRX Burn"", ""summary"": ""BTT is up as Tron, the network it is issued on, completed another TRX burn.\n\nBTT tends to react to positive news from Tron even as TRX doesn't move to the same extent\n\nBTT, the eponymous token of BitT..."", ""url"": ""https://coindesk.com/markets/2024/02/15/bittorrents-btt-surges-12-as-owner-tron-completes-trx-burn"", ""source"": ""CoinDesk"", ""sentiment"": ""POSITIVE"", ""keywords"": ""TRX|Tron|Justin Sun|BitTorrent"", ""id"": 42391496, ""guid"": ""CpI5Y2Su0uMQDo69bexXOl""}, {""date"": ""20231204052653"", ""headline"": ""TRX Trades at Premium on Poloniex as Arbitrage Lures Risk Takers"", ""summary"": ""Tron's native token [TRX] traded at a premium of up to 17% over the weekend on the recently hacked exchange Poloniex, creating a potentially lucrative arbitrage trade.\n\nThe premium has since shrunk to..."", ""url"": ""https://coindesk.com/markets/2023/12/04/trx-trades-at-premium-on-poloniex-as-arbitrage-lures-risk-takers"", ""source"": ""CoinDesk"", ""sentiment"": ""NEUTRAL"", ""keywords"": ""TRX|Tron|Arbitrage|Trade"", ""id"": 42419063, ""guid"": ""ha93388BwWkPe8xtcUDVQT""}, {""date"": ""20230411230804"", ""headline"": ""Tron\u2019s TRX Drops 6% as Binance.US Delists the Token"", ""summary"": ""Tron\u2019s TRX token has been delisted on Binance.US.\n\nThis comes weeks after the U.S. Securities and Exchange Commission sued Tron's Justin Sun over allegations of selling and airdropping unregistered se..."", ""url"": ""https://coindesk.com/markets/2023/04/12/trons-trx-down-6-as-binanceus-delists-token"", ""source"": ""CoinDesk"", ""sentiment"": ""NEGATIVE"", ""keywords"": ""Tron|TRX|Justin Sun|Binance US"", ""id"": 42412340, ""guid"": ""PU3faaK1X8MGOraUJl4dG8""}, {""date"": ""20230322155856"", ""headline"": ""Tron Network\u2019s TRX Drops 13% Following SEC Charges Against Justin Sun"", ""summary"": ""The Tron network\u2019s native TRX token dropped 13%, per CoinDesk data, from 6.7 cents to 5.8 cents after the Securities and Exchange Commission (SEC) announced charges against Justin Sun and three of his..."", ""url"": ""https://coindesk.com/markets/2023/03/22/tron-networks-trx-drops-13-following-sec-charges-against-justin-sun"", ""source"": ""CoinDesk"", ""sentiment"": ""NEGATIVE"", ""keywords"": ""SEC|Justin Sun|Tron|Tron Foundation|TRX"", ""id"": 42414125, ""guid"": ""Qdo0jHtYInnpQ8tboAwM4D""}]",{}
33,2024-08-30,2024-08-23,0.15994800627231598,0.1585720032453537,0.008677465118689534,U1,"[{""date"": ""20240220224837"", ""headline"": ""USDC Stablecoin Issuer Circle Dumps Tron Network; TRX Steady"", ""summary"": ""Circle is phasing out suppport for USDC on the Tron network, with minting of the stablecoin stopping immediately.\n\nThe company said the move is to ensure \""USDC remains trusted, transparent and safe.\""\n..."", ""url"": ""https://coindesk.com/markets/2024/02/21/usdc-stablecoins-issuer-circle-dumps-tron-network-trx-steady"", ""source"": ""CoinDesk"", ""sentiment"": ""NEUTRAL"", ""keywords"": ""Tron|Stablecoin|Markets"", ""id"": 42408785, ""guid"": ""GJVPKSa3D710Liw1gb2C4M""}, {""date"": ""20240215041007"", ""headline"": ""BitTorrent's BTT Surges 12% as Owner Tron Completes TRX Burn"", ""summary"": ""BTT is up as Tron, the network it is issued on, completed another TRX burn.\n\nBTT tends to react to positive news from Tron even as TRX doesn't move to the same extent\n\nBTT, the eponymous token of BitT..."", ""url"": ""https://coindesk.com/markets/2024/02/15/bittorrents-btt-surges-12-as-owner-tron-completes-trx-burn"", ""source"": ""CoinDesk"", ""sentiment"": ""POSITIVE"", ""keywords"": ""TRX|Tron|Justin Sun|BitTorrent"", ""id"": 42391496, ""guid"": ""CpI5Y2Su0uMQDo69bexXOl""}, {""date"": ""20231204052653"", ""headline"": ""TRX Trades at Premium on Poloniex as Arbitrage Lures Risk Takers"", ""summary"": ""Tron's native token [TRX] traded at a premium of up to 17% over the weekend on the recently hacked exchange Poloniex, creating a potentially lucrative arbitrage trade.\n\nThe premium has since shrunk to..."", ""url"": ""https://coindesk.com/markets/2023/12/04/trx-trades-at-premium-on-poloniex-as-arbitrage-lures-risk-takers"", ""source"": ""CoinDesk"", ""sentiment"": ""NEUTRAL"", ""keywords"": ""TRX|Tron|Arbitrage|Trade"", ""id"": 42419063, ""guid"": ""ha93388BwWkPe8xtcUDVQT""}, {""date"": ""20230411230804"", ""headline"": ""Tron\u2019s TRX Drops 6% as Binance.US Delists the Token"", ""summary"": ""Tron\u2019s TRX token has been delisted on Binance.US.\n\nThis comes weeks after the U.S. Securities and Exchange Commission sued Tron's Justin Sun over allegations of selling and airdropping unregistered se..."", ""url"": ""https://coindesk.com/markets/2023/04/12/trons-trx-down-6-as-binanceus-delists-token"", ""source"": ""CoinDesk"", ""sentiment"": ""NEGATIVE"", ""keywords"": ""Tron|TRX|Justin Sun|Binance US"", ""id"": 42412340, ""guid"": ""PU3faaK1X8MGOraUJl4dG8""}, {""date"": ""20230322155856"", ""headline"": ""Tron Network\u2019s TRX Drops 13% Following SEC Charges Against Justin Sun"", ""summary"": ""The Tron network\u2019s native TRX token dropped 13%, per CoinDesk data, from 6.7 cents to 5.8 cents after the Securities and Exchange Commission (SEC) announced charges against Justin Sun and three of his..."", ""url"": ""https://coindesk.com/markets/2023/03/22/tron-networks-trx-drops-13-following-sec-charges-against-justin-sun"", ""source"": ""CoinDesk"", ""sentiment"": ""NEGATIVE"", ""keywords"": ""SEC|Justin Sun|Tron|Tron Foundation|TRX"", ""id"": 42414125, ""guid"": ""Qdo0jHtYInnpQ8tboAwM4D""}]",{}
34,2024-09-06,2024-08-30,0.14786000549793243,0.15994800627231598,-0.0755745636103984,D5+,"[{""date"": ""20240220224837"", ""headline"": ""USDC Stablecoin Issuer Circle Dumps Tron Network; TRX Steady"", ""summary"": ""Circle is phasing out suppport for USDC on the Tron network, with minting of the stablecoin stopping immediately.\n\nThe company said the move is to ensure \""USDC remains trusted, transparent and safe.\""\n..."", ""url"": ""https://coindesk.com/markets/2024/02/21/usdc-stablecoins-issuer-circle-dumps-tron-network-trx-steady"", ""source"": ""CoinDesk"", ""sentiment"": ""NEUTRAL"", ""keywords"": ""Tron|Stablecoin|Markets"", ""id"": 42408785, ""guid"": ""GJVPKSa3D710Liw1gb2C4M""}, {""date"": ""20240215041007"", ""headline"": ""BitTorrent's BTT Surges 12% as Owner Tron Completes TRX Burn"", ""summary"": ""BTT is up as Tron, the network it is issued on, completed another TRX burn.\n\nBTT tends to react to positive news from Tron even as TRX doesn't move to the same extent\n\nBTT, the eponymous token of BitT..."", ""url"": ""https://coindesk.com/markets/2024/02/15/bittorrents-btt-surges-12-as-owner-tron-completes-trx-burn"", ""source"": ""CoinDesk"", ""sentiment"": ""POSITIVE"", ""keywords"": ""TRX|Tron|Justin Sun|BitTorrent"", ""id"": 42391496, ""guid"": ""CpI5Y2Su0uMQDo69bexXOl""}, {""date"": ""20231204052653"", ""headline"": ""TRX Trades at Premium on Poloniex as Arbitrage Lures Risk Takers"", ""summary"": ""Tron's native token [TRX] traded at a premium of up to 17% over the weekend on the recently hacked exchange Poloniex, creating a potentially lucrative arbitrage trade.\n\nThe premium has since shrunk to..."", ""url"": ""https://coindesk.com/markets/2023/12/04/trx-trades-at-premium-on-poloniex-as-arbitrage-lures-risk-takers"", ""source"": ""CoinDesk"", ""sentiment"": ""NEUTRAL"", ""keywords"": ""TRX|Tron|Arbitrage|Trade"", ""id"": 42419063, ""guid"": ""ha93388BwWkPe8xtcUDVQT""}, {""date"": ""20230411230804"", ""headline"": ""Tron\u2019s TRX Drops 6% as Binance.US Delists the Token"", ""summary"": ""Tron\u2019s TRX token has been delisted on Binance.US.\n\nThis comes weeks after the U.S. Securities and Exchange Commission sued Tron's Justin Sun over allegations of selling and airdropping unregistered se..."", ""url"": ""https://coindesk.com/markets/2023/04/12/trons-trx-down-6-as-binanceus-delists-token"", ""source"": ""CoinDesk"", ""sentiment"": ""NEGATIVE"", ""keywords"": ""Tron|TRX|Justin Sun|Binance US"", ""id"": 42412340, ""guid"": ""PU3faaK1X8MGOraUJl4dG8""}, {""date"": ""20230322155856"", ""headline"": ""Tron Network\u2019s TRX Drops 13% Following SEC Charges Against Justin Sun"", ""summary"": ""The Tron network\u2019s native TRX token dropped 13%, per CoinDesk data, from 6.7 cents to 5.8 cents after the Securities and Exchange Commission (SEC) announced charges against Justin Sun and three of his..."", ""url"": ""https://coindesk.com/markets/2023/03/22/tron-networks-trx-drops-13-following-sec-charges-against-justin-sun"", ""source"": ""CoinDesk"", ""sentiment"": ""NEGATIVE"", ""keywords"": ""SEC|Justin Sun|Tron|Tron Foundation|TRX"", ""id"": 42414125, ""guid"": ""Qdo0jHtYInnpQ8tboAwM4D""}]",{}
35,2024-09-13,2024-09-06,0.14907099306583405,0.14786000549793243,0.008190095515169887,U1,"[{""date"": ""20240220224837"", ""headline"": ""USDC Stablecoin Issuer Circle Dumps Tron Network; TRX Steady"", ""summary"": ""Circle is phasing out suppport for USDC on the Tron network, with minting of the stablecoin stopping immediately.\n\nThe company said the move is to ensure \""USDC remains trusted, transparent and safe.\""\n..."", ""url"": ""https://coindesk.com/markets/2024/02/21/usdc-stablecoins-issuer-circle-dumps-tron-network-trx-steady"", ""source"": ""CoinDesk"", ""sentiment"": ""NEUTRAL"", ""keywords"": ""Tron|Stablecoin|Markets"", ""id"": 42408785, ""guid"": ""GJVPKSa3D710Liw1gb2C4M""}, {""date"": ""20240215041007"", ""headline"": ""BitTorrent's BTT Surges 12% as Owner Tron Completes TRX Burn"", ""summary"": ""BTT is up as Tron, the network it is issued on, completed another TRX burn.\n\nBTT tends to react to positive news from Tron even as TRX doesn't move to the same extent\n\nBTT, the eponymous token of BitT..."", ""url"": ""https://coindesk.com/markets/2024/02/15/bittorrents-btt-surges-12-as-owner-tron-completes-trx-burn"", ""source"": ""CoinDesk"", ""sentiment"": ""POSITIVE"", ""keywords"": ""TRX|Tron|Justin Sun|BitTorrent"", ""id"": 42391496, ""guid"": ""CpI5Y2Su0uMQDo69bexXOl""}, {""date"": ""20231204052653"", ""headline"": ""TRX Trades at Premium on Poloniex as Arbitrage Lures Risk Takers"", ""summary"": ""Tron's native token [TRX] traded at a premium of up to 17% over the weekend on the recently hacked exchange Poloniex, creating a potentially lucrative arbitrage trade.\n\nThe premium has since shrunk to..."", ""url"": ""https://coindesk.com/markets/2023/12/04/trx-trades-at-premium-on-poloniex-as-arbitrage-lures-risk-takers"", ""source"": ""CoinDesk"", ""sentiment"": ""NEUTRAL"", ""keywords"": ""TRX|Tron|Arbitrage|Trade"", ""id"": 42419063, ""guid"": ""ha93388BwWkPe8xtcUDVQT""}, {""date"": ""20230411230804"", ""headline"": ""Tron\u2019s TRX Drops 6% as Binance.US Delists the Token"", ""summary"": ""Tron\u2019s TRX token has been delisted on Binance.US.\n\nThis comes weeks after the U.S. Securities and Exchange Commission sued Tron's Justin Sun over allegations of selling and airdropping unregistered se..."", ""url"": ""https://coindesk.com/markets/2023/04/12/trons-trx-down-6-as-binanceus-delists-token"", ""source"": ""CoinDesk"", ""sentiment"": ""NEGATIVE"", ""keywords"": ""Tron|TRX|Justin Sun|Binance US"", ""id"": 42412340, ""guid"": ""PU3faaK1X8MGOraUJl4dG8""}, {""date"": ""20230322155856"", ""headline"": ""Tron Network\u2019s TRX Drops 13% Following SEC Charges Against Justin Sun"", ""summary"": ""The Tron network\u2019s native TRX token dropped 13%, per CoinDesk data, from 6.7 cents to 5.8 cents after the Securities and Exchange Commission (SEC) announced charges against Justin Sun and three of his..."", ""url"": ""https://coindesk.com/markets/2023/03/22/tron-networks-trx-drops-13-following-sec-charges-against-justin-sun"", ""source"": ""CoinDesk"", ""sentiment"": ""NEGATIVE"", ""keywords"": ""SEC|Justin Sun|Tron|Tron Foundation|TRX"", ""id"": 42414125, ""guid"": ""Qdo0jHtYInnpQ8tboAwM4D""}]",{}
36,2024-09-20,2024-09-13,0.1520940065383911,0.14907099306583405,0.020279018811003816,U3,"[{""date"": ""20240220224837"", ""headline"": ""USDC Stablecoin Issuer Circle Dumps Tron Network; TRX Steady"", ""summary"": ""Circle is phasing out suppport for USDC on the Tron network, with minting of the stablecoin stopping immediately.\n\nThe company said the move is to ensure \""USDC remains trusted, transparent and safe.\""\n..."", ""url"": ""https://coindesk.com/markets/2024/02/21/usdc-stablecoins-issuer-circle-dumps-tron-network-trx-steady"", ""source"": ""CoinDesk"", ""sentiment"": ""NEUTRAL"", ""keywords"": ""Tron|Stablecoin|Markets"", ""id"": 42408785, ""guid"": ""GJVPKSa3D710Liw1gb2C4M""}, {""date"": ""20240215041007"", ""headline"": ""BitTorrent's BTT Surges 12% as Owner Tron Completes TRX Burn"", ""summary"": ""BTT is up as Tron, the network it is issued on, completed another TRX burn.\n\nBTT tends to react to positive news from Tron even as TRX doesn't move to the same extent\n\nBTT, the eponymous token of BitT..."", ""url"": ""https://coindesk.com/markets/2024/02/15/bittorrents-btt-surges-12-as-owner-tron-completes-trx-burn"", ""source"": ""CoinDesk"", ""sentiment"": ""POSITIVE"", ""keywords"": ""TRX|Tron|Justin Sun|BitTorrent"", ""id"": 42391496, ""guid"": ""CpI5Y2Su0uMQDo69bexXOl""}, {""date"": ""20231204052653"", ""headline"": ""TRX Trades at Premium on Poloniex as Arbitrage Lures Risk Takers"", ""summary"": ""Tron's native token [TRX] traded at a premium of up to 17% over the weekend on the recently hacked exchange Poloniex, creating a potentially lucrative arbitrage trade.\n\nThe premium has since shrunk to..."", ""url"": ""https://coindesk.com/markets/2023/12/04/trx-trades-at-premium-on-poloniex-as-arbitrage-lures-risk-takers"", ""source"": ""CoinDesk"", ""sentiment"": ""NEUTRAL"", ""keywords"": ""TRX|Tron|Arbitrage|Trade"", ""id"": 42419063, ""guid"": ""ha93388BwWkPe8xtcUDVQT""}, {""date"": ""20230411230804"", ""headline"": ""Tron\u2019s TRX Drops 6% as Binance.US Delists the Token"", ""summary"": ""Tron\u2019s TRX token has been delisted on Binance.US.\n\nThis comes weeks after the U.S. Securities and Exchange Commission sued Tron's Justin Sun over allegations of selling and airdropping unregistered se..."", ""url"": ""https://coindesk.com/markets/2023/04/12/trons-trx-down-6-as-binanceus-delists-token"", ""source"": ""CoinDesk"", ""sentiment"": ""NEGATIVE"", ""keywords"": ""Tron|TRX|Justin Sun|Binance US"", ""id"": 42412340, ""guid"": ""PU3faaK1X8MGOraUJl4dG8""}, {""date"": ""20230322155856"", ""headline"": ""Tron Network\u2019s TRX Drops 13% Following SEC Charges Against Justin Sun"", ""summary"": ""The Tron network\u2019s native TRX token dropped 13%, per CoinDesk data, from 6.7 cents to 5.8 cents after the Securities and Exchange Commission (SEC) announced charges against Justin Sun and three of his..."", ""url"": ""https://coindesk.com/markets/2023/03/22/tron-networks-trx-drops-13-following-sec-charges-against-justin-sun"", ""source"": ""CoinDesk"", ""sentiment"": ""NEGATIVE"", ""keywords"": ""SEC|Justin Sun|Tron|Tron Foundation|TRX"", ""id"": 42414125, ""guid"": ""Qdo0jHtYInnpQ8tboAwM4D""}]",{}
37,2024-09-27,2024-09-20,0.1551699936389923,0.1520940065383911,0.020224249269314664,U3,"[{""date"": ""20240220224837"", ""headline"": ""USDC Stablecoin Issuer Circle Dumps Tron Network; TRX Steady"", ""summary"": ""Circle is phasing out suppport for USDC on the Tron network, with minting of the stablecoin stopping immediately.\n\nThe company said the move is to ensure \""USDC remains trusted, transparent and safe.\""\n..."", ""url"": ""https://coindesk.com/markets/2024/02/21/usdc-stablecoins-issuer-circle-dumps-tron-network-trx-steady"", ""source"": ""CoinDesk"", ""sentiment"": ""NEUTRAL"", ""keywords"": ""Tron|Stablecoin|Markets"", ""id"": 42408785, ""guid"": ""GJVPKSa3D710Liw1gb2C4M""}, {""date"": ""20240215041007"", ""headline"": ""BitTorrent's BTT Surges 12% as Owner Tron Completes TRX Burn"", ""summary"": ""BTT is up as Tron, the network it is issued on, completed another TRX burn.\n\nBTT tends to react to positive news from Tron even as TRX doesn't move to the same extent\n\nBTT, the eponymous token of BitT..."", ""url"": ""https://coindesk.com/markets/2024/02/15/bittorrents-btt-surges-12-as-owner-tron-completes-trx-burn"", ""source"": ""CoinDesk"", ""sentiment"": ""POSITIVE"", ""keywords"": ""TRX|Tron|Justin Sun|BitTorrent"", ""id"": 42391496, ""guid"": ""CpI5Y2Su0uMQDo69bexXOl""}, {""date"": ""20231204052653"", ""headline"": ""TRX Trades at Premium on Poloniex as Arbitrage Lures Risk Takers"", ""summary"": ""Tron's native token [TRX] traded at a premium of up to 17% over the weekend on the recently hacked exchange Poloniex, creating a potentially lucrative arbitrage trade.\n\nThe premium has since shrunk to..."", ""url"": ""https://coindesk.com/markets/2023/12/04/trx-trades-at-premium-on-poloniex-as-arbitrage-lures-risk-takers"", ""source"": ""CoinDesk"", ""sentiment"": ""NEUTRAL"", ""keywords"": ""TRX|Tron|Arbitrage|Trade"", ""id"": 42419063, ""guid"": ""ha93388BwWkPe8xtcUDVQT""}, {""date"": ""20230411230804"", ""headline"": ""Tron\u2019s TRX Drops 6% as Binance.US Delists the Token"", ""summary"": ""Tron\u2019s TRX token has been delisted on Binance.US.\n\nThis comes weeks after the U.S. Securities and Exchange Commission sued Tron's Justin Sun over allegations of selling and airdropping unregistered se..."", ""url"": ""https://coindesk.com/markets/2023/04/12/trons-trx-down-6-as-binanceus-delists-token"", ""source"": ""CoinDesk"", ""sentiment"": ""NEGATIVE"", ""keywords"": ""Tron|TRX|Justin Sun|Binance US"", ""id"": 42412340, ""guid"": ""PU3faaK1X8MGOraUJl4dG8""}, {""date"": ""20230322155856"", ""headline"": ""Tron Network\u2019s TRX Drops 13% Following SEC Charges Against Justin Sun"", ""summary"": ""The Tron network\u2019s native TRX token dropped 13%, per CoinDesk data, from 6.7 cents to 5.8 cents after the Securities and Exchange Commission (SEC) announced charges against Justin Sun and three of his..."", ""url"": ""https://coindesk.com/markets/2023/03/22/tron-networks-trx-drops-13-following-sec-charges-against-justin-sun"", ""source"": ""CoinDesk"", ""sentiment"": ""NEGATIVE"", ""keywords"": ""SEC|Justin Sun|Tron|Tron Foundation|TRX"", ""id"": 42414125, ""guid"": ""Qdo0jHtYInnpQ8tboAwM4D""}]",{}
38,2024-10-04,2024-09-27,0.15651099383831024,0.1551699936389923,0.0086421360719896,U1,"[{""date"": ""20240220224837"", ""headline"": ""USDC Stablecoin Issuer Circle Dumps Tron Network; TRX Steady"", ""summary"": ""Circle is phasing out suppport for USDC on the Tron network, with minting of the stablecoin stopping immediately.\n\nThe company said the move is to ensure \""USDC remains trusted, transparent and safe.\""\n..."", ""url"": ""https://coindesk.com/markets/2024/02/21/usdc-stablecoins-issuer-circle-dumps-tron-network-trx-steady"", ""source"": ""CoinDesk"", ""sentiment"": ""NEUTRAL"", ""keywords"": ""Tron|Stablecoin|Markets"", ""id"": 42408785, ""guid"": ""GJVPKSa3D710Liw1gb2C4M""}, {""date"": ""20240215041007"", ""headline"": ""BitTorrent's BTT Surges 12% as Owner Tron Completes TRX Burn"", ""summary"": ""BTT is up as Tron, the network it is issued on, completed another TRX burn.\n\nBTT tends to react to positive news from Tron even as TRX doesn't move to the same extent\n\nBTT, the eponymous token of BitT..."", ""url"": ""https://coindesk.com/markets/2024/02/15/bittorrents-btt-surges-12-as-owner-tron-completes-trx-burn"", ""source"": ""CoinDesk"", ""sentiment"": ""POSITIVE"", ""keywords"": ""TRX|Tron|Justin Sun|BitTorrent"", ""id"": 42391496, ""guid"": ""CpI5Y2Su0uMQDo69bexXOl""}, {""date"": ""20231204052653"", ""headline"": ""TRX Trades at Premium on Poloniex as Arbitrage Lures Risk Takers"", ""summary"": ""Tron's native token [TRX] traded at a premium of up to 17% over the weekend on the recently hacked exchange Poloniex, creating a potentially lucrative arbitrage trade.\n\nThe premium has since shrunk to..."", ""url"": ""https://coindesk.com/markets/2023/12/04/trx-trades-at-premium-on-poloniex-as-arbitrage-lures-risk-takers"", ""source"": ""CoinDesk"", ""sentiment"": ""NEUTRAL"", ""keywords"": ""TRX|Tron|Arbitrage|Trade"", ""id"": 42419063, ""guid"": ""ha93388BwWkPe8xtcUDVQT""}, {""date"": ""20230411230804"", ""headline"": ""Tron\u2019s TRX Drops 6% as Binance.US Delists the Token"", ""summary"": ""Tron\u2019s TRX token has been delisted on Binance.US.\n\nThis comes weeks after the U.S. Securities and Exchange Commission sued Tron's Justin Sun over allegations of selling and airdropping unregistered se..."", ""url"": ""https://coindesk.com/markets/2023/04/12/trons-trx-down-6-as-binanceus-delists-token"", ""source"": ""CoinDesk"", ""sentiment"": ""NEGATIVE"", ""keywords"": ""Tron|TRX|Justin Sun|Binance US"", ""id"": 42412340, ""guid"": ""PU3faaK1X8MGOraUJl4dG8""}, {""date"": ""20230322155856"", ""headline"": ""Tron Network\u2019s TRX Drops 13% Following SEC Charges Against Justin Sun"", ""summary"": ""The Tron network\u2019s native TRX token dropped 13%, per CoinDesk data, from 6.7 cents to 5.8 cents after the Securities and Exchange Commission (SEC) announced charges against Justin Sun and three of his..."", ""url"": ""https://coindesk.com/markets/2023/03/22/tron-networks-trx-drops-13-following-sec-charges-against-justin-sun"", ""source"": ""CoinDesk"", ""sentiment"": ""NEGATIVE"", ""keywords"": ""SEC|Justin Sun|Tron|Tron Foundation|TRX"", ""id"": 42414125, ""guid"": ""Qdo0jHtYInnpQ8tboAwM4D""}]",{}
39,2024-10-11,2024-10-04,0.15974000096321106,0.15651099383831024,0.020631184083059806,U3,"[{""date"": ""20240220224837"", ""headline"": ""USDC Stablecoin Issuer Circle Dumps Tron Network; TRX Steady"", ""summary"": ""Circle is phasing out suppport for USDC on the Tron network, with minting of the stablecoin stopping immediately.\n\nThe company said the move is to ensure \""USDC remains trusted, transparent and safe.\""\n..."", ""url"": ""https://coindesk.com/markets/2024/02/21/usdc-stablecoins-issuer-circle-dumps-tron-network-trx-steady"", ""source"": ""CoinDesk"", ""sentiment"": ""NEUTRAL"", ""keywords"": ""Tron|Stablecoin|Markets"", ""id"": 42408785, ""guid"": ""GJVPKSa3D710Liw1gb2C4M""}, {""date"": ""20240215041007"", ""headline"": ""BitTorrent's BTT Surges 12% as Owner Tron Completes TRX Burn"", ""summary"": ""BTT is up as Tron, the network it is issued on, completed another TRX burn.\n\nBTT tends to react to positive news from Tron even as TRX doesn't move to the same extent\n\nBTT, the eponymous token of BitT..."", ""url"": ""https://coindesk.com/markets/2024/02/15/bittorrents-btt-surges-12-as-owner-tron-completes-trx-burn"", ""source"": ""CoinDesk"", ""sentiment"": ""POSITIVE"", ""keywords"": ""TRX|Tron|Justin Sun|BitTorrent"", ""id"": 42391496, ""guid"": ""CpI5Y2Su0uMQDo69bexXOl""}, {""date"": ""20231204052653"", ""headline"": ""TRX Trades at Premium on Poloniex as Arbitrage Lures Risk Takers"", ""summary"": ""Tron's native token [TRX] traded at a premium of up to 17% over the weekend on the recently hacked exchange Poloniex, creating a potentially lucrative arbitrage trade.\n\nThe premium has since shrunk to..."", ""url"": ""https://coindesk.com/markets/2023/12/04/trx-trades-at-premium-on-poloniex-as-arbitrage-lures-risk-takers"", ""source"": ""CoinDesk"", ""sentiment"": ""NEUTRAL"", ""keywords"": ""TRX|Tron|Arbitrage|Trade"", ""id"": 42419063, ""guid"": ""ha93388BwWkPe8xtcUDVQT""}, {""date"": ""20230411230804"", ""headline"": ""Tron\u2019s TRX Drops 6% as Binance.US Delists the Token"", ""summary"": ""Tron\u2019s TRX token has been delisted on Binance.US.\n\nThis comes weeks after the U.S. Securities and Exchange Commission sued Tron's Justin Sun over allegations of selling and airdropping unregistered se..."", ""url"": ""https://coindesk.com/markets/2023/04/12/trons-trx-down-6-as-binanceus-delists-token"", ""source"": ""CoinDesk"", ""sentiment"": ""NEGATIVE"", ""keywords"": ""Tron|TRX|Justin Sun|Binance US"", ""id"": 42412340, ""guid"": ""PU3faaK1X8MGOraUJl4dG8""}, {""date"": ""20230322155856"", ""headline"": ""Tron Network\u2019s TRX Drops 13% Following SEC Charges Against Justin Sun"", ""summary"": ""The Tron network\u2019s native TRX token dropped 13%, per CoinDesk data, from 6.7 cents to 5.8 cents after the Securities and Exchange Commission (SEC) announced charges against Justin Sun and three of his..."", ""url"": ""https://coindesk.com/markets/2023/03/22/tron-networks-trx-drops-13-following-sec-charges-against-justin-sun"", ""source"": ""CoinDesk"", ""sentiment"": ""NEGATIVE"", ""keywords"": ""SEC|Justin Sun|Tron|Tron Foundation|TRX"", ""id"": 42414125, ""guid"": ""Qdo0jHtYInnpQ8tboAwM4D""}]",{}
40,2024-10-18,2024-10-11,0.15848299860954285,0.15974000096321106,-0.007869051872346657,D1,"[{""date"": ""20240220224837"", ""headline"": ""USDC Stablecoin Issuer Circle Dumps Tron Network; TRX Steady"", ""summary"": ""Circle is phasing out suppport for USDC on the Tron network, with minting of the stablecoin stopping immediately.\n\nThe company said the move is to ensure \""USDC remains trusted, transparent and safe.\""\n..."", ""url"": ""https://coindesk.com/markets/2024/02/21/usdc-stablecoins-issuer-circle-dumps-tron-network-trx-steady"", ""source"": ""CoinDesk"", ""sentiment"": ""NEUTRAL"", ""keywords"": ""Tron|Stablecoin|Markets"", ""id"": 42408785, ""guid"": ""GJVPKSa3D710Liw1gb2C4M""}, {""date"": ""20240215041007"", ""headline"": ""BitTorrent's BTT Surges 12% as Owner Tron Completes TRX Burn"", ""summary"": ""BTT is up as Tron, the network it is issued on, completed another TRX burn.\n\nBTT tends to react to positive news from Tron even as TRX doesn't move to the same extent\n\nBTT, the eponymous token of BitT..."", ""url"": ""https://coindesk.com/markets/2024/02/15/bittorrents-btt-surges-12-as-owner-tron-completes-trx-burn"", ""source"": ""CoinDesk"", ""sentiment"": ""POSITIVE"", ""keywords"": ""TRX|Tron|Justin Sun|BitTorrent"", ""id"": 42391496, ""guid"": ""CpI5Y2Su0uMQDo69bexXOl""}, {""date"": ""20231204052653"", ""headline"": ""TRX Trades at Premium on Poloniex as Arbitrage Lures Risk Takers"", ""summary"": ""Tron's native token [TRX] traded at a premium of up to 17% over the weekend on the recently hacked exchange Poloniex, creating a potentially lucrative arbitrage trade.\n\nThe premium has since shrunk to..."", ""url"": ""https://coindesk.com/markets/2023/12/04/trx-trades-at-premium-on-poloniex-as-arbitrage-lures-risk-takers"", ""source"": ""CoinDesk"", ""sentiment"": ""NEUTRAL"", ""keywords"": ""TRX|Tron|Arbitrage|Trade"", ""id"": 42419063, ""guid"": ""ha93388BwWkPe8xtcUDVQT""}, {""date"": ""20230411230804"", ""headline"": ""Tron\u2019s TRX Drops 6% as Binance.US Delists the Token"", ""summary"": ""Tron\u2019s TRX token has been delisted on Binance.US.\n\nThis comes weeks after the U.S. Securities and Exchange Commission sued Tron's Justin Sun over allegations of selling and airdropping unregistered se..."", ""url"": ""https://coindesk.com/markets/2023/04/12/trons-trx-down-6-as-binanceus-delists-token"", ""source"": ""CoinDesk"", ""sentiment"": ""NEGATIVE"", ""keywords"": ""Tron|TRX|Justin Sun|Binance US"", ""id"": 42412340, ""guid"": ""PU3faaK1X8MGOraUJl4dG8""}, {""date"": ""20230322155856"", ""headline"": ""Tron Network\u2019s TRX Drops 13% Following SEC Charges Against Justin Sun"", ""summary"": ""The Tron network\u2019s native TRX token dropped 13%, per CoinDesk data, from 6.7 cents to 5.8 cents after the Securities and Exchange Commission (SEC) announced charges against Justin Sun and three of his..."", ""url"": ""https://coindesk.com/markets/2023/03/22/tron-networks-trx-drops-13-following-sec-charges-against-justin-sun"", ""source"": ""CoinDesk"", ""sentiment"": ""NEGATIVE"", ""keywords"": ""SEC|Justin Sun|Tron|Tron Foundation|TRX"", ""id"": 42414125, ""guid"": ""Qdo0jHtYInnpQ8tboAwM4D""}]",{}
41,2024-10-25,2024-10-18,0.162214994430542,0.15848299860954285,0.023548240844393185,U3,"[{""date"": ""20240220224837"", ""headline"": ""USDC Stablecoin Issuer Circle Dumps Tron Network; TRX Steady"", ""summary"": ""Circle is phasing out suppport for USDC on the Tron network, with minting of the stablecoin stopping immediately.\n\nThe company said the move is to ensure \""USDC remains trusted, transparent and safe.\""\n..."", ""url"": ""https://coindesk.com/markets/2024/02/21/usdc-stablecoins-issuer-circle-dumps-tron-network-trx-steady"", ""source"": ""CoinDesk"", ""sentiment"": ""NEUTRAL"", ""keywords"": ""Tron|Stablecoin|Markets"", ""id"": 42408785, ""guid"": ""GJVPKSa3D710Liw1gb2C4M""}, {""date"": ""20240215041007"", ""headline"": ""BitTorrent's BTT Surges 12% as Owner Tron Completes TRX Burn"", ""summary"": ""BTT is up as Tron, the network it is issued on, completed another TRX burn.\n\nBTT tends to react to positive news from Tron even as TRX doesn't move to the same extent\n\nBTT, the eponymous token of BitT..."", ""url"": ""https://coindesk.com/markets/2024/02/15/bittorrents-btt-surges-12-as-owner-tron-completes-trx-burn"", ""source"": ""CoinDesk"", ""sentiment"": ""POSITIVE"", ""keywords"": ""TRX|Tron|Justin Sun|BitTorrent"", ""id"": 42391496, ""guid"": ""CpI5Y2Su0uMQDo69bexXOl""}, {""date"": ""20231204052653"", ""headline"": ""TRX Trades at Premium on Poloniex as Arbitrage Lures Risk Takers"", ""summary"": ""Tron's native token [TRX] traded at a premium of up to 17% over the weekend on the recently hacked exchange Poloniex, creating a potentially lucrative arbitrage trade.\n\nThe premium has since shrunk to..."", ""url"": ""https://coindesk.com/markets/2023/12/04/trx-trades-at-premium-on-poloniex-as-arbitrage-lures-risk-takers"", ""source"": ""CoinDesk"", ""sentiment"": ""NEUTRAL"", ""keywords"": ""TRX|Tron|Arbitrage|Trade"", ""id"": 42419063, ""guid"": ""ha93388BwWkPe8xtcUDVQT""}, {""date"": ""20230411230804"", ""headline"": ""Tron\u2019s TRX Drops 6% as Binance.US Delists the Token"", ""summary"": ""Tron\u2019s TRX token has been delisted on Binance.US.\n\nThis comes weeks after the U.S. Securities and Exchange Commission sued Tron's Justin Sun over allegations of selling and airdropping unregistered se..."", ""url"": ""https://coindesk.com/markets/2023/04/12/trons-trx-down-6-as-binanceus-delists-token"", ""source"": ""CoinDesk"", ""sentiment"": ""NEGATIVE"", ""keywords"": ""Tron|TRX|Justin Sun|Binance US"", ""id"": 42412340, ""guid"": ""PU3faaK1X8MGOraUJl4dG8""}, {""date"": ""20230322155856"", ""headline"": ""Tron Network\u2019s TRX Drops 13% Following SEC Charges Against Justin Sun"", ""summary"": ""The Tron network\u2019s native TRX token dropped 13%, per CoinDesk data, from 6.7 cents to 5.8 cents after the Securities and Exchange Commission (SEC) announced charges against Justin Sun and three of his..."", ""url"": ""https://coindesk.com/markets/2023/03/22/tron-networks-trx-drops-13-following-sec-charges-against-justin-sun"", ""source"": ""CoinDesk"", ""sentiment"": ""NEGATIVE"", ""keywords"": ""SEC|Justin Sun|Tron|Tron Foundation|TRX"", ""id"": 42414125, ""guid"": ""Qdo0jHtYInnpQ8tboAwM4D""}]",{}
42,2024-11-01,2024-10-25,0.16731299459934235,0.162214994430542,0.03142742868313102,U4,"[{""date"": ""20240220224837"", ""headline"": ""USDC Stablecoin Issuer Circle Dumps Tron Network; TRX Steady"", ""summary"": ""Circle is phasing out suppport for USDC on the Tron network, with minting of the stablecoin stopping immediately.\n\nThe company said the move is to ensure \""USDC remains trusted, transparent and safe.\""\n..."", ""url"": ""https://coindesk.com/markets/2024/02/21/usdc-stablecoins-issuer-circle-dumps-tron-network-trx-steady"", ""source"": ""CoinDesk"", ""sentiment"": ""NEUTRAL"", ""keywords"": ""Tron|Stablecoin|Markets"", ""id"": 42408785, ""guid"": ""GJVPKSa3D710Liw1gb2C4M""}, {""date"": ""20240215041007"", ""headline"": ""BitTorrent's BTT Surges 12% as Owner Tron Completes TRX Burn"", ""summary"": ""BTT is up as Tron, the network it is issued on, completed another TRX burn.\n\nBTT tends to react to positive news from Tron even as TRX doesn't move to the same extent\n\nBTT, the eponymous token of BitT..."", ""url"": ""https://coindesk.com/markets/2024/02/15/bittorrents-btt-surges-12-as-owner-tron-completes-trx-burn"", ""source"": ""CoinDesk"", ""sentiment"": ""POSITIVE"", ""keywords"": ""TRX|Tron|Justin Sun|BitTorrent"", ""id"": 42391496, ""guid"": ""CpI5Y2Su0uMQDo69bexXOl""}, {""date"": ""20231204052653"", ""headline"": ""TRX Trades at Premium on Poloniex as Arbitrage Lures Risk Takers"", ""summary"": ""Tron's native token [TRX] traded at a premium of up to 17% over the weekend on the recently hacked exchange Poloniex, creating a potentially lucrative arbitrage trade.\n\nThe premium has since shrunk to..."", ""url"": ""https://coindesk.com/markets/2023/12/04/trx-trades-at-premium-on-poloniex-as-arbitrage-lures-risk-takers"", ""source"": ""CoinDesk"", ""sentiment"": ""NEUTRAL"", ""keywords"": ""TRX|Tron|Arbitrage|Trade"", ""id"": 42419063, ""guid"": ""ha93388BwWkPe8xtcUDVQT""}, {""date"": ""20230411230804"", ""headline"": ""Tron\u2019s TRX Drops 6% as Binance.US Delists the Token"", ""summary"": ""Tron\u2019s TRX token has been delisted on Binance.US.\n\nThis comes weeks after the U.S. Securities and Exchange Commission sued Tron's Justin Sun over allegations of selling and airdropping unregistered se..."", ""url"": ""https://coindesk.com/markets/2023/04/12/trons-trx-down-6-as-binanceus-delists-token"", ""source"": ""CoinDesk"", ""sentiment"": ""NEGATIVE"", ""keywords"": ""Tron|TRX|Justin Sun|Binance US"", ""id"": 42412340, ""guid"": ""PU3faaK1X8MGOraUJl4dG8""}, {""date"": ""20230322155856"", ""headline"": ""Tron Network\u2019s TRX Drops 13% Following SEC Charges Against Justin Sun"", ""summary"": ""The Tron network\u2019s native TRX token dropped 13%, per CoinDesk data, from 6.7 cents to 5.8 cents after the Securities and Exchange Commission (SEC) announced charges against Justin Sun and three of his..."", ""url"": ""https://coindesk.com/markets/2023/03/22/tron-networks-trx-drops-13-following-sec-charges-against-justin-sun"", ""source"": ""CoinDesk"", ""sentiment"": ""NEGATIVE"", ""keywords"": ""SEC|Justin Sun|Tron|Tron Foundation|TRX"", ""id"": 42414125, ""guid"": ""Qdo0jHtYInnpQ8tboAwM4D""}]",{}
43,2024-11-08,2024-11-01,0.16106100380420685,0.16731299459934235,-0.03736703661366463,D4,"[{""date"": ""20240220224837"", ""headline"": ""USDC Stablecoin Issuer Circle Dumps Tron Network; TRX Steady"", ""summary"": ""Circle is phasing out suppport for USDC on the Tron network, with minting of the stablecoin stopping immediately.\n\nThe company said the move is to ensure \""USDC remains trusted, transparent and safe.\""\n..."", ""url"": ""https://coindesk.com/markets/2024/02/21/usdc-stablecoins-issuer-circle-dumps-tron-network-trx-steady"", ""source"": ""CoinDesk"", ""sentiment"": ""NEUTRAL"", ""keywords"": ""Tron|Stablecoin|Markets"", ""id"": 42408785, ""guid"": ""GJVPKSa3D710Liw1gb2C4M""}, {""date"": ""20240215041007"", ""headline"": ""BitTorrent's BTT Surges 12% as Owner Tron Completes TRX Burn"", ""summary"": ""BTT is up as Tron, the network it is issued on, completed another TRX burn.\n\nBTT tends to react to positive news from Tron even as TRX doesn't move to the same extent\n\nBTT, the eponymous token of BitT..."", ""url"": ""https://coindesk.com/markets/2024/02/15/bittorrents-btt-surges-12-as-owner-tron-completes-trx-burn"", ""source"": ""CoinDesk"", ""sentiment"": ""POSITIVE"", ""keywords"": ""TRX|Tron|Justin Sun|BitTorrent"", ""id"": 42391496, ""guid"": ""CpI5Y2Su0uMQDo69bexXOl""}, {""date"": ""20231204052653"", ""headline"": ""TRX Trades at Premium on Poloniex as Arbitrage Lures Risk Takers"", ""summary"": ""Tron's native token [TRX] traded at a premium of up to 17% over the weekend on the recently hacked exchange Poloniex, creating a potentially lucrative arbitrage trade.\n\nThe premium has since shrunk to..."", ""url"": ""https://coindesk.com/markets/2023/12/04/trx-trades-at-premium-on-poloniex-as-arbitrage-lures-risk-takers"", ""source"": ""CoinDesk"", ""sentiment"": ""NEUTRAL"", ""keywords"": ""TRX|Tron|Arbitrage|Trade"", ""id"": 42419063, ""guid"": ""ha93388BwWkPe8xtcUDVQT""}, {""date"": ""20230411230804"", ""headline"": ""Tron\u2019s TRX Drops 6% as Binance.US Delists the Token"", ""summary"": ""Tron\u2019s TRX token has been delisted on Binance.US.\n\nThis comes weeks after the U.S. Securities and Exchange Commission sued Tron's Justin Sun over allegations of selling and airdropping unregistered se..."", ""url"": ""https://coindesk.com/markets/2023/04/12/trons-trx-down-6-as-binanceus-delists-token"", ""source"": ""CoinDesk"", ""sentiment"": ""NEGATIVE"", ""keywords"": ""Tron|TRX|Justin Sun|Binance US"", ""id"": 42412340, ""guid"": ""PU3faaK1X8MGOraUJl4dG8""}, {""date"": ""20230322155856"", ""headline"": ""Tron Network\u2019s TRX Drops 13% Following SEC Charges Against Justin Sun"", ""summary"": ""The Tron network\u2019s native TRX token dropped 13%, per CoinDesk data, from 6.7 cents to 5.8 cents after the Securities and Exchange Commission (SEC) announced charges against Justin Sun and three of his..."", ""url"": ""https://coindesk.com/markets/2023/03/22/tron-networks-trx-drops-13-following-sec-charges-against-justin-sun"", ""source"": ""CoinDesk"", ""sentiment"": ""NEGATIVE"", ""keywords"": ""SEC|Justin Sun|Tron|Tron Foundation|TRX"", ""id"": 42414125, ""guid"": ""Qdo0jHtYInnpQ8tboAwM4D""}]",{}
44,2024-11-15,2024-11-08,0.18936699628829956,0.16106100380420685,0.17574702637829562,U5+,"[{""date"": ""20240220224837"", ""headline"": ""USDC Stablecoin Issuer Circle Dumps Tron Network; TRX Steady"", ""summary"": ""Circle is phasing out suppport for USDC on the Tron network, with minting of the stablecoin stopping immediately.\n\nThe company said the move is to ensure \""USDC remains trusted, transparent and safe.\""\n..."", ""url"": ""https://coindesk.com/markets/2024/02/21/usdc-stablecoins-issuer-circle-dumps-tron-network-trx-steady"", ""source"": ""CoinDesk"", ""sentiment"": ""NEUTRAL"", ""keywords"": ""Tron|Stablecoin|Markets"", ""id"": 42408785, ""guid"": ""GJVPKSa3D710Liw1gb2C4M""}, {""date"": ""20240215041007"", ""headline"": ""BitTorrent's BTT Surges 12% as Owner Tron Completes TRX Burn"", ""summary"": ""BTT is up as Tron, the network it is issued on, completed another TRX burn.\n\nBTT tends to react to positive news from Tron even as TRX doesn't move to the same extent\n\nBTT, the eponymous token of BitT..."", ""url"": ""https://coindesk.com/markets/2024/02/15/bittorrents-btt-surges-12-as-owner-tron-completes-trx-burn"", ""source"": ""CoinDesk"", ""sentiment"": ""POSITIVE"", ""keywords"": ""TRX|Tron|Justin Sun|BitTorrent"", ""id"": 42391496, ""guid"": ""CpI5Y2Su0uMQDo69bexXOl""}, {""date"": ""20231204052653"", ""headline"": ""TRX Trades at Premium on Poloniex as Arbitrage Lures Risk Takers"", ""summary"": ""Tron's native token [TRX] traded at a premium of up to 17% over the weekend on the recently hacked exchange Poloniex, creating a potentially lucrative arbitrage trade.\n\nThe premium has since shrunk to..."", ""url"": ""https://coindesk.com/markets/2023/12/04/trx-trades-at-premium-on-poloniex-as-arbitrage-lures-risk-takers"", ""source"": ""CoinDesk"", ""sentiment"": ""NEUTRAL"", ""keywords"": ""TRX|Tron|Arbitrage|Trade"", ""id"": 42419063, ""guid"": ""ha93388BwWkPe8xtcUDVQT""}, {""date"": ""20230411230804"", ""headline"": ""Tron\u2019s TRX Drops 6% as Binance.US Delists the Token"", ""summary"": ""Tron\u2019s TRX token has been delisted on Binance.US.\n\nThis comes weeks after the U.S. Securities and Exchange Commission sued Tron's Justin Sun over allegations of selling and airdropping unregistered se..."", ""url"": ""https://coindesk.com/markets/2023/04/12/trons-trx-down-6-as-binanceus-delists-token"", ""source"": ""CoinDesk"", ""sentiment"": ""NEGATIVE"", ""keywords"": ""Tron|TRX|Justin Sun|Binance US"", ""id"": 42412340, ""guid"": ""PU3faaK1X8MGOraUJl4dG8""}, {""date"": ""20230322155856"", ""headline"": ""Tron Network\u2019s TRX Drops 13% Following SEC Charges Against Justin Sun"", ""summary"": ""The Tron network\u2019s native TRX token dropped 13%, per CoinDesk data, from 6.7 cents to 5.8 cents after the Securities and Exchange Commission (SEC) announced charges against Justin Sun and three of his..."", ""url"": ""https://coindesk.com/markets/2023/03/22/tron-networks-trx-drops-13-following-sec-charges-against-justin-sun"", ""source"": ""CoinDesk"", ""sentiment"": ""NEGATIVE"", ""keywords"": ""SEC|Justin Sun|Tron|Tron Foundation|TRX"", ""id"": 42414125, ""guid"": ""Qdo0jHtYInnpQ8tboAwM4D""}]",{}
45,2024-11-22,2024-11-15,0.20480099320411682,0.18936699628829956,0.0815030983134989,U5+,"[{""date"": ""20240220224837"", ""headline"": ""USDC Stablecoin Issuer Circle Dumps Tron Network; TRX Steady"", ""summary"": ""Circle is phasing out suppport for USDC on the Tron network, with minting of the stablecoin stopping immediately.\n\nThe company said the move is to ensure \""USDC remains trusted, transparent and safe.\""\n..."", ""url"": ""https://coindesk.com/markets/2024/02/21/usdc-stablecoins-issuer-circle-dumps-tron-network-trx-steady"", ""source"": ""CoinDesk"", ""sentiment"": ""NEUTRAL"", ""keywords"": ""Tron|Stablecoin|Markets"", ""id"": 42408785, ""guid"": ""GJVPKSa3D710Liw1gb2C4M""}, {""date"": ""20240215041007"", ""headline"": ""BitTorrent's BTT Surges 12% as Owner Tron Completes TRX Burn"", ""summary"": ""BTT is up as Tron, the network it is issued on, completed another TRX burn.\n\nBTT tends to react to positive news from Tron even as TRX doesn't move to the same extent\n\nBTT, the eponymous token of BitT..."", ""url"": ""https://coindesk.com/markets/2024/02/15/bittorrents-btt-surges-12-as-owner-tron-completes-trx-burn"", ""source"": ""CoinDesk"", ""sentiment"": ""POSITIVE"", ""keywords"": ""TRX|Tron|Justin Sun|BitTorrent"", ""id"": 42391496, ""guid"": ""CpI5Y2Su0uMQDo69bexXOl""}, {""date"": ""20231204052653"", ""headline"": ""TRX Trades at Premium on Poloniex as Arbitrage Lures Risk Takers"", ""summary"": ""Tron's native token [TRX] traded at a premium of up to 17% over the weekend on the recently hacked exchange Poloniex, creating a potentially lucrative arbitrage trade.\n\nThe premium has since shrunk to..."", ""url"": ""https://coindesk.com/markets/2023/12/04/trx-trades-at-premium-on-poloniex-as-arbitrage-lures-risk-takers"", ""source"": ""CoinDesk"", ""sentiment"": ""NEUTRAL"", ""keywords"": ""TRX|Tron|Arbitrage|Trade"", ""id"": 42419063, ""guid"": ""ha93388BwWkPe8xtcUDVQT""}, {""date"": ""20230411230804"", ""headline"": ""Tron\u2019s TRX Drops 6% as Binance.US Delists the Token"", ""summary"": ""Tron\u2019s TRX token has been delisted on Binance.US.\n\nThis comes weeks after the U.S. Securities and Exchange Commission sued Tron's Justin Sun over allegations of selling and airdropping unregistered se..."", ""url"": ""https://coindesk.com/markets/2023/04/12/trons-trx-down-6-as-binanceus-delists-token"", ""source"": ""CoinDesk"", ""sentiment"": ""NEGATIVE"", ""keywords"": ""Tron|TRX|Justin Sun|Binance US"", ""id"": 42412340, ""guid"": ""PU3faaK1X8MGOraUJl4dG8""}, {""date"": ""20230322155856"", ""headline"": ""Tron Network\u2019s TRX Drops 13% Following SEC Charges Against Justin Sun"", ""summary"": ""The Tron network\u2019s native TRX token dropped 13%, per CoinDesk data, from 6.7 cents to 5.8 cents after the Securities and Exchange Commission (SEC) announced charges against Justin Sun and three of his..."", ""url"": ""https://coindesk.com/markets/2023/03/22/tron-networks-trx-drops-13-following-sec-charges-against-justin-sun"", ""source"": ""CoinDesk"", ""sentiment"": ""NEGATIVE"", ""keywords"": ""SEC|Justin Sun|Tron|Tron Foundation|TRX"", ""id"": 42414125, ""guid"": ""Qdo0jHtYInnpQ8tboAwM4D""}]",{}
46,2024-11-29,2024-11-22,0.20449599623680115,0.20480099320411682,-0.0014892357822293165,D1,"[{""date"": ""20240220224837"", ""headline"": ""USDC Stablecoin Issuer Circle Dumps Tron Network; TRX Steady"", ""summary"": ""Circle is phasing out suppport for USDC on the Tron network, with minting of the stablecoin stopping immediately.\n\nThe company said the move is to ensure \""USDC remains trusted, transparent and safe.\""\n..."", ""url"": ""https://coindesk.com/markets/2024/02/21/usdc-stablecoins-issuer-circle-dumps-tron-network-trx-steady"", ""source"": ""CoinDesk"", ""sentiment"": ""NEUTRAL"", ""keywords"": ""Tron|Stablecoin|Markets"", ""id"": 42408785, ""guid"": ""GJVPKSa3D710Liw1gb2C4M""}, {""date"": ""20240215041007"", ""headline"": ""BitTorrent's BTT Surges 12% as Owner Tron Completes TRX Burn"", ""summary"": ""BTT is up as Tron, the network it is issued on, completed another TRX burn.\n\nBTT tends to react to positive news from Tron even as TRX doesn't move to the same extent\n\nBTT, the eponymous token of BitT..."", ""url"": ""https://coindesk.com/markets/2024/02/15/bittorrents-btt-surges-12-as-owner-tron-completes-trx-burn"", ""source"": ""CoinDesk"", ""sentiment"": ""POSITIVE"", ""keywords"": ""TRX|Tron|Justin Sun|BitTorrent"", ""id"": 42391496, ""guid"": ""CpI5Y2Su0uMQDo69bexXOl""}, {""date"": ""20231204052653"", ""headline"": ""TRX Trades at Premium on Poloniex as Arbitrage Lures Risk Takers"", ""summary"": ""Tron's native token [TRX] traded at a premium of up to 17% over the weekend on the recently hacked exchange Poloniex, creating a potentially lucrative arbitrage trade.\n\nThe premium has since shrunk to..."", ""url"": ""https://coindesk.com/markets/2023/12/04/trx-trades-at-premium-on-poloniex-as-arbitrage-lures-risk-takers"", ""source"": ""CoinDesk"", ""sentiment"": ""NEUTRAL"", ""keywords"": ""TRX|Tron|Arbitrage|Trade"", ""id"": 42419063, ""guid"": ""ha93388BwWkPe8xtcUDVQT""}, {""date"": ""20230411230804"", ""headline"": ""Tron\u2019s TRX Drops 6% as Binance.US Delists the Token"", ""summary"": ""Tron\u2019s TRX token has been delisted on Binance.US.\n\nThis comes weeks after the U.S. Securities and Exchange Commission sued Tron's Justin Sun over allegations of selling and airdropping unregistered se..."", ""url"": ""https://coindesk.com/markets/2023/04/12/trons-trx-down-6-as-binanceus-delists-token"", ""source"": ""CoinDesk"", ""sentiment"": ""NEGATIVE"", ""keywords"": ""Tron|TRX|Justin Sun|Binance US"", ""id"": 42412340, ""guid"": ""PU3faaK1X8MGOraUJl4dG8""}, {""date"": ""20230322155856"", ""headline"": ""Tron Network\u2019s TRX Drops 13% Following SEC Charges Against Justin Sun"", ""summary"": ""The Tron network\u2019s native TRX token dropped 13%, per CoinDesk data, from 6.7 cents to 5.8 cents after the Securities and Exchange Commission (SEC) announced charges against Justin Sun and three of his..."", ""url"": ""https://coindesk.com/markets/2023/03/22/tron-networks-trx-drops-13-following-sec-charges-against-justin-sun"", ""source"": ""CoinDesk"", ""sentiment"": ""NEGATIVE"", ""keywords"": ""SEC|Justin Sun|Tron|Tron Foundation|TRX"", ""id"": 42414125, ""guid"": ""Qdo0jHtYInnpQ8tboAwM4D""}]",{}
47,2024-12-06,2024-11-29,0.32598501443862915,0.20449599623680115,0.5940899598892235,U5+,"[{""date"": ""20241204023214"", ""headline"": ""Tron\u2019s TRX Rockets to Record Highs Above $0.4"", ""summary"": ""Tron\u2019s TRX catapulted to a record high early Wednesday, nearly 7 years after its initial release, on no immediate catalysts in a move that liquidated over $21 million in short bets.\n\n\n\nTRX jumped 76% ..."", ""url"": ""https://coindesk.com/markets/2024/12/04/tron-s-trx-rockets-to-record-highs-above-0-4"", ""source"": ""CoinDesk"", ""sentiment"": ""POSITIVE"", ""keywords"": ""Tron|TRX|Justin Sun"", ""id"": 42389080, ""guid"": ""35f18d99-f131-4346-8fe4-21d3210491c6""}]",{}
48,2024-12-13,2024-12-06,0.29065901041030884,0.32598501443862915,-0.1083669569570686,D5+,"[{""date"": ""20241204023214"", ""headline"": ""Tron\u2019s TRX Rockets to Record Highs Above $0.4"", ""summary"": ""Tron\u2019s TRX catapulted to a record high early Wednesday, nearly 7 years after its initial release, on no immediate catalysts in a move that liquidated over $21 million in short bets.\n\n\n\nTRX jumped 76% ..."", ""url"": ""https://coindesk.com/markets/2024/12/04/tron-s-trx-rockets-to-record-highs-above-0-4"", ""source"": ""CoinDesk"", ""sentiment"": ""POSITIVE"", ""keywords"": ""Tron|TRX|Justin Sun"", ""id"": 42389080, ""guid"": ""35f18d99-f131-4346-8fe4-21d3210491c6""}, {""date"": ""20240220224837"", ""headline"": ""USDC Stablecoin Issuer Circle Dumps Tron Network; TRX Steady"", ""summary"": ""Circle is phasing out suppport for USDC on the Tron network, with minting of the stablecoin stopping immediately.\n\nThe company said the move is to ensure \""USDC remains trusted, transparent and safe.\""\n..."", ""url"": ""https://coindesk.com/markets/2024/02/21/usdc-stablecoins-issuer-circle-dumps-tron-network-trx-steady"", ""source"": ""CoinDesk"", ""sentiment"": ""NEUTRAL"", ""keywords"": ""Tron|Stablecoin|Markets"", ""id"": 42408785, ""guid"": ""GJVPKSa3D710Liw1gb2C4M""}, {""date"": ""20240215041007"", ""headline"": ""BitTorrent's BTT Surges 12% as Owner Tron Completes TRX Burn"", ""summary"": ""BTT is up as Tron, the network it is issued on, completed another TRX burn.\n\nBTT tends to react to positive news from Tron even as TRX doesn't move to the same extent\n\nBTT, the eponymous token of BitT..."", ""url"": ""https://coindesk.com/markets/2024/02/15/bittorrents-btt-surges-12-as-owner-tron-completes-trx-burn"", ""source"": ""CoinDesk"", ""sentiment"": ""POSITIVE"", ""keywords"": ""TRX|Tron|Justin Sun|BitTorrent"", ""id"": 42391496, ""guid"": ""CpI5Y2Su0uMQDo69bexXOl""}, {""date"": ""20231204052653"", ""headline"": ""TRX Trades at Premium on Poloniex as Arbitrage Lures Risk Takers"", ""summary"": ""Tron's native token [TRX] traded at a premium of up to 17% over the weekend on the recently hacked exchange Poloniex, creating a potentially lucrative arbitrage trade.\n\nThe premium has since shrunk to..."", ""url"": ""https://coindesk.com/markets/2023/12/04/trx-trades-at-premium-on-poloniex-as-arbitrage-lures-risk-takers"", ""source"": ""CoinDesk"", ""sentiment"": ""NEUTRAL"", ""keywords"": ""TRX|Tron|Arbitrage|Trade"", ""id"": 42419063, ""guid"": ""ha93388BwWkPe8xtcUDVQT""}, {""date"": ""20230411230804"", ""headline"": ""Tron\u2019s TRX Drops 6% as Binance.US Delists the Token"", ""summary"": ""Tron\u2019s TRX token has been delisted on Binance.US.\n\nThis comes weeks after the U.S. Securities and Exchange Commission sued Tron's Justin Sun over allegations of selling and airdropping unregistered se..."", ""url"": ""https://coindesk.com/markets/2023/04/12/trons-trx-down-6-as-binanceus-delists-token"", ""source"": ""CoinDesk"", ""sentiment"": ""NEGATIVE"", ""keywords"": ""Tron|TRX|Justin Sun|Binance US"", ""id"": 42412340, ""guid"": ""PU3faaK1X8MGOraUJl4dG8""}]",{}
49,2024-12-20,2024-12-13,0.24856600165367126,0.29065901041030884,-0.14481921168456802,D5+,"[{""date"": ""20241204023214"", ""headline"": ""Tron\u2019s TRX Rockets to Record Highs Above $0.4"", ""summary"": ""Tron\u2019s TRX catapulted to a record high early Wednesday, nearly 7 years after its initial release, on no immediate catalysts in a move that liquidated over $21 million in short bets.\n\n\n\nTRX jumped 76% ..."", ""url"": ""https://coindesk.com/markets/2024/12/04/tron-s-trx-rockets-to-record-highs-above-0-4"", ""source"": ""CoinDesk"", ""sentiment"": ""POSITIVE"", ""keywords"": ""Tron|TRX|Justin Sun"", ""id"": 42389080, ""guid"": ""35f18d99-f131-4346-8fe4-21d3210491c6""}, {""date"": ""20240220224837"", ""headline"": ""USDC Stablecoin Issuer Circle Dumps Tron Network; TRX Steady"", ""summary"": ""Circle is phasing out suppport for USDC on the Tron network, with minting of the stablecoin stopping immediately.\n\nThe company said the move is to ensure \""USDC remains trusted, transparent and safe.\""\n..."", ""url"": ""https://coindesk.com/markets/2024/02/21/usdc-stablecoins-issuer-circle-dumps-tron-network-trx-steady"", ""source"": ""CoinDesk"", ""sentiment"": ""NEUTRAL"", ""keywords"": ""Tron|Stablecoin|Markets"", ""id"": 42408785, ""guid"": ""GJVPKSa3D710Liw1gb2C4M""}, {""date"": ""20240215041007"", ""headline"": ""BitTorrent's BTT Surges 12% as Owner Tron Completes TRX Burn"", ""summary"": ""BTT is up as Tron, the network it is issued on, completed another TRX burn.\n\nBTT tends to react to positive news from Tron even as TRX doesn't move to the same extent\n\nBTT, the eponymous token of BitT..."", ""url"": ""https://coindesk.com/markets/2024/02/15/bittorrents-btt-surges-12-as-owner-tron-completes-trx-burn"", ""source"": ""CoinDesk"", ""sentiment"": ""POSITIVE"", ""keywords"": ""TRX|Tron|Justin Sun|BitTorrent"", ""id"": 42391496, ""guid"": ""CpI5Y2Su0uMQDo69bexXOl""}, {""date"": ""20231204052653"", ""headline"": ""TRX Trades at Premium on Poloniex as Arbitrage Lures Risk Takers"", ""summary"": ""Tron's native token [TRX] traded at a premium of up to 17% over the weekend on the recently hacked exchange Poloniex, creating a potentially lucrative arbitrage trade.\n\nThe premium has since shrunk to..."", ""url"": ""https://coindesk.com/markets/2023/12/04/trx-trades-at-premium-on-poloniex-as-arbitrage-lures-risk-takers"", ""source"": ""CoinDesk"", ""sentiment"": ""NEUTRAL"", ""keywords"": ""TRX|Tron|Arbitrage|Trade"", ""id"": 42419063, ""guid"": ""ha93388BwWkPe8xtcUDVQT""}, {""date"": ""20230411230804"", ""headline"": ""Tron\u2019s TRX Drops 6% as Binance.US Delists the Token"", ""summary"": ""Tron\u2019s TRX token has been delisted on Binance.US.\n\nThis comes weeks after the U.S. Securities and Exchange Commission sued Tron's Justin Sun over allegations of selling and airdropping unregistered se..."", ""url"": ""https://coindesk.com/markets/2023/04/12/trons-trx-down-6-as-binanceus-delists-token"", ""source"": ""CoinDesk"", ""sentiment"": ""NEGATIVE"", ""keywords"": ""Tron|TRX|Justin Sun|Binance US"", ""id"": 42412340, ""guid"": ""PU3faaK1X8MGOraUJl4dG8""}]",{}
50,2024-12-27,2024-12-20,0.2587920129299164,0.24856600165367126,0.041140024010576835,U5,"[{""date"": ""20241204023214"", ""headline"": ""Tron\u2019s TRX Rockets to Record Highs Above $0.4"", ""summary"": ""Tron\u2019s TRX catapulted to a record high early Wednesday, nearly 7 years after its initial release, on no immediate catalysts in a move that liquidated over $21 million in short bets.\n\n\n\nTRX jumped 76% ..."", ""url"": ""https://coindesk.com/markets/2024/12/04/tron-s-trx-rockets-to-record-highs-above-0-4"", ""source"": ""CoinDesk"", ""sentiment"": ""POSITIVE"", ""keywords"": ""Tron|TRX|Justin Sun"", ""id"": 42389080, ""guid"": ""35f18d99-f131-4346-8fe4-21d3210491c6""}, {""date"": ""20240220224837"", ""headline"": ""USDC Stablecoin Issuer Circle Dumps Tron Network; TRX Steady"", ""summary"": ""Circle is phasing out suppport for USDC on the Tron network, with minting of the stablecoin stopping immediately.\n\nThe company said the move is to ensure \""USDC remains trusted, transparent and safe.\""\n..."", ""url"": ""https://coindesk.com/markets/2024/02/21/usdc-stablecoins-issuer-circle-dumps-tron-network-trx-steady"", ""source"": ""CoinDesk"", ""sentiment"": ""NEUTRAL"", ""keywords"": ""Tron|Stablecoin|Markets"", ""id"": 42408785, ""guid"": ""GJVPKSa3D710Liw1gb2C4M""}, {""date"": ""20240215041007"", ""headline"": ""BitTorrent's BTT Surges 12% as Owner Tron Completes TRX Burn"", ""summary"": ""BTT is up as Tron, the network it is issued on, completed another TRX burn.\n\nBTT tends to react to positive news from Tron even as TRX doesn't move to the same extent\n\nBTT, the eponymous token of BitT..."", ""url"": ""https://coindesk.com/markets/2024/02/15/bittorrents-btt-surges-12-as-owner-tron-completes-trx-burn"", ""source"": ""CoinDesk"", ""sentiment"": ""POSITIVE"", ""keywords"": ""TRX|Tron|Justin Sun|BitTorrent"", ""id"": 42391496, ""guid"": ""CpI5Y2Su0uMQDo69bexXOl""}, {""date"": ""20231204052653"", ""headline"": ""TRX Trades at Premium on Poloniex as Arbitrage Lures Risk Takers"", ""summary"": ""Tron's native token [TRX] traded at a premium of up to 17% over the weekend on the recently hacked exchange Poloniex, creating a potentially lucrative arbitrage trade.\n\nThe premium has since shrunk to..."", ""url"": ""https://coindesk.com/markets/2023/12/04/trx-trades-at-premium-on-poloniex-as-arbitrage-lures-risk-takers"", ""source"": ""CoinDesk"", ""sentiment"": ""NEUTRAL"", ""keywords"": ""TRX|Tron|Arbitrage|Trade"", ""id"": 42419063, ""guid"": ""ha93388BwWkPe8xtcUDVQT""}, {""date"": ""20230411230804"", ""headline"": ""Tron\u2019s TRX Drops 6% as Binance.US Delists the Token"", ""summary"": ""Tron\u2019s TRX token has been delisted on Binance.US.\n\nThis comes weeks after the U.S. Securities and Exchange Commission sued Tron's Justin Sun over allegations of selling and airdropping unregistered se..."", ""url"": ""https://coindesk.com/markets/2023/04/12/trons-trx-down-6-as-binanceus-delists-token"", ""source"": ""CoinDesk"", ""sentiment"": ""NEGATIVE"", ""keywords"": ""Tron|TRX|Justin Sun|Binance US"", ""id"": 42412340, ""guid"": ""PU3faaK1X8MGOraUJl4dG8""}]",{}
51,2025-01-03,2024-12-27,0.2542079985141754,0.2587920129299164,-0.01771312168348243,D2,"[{""date"": ""20241204023214"", ""headline"": ""Tron\u2019s TRX Rockets to Record Highs Above $0.4"", ""summary"": ""Tron\u2019s TRX catapulted to a record high early Wednesday, nearly 7 years after its initial release, on no immediate catalysts in a move that liquidated over $21 million in short bets.\n\n\n\nTRX jumped 76% ..."", ""url"": ""https://coindesk.com/markets/2024/12/04/tron-s-trx-rockets-to-record-highs-above-0-4"", ""source"": ""CoinDesk"", ""sentiment"": ""POSITIVE"", ""keywords"": ""Tron|TRX|Justin Sun"", ""id"": 42389080, ""guid"": ""35f18d99-f131-4346-8fe4-21d3210491c6""}, {""date"": ""20240220224837"", ""headline"": ""USDC Stablecoin Issuer Circle Dumps Tron Network; TRX Steady"", ""summary"": ""Circle is phasing out suppport for USDC on the Tron network, with minting of the stablecoin stopping immediately.\n\nThe company said the move is to ensure \""USDC remains trusted, transparent and safe.\""\n..."", ""url"": ""https://coindesk.com/markets/2024/02/21/usdc-stablecoins-issuer-circle-dumps-tron-network-trx-steady"", ""source"": ""CoinDesk"", ""sentiment"": ""NEUTRAL"", ""keywords"": ""Tron|Stablecoin|Markets"", ""id"": 42408785, ""guid"": ""GJVPKSa3D710Liw1gb2C4M""}, {""date"": ""20240215041007"", ""headline"": ""BitTorrent's BTT Surges 12% as Owner Tron Completes TRX Burn"", ""summary"": ""BTT is up as Tron, the network it is issued on, completed another TRX burn.\n\nBTT tends to react to positive news from Tron even as TRX doesn't move to the same extent\n\nBTT, the eponymous token of BitT..."", ""url"": ""https://coindesk.com/markets/2024/02/15/bittorrents-btt-surges-12-as-owner-tron-completes-trx-burn"", ""source"": ""CoinDesk"", ""sentiment"": ""POSITIVE"", ""keywords"": ""TRX|Tron|Justin Sun|BitTorrent"", ""id"": 42391496, ""guid"": ""CpI5Y2Su0uMQDo69bexXOl""}, {""date"": ""20231204052653"", ""headline"": ""TRX Trades at Premium on Poloniex as Arbitrage Lures Risk Takers"", ""summary"": ""Tron's native token [TRX] traded at a premium of up to 17% over the weekend on the recently hacked exchange Poloniex, creating a potentially lucrative arbitrage trade.\n\nThe premium has since shrunk to..."", ""url"": ""https://coindesk.com/markets/2023/12/04/trx-trades-at-premium-on-poloniex-as-arbitrage-lures-risk-takers"", ""source"": ""CoinDesk"", ""sentiment"": ""NEUTRAL"", ""keywords"": ""TRX|Tron|Arbitrage|Trade"", ""id"": 42419063, ""guid"": ""ha93388BwWkPe8xtcUDVQT""}, {""date"": ""20230411230804"", ""headline"": ""Tron\u2019s TRX Drops 6% as Binance.US Delists the Token"", ""summary"": ""Tron\u2019s TRX token has been delisted on Binance.US.\n\nThis comes weeks after the U.S. Securities and Exchange Commission sued Tron's Justin Sun over allegations of selling and airdropping unregistered se..."", ""url"": ""https://coindesk.com/markets/2023/04/12/trons-trx-down-6-as-binanceus-delists-token"", ""source"": ""CoinDesk"", ""sentiment"": ""NEGATIVE"", ""keywords"": ""Tron|TRX|Justin Sun|Binance US"", ""id"": 42412340, ""guid"": ""PU3faaK1X8MGOraUJl4dG8""}]",{}
