prompt,answer
"[Cryptocurrency Introduction]: TRON (TRX) is a cryptocurrency . TRON has a current supply of 94,865,071,542.902658 with 94,865,064,585.218588 in circulation. The last known price of TRON is 0.26962753 USD and is up 0.83 over the last 24 hours. It is currently trading on 1183 active market(s) with $388,196,221.57 traded over the last 24 hours. More information can be found at https://trondao.org/.. It has a market capilization of 25289431040.

From 2024-01-05 to 2024-01-12, TRX-USD's stock price increased from 0.10 to 0.11. News during this period are listed below:

[Headline]: TRX Trades at Premium on Poloniex as Arbitrage Lures Risk Takers
[Summary]: Tron's native token [TRX] traded at a premium of up to 17% over the weekend on the recently hacked exchange Poloniex, creating a potentially lucrative arbitrage trade.

The premium has since shrunk to...

[Headline]: Tron’s TRX Drops 6% as Binance.US Delists the Token
[Summary]: Tron’s TRX token has been delisted on Binance.US.

This comes weeks after the U.S. Securities and Exchange Commission sued Tron's Justin Sun over allegations of selling and airdropping unregistered se...

[Headline]: Tron Network’s TRX Drops 13% Following SEC Charges Against Justin Sun
[Summary]: The Tron network’s native TRX token dropped 13%, per CoinDesk data, from 6.7 cents to 5.8 cents after the Securities and Exchange Commission (SEC) announced charges against Justin Sun and three of his...

[Headline]: Tron's TRX Jumps 140% Amid 1:1 FTX Redemption of Tron-Based Tokens
[Summary]: TRX, the native token of the Tron network, surged over 140% on cryptocurrency exchange FTX, from 12 cents to 29 cents after Tron founder Justin Sun agreed to move Tron-based assets from FTX to externa...

[Headline]: TRX Momentarily Surges 4,000% on FTX After Justin Sun Emerges as Latest 'Would Be' FTX Savior
[Summary]: Tron network’s native TRX token momentarily surged some 4,000%, from 6 cents to $2.50, on embattled crypto exchange FTX even though they are trading for 6 cents on other prominent exchanges, such as B...



Based on all the information before 2024-01-12, let's first analyze the positive developments and potential concerns for TRX-USD. Come up with 2-4 most important factors respectively and keep them concise. Most factors should be inferred from cryptocurrencies related news. Then let's assume your prediction for next week (2024-01-12 to 2024-01-19) is up by 3-4%. Provide a summary analysis to support your prediction. The prediction result need to be inferred from your analysis at the end, and thus not appearing as a foundational factor of your analysis.","### ANALYSIS REQUEST 1

**[Positive Developments]:**
1. **Arbitrage Opportunities**: TRX traded at a premium on Poloniex, creating potentially lucrative arbitrage opportunities and attracting risk-takers.
2. **FTX Redemption**: TRX surged over 140% on FTX after Justin Sun agreed to move Tron-based assets from FTX to external wallets, indicating strong market interest.
3. **Market Volatility**: The momentary 4,000% surge on FTX, though anomalous, highlights the potential for significant price movements and speculative interest.
4. **Market Liquidity**: High trading volumes and active markets suggest robust liquidity, which can support price stability and growth.

**[Potential Concerns]:**
1. **Delisting from Binance.US**: The delisting of TRX from Binance.US could reduce liquidity and accessibility for U.S. traders.
2. **SEC Charges**: The SEC's charges against Justin Sun have led to significant price drops, raising regulatory and legal concerns.
3. **Market Manipulation**: The extreme price surge on FTX raises concerns about market manipulation and the reliability of price data.
4. **Regulatory Uncertainty**: Ongoing regulatory actions and investigations create uncertainty and potential risks for investors.

**[Prediction & Analysis]:**
The recent developments for TRX present a mixed outlook. While the arbitrage opportunities and the FTX redemption have driven significant price surges, the delisting from Binance.US and the SEC charges against Justin Sun pose substantial risks. The momentary 4,000% surge on FTX is likely an anomaly driven by speculative trading rather than fundamentals. However, the high trading volumes and active markets suggest that TRX has robust liquidity, which can support price stability. Despite the regulatory concerns, the market's interest in TRX, as evidenced by the recent price movements, indicates potential for growth. Therefore, a modest increase of 3-4% for the upcoming week is predicted, driven by continued market interest and liquidity, while factoring in the regulatory risks."
"[Cryptocurrency Introduction]: TRON (TRX) is a cryptocurrency . TRON has a current supply of 94,865,071,542.902658 with 94,865,064,585.218588 in circulation. The last known price of TRON is 0.26962753 USD and is up 0.83 over the last 24 hours. It is currently trading on 1183 active market(s) with $388,196,221.57 traded over the last 24 hours. More information can be found at https://trondao.org/.. It has a market capilization of 25289431040.

From 2024-01-12 to 2024-01-19, TRX-USD's stock price increased from 0.11 to 0.11. News during this period are listed below:

[Headline]: TRX Trades at Premium on Poloniex as Arbitrage Lures Risk Takers
[Summary]: Tron's native token [TRX] traded at a premium of up to 17% over the weekend on the recently hacked exchange Poloniex, creating a potentially lucrative arbitrage trade.

The premium has since shrunk to...

[Headline]: Tron’s TRX Drops 6% as Binance.US Delists the Token
[Summary]: Tron’s TRX token has been delisted on Binance.US.

This comes weeks after the U.S. Securities and Exchange Commission sued Tron's Justin Sun over allegations of selling and airdropping unregistered se...

[Headline]: Tron Network’s TRX Drops 13% Following SEC Charges Against Justin Sun
[Summary]: The Tron network’s native TRX token dropped 13%, per CoinDesk data, from 6.7 cents to 5.8 cents after the Securities and Exchange Commission (SEC) announced charges against Justin Sun and three of his...

[Headline]: Tron's TRX Jumps 140% Amid 1:1 FTX Redemption of Tron-Based Tokens
[Summary]: TRX, the native token of the Tron network, surged over 140% on cryptocurrency exchange FTX, from 12 cents to 29 cents after Tron founder Justin Sun agreed to move Tron-based assets from FTX to externa...

[Headline]: TRX Momentarily Surges 4,000% on FTX After Justin Sun Emerges as Latest 'Would Be' FTX Savior
[Summary]: Tron network’s native TRX token momentarily surged some 4,000%, from 6 cents to $2.50, on embattled crypto exchange FTX even though they are trading for 6 cents on other prominent exchanges, such as B...



Based on all the information before 2024-01-19, let's first analyze the positive developments and potential concerns for TRX-USD. Come up with 2-4 most important factors respectively and keep them concise. Most factors should be inferred from cryptocurrencies related news. Then let's assume your prediction for next week (2024-01-19 to 2024-01-26) is up by 3-4%. Provide a summary analysis to support your prediction. The prediction result need to be inferred from your analysis at the end, and thus not appearing as a foundational factor of your analysis.","### ANALYSIS REQUEST 2

**[Positive Developments]:**
1. **Arbitrage Opportunities**: TRX traded at a premium on Poloniex, creating potentially lucrative arbitrage opportunities and attracting risk-takers.
2. **FTX Redemption**: TRX surged over 140% on FTX after Justin Sun agreed to move Tron-based assets from FTX to external wallets, indicating strong market interest.
3. **Market Volatility**: The momentary 4,000% surge on FTX, though anomalous, highlights the potential for significant price movements and speculative interest.
4. **Market Liquidity**: High trading volumes and active markets suggest robust liquidity, which can support price stability and growth.

**[Potential Concerns]:**
1. **Delisting from Binance.US**: The delisting of TRX from Binance.US could reduce liquidity and accessibility for U.S. traders.
2. **SEC Charges**: The SEC's charges against Justin Sun have led to significant price drops, raising regulatory and legal concerns.
3. **Market Manipulation**: The extreme price surge on FTX raises concerns about market manipulation and the reliability of price data.
4. **Regulatory Uncertainty**: Ongoing regulatory actions and investigations create uncertainty and potential risks for investors.

**[Prediction & Analysis]:**
The recent developments for TRX present a mixed outlook. While the arbitrage opportunities and the FTX redemption have driven significant price surges, the delisting from Binance.US and the SEC charges against Justin Sun pose substantial risks. The momentary 4,000% surge on FTX is likely an anomaly driven by speculative trading rather than fundamentals. However, the high trading volumes and active markets suggest that TRX has robust liquidity, which can support price stability. Despite the regulatory concerns, the market's interest in TRX, as evidenced by the recent price movements, indicates potential for growth. Therefore, a modest increase of 3-4% for the upcoming week is predicted, driven by continued market interest and liquidity, while factoring in the regulatory risks."
"[Cryptocurrency Introduction]: TRON (TRX) is a cryptocurrency . TRON has a current supply of 94,865,071,542.902658 with 94,865,064,585.218588 in circulation. The last known price of TRON is 0.26962753 USD and is up 0.83 over the last 24 hours. It is currently trading on 1183 active market(s) with $388,196,221.57 traded over the last 24 hours. More information can be found at https://trondao.org/.. It has a market capilization of 25289431040.

From 2024-01-05 to 2024-01-12, TRX-USD's stock price increased from 0.10 to 0.11. News during this period are listed below:

[Headline]: TRX Trades at Premium on Poloniex as Arbitrage Lures Risk Takers
[Summary]: Tron's native token [TRX] traded at a premium of up to 17% over the weekend on the recently hacked exchange Poloniex, creating a potentially lucrative arbitrage trade.

The premium has since shrunk to...

[Headline]: Tron’s TRX Drops 6% as Binance.US Delists the Token
[Summary]: Tron’s TRX token has been delisted on Binance.US.

This comes weeks after the U.S. Securities and Exchange Commission sued Tron's Justin Sun over allegations of selling and airdropping unregistered se...

[Headline]: Tron Network’s TRX Drops 13% Following SEC Charges Against Justin Sun
[Summary]: The Tron network’s native TRX token dropped 13%, per CoinDesk data, from 6.7 cents to 5.8 cents after the Securities and Exchange Commission (SEC) announced charges against Justin Sun and three of his...

[Headline]: Tron's TRX Jumps 140% Amid 1:1 FTX Redemption of Tron-Based Tokens
[Summary]: TRX, the native token of the Tron network, surged over 140% on cryptocurrency exchange FTX, from 12 cents to 29 cents after Tron founder Justin Sun agreed to move Tron-based assets from FTX to externa...

[Headline]: TRX Momentarily Surges 4,000% on FTX After Justin Sun Emerges as Latest 'Would Be' FTX Savior
[Summary]: Tron network’s native TRX token momentarily surged some 4,000%, from 6 cents to $2.50, on embattled crypto exchange FTX even though they are trading for 6 cents on other prominent exchanges, such as B...

From 2024-01-12 to 2024-01-19, TRX-USD's stock price increased from 0.11 to 0.11. News during this period are listed below:

[Headline]: TRX Trades at Premium on Poloniex as Arbitrage Lures Risk Takers
[Summary]: Tron's native token [TRX] traded at a premium of up to 17% over the weekend on the recently hacked exchange Poloniex, creating a potentially lucrative arbitrage trade.

The premium has since shrunk to...

[Headline]: Tron’s TRX Drops 6% as Binance.US Delists the Token
[Summary]: Tron’s TRX token has been delisted on Binance.US.

This comes weeks after the U.S. Securities and Exchange Commission sued Tron's Justin Sun over allegations of selling and airdropping unregistered se...

[Headline]: Tron Network’s TRX Drops 13% Following SEC Charges Against Justin Sun
[Summary]: The Tron network’s native TRX token dropped 13%, per CoinDesk data, from 6.7 cents to 5.8 cents after the Securities and Exchange Commission (SEC) announced charges against Justin Sun and three of his...

[Headline]: Tron's TRX Jumps 140% Amid 1:1 FTX Redemption of Tron-Based Tokens
[Summary]: TRX, the native token of the Tron network, surged over 140% on cryptocurrency exchange FTX, from 12 cents to 29 cents after Tron founder Justin Sun agreed to move Tron-based assets from FTX to externa...

[Headline]: TRX Momentarily Surges 4,000% on FTX After Justin Sun Emerges as Latest 'Would Be' FTX Savior
[Summary]: Tron network’s native TRX token momentarily surged some 4,000%, from 6 cents to $2.50, on embattled crypto exchange FTX even though they are trading for 6 cents on other prominent exchanges, such as B...

From 2024-01-19 to 2024-01-26, TRX-USD's stock price increased from 0.11 to 0.11. News during this period are listed below:

[Headline]: TRX Trades at Premium on Poloniex as Arbitrage Lures Risk Takers
[Summary]: Tron's native token [TRX] traded at a premium of up to 17% over the weekend on the recently hacked exchange Poloniex, creating a potentially lucrative arbitrage trade.

The premium has since shrunk to...

[Headline]: Tron’s TRX Drops 6% as Binance.US Delists the Token
[Summary]: Tron’s TRX token has been delisted on Binance.US.

This comes weeks after the U.S. Securities and Exchange Commission sued Tron's Justin Sun over allegations of selling and airdropping unregistered se...

[Headline]: Tron Network’s TRX Drops 13% Following SEC Charges Against Justin Sun
[Summary]: The Tron network’s native TRX token dropped 13%, per CoinDesk data, from 6.7 cents to 5.8 cents after the Securities and Exchange Commission (SEC) announced charges against Justin Sun and three of his...

[Headline]: Tron's TRX Jumps 140% Amid 1:1 FTX Redemption of Tron-Based Tokens
[Summary]: TRX, the native token of the Tron network, surged over 140% on cryptocurrency exchange FTX, from 12 cents to 29 cents after Tron founder Justin Sun agreed to move Tron-based assets from FTX to externa...

[Headline]: TRX Momentarily Surges 4,000% on FTX After Justin Sun Emerges as Latest 'Would Be' FTX Savior
[Summary]: Tron network’s native TRX token momentarily surged some 4,000%, from 6 cents to $2.50, on embattled crypto exchange FTX even though they are trading for 6 cents on other prominent exchanges, such as B...



Based on all the information before 2024-01-26, let's first analyze the positive developments and potential concerns for TRX-USD. Come up with 2-4 most important factors respectively and keep them concise. Most factors should be inferred from cryptocurrencies related news. Then let's assume your prediction for next week (2024-01-26 to 2024-02-02) is up by 1-2%. Provide a summary analysis to support your prediction. The prediction result need to be inferred from your analysis at the end, and thus not appearing as a foundational factor of your analysis.","### ANALYSIS REQUEST 3

**[Positive Developments]:**
1. **Arbitrage Opportunities**: TRX traded at a premium on Poloniex, creating potentially lucrative arbitrage opportunities and attracting risk-takers.
2. **FTX Redemption**: TRX surged over 140% on FTX after Justin Sun agreed to move Tron-based assets from FTX to external wallets, indicating strong market interest.
3. **Market Volatility**: The momentary 4,000% surge on FTX, though anomalous, highlights the potential for significant price movements and speculative interest.
4. **Market Liquidity**: High trading volumes and active markets suggest robust liquidity, which can support price stability and growth.

**[Potential Concerns]:**
1. **Delisting from Binance.US**: The delisting of TRX from Binance.US could reduce liquidity and accessibility for U.S. traders.
2. **SEC Charges**: The SEC's charges against Justin Sun have led to significant price drops, raising regulatory and legal concerns.
3. **Market Manipulation**: The extreme price surge on FTX raises concerns about market manipulation and the reliability of price data.
4. **Regulatory Uncertainty**: Ongoing regulatory actions and investigations create uncertainty and potential risks for investors.

**[Prediction & Analysis]:**
The recent developments for TRX present a mixed outlook. While the arbitrage opportunities and the FTX redemption have driven significant price surges, the delisting from Binance.US and the SEC charges against Justin Sun pose substantial risks. The momentary 4,000% surge on FTX is likely an anomaly driven by speculative trading rather than fundamentals. However, the high trading volumes and active markets suggest that TRX has robust liquidity, which can support price stability. Despite the regulatory concerns, the market's interest in TRX, as evidenced by the recent price movements, indicates potential for growth. Therefore, a modest increase of 1-2% for the upcoming week is predicted, driven by continued market interest and liquidity, while factoring in the regulatory risks."
"[Cryptocurrency Introduction]: TRON (TRX) is a cryptocurrency . TRON has a current supply of 94,865,071,542.902658 with 94,865,064,585.218588 in circulation. The last known price of TRON is 0.26962753 USD and is up 0.83 over the last 24 hours. It is currently trading on 1183 active market(s) with $388,196,221.57 traded over the last 24 hours. More information can be found at https://trondao.org/.. It has a market capilization of 25289431040.

From 2024-01-12 to 2024-01-19, TRX-USD's stock price increased from 0.11 to 0.11. News during this period are listed below:

[Headline]: TRX Trades at Premium on Poloniex as Arbitrage Lures Risk Takers
[Summary]: Tron's native token [TRX] traded at a premium of up to 17% over the weekend on the recently hacked exchange Poloniex, creating a potentially lucrative arbitrage trade.

The premium has since shrunk to...

[Headline]: Tron’s TRX Drops 6% as Binance.US Delists the Token
[Summary]: Tron’s TRX token has been delisted on Binance.US.

This comes weeks after the U.S. Securities and Exchange Commission sued Tron's Justin Sun over allegations of selling and airdropping unregistered se...

[Headline]: Tron Network’s TRX Drops 13% Following SEC Charges Against Justin Sun
[Summary]: The Tron network’s native TRX token dropped 13%, per CoinDesk data, from 6.7 cents to 5.8 cents after the Securities and Exchange Commission (SEC) announced charges against Justin Sun and three of his...

[Headline]: Tron's TRX Jumps 140% Amid 1:1 FTX Redemption of Tron-Based Tokens
[Summary]: TRX, the native token of the Tron network, surged over 140% on cryptocurrency exchange FTX, from 12 cents to 29 cents after Tron founder Justin Sun agreed to move Tron-based assets from FTX to externa...

[Headline]: TRX Momentarily Surges 4,000% on FTX After Justin Sun Emerges as Latest 'Would Be' FTX Savior
[Summary]: Tron network’s native TRX token momentarily surged some 4,000%, from 6 cents to $2.50, on embattled crypto exchange FTX even though they are trading for 6 cents on other prominent exchanges, such as B...

From 2024-01-19 to 2024-01-26, TRX-USD's stock price increased from 0.11 to 0.11. News during this period are listed below:

[Headline]: TRX Trades at Premium on Poloniex as Arbitrage Lures Risk Takers
[Summary]: Tron's native token [TRX] traded at a premium of up to 17% over the weekend on the recently hacked exchange Poloniex, creating a potentially lucrative arbitrage trade.

The premium has since shrunk to...

[Headline]: Tron’s TRX Drops 6% as Binance.US Delists the Token
[Summary]: Tron’s TRX token has been delisted on Binance.US.

This comes weeks after the U.S. Securities and Exchange Commission sued Tron's Justin Sun over allegations of selling and airdropping unregistered se...

[Headline]: Tron Network’s TRX Drops 13% Following SEC Charges Against Justin Sun
[Summary]: The Tron network’s native TRX token dropped 13%, per CoinDesk data, from 6.7 cents to 5.8 cents after the Securities and Exchange Commission (SEC) announced charges against Justin Sun and three of his...

[Headline]: Tron's TRX Jumps 140% Amid 1:1 FTX Redemption of Tron-Based Tokens
[Summary]: TRX, the native token of the Tron network, surged over 140% on cryptocurrency exchange FTX, from 12 cents to 29 cents after Tron founder Justin Sun agreed to move Tron-based assets from FTX to externa...

[Headline]: TRX Momentarily Surges 4,000% on FTX After Justin Sun Emerges as Latest 'Would Be' FTX Savior
[Summary]: Tron network’s native TRX token momentarily surged some 4,000%, from 6 cents to $2.50, on embattled crypto exchange FTX even though they are trading for 6 cents on other prominent exchanges, such as B...

From 2024-01-26 to 2024-02-02, TRX-USD's stock price increased from 0.11 to 0.12. News during this period are listed below:

[Headline]: TRX Trades at Premium on Poloniex as Arbitrage Lures Risk Takers
[Summary]: Tron's native token [TRX] traded at a premium of up to 17% over the weekend on the recently hacked exchange Poloniex, creating a potentially lucrative arbitrage trade.

The premium has since shrunk to...

[Headline]: Tron’s TRX Drops 6% as Binance.US Delists the Token
[Summary]: Tron’s TRX token has been delisted on Binance.US.

This comes weeks after the U.S. Securities and Exchange Commission sued Tron's Justin Sun over allegations of selling and airdropping unregistered se...

[Headline]: Tron Network’s TRX Drops 13% Following SEC Charges Against Justin Sun
[Summary]: The Tron network’s native TRX token dropped 13%, per CoinDesk data, from 6.7 cents to 5.8 cents after the Securities and Exchange Commission (SEC) announced charges against Justin Sun and three of his...

[Headline]: Tron's TRX Jumps 140% Amid 1:1 FTX Redemption of Tron-Based Tokens
[Summary]: TRX, the native token of the Tron network, surged over 140% on cryptocurrency exchange FTX, from 12 cents to 29 cents after Tron founder Justin Sun agreed to move Tron-based assets from FTX to externa...

[Headline]: TRX Momentarily Surges 4,000% on FTX After Justin Sun Emerges as Latest 'Would Be' FTX Savior
[Summary]: Tron network’s native TRX token momentarily surged some 4,000%, from 6 cents to $2.50, on embattled crypto exchange FTX even though they are trading for 6 cents on other prominent exchanges, such as B...



Based on all the information before 2024-02-02, let's first analyze the positive developments and potential concerns for TRX-USD. Come up with 2-4 most important factors respectively and keep them concise. Most factors should be inferred from cryptocurrencies related news. Then let's assume your prediction for next week (2024-02-02 to 2024-02-09) is up by more than 5%. Provide a summary analysis to support your prediction. The prediction result need to be inferred from your analysis at the end, and thus not appearing as a foundational factor of your analysis.","### ANALYSIS REQUEST 4

**[Positive Developments]:**
1. **Arbitrage Opportunities**: TRX traded at a premium on Poloniex, creating potentially lucrative arbitrage opportunities and attracting risk-takers.
2. **FTX Redemption**: TRX surged over 140% on FTX after Justin Sun agreed to move Tron-based assets from FTX to external wallets, indicating strong market interest.
3. **Market Volatility**: The momentary 4,000% surge on FTX, though anomalous, highlights the potential for significant price movements and speculative interest.
4. **Market Liquidity**: High trading volumes and active markets suggest robust liquidity, which can support price stability and growth.

**[Potential Concerns]:**
1. **Delisting from Binance.US**: The delisting of TRX from Binance.US could reduce liquidity and accessibility for U.S. traders.
2. **SEC Charges**: The SEC's charges against Justin Sun have led to significant price drops, raising regulatory and legal concerns.
3. **Market Manipulation**: The extreme price surge on FTX raises concerns about market manipulation and the reliability of price data.
4. **Regulatory Uncertainty**: Ongoing regulatory actions and investigations create uncertainty and potential risks for investors.

**[Prediction & Analysis]:**
The recent developments for TRX present a mixed outlook. While the arbitrage opportunities and the FTX redemption have driven significant price surges, the delisting from Binance.US and the SEC charges against Justin Sun pose substantial risks. The momentary 4,000% surge on FTX is likely an anomaly driven by speculative trading rather than fundamentals. However, the high trading volumes and active markets suggest that TRX has robust liquidity, which can support price stability. Despite the regulatory concerns, the market's interest in TRX, as evidenced by the recent price movements, indicates potential for growth. Therefore, a modest increase of 3-4% for the upcoming week is predicted, driven by continued market interest and liquidity, while factoring in the regulatory risks."
"[Cryptocurrency Introduction]: TRON (TRX) is a cryptocurrency . TRON has a current supply of 94,865,071,542.902658 with 94,865,064,585.218588 in circulation. The last known price of TRON is 0.26962753 USD and is up 0.83 over the last 24 hours. It is currently trading on 1183 active market(s) with $388,196,221.57 traded over the last 24 hours. More information can be found at https://trondao.org/.. It has a market capilization of 25289431040.

From 2024-02-02 to 2024-02-09, TRX-USD's stock price increased from 0.12 to 0.12. News during this period are listed below:

[Headline]: TRX Trades at Premium on Poloniex as Arbitrage Lures Risk Takers
[Summary]: Tron's native token [TRX] traded at a premium of up to 17% over the weekend on the recently hacked exchange Poloniex, creating a potentially lucrative arbitrage trade.

The premium has since shrunk to...

[Headline]: Tron’s TRX Drops 6% as Binance.US Delists the Token
[Summary]: Tron’s TRX token has been delisted on Binance.US.

This comes weeks after the U.S. Securities and Exchange Commission sued Tron's Justin Sun over allegations of selling and airdropping unregistered se...

[Headline]: Tron Network’s TRX Drops 13% Following SEC Charges Against Justin Sun
[Summary]: The Tron network’s native TRX token dropped 13%, per CoinDesk data, from 6.7 cents to 5.8 cents after the Securities and Exchange Commission (SEC) announced charges against Justin Sun and three of his...

[Headline]: Tron's TRX Jumps 140% Amid 1:1 FTX Redemption of Tron-Based Tokens
[Summary]: TRX, the native token of the Tron network, surged over 140% on cryptocurrency exchange FTX, from 12 cents to 29 cents after Tron founder Justin Sun agreed to move Tron-based assets from FTX to externa...

[Headline]: TRX Momentarily Surges 4,000% on FTX After Justin Sun Emerges as Latest 'Would Be' FTX Savior
[Summary]: Tron network’s native TRX token momentarily surged some 4,000%, from 6 cents to $2.50, on embattled crypto exchange FTX even though they are trading for 6 cents on other prominent exchanges, such as B...



Based on all the information before 2024-02-09, let's first analyze the positive developments and potential concerns for TRX-USD. Come up with 2-4 most important factors respectively and keep them concise. Most factors should be inferred from cryptocurrencies related news. Then let's assume your prediction for next week (2024-02-09 to 2024-02-16) is up by more than 5%. Provide a summary analysis to support your prediction. The prediction result need to be inferred from your analysis at the end, and thus not appearing as a foundational factor of your analysis.","### ANALYSIS REQUEST 5

**[Positive Developments]:**
1. **Arbitrage Opportunities**: TRX traded at a premium on Poloniex, creating potentially lucrative arbitrage opportunities and attracting risk-takers.
2. **FTX Redemption**: TRX surged over 140% on FTX after Justin Sun agreed to move Tron-based assets from FTX to external wallets, indicating strong market interest.
3. **Market Volatility**: The momentary 4,000% surge on FTX, though anomalous, highlights the potential for significant price movements and speculative interest.
4. **Market Liquidity**: High trading volumes and active markets suggest robust liquidity, which can support price stability and growth.

**[Potential Concerns]:**
1. **Delisting from Binance.US**: The delisting of TRX from Binance.US could reduce liquidity and accessibility for U.S. traders.
2. **SEC Charges**: The SEC's charges against Justin Sun have led to significant price drops, raising regulatory and legal concerns.
3. **Market Manipulation**: The extreme price surge on FTX raises concerns about market manipulation and the reliability of price data.
4. **Regulatory Uncertainty**: Ongoing regulatory actions and investigations create uncertainty and potential risks for investors.

**[Prediction & Analysis]:**
The recent developments for TRX present a mixed outlook. While the arbitrage opportunities and the FTX redemption have driven significant price surges, the delisting from Binance.US and the SEC charges against Justin Sun pose substantial risks. The momentary 4,000% surge on FTX is likely an anomaly driven by speculative trading rather than fundamentals. However, the high trading volumes and active markets suggest that TRX has robust liquidity, which can support price stability. Despite the regulatory concerns, the market's interest in TRX, as evidenced by the recent price movements, indicates potential for growth. Therefore, a modest increase of 5% for the upcoming week is predicted, driven by continued market interest and liquidity, while factoring in the regulatory risks."
"[Cryptocurrency Introduction]: TRON (TRX) is a cryptocurrency . TRON has a current supply of 94,865,071,542.902658 with 94,865,064,585.218588 in circulation. The last known price of TRON is 0.26962753 USD and is up 0.83 over the last 24 hours. It is currently trading on 1183 active market(s) with $388,196,221.57 traded over the last 24 hours. More information can be found at https://trondao.org/.. It has a market capilization of 25289431040.

From 2024-01-26 to 2024-02-02, TRX-USD's stock price increased from 0.11 to 0.12. News during this period are listed below:

[Headline]: TRX Trades at Premium on Poloniex as Arbitrage Lures Risk Takers
[Summary]: Tron's native token [TRX] traded at a premium of up to 17% over the weekend on the recently hacked exchange Poloniex, creating a potentially lucrative arbitrage trade.

The premium has since shrunk to...

[Headline]: Tron’s TRX Drops 6% as Binance.US Delists the Token
[Summary]: Tron’s TRX token has been delisted on Binance.US.

This comes weeks after the U.S. Securities and Exchange Commission sued Tron's Justin Sun over allegations of selling and airdropping unregistered se...

[Headline]: Tron Network’s TRX Drops 13% Following SEC Charges Against Justin Sun
[Summary]: The Tron network’s native TRX token dropped 13%, per CoinDesk data, from 6.7 cents to 5.8 cents after the Securities and Exchange Commission (SEC) announced charges against Justin Sun and three of his...

[Headline]: Tron's TRX Jumps 140% Amid 1:1 FTX Redemption of Tron-Based Tokens
[Summary]: TRX, the native token of the Tron network, surged over 140% on cryptocurrency exchange FTX, from 12 cents to 29 cents after Tron founder Justin Sun agreed to move Tron-based assets from FTX to externa...

[Headline]: TRX Momentarily Surges 4,000% on FTX After Justin Sun Emerges as Latest 'Would Be' FTX Savior
[Summary]: Tron network’s native TRX token momentarily surged some 4,000%, from 6 cents to $2.50, on embattled crypto exchange FTX even though they are trading for 6 cents on other prominent exchanges, such as B...

From 2024-02-02 to 2024-02-09, TRX-USD's stock price increased from 0.12 to 0.12. News during this period are listed below:

[Headline]: TRX Trades at Premium on Poloniex as Arbitrage Lures Risk Takers
[Summary]: Tron's native token [TRX] traded at a premium of up to 17% over the weekend on the recently hacked exchange Poloniex, creating a potentially lucrative arbitrage trade.

The premium has since shrunk to...

[Headline]: Tron’s TRX Drops 6% as Binance.US Delists the Token
[Summary]: Tron’s TRX token has been delisted on Binance.US.

This comes weeks after the U.S. Securities and Exchange Commission sued Tron's Justin Sun over allegations of selling and airdropping unregistered se...

[Headline]: Tron Network’s TRX Drops 13% Following SEC Charges Against Justin Sun
[Summary]: The Tron network’s native TRX token dropped 13%, per CoinDesk data, from 6.7 cents to 5.8 cents after the Securities and Exchange Commission (SEC) announced charges against Justin Sun and three of his...

[Headline]: Tron's TRX Jumps 140% Amid 1:1 FTX Redemption of Tron-Based Tokens
[Summary]: TRX, the native token of the Tron network, surged over 140% on cryptocurrency exchange FTX, from 12 cents to 29 cents after Tron founder Justin Sun agreed to move Tron-based assets from FTX to externa...

[Headline]: TRX Momentarily Surges 4,000% on FTX After Justin Sun Emerges as Latest 'Would Be' FTX Savior
[Summary]: Tron network’s native TRX token momentarily surged some 4,000%, from 6 cents to $2.50, on embattled crypto exchange FTX even though they are trading for 6 cents on other prominent exchanges, such as B...

From 2024-02-09 to 2024-02-16, TRX-USD's stock price increased from 0.12 to 0.13. News during this period are listed below:

[Headline]: BitTorrent's BTT Surges 12% as Owner Tron Completes TRX Burn
[Summary]: BTT is up as Tron, the network it is issued on, completed another TRX burn.

BTT tends to react to positive news from Tron even as TRX doesn't move to the same extent

BTT, the eponymous token of BitT...



Based on all the information before 2024-02-16, let's first analyze the positive developments and potential concerns for TRX-USD. Come up with 2-4 most important factors respectively and keep them concise. Most factors should be inferred from cryptocurrencies related news. Then let's assume your prediction for next week (2024-02-16 to 2024-02-23) is up by 3-4%. Provide a summary analysis to support your prediction. The prediction result need to be inferred from your analysis at the end, and thus not appearing as a foundational factor of your analysis.","**[Positive Developments]:**
1. **FTX Redemption**: TRX surged 140% amid the 1:1 FTX redemption of Tron-based tokens, indicating strong demand and investor interest.
2. **Arbitrage Opportunities**: TRX traded at a premium on Poloniex, attracting arbitrage traders and increasing market activity.
3. **Justin Sun's Involvement**: Justin Sun's actions, such as agreeing to move Tron-based assets from FTX, have had significant positive price impacts.

**[Potential Concerns]:**
1. **SEC Charges**: The SEC's charges against Justin Sun led to a 13% drop in TRX, raising regulatory concerns.
2. **Delisting on Binance.US**: The delisting of TRX on Binance.US resulted in a 6% price decrease, reducing liquidity and access for US investors.

**[Prediction & Analysis]:**
TRX has shown resilience and volatility, with significant price surges driven by specific events such as the FTX redemption and arbitrage opportunities. However, regulatory concerns and delisting on major exchanges pose substantial risks. The market's positive reaction to Justin Sun's involvement and the recent price stability suggest a potential upward trend. Despite the regulatory headwinds, the continued interest in TRX and its market activity could drive the price up by 3-4% in the upcoming week."
"[Cryptocurrency Introduction]: TRON (TRX) is a cryptocurrency . TRON has a current supply of 94,865,071,542.902658 with 94,865,064,585.218588 in circulation. The last known price of TRON is 0.26962753 USD and is up 0.83 over the last 24 hours. It is currently trading on 1183 active market(s) with $388,196,221.57 traded over the last 24 hours. More information can be found at https://trondao.org/.. It has a market capilization of 25289431040.

From 2024-02-02 to 2024-02-09, TRX-USD's stock price increased from 0.12 to 0.12. News during this period are listed below:

[Headline]: TRX Trades at Premium on Poloniex as Arbitrage Lures Risk Takers
[Summary]: Tron's native token [TRX] traded at a premium of up to 17% over the weekend on the recently hacked exchange Poloniex, creating a potentially lucrative arbitrage trade.

The premium has since shrunk to...

[Headline]: Tron’s TRX Drops 6% as Binance.US Delists the Token
[Summary]: Tron’s TRX token has been delisted on Binance.US.

This comes weeks after the U.S. Securities and Exchange Commission sued Tron's Justin Sun over allegations of selling and airdropping unregistered se...

[Headline]: Tron Network’s TRX Drops 13% Following SEC Charges Against Justin Sun
[Summary]: The Tron network’s native TRX token dropped 13%, per CoinDesk data, from 6.7 cents to 5.8 cents after the Securities and Exchange Commission (SEC) announced charges against Justin Sun and three of his...

[Headline]: Tron's TRX Jumps 140% Amid 1:1 FTX Redemption of Tron-Based Tokens
[Summary]: TRX, the native token of the Tron network, surged over 140% on cryptocurrency exchange FTX, from 12 cents to 29 cents after Tron founder Justin Sun agreed to move Tron-based assets from FTX to externa...

[Headline]: TRX Momentarily Surges 4,000% on FTX After Justin Sun Emerges as Latest 'Would Be' FTX Savior
[Summary]: Tron network’s native TRX token momentarily surged some 4,000%, from 6 cents to $2.50, on embattled crypto exchange FTX even though they are trading for 6 cents on other prominent exchanges, such as B...

From 2024-02-09 to 2024-02-16, TRX-USD's stock price increased from 0.12 to 0.13. News during this period are listed below:

[Headline]: BitTorrent's BTT Surges 12% as Owner Tron Completes TRX Burn
[Summary]: BTT is up as Tron, the network it is issued on, completed another TRX burn.

BTT tends to react to positive news from Tron even as TRX doesn't move to the same extent

BTT, the eponymous token of BitT...

From 2024-02-16 to 2024-02-23, TRX-USD's stock price increased from 0.13 to 0.14. News during this period are listed below:

[Headline]: USDC Stablecoin Issuer Circle Dumps Tron Network; TRX Steady
[Summary]: Circle is phasing out suppport for USDC on the Tron network, with minting of the stablecoin stopping immediately.

The company said the move is to ensure ""USDC remains trusted, transparent and safe.""
...



Based on all the information before 2024-02-23, let's first analyze the positive developments and potential concerns for TRX-USD. Come up with 2-4 most important factors respectively and keep them concise. Most factors should be inferred from cryptocurrencies related news. Then let's assume your prediction for next week (2024-02-23 to 2024-03-01) is up by 2-3%. Provide a summary analysis to support your prediction. The prediction result need to be inferred from your analysis at the end, and thus not appearing as a foundational factor of your analysis.","**[Positive Developments]:**
1. **TRX Burn**: The completion of another TRX burn by Tron led to a surge in BTT, indicating positive sentiment and potential scarcity.
2. **Price Stability**: Despite various news events, TRX has maintained price stability, suggesting a solid support level.

**[Potential Concerns]:**
1. **Circle Dumps USDC on Tron**: Circle's decision to phase out support for USDC on the Tron network could impact liquidity and investor confidence.
2. **Persistent Regulatory Issues**: Continued regulatory pressures, such as the SEC charges against Justin Sun, pose ongoing risks.

**[Prediction & Analysis]:**
TRX has demonstrated stability and positive market reactions to developments like the TRX burn. However, the decision by Circle to phase out USDC support and persistent regulatory issues present challenges. Given the mixed signals, a modest price increase of 2-3% is anticipated for the upcoming week. The market's response to the TRX burn and the stability in price suggest cautious optimism, but regulatory concerns may limit significant gains."
"[Cryptocurrency Introduction]: TRON (TRX) is a cryptocurrency . TRON has a current supply of 94,865,071,542.902658 with 94,865,064,585.218588 in circulation. The last known price of TRON is 0.26962753 USD and is up 0.83 over the last 24 hours. It is currently trading on 1183 active market(s) with $388,196,221.57 traded over the last 24 hours. More information can be found at https://trondao.org/.. It has a market capilization of 25289431040.

From 2024-02-09 to 2024-02-16, TRX-USD's stock price increased from 0.12 to 0.13. News during this period are listed below:

[Headline]: BitTorrent's BTT Surges 12% as Owner Tron Completes TRX Burn
[Summary]: BTT is up as Tron, the network it is issued on, completed another TRX burn.

BTT tends to react to positive news from Tron even as TRX doesn't move to the same extent

BTT, the eponymous token of BitT...

From 2024-02-16 to 2024-02-23, TRX-USD's stock price increased from 0.13 to 0.14. News during this period are listed below:

[Headline]: USDC Stablecoin Issuer Circle Dumps Tron Network; TRX Steady
[Summary]: Circle is phasing out suppport for USDC on the Tron network, with minting of the stablecoin stopping immediately.

The company said the move is to ensure ""USDC remains trusted, transparent and safe.""
...

From 2024-02-23 to 2024-03-01, TRX-USD's stock price increased from 0.14 to 0.14. News during this period are listed below:

[Headline]: USDC Stablecoin Issuer Circle Dumps Tron Network; TRX Steady
[Summary]: Circle is phasing out suppport for USDC on the Tron network, with minting of the stablecoin stopping immediately.

The company said the move is to ensure ""USDC remains trusted, transparent and safe.""
...

[Headline]: BitTorrent's BTT Surges 12% as Owner Tron Completes TRX Burn
[Summary]: BTT is up as Tron, the network it is issued on, completed another TRX burn.

BTT tends to react to positive news from Tron even as TRX doesn't move to the same extent

BTT, the eponymous token of BitT...

[Headline]: TRX Trades at Premium on Poloniex as Arbitrage Lures Risk Takers
[Summary]: Tron's native token [TRX] traded at a premium of up to 17% over the weekend on the recently hacked exchange Poloniex, creating a potentially lucrative arbitrage trade.

The premium has since shrunk to...

[Headline]: Tron’s TRX Drops 6% as Binance.US Delists the Token
[Summary]: Tron’s TRX token has been delisted on Binance.US.

This comes weeks after the U.S. Securities and Exchange Commission sued Tron's Justin Sun over allegations of selling and airdropping unregistered se...

[Headline]: Tron Network’s TRX Drops 13% Following SEC Charges Against Justin Sun
[Summary]: The Tron network’s native TRX token dropped 13%, per CoinDesk data, from 6.7 cents to 5.8 cents after the Securities and Exchange Commission (SEC) announced charges against Justin Sun and three of his...



Based on all the information before 2024-03-01, let's first analyze the positive developments and potential concerns for TRX-USD. Come up with 2-4 most important factors respectively and keep them concise. Most factors should be inferred from cryptocurrencies related news. Then let's assume your prediction for next week (2024-03-01 to 2024-03-08) is down by 3-4%. Provide a summary analysis to support your prediction. The prediction result need to be inferred from your analysis at the end, and thus not appearing as a foundational factor of your analysis.","**[Positive Developments]:**
1. **TRX Burn**: The completion of the TRX burn continues to be a positive catalyst, driving interest and potential price increases.
2. **Arbitrage Opportunities**: The premium trading on Poloniex indicates ongoing market activity and potential arbitrage profits.

**[Potential Concerns]:**
1. **Circle Dumps USDC on Tron**: The phasing out of USDC support by Circle raises liquidity concerns and could impact market sentiment.
2. **Regulatory and Delisting Issues**: Persistent regulatory pressures and the delisting on Binance.US continue to pose significant risks.

**[Prediction & Analysis]:**
While the TRX burn and arbitrage opportunities present positive developments, the ongoing regulatory issues and Circle's decision to phase out USDC support are substantial concerns. These factors could lead to a decrease in market confidence and liquidity, resulting in a potential price decline of 3-4% in the upcoming week. The market's reaction to these negative developments is likely to outweigh the positive catalysts in the short term."
"[Cryptocurrency Introduction]: TRON (TRX) is a cryptocurrency . TRON has a current supply of 94,865,071,542.902658 with 94,865,064,585.218588 in circulation. The last known price of TRON is 0.26962753 USD and is up 0.83 over the last 24 hours. It is currently trading on 1183 active market(s) with $388,196,221.57 traded over the last 24 hours. More information can be found at https://trondao.org/.. It has a market capilization of 25289431040.

From 2024-02-23 to 2024-03-01, TRX-USD's stock price increased from 0.14 to 0.14. News during this period are listed below:

[Headline]: USDC Stablecoin Issuer Circle Dumps Tron Network; TRX Steady
[Summary]: Circle is phasing out suppport for USDC on the Tron network, with minting of the stablecoin stopping immediately.

The company said the move is to ensure ""USDC remains trusted, transparent and safe.""
...

[Headline]: BitTorrent's BTT Surges 12% as Owner Tron Completes TRX Burn
[Summary]: BTT is up as Tron, the network it is issued on, completed another TRX burn.

BTT tends to react to positive news from Tron even as TRX doesn't move to the same extent

BTT, the eponymous token of BitT...

[Headline]: TRX Trades at Premium on Poloniex as Arbitrage Lures Risk Takers
[Summary]: Tron's native token [TRX] traded at a premium of up to 17% over the weekend on the recently hacked exchange Poloniex, creating a potentially lucrative arbitrage trade.

The premium has since shrunk to...

[Headline]: Tron’s TRX Drops 6% as Binance.US Delists the Token
[Summary]: Tron’s TRX token has been delisted on Binance.US.

This comes weeks after the U.S. Securities and Exchange Commission sued Tron's Justin Sun over allegations of selling and airdropping unregistered se...

[Headline]: Tron Network’s TRX Drops 13% Following SEC Charges Against Justin Sun
[Summary]: The Tron network’s native TRX token dropped 13%, per CoinDesk data, from 6.7 cents to 5.8 cents after the Securities and Exchange Commission (SEC) announced charges against Justin Sun and three of his...

From 2024-03-01 to 2024-03-08, TRX-USD's stock price decreased from 0.14 to 0.14. News during this period are listed below:

[Headline]: USDC Stablecoin Issuer Circle Dumps Tron Network; TRX Steady
[Summary]: Circle is phasing out suppport for USDC on the Tron network, with minting of the stablecoin stopping immediately.

The company said the move is to ensure ""USDC remains trusted, transparent and safe.""
...

[Headline]: BitTorrent's BTT Surges 12% as Owner Tron Completes TRX Burn
[Summary]: BTT is up as Tron, the network it is issued on, completed another TRX burn.

BTT tends to react to positive news from Tron even as TRX doesn't move to the same extent

BTT, the eponymous token of BitT...

[Headline]: TRX Trades at Premium on Poloniex as Arbitrage Lures Risk Takers
[Summary]: Tron's native token [TRX] traded at a premium of up to 17% over the weekend on the recently hacked exchange Poloniex, creating a potentially lucrative arbitrage trade.

The premium has since shrunk to...

[Headline]: Tron’s TRX Drops 6% as Binance.US Delists the Token
[Summary]: Tron’s TRX token has been delisted on Binance.US.

This comes weeks after the U.S. Securities and Exchange Commission sued Tron's Justin Sun over allegations of selling and airdropping unregistered se...

[Headline]: Tron Network’s TRX Drops 13% Following SEC Charges Against Justin Sun
[Summary]: The Tron network’s native TRX token dropped 13%, per CoinDesk data, from 6.7 cents to 5.8 cents after the Securities and Exchange Commission (SEC) announced charges against Justin Sun and three of his...



Based on all the information before 2024-03-08, let's first analyze the positive developments and potential concerns for TRX-USD. Come up with 2-4 most important factors respectively and keep them concise. Most factors should be inferred from cryptocurrencies related news. Then let's assume your prediction for next week (2024-03-08 to 2024-03-15) is down by more than 5%. Provide a summary analysis to support your prediction. The prediction result need to be inferred from your analysis at the end, and thus not appearing as a foundational factor of your analysis.","**[Positive Developments]:**
1. **TRX Burn**: The continued TRX burn by Tron suggests a commitment to managing token supply and supporting price levels.
2. **Market Activity**: The premium trading on Poloniex indicates ongoing market activity and potential arbitrage opportunities.

**[Potential Concerns]:**
1. **Circle Dumps USDC on Tron**: The decision by Circle to phase out USDC support raises liquidity concerns and could impact investor confidence.
2. **Regulatory and Delisting Issues**: Ongoing regulatory pressures and the delisting on Binance.US continue to present significant risks.

**[Prediction & Analysis]:**
The persistent regulatory issues and Circle's decision to phase out USDC support are substantial concerns that could lead to a decrease in market confidence and liquidity. Despite the positive developments of the TRX burn and market activity, these negative factors are likely to drive a price decline of more than 5% in the upcoming week. The market's reaction to these concerns is expected to outweigh the positive catalysts in the short term."
"[Cryptocurrency Introduction]: TRON (TRX) is a cryptocurrency . TRON has a current supply of 94,865,071,542.902658 with 94,865,064,585.218588 in circulation. The last known price of TRON is 0.26962753 USD and is up 0.83 over the last 24 hours. It is currently trading on 1183 active market(s) with $388,196,221.57 traded over the last 24 hours. More information can be found at https://trondao.org/.. It has a market capilization of 25289431040.

From 2024-02-16 to 2024-02-23, TRX-USD's stock price increased from 0.13 to 0.14. News during this period are listed below:

[Headline]: USDC Stablecoin Issuer Circle Dumps Tron Network; TRX Steady
[Summary]: Circle is phasing out suppport for USDC on the Tron network, with minting of the stablecoin stopping immediately.

The company said the move is to ensure ""USDC remains trusted, transparent and safe.""
...

From 2024-02-23 to 2024-03-01, TRX-USD's stock price increased from 0.14 to 0.14. News during this period are listed below:

[Headline]: USDC Stablecoin Issuer Circle Dumps Tron Network; TRX Steady
[Summary]: Circle is phasing out suppport for USDC on the Tron network, with minting of the stablecoin stopping immediately.

The company said the move is to ensure ""USDC remains trusted, transparent and safe.""
...

[Headline]: BitTorrent's BTT Surges 12% as Owner Tron Completes TRX Burn
[Summary]: BTT is up as Tron, the network it is issued on, completed another TRX burn.

BTT tends to react to positive news from Tron even as TRX doesn't move to the same extent

BTT, the eponymous token of BitT...

[Headline]: TRX Trades at Premium on Poloniex as Arbitrage Lures Risk Takers
[Summary]: Tron's native token [TRX] traded at a premium of up to 17% over the weekend on the recently hacked exchange Poloniex, creating a potentially lucrative arbitrage trade.

The premium has since shrunk to...

[Headline]: Tron’s TRX Drops 6% as Binance.US Delists the Token
[Summary]: Tron’s TRX token has been delisted on Binance.US.

This comes weeks after the U.S. Securities and Exchange Commission sued Tron's Justin Sun over allegations of selling and airdropping unregistered se...

[Headline]: Tron Network’s TRX Drops 13% Following SEC Charges Against Justin Sun
[Summary]: The Tron network’s native TRX token dropped 13%, per CoinDesk data, from 6.7 cents to 5.8 cents after the Securities and Exchange Commission (SEC) announced charges against Justin Sun and three of his...

From 2024-03-01 to 2024-03-08, TRX-USD's stock price decreased from 0.14 to 0.14. News during this period are listed below:

[Headline]: USDC Stablecoin Issuer Circle Dumps Tron Network; TRX Steady
[Summary]: Circle is phasing out suppport for USDC on the Tron network, with minting of the stablecoin stopping immediately.

The company said the move is to ensure ""USDC remains trusted, transparent and safe.""
...

[Headline]: BitTorrent's BTT Surges 12% as Owner Tron Completes TRX Burn
[Summary]: BTT is up as Tron, the network it is issued on, completed another TRX burn.

BTT tends to react to positive news from Tron even as TRX doesn't move to the same extent

BTT, the eponymous token of BitT...

[Headline]: TRX Trades at Premium on Poloniex as Arbitrage Lures Risk Takers
[Summary]: Tron's native token [TRX] traded at a premium of up to 17% over the weekend on the recently hacked exchange Poloniex, creating a potentially lucrative arbitrage trade.

The premium has since shrunk to...

[Headline]: Tron’s TRX Drops 6% as Binance.US Delists the Token
[Summary]: Tron’s TRX token has been delisted on Binance.US.

This comes weeks after the U.S. Securities and Exchange Commission sued Tron's Justin Sun over allegations of selling and airdropping unregistered se...

[Headline]: Tron Network’s TRX Drops 13% Following SEC Charges Against Justin Sun
[Summary]: The Tron network’s native TRX token dropped 13%, per CoinDesk data, from 6.7 cents to 5.8 cents after the Securities and Exchange Commission (SEC) announced charges against Justin Sun and three of his...

From 2024-03-08 to 2024-03-15, TRX-USD's stock price decreased from 0.14 to 0.13. News during this period are listed below:

[Headline]: USDC Stablecoin Issuer Circle Dumps Tron Network; TRX Steady
[Summary]: Circle is phasing out suppport for USDC on the Tron network, with minting of the stablecoin stopping immediately.

The company said the move is to ensure ""USDC remains trusted, transparent and safe.""
...

[Headline]: BitTorrent's BTT Surges 12% as Owner Tron Completes TRX Burn
[Summary]: BTT is up as Tron, the network it is issued on, completed another TRX burn.

BTT tends to react to positive news from Tron even as TRX doesn't move to the same extent

BTT, the eponymous token of BitT...

[Headline]: TRX Trades at Premium on Poloniex as Arbitrage Lures Risk Takers
[Summary]: Tron's native token [TRX] traded at a premium of up to 17% over the weekend on the recently hacked exchange Poloniex, creating a potentially lucrative arbitrage trade.

The premium has since shrunk to...

[Headline]: Tron’s TRX Drops 6% as Binance.US Delists the Token
[Summary]: Tron’s TRX token has been delisted on Binance.US.

This comes weeks after the U.S. Securities and Exchange Commission sued Tron's Justin Sun over allegations of selling and airdropping unregistered se...

[Headline]: Tron Network’s TRX Drops 13% Following SEC Charges Against Justin Sun
[Summary]: The Tron network’s native TRX token dropped 13%, per CoinDesk data, from 6.7 cents to 5.8 cents after the Securities and Exchange Commission (SEC) announced charges against Justin Sun and three of his...



Based on all the information before 2024-03-15, let's first analyze the positive developments and potential concerns for TRX-USD. Come up with 2-4 most important factors respectively and keep them concise. Most factors should be inferred from cryptocurrencies related news. Then let's assume your prediction for next week (2024-03-15 to 2024-03-22) is down by more than 5%. Provide a summary analysis to support your prediction. The prediction result need to be inferred from your analysis at the end, and thus not appearing as a foundational factor of your analysis.","**[Positive Developments]:**
1. **TRX Burn**: The completion of the TRX burn continues to be a positive catalyst, driving interest and potential price increases.
2. **Market Activity**: The premium trading on Poloniex indicates ongoing market activity and potential arbitrage opportunities.

**[Potential Concerns]:**
1. **Circle Dumps USDC on Tron**: The phasing out of USDC support by Circle raises liquidity concerns and could impact market sentiment.
2. **Regulatory and Delisting Issues**: Persistent regulatory pressures and the delisting on Binance.US continue to pose significant risks.

**[Prediction & Analysis]:**
The ongoing regulatory issues and Circle's decision to phase out USDC support are substantial concerns that could lead to a decrease in market confidence and liquidity. Despite the positive developments of the TRX burn and market activity, these negative factors are likely to drive a price decline of more than 5% in the upcoming week. The market's reaction to these concerns is expected to outweigh the positive catalysts in the short term."
"[Cryptocurrency Introduction]: TRON (TRX) is a cryptocurrency . TRON has a current supply of 94,865,071,542.902658 with 94,865,064,585.218588 in circulation. The last known price of TRON is 0.26962753 USD and is up 0.83 over the last 24 hours. It is currently trading on 1183 active market(s) with $388,196,221.57 traded over the last 24 hours. More information can be found at https://trondao.org/.. It has a market capilization of 25289431040.

From 2024-03-15 to 2024-03-22, TRX-USD's stock price decreased from 0.13 to 0.12. News during this period are listed below:

[Headline]: USDC Stablecoin Issuer Circle Dumps Tron Network; TRX Steady
[Summary]: Circle is phasing out suppport for USDC on the Tron network, with minting of the stablecoin stopping immediately.

The company said the move is to ensure ""USDC remains trusted, transparent and safe.""
...

[Headline]: BitTorrent's BTT Surges 12% as Owner Tron Completes TRX Burn
[Summary]: BTT is up as Tron, the network it is issued on, completed another TRX burn.

BTT tends to react to positive news from Tron even as TRX doesn't move to the same extent

BTT, the eponymous token of BitT...

[Headline]: TRX Trades at Premium on Poloniex as Arbitrage Lures Risk Takers
[Summary]: Tron's native token [TRX] traded at a premium of up to 17% over the weekend on the recently hacked exchange Poloniex, creating a potentially lucrative arbitrage trade.

The premium has since shrunk to...

[Headline]: Tron’s TRX Drops 6% as Binance.US Delists the Token
[Summary]: Tron’s TRX token has been delisted on Binance.US.

This comes weeks after the U.S. Securities and Exchange Commission sued Tron's Justin Sun over allegations of selling and airdropping unregistered se...

[Headline]: Tron Network’s TRX Drops 13% Following SEC Charges Against Justin Sun
[Summary]: The Tron network’s native TRX token dropped 13%, per CoinDesk data, from 6.7 cents to 5.8 cents after the Securities and Exchange Commission (SEC) announced charges against Justin Sun and three of his...



Based on all the information before 2024-03-22, let's first analyze the positive developments and potential concerns for TRX-USD. Come up with 2-4 most important factors respectively and keep them concise. Most factors should be inferred from cryptocurrencies related news. Then let's assume your prediction for next week (2024-03-22 to 2024-03-29) is up by 2-3%. Provide a summary analysis to support your prediction. The prediction result need to be inferred from your analysis at the end, and thus not appearing as a foundational factor of your analysis.","[Positive Developments]:
1. **TRX Burn**: The completion of another TRX burn, which is a deflationary measure, typically reduces the circulating supply and can potentially increase the value of each remaining token.
2. **Arbitrage Opportunities**: TRX trading at a premium on Poloniex created arbitrage opportunities, which can increase trading volume and liquidity.

[Potential Concerns]:
1. **Delisting on Binance.US**: The delisting of TRX on Binance.US reduces the availability of the token to U.S. investors, potentially decreasing demand.
2. **SEC Charges**: The SEC's charges against Justin Sun and the subsequent drop in TRX's price indicate regulatory pressures that could continue to impact the token negatively.
3. **Circle Dumping USDC on Tron**: Circle's decision to phase out support for USDC on the Tron network could reduce the stability and trust in the Tron ecosystem.

[Prediction & Analysis]:
The upcoming week's price movement for TRX is anticipated to be up by 2-3%. This prediction is supported by several factors. Firstly, the recent TRX burn could lead to a reduction in circulating supply, which may drive up the price as demand remains constant. Additionally, the arbitrage opportunities on Poloniex have increased trading volume, which can positively influence the price. However, the delisting on Binance.US and the SEC charges present significant headwinds. The market may have already priced in these negative factors, and any positive news or developments could lead to a rebound. The slight increase in price is expected as the market digests these events and looks forward to potential positive catalysts."
"[Cryptocurrency Introduction]: TRON (TRX) is a cryptocurrency . TRON has a current supply of 94,865,071,542.902658 with 94,865,064,585.218588 in circulation. The last known price of TRON is 0.26962753 USD and is up 0.83 over the last 24 hours. It is currently trading on 1183 active market(s) with $388,196,221.57 traded over the last 24 hours. More information can be found at https://trondao.org/.. It has a market capilization of 25289431040.

From 2024-03-01 to 2024-03-08, TRX-USD's stock price decreased from 0.14 to 0.14. News during this period are listed below:

[Headline]: USDC Stablecoin Issuer Circle Dumps Tron Network; TRX Steady
[Summary]: Circle is phasing out suppport for USDC on the Tron network, with minting of the stablecoin stopping immediately.

The company said the move is to ensure ""USDC remains trusted, transparent and safe.""
...

[Headline]: BitTorrent's BTT Surges 12% as Owner Tron Completes TRX Burn
[Summary]: BTT is up as Tron, the network it is issued on, completed another TRX burn.

BTT tends to react to positive news from Tron even as TRX doesn't move to the same extent

BTT, the eponymous token of BitT...

[Headline]: TRX Trades at Premium on Poloniex as Arbitrage Lures Risk Takers
[Summary]: Tron's native token [TRX] traded at a premium of up to 17% over the weekend on the recently hacked exchange Poloniex, creating a potentially lucrative arbitrage trade.

The premium has since shrunk to...

[Headline]: Tron’s TRX Drops 6% as Binance.US Delists the Token
[Summary]: Tron’s TRX token has been delisted on Binance.US.

This comes weeks after the U.S. Securities and Exchange Commission sued Tron's Justin Sun over allegations of selling and airdropping unregistered se...

[Headline]: Tron Network’s TRX Drops 13% Following SEC Charges Against Justin Sun
[Summary]: The Tron network’s native TRX token dropped 13%, per CoinDesk data, from 6.7 cents to 5.8 cents after the Securities and Exchange Commission (SEC) announced charges against Justin Sun and three of his...

From 2024-03-08 to 2024-03-15, TRX-USD's stock price decreased from 0.14 to 0.13. News during this period are listed below:

[Headline]: USDC Stablecoin Issuer Circle Dumps Tron Network; TRX Steady
[Summary]: Circle is phasing out suppport for USDC on the Tron network, with minting of the stablecoin stopping immediately.

The company said the move is to ensure ""USDC remains trusted, transparent and safe.""
...

[Headline]: BitTorrent's BTT Surges 12% as Owner Tron Completes TRX Burn
[Summary]: BTT is up as Tron, the network it is issued on, completed another TRX burn.

BTT tends to react to positive news from Tron even as TRX doesn't move to the same extent

BTT, the eponymous token of BitT...

[Headline]: TRX Trades at Premium on Poloniex as Arbitrage Lures Risk Takers
[Summary]: Tron's native token [TRX] traded at a premium of up to 17% over the weekend on the recently hacked exchange Poloniex, creating a potentially lucrative arbitrage trade.

The premium has since shrunk to...

[Headline]: Tron’s TRX Drops 6% as Binance.US Delists the Token
[Summary]: Tron’s TRX token has been delisted on Binance.US.

This comes weeks after the U.S. Securities and Exchange Commission sued Tron's Justin Sun over allegations of selling and airdropping unregistered se...

[Headline]: Tron Network’s TRX Drops 13% Following SEC Charges Against Justin Sun
[Summary]: The Tron network’s native TRX token dropped 13%, per CoinDesk data, from 6.7 cents to 5.8 cents after the Securities and Exchange Commission (SEC) announced charges against Justin Sun and three of his...

From 2024-03-15 to 2024-03-22, TRX-USD's stock price decreased from 0.13 to 0.12. News during this period are listed below:

[Headline]: USDC Stablecoin Issuer Circle Dumps Tron Network; TRX Steady
[Summary]: Circle is phasing out suppport for USDC on the Tron network, with minting of the stablecoin stopping immediately.

The company said the move is to ensure ""USDC remains trusted, transparent and safe.""
...

[Headline]: BitTorrent's BTT Surges 12% as Owner Tron Completes TRX Burn
[Summary]: BTT is up as Tron, the network it is issued on, completed another TRX burn.

BTT tends to react to positive news from Tron even as TRX doesn't move to the same extent

BTT, the eponymous token of BitT...

[Headline]: TRX Trades at Premium on Poloniex as Arbitrage Lures Risk Takers
[Summary]: Tron's native token [TRX] traded at a premium of up to 17% over the weekend on the recently hacked exchange Poloniex, creating a potentially lucrative arbitrage trade.

The premium has since shrunk to...

[Headline]: Tron’s TRX Drops 6% as Binance.US Delists the Token
[Summary]: Tron’s TRX token has been delisted on Binance.US.

This comes weeks after the U.S. Securities and Exchange Commission sued Tron's Justin Sun over allegations of selling and airdropping unregistered se...

[Headline]: Tron Network’s TRX Drops 13% Following SEC Charges Against Justin Sun
[Summary]: The Tron network’s native TRX token dropped 13%, per CoinDesk data, from 6.7 cents to 5.8 cents after the Securities and Exchange Commission (SEC) announced charges against Justin Sun and three of his...

From 2024-03-22 to 2024-03-29, TRX-USD's stock price increased from 0.12 to 0.12. News during this period are listed below:

[Headline]: USDC Stablecoin Issuer Circle Dumps Tron Network; TRX Steady
[Summary]: Circle is phasing out suppport for USDC on the Tron network, with minting of the stablecoin stopping immediately.

The company said the move is to ensure ""USDC remains trusted, transparent and safe.""
...

[Headline]: BitTorrent's BTT Surges 12% as Owner Tron Completes TRX Burn
[Summary]: BTT is up as Tron, the network it is issued on, completed another TRX burn.

BTT tends to react to positive news from Tron even as TRX doesn't move to the same extent

BTT, the eponymous token of BitT...

[Headline]: TRX Trades at Premium on Poloniex as Arbitrage Lures Risk Takers
[Summary]: Tron's native token [TRX] traded at a premium of up to 17% over the weekend on the recently hacked exchange Poloniex, creating a potentially lucrative arbitrage trade.

The premium has since shrunk to...

[Headline]: Tron’s TRX Drops 6% as Binance.US Delists the Token
[Summary]: Tron’s TRX token has been delisted on Binance.US.

This comes weeks after the U.S. Securities and Exchange Commission sued Tron's Justin Sun over allegations of selling and airdropping unregistered se...

[Headline]: Tron Network’s TRX Drops 13% Following SEC Charges Against Justin Sun
[Summary]: The Tron network’s native TRX token dropped 13%, per CoinDesk data, from 6.7 cents to 5.8 cents after the Securities and Exchange Commission (SEC) announced charges against Justin Sun and three of his...



Based on all the information before 2024-03-29, let's first analyze the positive developments and potential concerns for TRX-USD. Come up with 2-4 most important factors respectively and keep them concise. Most factors should be inferred from cryptocurrencies related news. Then let's assume your prediction for next week (2024-03-29 to 2024-04-05) is down by 1-2%. Provide a summary analysis to support your prediction. The prediction result need to be inferred from your analysis at the end, and thus not appearing as a foundational factor of your analysis.","[Positive Developments]:
1. **TRX Burn**: The completion of another TRX burn, which is a deflationary measure, typically reduces the circulating supply and can potentially increase the value of each remaining token.
2. **Arbitrage Opportunities**: TRX trading at a premium on Poloniex created arbitrage opportunities, which can increase trading volume and liquidity.

[Potential Concerns]:
1. **Delisting on Binance.US**: The delisting of TRX on Binance.US reduces the availability of the token to U.S. investors, potentially decreasing demand.
2. **SEC Charges**: The SEC's charges against Justin Sun and the subsequent drop in TRX's price indicate regulatory pressures that could continue to impact the token negatively.
3. **Circle Dumping USDC on Tron**: Circle's decision to phase out support for USDC on the Tron network could reduce the stability and trust in the Tron ecosystem.

[Prediction & Analysis]:
The upcoming week's price movement for TRX is anticipated to be down by 1-2%. Despite the positive developments such as the TRX burn and arbitrage opportunities, the significant concerns surrounding the delisting on Binance.US and the SEC charges are likely to weigh heavily on the token's price. The regulatory pressures and reduced accessibility for U.S. investors may lead to a decrease in demand, outweighing the positive factors. Additionally, Circle's decision to phase out USDC support on the Tron network adds to the uncertainty and could further dampen investor sentiment."
"[Cryptocurrency Introduction]: TRON (TRX) is a cryptocurrency . TRON has a current supply of 94,865,071,542.902658 with 94,865,064,585.218588 in circulation. The last known price of TRON is 0.26962753 USD and is up 0.83 over the last 24 hours. It is currently trading on 1183 active market(s) with $388,196,221.57 traded over the last 24 hours. More information can be found at https://trondao.org/.. It has a market capilization of 25289431040.

From 2024-03-15 to 2024-03-22, TRX-USD's stock price decreased from 0.13 to 0.12. News during this period are listed below:

[Headline]: USDC Stablecoin Issuer Circle Dumps Tron Network; TRX Steady
[Summary]: Circle is phasing out suppport for USDC on the Tron network, with minting of the stablecoin stopping immediately.

The company said the move is to ensure ""USDC remains trusted, transparent and safe.""
...

[Headline]: BitTorrent's BTT Surges 12% as Owner Tron Completes TRX Burn
[Summary]: BTT is up as Tron, the network it is issued on, completed another TRX burn.

BTT tends to react to positive news from Tron even as TRX doesn't move to the same extent

BTT, the eponymous token of BitT...

[Headline]: TRX Trades at Premium on Poloniex as Arbitrage Lures Risk Takers
[Summary]: Tron's native token [TRX] traded at a premium of up to 17% over the weekend on the recently hacked exchange Poloniex, creating a potentially lucrative arbitrage trade.

The premium has since shrunk to...

[Headline]: Tron’s TRX Drops 6% as Binance.US Delists the Token
[Summary]: Tron’s TRX token has been delisted on Binance.US.

This comes weeks after the U.S. Securities and Exchange Commission sued Tron's Justin Sun over allegations of selling and airdropping unregistered se...

[Headline]: Tron Network’s TRX Drops 13% Following SEC Charges Against Justin Sun
[Summary]: The Tron network’s native TRX token dropped 13%, per CoinDesk data, from 6.7 cents to 5.8 cents after the Securities and Exchange Commission (SEC) announced charges against Justin Sun and three of his...

From 2024-03-22 to 2024-03-29, TRX-USD's stock price increased from 0.12 to 0.12. News during this period are listed below:

[Headline]: USDC Stablecoin Issuer Circle Dumps Tron Network; TRX Steady
[Summary]: Circle is phasing out suppport for USDC on the Tron network, with minting of the stablecoin stopping immediately.

The company said the move is to ensure ""USDC remains trusted, transparent and safe.""
...

[Headline]: BitTorrent's BTT Surges 12% as Owner Tron Completes TRX Burn
[Summary]: BTT is up as Tron, the network it is issued on, completed another TRX burn.

BTT tends to react to positive news from Tron even as TRX doesn't move to the same extent

BTT, the eponymous token of BitT...

[Headline]: TRX Trades at Premium on Poloniex as Arbitrage Lures Risk Takers
[Summary]: Tron's native token [TRX] traded at a premium of up to 17% over the weekend on the recently hacked exchange Poloniex, creating a potentially lucrative arbitrage trade.

The premium has since shrunk to...

[Headline]: Tron’s TRX Drops 6% as Binance.US Delists the Token
[Summary]: Tron’s TRX token has been delisted on Binance.US.

This comes weeks after the U.S. Securities and Exchange Commission sued Tron's Justin Sun over allegations of selling and airdropping unregistered se...

[Headline]: Tron Network’s TRX Drops 13% Following SEC Charges Against Justin Sun
[Summary]: The Tron network’s native TRX token dropped 13%, per CoinDesk data, from 6.7 cents to 5.8 cents after the Securities and Exchange Commission (SEC) announced charges against Justin Sun and three of his...

From 2024-03-29 to 2024-04-05, TRX-USD's stock price decreased from 0.12 to 0.12. News during this period are listed below:

[Headline]: USDC Stablecoin Issuer Circle Dumps Tron Network; TRX Steady
[Summary]: Circle is phasing out suppport for USDC on the Tron network, with minting of the stablecoin stopping immediately.

The company said the move is to ensure ""USDC remains trusted, transparent and safe.""
...

[Headline]: BitTorrent's BTT Surges 12% as Owner Tron Completes TRX Burn
[Summary]: BTT is up as Tron, the network it is issued on, completed another TRX burn.

BTT tends to react to positive news from Tron even as TRX doesn't move to the same extent

BTT, the eponymous token of BitT...

[Headline]: TRX Trades at Premium on Poloniex as Arbitrage Lures Risk Takers
[Summary]: Tron's native token [TRX] traded at a premium of up to 17% over the weekend on the recently hacked exchange Poloniex, creating a potentially lucrative arbitrage trade.

The premium has since shrunk to...

[Headline]: Tron’s TRX Drops 6% as Binance.US Delists the Token
[Summary]: Tron’s TRX token has been delisted on Binance.US.

This comes weeks after the U.S. Securities and Exchange Commission sued Tron's Justin Sun over allegations of selling and airdropping unregistered se...

[Headline]: Tron Network’s TRX Drops 13% Following SEC Charges Against Justin Sun
[Summary]: The Tron network’s native TRX token dropped 13%, per CoinDesk data, from 6.7 cents to 5.8 cents after the Securities and Exchange Commission (SEC) announced charges against Justin Sun and three of his...



Based on all the information before 2024-04-05, let's first analyze the positive developments and potential concerns for TRX-USD. Come up with 2-4 most important factors respectively and keep them concise. Most factors should be inferred from cryptocurrencies related news. Then let's assume your prediction for next week (2024-04-05 to 2024-04-12) is down by 2-3%. Provide a summary analysis to support your prediction. The prediction result need to be inferred from your analysis at the end, and thus not appearing as a foundational factor of your analysis.","[Positive Developments]:
1. **TRX Burn**: The completion of another TRX burn, which is a deflationary measure, typically reduces the circulating supply and can potentially increase the value of each remaining token.
2. **Arbitrage Opportunities**: TRX trading at a premium on Poloniex created arbitrage opportunities, which can increase trading volume and liquidity.

[Potential Concerns]:
1. **Delisting on Binance.US**: The delisting of TRX on Binance.US reduces the availability of the token to U.S. investors, potentially decreasing demand.
2. **SEC Charges**: The SEC's charges against Justin Sun and the subsequent drop in TRX's price indicate regulatory pressures that could continue to impact the token negatively.
3. **Circle Dumping USDC on Tron**: Circle's decision to phase out support for USDC on the Tron network could reduce the stability and trust in the Tron ecosystem.

[Prediction & Analysis]:
The upcoming week's price movement for TRX is anticipated to be down by 2-3%. The persistent regulatory pressures, including the SEC charges and the delisting on Binance.US, continue to cast a shadow over TRX's performance. These factors are likely to suppress demand and investor confidence. While the TRX burn and arbitrage opportunities provide some positive momentum, they are not enough to overcome the significant concerns. The market sentiment remains cautious, leading to a predicted decline in price."
"[Cryptocurrency Introduction]: TRON (TRX) is a cryptocurrency . TRON has a current supply of 94,865,071,542.902658 with 94,865,064,585.218588 in circulation. The last known price of TRON is 0.26962753 USD and is up 0.83 over the last 24 hours. It is currently trading on 1183 active market(s) with $388,196,221.57 traded over the last 24 hours. More information can be found at https://trondao.org/.. It has a market capilization of 25289431040.

From 2024-03-15 to 2024-03-22, TRX-USD's stock price decreased from 0.13 to 0.12. News during this period are listed below:

[Headline]: USDC Stablecoin Issuer Circle Dumps Tron Network; TRX Steady
[Summary]: Circle is phasing out suppport for USDC on the Tron network, with minting of the stablecoin stopping immediately.

The company said the move is to ensure ""USDC remains trusted, transparent and safe.""
...

[Headline]: BitTorrent's BTT Surges 12% as Owner Tron Completes TRX Burn
[Summary]: BTT is up as Tron, the network it is issued on, completed another TRX burn.

BTT tends to react to positive news from Tron even as TRX doesn't move to the same extent

BTT, the eponymous token of BitT...

[Headline]: TRX Trades at Premium on Poloniex as Arbitrage Lures Risk Takers
[Summary]: Tron's native token [TRX] traded at a premium of up to 17% over the weekend on the recently hacked exchange Poloniex, creating a potentially lucrative arbitrage trade.

The premium has since shrunk to...

[Headline]: Tron’s TRX Drops 6% as Binance.US Delists the Token
[Summary]: Tron’s TRX token has been delisted on Binance.US.

This comes weeks after the U.S. Securities and Exchange Commission sued Tron's Justin Sun over allegations of selling and airdropping unregistered se...

[Headline]: Tron Network’s TRX Drops 13% Following SEC Charges Against Justin Sun
[Summary]: The Tron network’s native TRX token dropped 13%, per CoinDesk data, from 6.7 cents to 5.8 cents after the Securities and Exchange Commission (SEC) announced charges against Justin Sun and three of his...

From 2024-03-22 to 2024-03-29, TRX-USD's stock price increased from 0.12 to 0.12. News during this period are listed below:

[Headline]: USDC Stablecoin Issuer Circle Dumps Tron Network; TRX Steady
[Summary]: Circle is phasing out suppport for USDC on the Tron network, with minting of the stablecoin stopping immediately.

The company said the move is to ensure ""USDC remains trusted, transparent and safe.""
...

[Headline]: BitTorrent's BTT Surges 12% as Owner Tron Completes TRX Burn
[Summary]: BTT is up as Tron, the network it is issued on, completed another TRX burn.

BTT tends to react to positive news from Tron even as TRX doesn't move to the same extent

BTT, the eponymous token of BitT...

[Headline]: TRX Trades at Premium on Poloniex as Arbitrage Lures Risk Takers
[Summary]: Tron's native token [TRX] traded at a premium of up to 17% over the weekend on the recently hacked exchange Poloniex, creating a potentially lucrative arbitrage trade.

The premium has since shrunk to...

[Headline]: Tron’s TRX Drops 6% as Binance.US Delists the Token
[Summary]: Tron’s TRX token has been delisted on Binance.US.

This comes weeks after the U.S. Securities and Exchange Commission sued Tron's Justin Sun over allegations of selling and airdropping unregistered se...

[Headline]: Tron Network’s TRX Drops 13% Following SEC Charges Against Justin Sun
[Summary]: The Tron network’s native TRX token dropped 13%, per CoinDesk data, from 6.7 cents to 5.8 cents after the Securities and Exchange Commission (SEC) announced charges against Justin Sun and three of his...

From 2024-03-29 to 2024-04-05, TRX-USD's stock price decreased from 0.12 to 0.12. News during this period are listed below:

[Headline]: USDC Stablecoin Issuer Circle Dumps Tron Network; TRX Steady
[Summary]: Circle is phasing out suppport for USDC on the Tron network, with minting of the stablecoin stopping immediately.

The company said the move is to ensure ""USDC remains trusted, transparent and safe.""
...

[Headline]: BitTorrent's BTT Surges 12% as Owner Tron Completes TRX Burn
[Summary]: BTT is up as Tron, the network it is issued on, completed another TRX burn.

BTT tends to react to positive news from Tron even as TRX doesn't move to the same extent

BTT, the eponymous token of BitT...

[Headline]: TRX Trades at Premium on Poloniex as Arbitrage Lures Risk Takers
[Summary]: Tron's native token [TRX] traded at a premium of up to 17% over the weekend on the recently hacked exchange Poloniex, creating a potentially lucrative arbitrage trade.

The premium has since shrunk to...

[Headline]: Tron’s TRX Drops 6% as Binance.US Delists the Token
[Summary]: Tron’s TRX token has been delisted on Binance.US.

This comes weeks after the U.S. Securities and Exchange Commission sued Tron's Justin Sun over allegations of selling and airdropping unregistered se...

[Headline]: Tron Network’s TRX Drops 13% Following SEC Charges Against Justin Sun
[Summary]: The Tron network’s native TRX token dropped 13%, per CoinDesk data, from 6.7 cents to 5.8 cents after the Securities and Exchange Commission (SEC) announced charges against Justin Sun and three of his...

From 2024-04-05 to 2024-04-12, TRX-USD's stock price decreased from 0.12 to 0.11. News during this period are listed below:

[Headline]: USDC Stablecoin Issuer Circle Dumps Tron Network; TRX Steady
[Summary]: Circle is phasing out suppport for USDC on the Tron network, with minting of the stablecoin stopping immediately.

The company said the move is to ensure ""USDC remains trusted, transparent and safe.""
...

[Headline]: BitTorrent's BTT Surges 12% as Owner Tron Completes TRX Burn
[Summary]: BTT is up as Tron, the network it is issued on, completed another TRX burn.

BTT tends to react to positive news from Tron even as TRX doesn't move to the same extent

BTT, the eponymous token of BitT...

[Headline]: TRX Trades at Premium on Poloniex as Arbitrage Lures Risk Takers
[Summary]: Tron's native token [TRX] traded at a premium of up to 17% over the weekend on the recently hacked exchange Poloniex, creating a potentially lucrative arbitrage trade.

The premium has since shrunk to...

[Headline]: Tron’s TRX Drops 6% as Binance.US Delists the Token
[Summary]: Tron’s TRX token has been delisted on Binance.US.

This comes weeks after the U.S. Securities and Exchange Commission sued Tron's Justin Sun over allegations of selling and airdropping unregistered se...

[Headline]: Tron Network’s TRX Drops 13% Following SEC Charges Against Justin Sun
[Summary]: The Tron network’s native TRX token dropped 13%, per CoinDesk data, from 6.7 cents to 5.8 cents after the Securities and Exchange Commission (SEC) announced charges against Justin Sun and three of his...



Based on all the information before 2024-04-12, let's first analyze the positive developments and potential concerns for TRX-USD. Come up with 2-4 most important factors respectively and keep them concise. Most factors should be inferred from cryptocurrencies related news. Then let's assume your prediction for next week (2024-04-12 to 2024-04-19) is down by 4-5%. Provide a summary analysis to support your prediction. The prediction result need to be inferred from your analysis at the end, and thus not appearing as a foundational factor of your analysis.","[Positive Developments]:
1. **TRX Burn**: The completion of another TRX burn, which is a deflationary measure, typically reduces the circulating supply and can potentially increase the value of each remaining token.
2. **Arbitrage Opportunities**: TRX trading at a premium on Poloniex created arbitrage opportunities, which can increase trading volume and liquidity.

[Potential Concerns]:
1. **Delisting on Binance.US**: The delisting of TRX on Binance.US reduces the availability of the token to U.S. investors, potentially decreasing demand.
2. **SEC Charges**: The SEC's charges against Justin Sun and the subsequent drop in TRX's price indicate regulatory pressures that could continue to impact the token negatively.
3. **Circle Dumping USDC on Tron**: Circle's decision to phase out support for USDC on the Tron network could reduce the stability and trust in the Tron ecosystem.

[Prediction & Analysis]:
The upcoming week's price movement for TRX is anticipated to be down by 4-5%. The ongoing regulatory issues, including the SEC charges and the delisting on Binance.US, continue to be major concerns for investors. These factors are likely to lead to a further decrease in demand and market confidence. Despite the positive developments such as the TRX burn and arbitrage opportunities, the negative sentiment and reduced accessibility for U.S. investors are expected to result in a more significant price decline."
"[Cryptocurrency Introduction]: TRON (TRX) is a cryptocurrency . TRON has a current supply of 94,865,071,542.902658 with 94,865,064,585.218588 in circulation. The last known price of TRON is 0.26962753 USD and is up 0.83 over the last 24 hours. It is currently trading on 1183 active market(s) with $388,196,221.57 traded over the last 24 hours. More information can be found at https://trondao.org/.. It has a market capilization of 25289431040.

From 2024-03-29 to 2024-04-05, TRX-USD's stock price decreased from 0.12 to 0.12. News during this period are listed below:

[Headline]: USDC Stablecoin Issuer Circle Dumps Tron Network; TRX Steady
[Summary]: Circle is phasing out suppport for USDC on the Tron network, with minting of the stablecoin stopping immediately.

The company said the move is to ensure ""USDC remains trusted, transparent and safe.""
...

[Headline]: BitTorrent's BTT Surges 12% as Owner Tron Completes TRX Burn
[Summary]: BTT is up as Tron, the network it is issued on, completed another TRX burn.

BTT tends to react to positive news from Tron even as TRX doesn't move to the same extent

BTT, the eponymous token of BitT...

[Headline]: TRX Trades at Premium on Poloniex as Arbitrage Lures Risk Takers
[Summary]: Tron's native token [TRX] traded at a premium of up to 17% over the weekend on the recently hacked exchange Poloniex, creating a potentially lucrative arbitrage trade.

The premium has since shrunk to...

[Headline]: Tron’s TRX Drops 6% as Binance.US Delists the Token
[Summary]: Tron’s TRX token has been delisted on Binance.US.

This comes weeks after the U.S. Securities and Exchange Commission sued Tron's Justin Sun over allegations of selling and airdropping unregistered se...

[Headline]: Tron Network’s TRX Drops 13% Following SEC Charges Against Justin Sun
[Summary]: The Tron network’s native TRX token dropped 13%, per CoinDesk data, from 6.7 cents to 5.8 cents after the Securities and Exchange Commission (SEC) announced charges against Justin Sun and three of his...

From 2024-04-05 to 2024-04-12, TRX-USD's stock price decreased from 0.12 to 0.11. News during this period are listed below:

[Headline]: USDC Stablecoin Issuer Circle Dumps Tron Network; TRX Steady
[Summary]: Circle is phasing out suppport for USDC on the Tron network, with minting of the stablecoin stopping immediately.

The company said the move is to ensure ""USDC remains trusted, transparent and safe.""
...

[Headline]: BitTorrent's BTT Surges 12% as Owner Tron Completes TRX Burn
[Summary]: BTT is up as Tron, the network it is issued on, completed another TRX burn.

BTT tends to react to positive news from Tron even as TRX doesn't move to the same extent

BTT, the eponymous token of BitT...

[Headline]: TRX Trades at Premium on Poloniex as Arbitrage Lures Risk Takers
[Summary]: Tron's native token [TRX] traded at a premium of up to 17% over the weekend on the recently hacked exchange Poloniex, creating a potentially lucrative arbitrage trade.

The premium has since shrunk to...

[Headline]: Tron’s TRX Drops 6% as Binance.US Delists the Token
[Summary]: Tron’s TRX token has been delisted on Binance.US.

This comes weeks after the U.S. Securities and Exchange Commission sued Tron's Justin Sun over allegations of selling and airdropping unregistered se...

[Headline]: Tron Network’s TRX Drops 13% Following SEC Charges Against Justin Sun
[Summary]: The Tron network’s native TRX token dropped 13%, per CoinDesk data, from 6.7 cents to 5.8 cents after the Securities and Exchange Commission (SEC) announced charges against Justin Sun and three of his...

From 2024-04-12 to 2024-04-19, TRX-USD's stock price decreased from 0.11 to 0.11. News during this period are listed below:

[Headline]: USDC Stablecoin Issuer Circle Dumps Tron Network; TRX Steady
[Summary]: Circle is phasing out suppport for USDC on the Tron network, with minting of the stablecoin stopping immediately.

The company said the move is to ensure ""USDC remains trusted, transparent and safe.""
...

[Headline]: BitTorrent's BTT Surges 12% as Owner Tron Completes TRX Burn
[Summary]: BTT is up as Tron, the network it is issued on, completed another TRX burn.

BTT tends to react to positive news from Tron even as TRX doesn't move to the same extent

BTT, the eponymous token of BitT...

[Headline]: TRX Trades at Premium on Poloniex as Arbitrage Lures Risk Takers
[Summary]: Tron's native token [TRX] traded at a premium of up to 17% over the weekend on the recently hacked exchange Poloniex, creating a potentially lucrative arbitrage trade.

The premium has since shrunk to...

[Headline]: Tron’s TRX Drops 6% as Binance.US Delists the Token
[Summary]: Tron’s TRX token has been delisted on Binance.US.

This comes weeks after the U.S. Securities and Exchange Commission sued Tron's Justin Sun over allegations of selling and airdropping unregistered se...

[Headline]: Tron Network’s TRX Drops 13% Following SEC Charges Against Justin Sun
[Summary]: The Tron network’s native TRX token dropped 13%, per CoinDesk data, from 6.7 cents to 5.8 cents after the Securities and Exchange Commission (SEC) announced charges against Justin Sun and three of his...



Based on all the information before 2024-04-19, let's first analyze the positive developments and potential concerns for TRX-USD. Come up with 2-4 most important factors respectively and keep them concise. Most factors should be inferred from cryptocurrencies related news. Then let's assume your prediction for next week (2024-04-19 to 2024-04-26) is up by more than 5%. Provide a summary analysis to support your prediction. The prediction result need to be inferred from your analysis at the end, and thus not appearing as a foundational factor of your analysis.","[Positive Developments]:
1. **TRX Burn**: The completion of another TRX burn, which is a deflationary measure, typically reduces the circulating supply and can potentially increase the value of each remaining token.
2. **Arbitrage Opportunities**: TRX trading at a premium on Poloniex created arbitrage opportunities, which can increase trading volume and liquidity.

[Potential Concerns]:
1. **Delisting on Binance.US**: The delisting of TRX on Binance.US reduces the availability of the token to U.S. investors, potentially decreasing demand.
2. **SEC Charges**: The SEC's charges against Justin Sun and the subsequent drop in TRX's price indicate regulatory pressures that could continue to impact the token negatively.
3. **Circle Dumping USDC on Tron**: Circle's decision to phase out support for USDC on the Tron network could reduce the stability and trust in the Tron ecosystem.

[Prediction & Analysis]:
The upcoming week's price movement for TRX is anticipated to be up by more than 5%. This optimistic outlook is based on the assumption that the market has fully priced in the negative factors, such as the delisting on Binance.US and the SEC charges. With these concerns already reflected in the price, any positive developments, such as the TRX burn and increased arbitrage opportunities, could lead to a significant rebound. Additionally, if there are any new positive catalysts or improvements in market sentiment, TRX could experience a substantial increase in price. This prediction is based on the idea that the market is due for a correction after a period of negative news and that positive developments will drive a strong recovery."
"[Cryptocurrency Introduction]: TRON (TRX) is a cryptocurrency . TRON has a current supply of 94,865,071,542.902658 with 94,865,064,585.218588 in circulation. The last known price of TRON is 0.26962753 USD and is up 0.83 over the last 24 hours. It is currently trading on 1183 active market(s) with $388,196,221.57 traded over the last 24 hours. More information can be found at https://trondao.org/.. It has a market capilization of 25289431040.

From 2024-03-29 to 2024-04-05, TRX-USD's stock price decreased from 0.12 to 0.12. News during this period are listed below:

[Headline]: USDC Stablecoin Issuer Circle Dumps Tron Network; TRX Steady
[Summary]: Circle is phasing out suppport for USDC on the Tron network, with minting of the stablecoin stopping immediately.

The company said the move is to ensure ""USDC remains trusted, transparent and safe.""
...

[Headline]: BitTorrent's BTT Surges 12% as Owner Tron Completes TRX Burn
[Summary]: BTT is up as Tron, the network it is issued on, completed another TRX burn.

BTT tends to react to positive news from Tron even as TRX doesn't move to the same extent

BTT, the eponymous token of BitT...

[Headline]: TRX Trades at Premium on Poloniex as Arbitrage Lures Risk Takers
[Summary]: Tron's native token [TRX] traded at a premium of up to 17% over the weekend on the recently hacked exchange Poloniex, creating a potentially lucrative arbitrage trade.

The premium has since shrunk to...

[Headline]: Tron’s TRX Drops 6% as Binance.US Delists the Token
[Summary]: Tron’s TRX token has been delisted on Binance.US.

This comes weeks after the U.S. Securities and Exchange Commission sued Tron's Justin Sun over allegations of selling and airdropping unregistered se...

[Headline]: Tron Network’s TRX Drops 13% Following SEC Charges Against Justin Sun
[Summary]: The Tron network’s native TRX token dropped 13%, per CoinDesk data, from 6.7 cents to 5.8 cents after the Securities and Exchange Commission (SEC) announced charges against Justin Sun and three of his...

From 2024-04-05 to 2024-04-12, TRX-USD's stock price decreased from 0.12 to 0.11. News during this period are listed below:

[Headline]: USDC Stablecoin Issuer Circle Dumps Tron Network; TRX Steady
[Summary]: Circle is phasing out suppport for USDC on the Tron network, with minting of the stablecoin stopping immediately.

The company said the move is to ensure ""USDC remains trusted, transparent and safe.""
...

[Headline]: BitTorrent's BTT Surges 12% as Owner Tron Completes TRX Burn
[Summary]: BTT is up as Tron, the network it is issued on, completed another TRX burn.

BTT tends to react to positive news from Tron even as TRX doesn't move to the same extent

BTT, the eponymous token of BitT...

[Headline]: TRX Trades at Premium on Poloniex as Arbitrage Lures Risk Takers
[Summary]: Tron's native token [TRX] traded at a premium of up to 17% over the weekend on the recently hacked exchange Poloniex, creating a potentially lucrative arbitrage trade.

The premium has since shrunk to...

[Headline]: Tron’s TRX Drops 6% as Binance.US Delists the Token
[Summary]: Tron’s TRX token has been delisted on Binance.US.

This comes weeks after the U.S. Securities and Exchange Commission sued Tron's Justin Sun over allegations of selling and airdropping unregistered se...

[Headline]: Tron Network’s TRX Drops 13% Following SEC Charges Against Justin Sun
[Summary]: The Tron network’s native TRX token dropped 13%, per CoinDesk data, from 6.7 cents to 5.8 cents after the Securities and Exchange Commission (SEC) announced charges against Justin Sun and three of his...

From 2024-04-12 to 2024-04-19, TRX-USD's stock price decreased from 0.11 to 0.11. News during this period are listed below:

[Headline]: USDC Stablecoin Issuer Circle Dumps Tron Network; TRX Steady
[Summary]: Circle is phasing out suppport for USDC on the Tron network, with minting of the stablecoin stopping immediately.

The company said the move is to ensure ""USDC remains trusted, transparent and safe.""
...

[Headline]: BitTorrent's BTT Surges 12% as Owner Tron Completes TRX Burn
[Summary]: BTT is up as Tron, the network it is issued on, completed another TRX burn.

BTT tends to react to positive news from Tron even as TRX doesn't move to the same extent

BTT, the eponymous token of BitT...

[Headline]: TRX Trades at Premium on Poloniex as Arbitrage Lures Risk Takers
[Summary]: Tron's native token [TRX] traded at a premium of up to 17% over the weekend on the recently hacked exchange Poloniex, creating a potentially lucrative arbitrage trade.

The premium has since shrunk to...

[Headline]: Tron’s TRX Drops 6% as Binance.US Delists the Token
[Summary]: Tron’s TRX token has been delisted on Binance.US.

This comes weeks after the U.S. Securities and Exchange Commission sued Tron's Justin Sun over allegations of selling and airdropping unregistered se...

[Headline]: Tron Network’s TRX Drops 13% Following SEC Charges Against Justin Sun
[Summary]: The Tron network’s native TRX token dropped 13%, per CoinDesk data, from 6.7 cents to 5.8 cents after the Securities and Exchange Commission (SEC) announced charges against Justin Sun and three of his...

From 2024-04-19 to 2024-04-26, TRX-USD's stock price increased from 0.11 to 0.12. News during this period are listed below:

[Headline]: USDC Stablecoin Issuer Circle Dumps Tron Network; TRX Steady
[Summary]: Circle is phasing out suppport for USDC on the Tron network, with minting of the stablecoin stopping immediately.

The company said the move is to ensure ""USDC remains trusted, transparent and safe.""
...

[Headline]: BitTorrent's BTT Surges 12% as Owner Tron Completes TRX Burn
[Summary]: BTT is up as Tron, the network it is issued on, completed another TRX burn.

BTT tends to react to positive news from Tron even as TRX doesn't move to the same extent

BTT, the eponymous token of BitT...

[Headline]: TRX Trades at Premium on Poloniex as Arbitrage Lures Risk Takers
[Summary]: Tron's native token [TRX] traded at a premium of up to 17% over the weekend on the recently hacked exchange Poloniex, creating a potentially lucrative arbitrage trade.

The premium has since shrunk to...

[Headline]: Tron’s TRX Drops 6% as Binance.US Delists the Token
[Summary]: Tron’s TRX token has been delisted on Binance.US.

This comes weeks after the U.S. Securities and Exchange Commission sued Tron's Justin Sun over allegations of selling and airdropping unregistered se...

[Headline]: Tron Network’s TRX Drops 13% Following SEC Charges Against Justin Sun
[Summary]: The Tron network’s native TRX token dropped 13%, per CoinDesk data, from 6.7 cents to 5.8 cents after the Securities and Exchange Commission (SEC) announced charges against Justin Sun and three of his...



Based on all the information before 2024-04-26, let's first analyze the positive developments and potential concerns for TRX-USD. Come up with 2-4 most important factors respectively and keep them concise. Most factors should be inferred from cryptocurrencies related news. Then let's assume your prediction for next week (2024-04-26 to 2024-05-03) is up by 2-3%. Provide a summary analysis to support your prediction. The prediction result need to be inferred from your analysis at the end, and thus not appearing as a foundational factor of your analysis.","**[Positive Developments]:**
1. **Token Burn**: Tron completed another TRX burn, which reduces the circulating supply, potentially increasing the value of remaining tokens.
2. **Arbitrage Opportunities**: TRX traded at a premium on Poloniex, creating potentially lucrative arbitrage trades and increasing market activity.

**[Potential Concerns]:**
1. **Delisting on Binance.US**: TRX was delisted on Binance.US, which reduces liquidity and access for U.S.-based traders.
2. **SEC Charges**: The SEC announced charges against Justin Sun and associates, leading to a significant drop in TRX's price.
3. **Circle's USDC Departure**: Circle's decision to phase out support for USDC on the Tron network may impact the network's stability and trust.

**[Prediction & Analysis]:**
The recent SEC charges against Justin Sun and the delisting of TRX on Binance.US have put significant downward pressure on the price. However, the token burn and arbitrage opportunities create some bullish momentum. Despite these positive factors, the regulatory concerns and reduced liquidity are likely to dominate market sentiment. Nevertheless, as the market absorbs these developments, we may see a slight rebound as speculators look for entry points following the recent declines. Therefore, a modest 2-3% increase is predicted for the upcoming week."
"[Cryptocurrency Introduction]: TRON (TRX) is a cryptocurrency . TRON has a current supply of 94,865,071,542.902658 with 94,865,064,585.218588 in circulation. The last known price of TRON is 0.26962753 USD and is up 0.83 over the last 24 hours. It is currently trading on 1183 active market(s) with $388,196,221.57 traded over the last 24 hours. More information can be found at https://trondao.org/.. It has a market capilization of 25289431040.

From 2024-04-19 to 2024-04-26, TRX-USD's stock price increased from 0.11 to 0.12. News during this period are listed below:

[Headline]: USDC Stablecoin Issuer Circle Dumps Tron Network; TRX Steady
[Summary]: Circle is phasing out suppport for USDC on the Tron network, with minting of the stablecoin stopping immediately.

The company said the move is to ensure ""USDC remains trusted, transparent and safe.""
...

[Headline]: BitTorrent's BTT Surges 12% as Owner Tron Completes TRX Burn
[Summary]: BTT is up as Tron, the network it is issued on, completed another TRX burn.

BTT tends to react to positive news from Tron even as TRX doesn't move to the same extent

BTT, the eponymous token of BitT...

[Headline]: TRX Trades at Premium on Poloniex as Arbitrage Lures Risk Takers
[Summary]: Tron's native token [TRX] traded at a premium of up to 17% over the weekend on the recently hacked exchange Poloniex, creating a potentially lucrative arbitrage trade.

The premium has since shrunk to...

[Headline]: Tron’s TRX Drops 6% as Binance.US Delists the Token
[Summary]: Tron’s TRX token has been delisted on Binance.US.

This comes weeks after the U.S. Securities and Exchange Commission sued Tron's Justin Sun over allegations of selling and airdropping unregistered se...

[Headline]: Tron Network’s TRX Drops 13% Following SEC Charges Against Justin Sun
[Summary]: The Tron network’s native TRX token dropped 13%, per CoinDesk data, from 6.7 cents to 5.8 cents after the Securities and Exchange Commission (SEC) announced charges against Justin Sun and three of his...

From 2024-04-26 to 2024-05-03, TRX-USD's stock price increased from 0.12 to 0.12. News during this period are listed below:

[Headline]: USDC Stablecoin Issuer Circle Dumps Tron Network; TRX Steady
[Summary]: Circle is phasing out suppport for USDC on the Tron network, with minting of the stablecoin stopping immediately.

The company said the move is to ensure ""USDC remains trusted, transparent and safe.""
...

[Headline]: BitTorrent's BTT Surges 12% as Owner Tron Completes TRX Burn
[Summary]: BTT is up as Tron, the network it is issued on, completed another TRX burn.

BTT tends to react to positive news from Tron even as TRX doesn't move to the same extent

BTT, the eponymous token of BitT...

[Headline]: TRX Trades at Premium on Poloniex as Arbitrage Lures Risk Takers
[Summary]: Tron's native token [TRX] traded at a premium of up to 17% over the weekend on the recently hacked exchange Poloniex, creating a potentially lucrative arbitrage trade.

The premium has since shrunk to...

[Headline]: Tron’s TRX Drops 6% as Binance.US Delists the Token
[Summary]: Tron’s TRX token has been delisted on Binance.US.

This comes weeks after the U.S. Securities and Exchange Commission sued Tron's Justin Sun over allegations of selling and airdropping unregistered se...

[Headline]: Tron Network’s TRX Drops 13% Following SEC Charges Against Justin Sun
[Summary]: The Tron network’s native TRX token dropped 13%, per CoinDesk data, from 6.7 cents to 5.8 cents after the Securities and Exchange Commission (SEC) announced charges against Justin Sun and three of his...



Based on all the information before 2024-05-03, let's first analyze the positive developments and potential concerns for TRX-USD. Come up with 2-4 most important factors respectively and keep them concise. Most factors should be inferred from cryptocurrencies related news. Then let's assume your prediction for next week (2024-05-03 to 2024-05-10) is up by 3-4%. Provide a summary analysis to support your prediction. The prediction result need to be inferred from your analysis at the end, and thus not appearing as a foundational factor of your analysis.","**[Positive Developments]:**
1. **Token Burn**: The completion of another TRX burn by the Tron network helps to control inflation and potentially boost the token's value.
2. **Market Stability**: Despite various challenges, TRX has shown resilience, maintaining a steady price over the past week.

**[Potential Concerns]:**
1. **SEC Charges**: The ongoing legal issues with the SEC continue to cast a shadow over TRX, affecting investor confidence.
2. **Delisting on Binance.US**: The delisting reduces TRX's accessibility for U.S. investors, which can hinder demand.

**[Prediction & Analysis]:**
While the token burn is a positive development, the market is still grappling with the delisting on Binance.US and the SEC charges. However, the market has had some time to digest these concerns, and the price stability seen in the past week suggests a potential turnaround. As the market reassesses the impact of these developments, we may see a slight uptick in price. Therefore, a 3-4% increase is predicted for the upcoming week."
"[Cryptocurrency Introduction]: TRON (TRX) is a cryptocurrency . TRON has a current supply of 94,865,071,542.902658 with 94,865,064,585.218588 in circulation. The last known price of TRON is 0.26962753 USD and is up 0.83 over the last 24 hours. It is currently trading on 1183 active market(s) with $388,196,221.57 traded over the last 24 hours. More information can be found at https://trondao.org/.. It has a market capilization of 25289431040.

From 2024-04-12 to 2024-04-19, TRX-USD's stock price decreased from 0.11 to 0.11. News during this period are listed below:

[Headline]: USDC Stablecoin Issuer Circle Dumps Tron Network; TRX Steady
[Summary]: Circle is phasing out suppport for USDC on the Tron network, with minting of the stablecoin stopping immediately.

The company said the move is to ensure ""USDC remains trusted, transparent and safe.""
...

[Headline]: BitTorrent's BTT Surges 12% as Owner Tron Completes TRX Burn
[Summary]: BTT is up as Tron, the network it is issued on, completed another TRX burn.

BTT tends to react to positive news from Tron even as TRX doesn't move to the same extent

BTT, the eponymous token of BitT...

[Headline]: TRX Trades at Premium on Poloniex as Arbitrage Lures Risk Takers
[Summary]: Tron's native token [TRX] traded at a premium of up to 17% over the weekend on the recently hacked exchange Poloniex, creating a potentially lucrative arbitrage trade.

The premium has since shrunk to...

[Headline]: Tron’s TRX Drops 6% as Binance.US Delists the Token
[Summary]: Tron’s TRX token has been delisted on Binance.US.

This comes weeks after the U.S. Securities and Exchange Commission sued Tron's Justin Sun over allegations of selling and airdropping unregistered se...

[Headline]: Tron Network’s TRX Drops 13% Following SEC Charges Against Justin Sun
[Summary]: The Tron network’s native TRX token dropped 13%, per CoinDesk data, from 6.7 cents to 5.8 cents after the Securities and Exchange Commission (SEC) announced charges against Justin Sun and three of his...

From 2024-04-19 to 2024-04-26, TRX-USD's stock price increased from 0.11 to 0.12. News during this period are listed below:

[Headline]: USDC Stablecoin Issuer Circle Dumps Tron Network; TRX Steady
[Summary]: Circle is phasing out suppport for USDC on the Tron network, with minting of the stablecoin stopping immediately.

The company said the move is to ensure ""USDC remains trusted, transparent and safe.""
...

[Headline]: BitTorrent's BTT Surges 12% as Owner Tron Completes TRX Burn
[Summary]: BTT is up as Tron, the network it is issued on, completed another TRX burn.

BTT tends to react to positive news from Tron even as TRX doesn't move to the same extent

BTT, the eponymous token of BitT...

[Headline]: TRX Trades at Premium on Poloniex as Arbitrage Lures Risk Takers
[Summary]: Tron's native token [TRX] traded at a premium of up to 17% over the weekend on the recently hacked exchange Poloniex, creating a potentially lucrative arbitrage trade.

The premium has since shrunk to...

[Headline]: Tron’s TRX Drops 6% as Binance.US Delists the Token
[Summary]: Tron’s TRX token has been delisted on Binance.US.

This comes weeks after the U.S. Securities and Exchange Commission sued Tron's Justin Sun over allegations of selling and airdropping unregistered se...

[Headline]: Tron Network’s TRX Drops 13% Following SEC Charges Against Justin Sun
[Summary]: The Tron network’s native TRX token dropped 13%, per CoinDesk data, from 6.7 cents to 5.8 cents after the Securities and Exchange Commission (SEC) announced charges against Justin Sun and three of his...

From 2024-04-26 to 2024-05-03, TRX-USD's stock price increased from 0.12 to 0.12. News during this period are listed below:

[Headline]: USDC Stablecoin Issuer Circle Dumps Tron Network; TRX Steady
[Summary]: Circle is phasing out suppport for USDC on the Tron network, with minting of the stablecoin stopping immediately.

The company said the move is to ensure ""USDC remains trusted, transparent and safe.""
...

[Headline]: BitTorrent's BTT Surges 12% as Owner Tron Completes TRX Burn
[Summary]: BTT is up as Tron, the network it is issued on, completed another TRX burn.

BTT tends to react to positive news from Tron even as TRX doesn't move to the same extent

BTT, the eponymous token of BitT...

[Headline]: TRX Trades at Premium on Poloniex as Arbitrage Lures Risk Takers
[Summary]: Tron's native token [TRX] traded at a premium of up to 17% over the weekend on the recently hacked exchange Poloniex, creating a potentially lucrative arbitrage trade.

The premium has since shrunk to...

[Headline]: Tron’s TRX Drops 6% as Binance.US Delists the Token
[Summary]: Tron’s TRX token has been delisted on Binance.US.

This comes weeks after the U.S. Securities and Exchange Commission sued Tron's Justin Sun over allegations of selling and airdropping unregistered se...

[Headline]: Tron Network’s TRX Drops 13% Following SEC Charges Against Justin Sun
[Summary]: The Tron network’s native TRX token dropped 13%, per CoinDesk data, from 6.7 cents to 5.8 cents after the Securities and Exchange Commission (SEC) announced charges against Justin Sun and three of his...

From 2024-05-03 to 2024-05-10, TRX-USD's stock price increased from 0.12 to 0.13. News during this period are listed below:

[Headline]: USDC Stablecoin Issuer Circle Dumps Tron Network; TRX Steady
[Summary]: Circle is phasing out suppport for USDC on the Tron network, with minting of the stablecoin stopping immediately.

The company said the move is to ensure ""USDC remains trusted, transparent and safe.""
...

[Headline]: BitTorrent's BTT Surges 12% as Owner Tron Completes TRX Burn
[Summary]: BTT is up as Tron, the network it is issued on, completed another TRX burn.

BTT tends to react to positive news from Tron even as TRX doesn't move to the same extent

BTT, the eponymous token of BitT...

[Headline]: TRX Trades at Premium on Poloniex as Arbitrage Lures Risk Takers
[Summary]: Tron's native token [TRX] traded at a premium of up to 17% over the weekend on the recently hacked exchange Poloniex, creating a potentially lucrative arbitrage trade.

The premium has since shrunk to...

[Headline]: Tron’s TRX Drops 6% as Binance.US Delists the Token
[Summary]: Tron’s TRX token has been delisted on Binance.US.

This comes weeks after the U.S. Securities and Exchange Commission sued Tron's Justin Sun over allegations of selling and airdropping unregistered se...

[Headline]: Tron Network’s TRX Drops 13% Following SEC Charges Against Justin Sun
[Summary]: The Tron network’s native TRX token dropped 13%, per CoinDesk data, from 6.7 cents to 5.8 cents after the Securities and Exchange Commission (SEC) announced charges against Justin Sun and three of his...



Based on all the information before 2024-05-10, let's first analyze the positive developments and potential concerns for TRX-USD. Come up with 2-4 most important factors respectively and keep them concise. Most factors should be inferred from cryptocurrencies related news. Then let's assume your prediction for next week (2024-05-10 to 2024-05-17) is down by 2-3%. Provide a summary analysis to support your prediction. The prediction result need to be inferred from your analysis at the end, and thus not appearing as a foundational factor of your analysis.","**[Positive Developments]:**
1. **Token Burn**: The TRX burn reduces the circulating supply, which can help support the token's price.
2. **Arbitrage Opportunities**: The premium trading on Poloniex creates arbitrage opportunities, increasing market activity.

**[Potential Concerns]:**
1. **SEC Charges**: The legal issues faced by Justin Sun and associates continue to weigh on TRX's price and investor sentiment.
2. **Delisting on Binance.US**: The delisting reduces liquidity and accessibility for U.S. traders, potentially impacting demand.
3. **USDC Departure**: Circle's decision to phase out USDC on the Tron network may affect the network's stability and trust.

**[Prediction & Analysis]:**
The price increase in the past week suggests that the market is starting to look past the regulatory concerns. However, the delisting on Binance.US and the USDC departure are still significant headwinds. As the market continues to process these developments, we may see a slight pullback in price. Therefore, a 2-3% decrease is predicted for the upcoming week."
"[Cryptocurrency Introduction]: TRON (TRX) is a cryptocurrency . TRON has a current supply of 94,865,071,542.902658 with 94,865,064,585.218588 in circulation. The last known price of TRON is 0.26962753 USD and is up 0.83 over the last 24 hours. It is currently trading on 1183 active market(s) with $388,196,221.57 traded over the last 24 hours. More information can be found at https://trondao.org/.. It has a market capilization of 25289431040.

From 2024-05-10 to 2024-05-17, TRX-USD's stock price decreased from 0.13 to 0.12. News during this period are listed below:

[Headline]: USDC Stablecoin Issuer Circle Dumps Tron Network; TRX Steady
[Summary]: Circle is phasing out suppport for USDC on the Tron network, with minting of the stablecoin stopping immediately.

The company said the move is to ensure ""USDC remains trusted, transparent and safe.""
...

[Headline]: BitTorrent's BTT Surges 12% as Owner Tron Completes TRX Burn
[Summary]: BTT is up as Tron, the network it is issued on, completed another TRX burn.

BTT tends to react to positive news from Tron even as TRX doesn't move to the same extent

BTT, the eponymous token of BitT...

[Headline]: TRX Trades at Premium on Poloniex as Arbitrage Lures Risk Takers
[Summary]: Tron's native token [TRX] traded at a premium of up to 17% over the weekend on the recently hacked exchange Poloniex, creating a potentially lucrative arbitrage trade.

The premium has since shrunk to...

[Headline]: Tron’s TRX Drops 6% as Binance.US Delists the Token
[Summary]: Tron’s TRX token has been delisted on Binance.US.

This comes weeks after the U.S. Securities and Exchange Commission sued Tron's Justin Sun over allegations of selling and airdropping unregistered se...

[Headline]: Tron Network’s TRX Drops 13% Following SEC Charges Against Justin Sun
[Summary]: The Tron network’s native TRX token dropped 13%, per CoinDesk data, from 6.7 cents to 5.8 cents after the Securities and Exchange Commission (SEC) announced charges against Justin Sun and three of his...



Based on all the information before 2024-05-17, let's first analyze the positive developments and potential concerns for TRX-USD. Come up with 2-4 most important factors respectively and keep them concise. Most factors should be inferred from cryptocurrencies related news. Then let's assume your prediction for next week (2024-05-17 to 2024-05-24) is down by more than 5%. Provide a summary analysis to support your prediction. The prediction result need to be inferred from your analysis at the end, and thus not appearing as a foundational factor of your analysis.","**[Positive Developments]:**
1. **Token Burn**: The TRX burn helps to control inflation and support the token's price.
2. **Past Resilience**: TRX has shown resilience in the face of regulatory challenges, maintaining a steady price in previous weeks.

**[Potential Concerns]:**
1. **SEC Charges**: The ongoing legal issues continue to affect investor sentiment and create uncertainty.
2. **Delisting on Binance.US**: The reduced liquidity and accessibility for U.S. traders may hinder demand.
3. **USDC Departure**: Circle's decision to phase out USDC on the Tron network may impact the network's stability and trust.

**[Prediction & Analysis]:**
The price decrease in the past week suggests that the market is still concerned about the regulatory issues and the delisting on Binance.US. While the token burn is a positive development, the market sentiment is likely to remain cautious. Therefore, a decrease of more than 5% is predicted for the upcoming week, as investors continue to assess the impact of these developments."
"[Cryptocurrency Introduction]: TRON (TRX) is a cryptocurrency . TRON has a current supply of 94,865,071,542.902658 with 94,865,064,585.218588 in circulation. The last known price of TRON is 0.26962753 USD and is up 0.83 over the last 24 hours. It is currently trading on 1183 active market(s) with $388,196,221.57 traded over the last 24 hours. More information can be found at https://trondao.org/.. It has a market capilization of 25289431040.

From 2024-05-17 to 2024-05-24, TRX-USD's stock price decreased from 0.12 to 0.12. News during this period are listed below:

[Headline]: USDC Stablecoin Issuer Circle Dumps Tron Network; TRX Steady
[Summary]: Circle is phasing out suppport for USDC on the Tron network, with minting of the stablecoin stopping immediately.

The company said the move is to ensure ""USDC remains trusted, transparent and safe.""
...

[Headline]: BitTorrent's BTT Surges 12% as Owner Tron Completes TRX Burn
[Summary]: BTT is up as Tron, the network it is issued on, completed another TRX burn.

BTT tends to react to positive news from Tron even as TRX doesn't move to the same extent

BTT, the eponymous token of BitT...

[Headline]: TRX Trades at Premium on Poloniex as Arbitrage Lures Risk Takers
[Summary]: Tron's native token [TRX] traded at a premium of up to 17% over the weekend on the recently hacked exchange Poloniex, creating a potentially lucrative arbitrage trade.

The premium has since shrunk to...

[Headline]: Tron’s TRX Drops 6% as Binance.US Delists the Token
[Summary]: Tron’s TRX token has been delisted on Binance.US.

This comes weeks after the U.S. Securities and Exchange Commission sued Tron's Justin Sun over allegations of selling and airdropping unregistered se...

[Headline]: Tron Network’s TRX Drops 13% Following SEC Charges Against Justin Sun
[Summary]: The Tron network’s native TRX token dropped 13%, per CoinDesk data, from 6.7 cents to 5.8 cents after the Securities and Exchange Commission (SEC) announced charges against Justin Sun and three of his...



Based on all the information before 2024-05-24, let's first analyze the positive developments and potential concerns for TRX-USD. Come up with 2-4 most important factors respectively and keep them concise. Most factors should be inferred from cryptocurrencies related news. Then let's assume your prediction for next week (2024-05-24 to 2024-05-31) is down by 2-3%. Provide a summary analysis to support your prediction. The prediction result need to be inferred from your analysis at the end, and thus not appearing as a foundational factor of your analysis.","**[Positive Developments]:**
1. **Token Burn**: The completion of another TRX burn helps to control inflation and support the token's price.
2. **Price Stability**: TRX has maintained a steady price over the past week, suggesting some market resilience.

**[Potential Concerns]:**
1. **SEC Charges**: The ongoing legal issues with the SEC continue to create uncertainty and affect investor sentiment.
2. **Delisting on Binance.US**: The reduced liquidity and accessibility for U.S. traders may impact demand.
3. **USDC Departure**: Circle's decision to phase out USDC on the Tron network may affect the network's stability and trust.

**[Prediction & Analysis]:**
The price stability seen in the past week suggests that the market is digesting the regulatory concerns and the delisting on Binance.US. However, these issues are still significant headwinds, and the USDC departure adds to the uncertainty. As the market continues to assess these developments, we may see a slight pullback in price. Therefore, a 2-3% decrease is predicted for the upcoming week."
"[Cryptocurrency Introduction]: TRON (TRX) is a cryptocurrency . TRON has a current supply of 94,865,071,542.902658 with 94,865,064,585.218588 in circulation. The last known price of TRON is 0.26962753 USD and is up 0.83 over the last 24 hours. It is currently trading on 1183 active market(s) with $388,196,221.57 traded over the last 24 hours. More information can be found at https://trondao.org/.. It has a market capilization of 25289431040.

From 2024-05-10 to 2024-05-17, TRX-USD's stock price decreased from 0.13 to 0.12. News during this period are listed below:

[Headline]: USDC Stablecoin Issuer Circle Dumps Tron Network; TRX Steady
[Summary]: Circle is phasing out suppport for USDC on the Tron network, with minting of the stablecoin stopping immediately.

The company said the move is to ensure ""USDC remains trusted, transparent and safe.""
...

[Headline]: BitTorrent's BTT Surges 12% as Owner Tron Completes TRX Burn
[Summary]: BTT is up as Tron, the network it is issued on, completed another TRX burn.

BTT tends to react to positive news from Tron even as TRX doesn't move to the same extent

BTT, the eponymous token of BitT...

[Headline]: TRX Trades at Premium on Poloniex as Arbitrage Lures Risk Takers
[Summary]: Tron's native token [TRX] traded at a premium of up to 17% over the weekend on the recently hacked exchange Poloniex, creating a potentially lucrative arbitrage trade.

The premium has since shrunk to...

[Headline]: Tron’s TRX Drops 6% as Binance.US Delists the Token
[Summary]: Tron’s TRX token has been delisted on Binance.US.

This comes weeks after the U.S. Securities and Exchange Commission sued Tron's Justin Sun over allegations of selling and airdropping unregistered se...

[Headline]: Tron Network’s TRX Drops 13% Following SEC Charges Against Justin Sun
[Summary]: The Tron network’s native TRX token dropped 13%, per CoinDesk data, from 6.7 cents to 5.8 cents after the Securities and Exchange Commission (SEC) announced charges against Justin Sun and three of his...

From 2024-05-17 to 2024-05-24, TRX-USD's stock price decreased from 0.12 to 0.12. News during this period are listed below:

[Headline]: USDC Stablecoin Issuer Circle Dumps Tron Network; TRX Steady
[Summary]: Circle is phasing out suppport for USDC on the Tron network, with minting of the stablecoin stopping immediately.

The company said the move is to ensure ""USDC remains trusted, transparent and safe.""
...

[Headline]: BitTorrent's BTT Surges 12% as Owner Tron Completes TRX Burn
[Summary]: BTT is up as Tron, the network it is issued on, completed another TRX burn.

BTT tends to react to positive news from Tron even as TRX doesn't move to the same extent

BTT, the eponymous token of BitT...

[Headline]: TRX Trades at Premium on Poloniex as Arbitrage Lures Risk Takers
[Summary]: Tron's native token [TRX] traded at a premium of up to 17% over the weekend on the recently hacked exchange Poloniex, creating a potentially lucrative arbitrage trade.

The premium has since shrunk to...

[Headline]: Tron’s TRX Drops 6% as Binance.US Delists the Token
[Summary]: Tron’s TRX token has been delisted on Binance.US.

This comes weeks after the U.S. Securities and Exchange Commission sued Tron's Justin Sun over allegations of selling and airdropping unregistered se...

[Headline]: Tron Network’s TRX Drops 13% Following SEC Charges Against Justin Sun
[Summary]: The Tron network’s native TRX token dropped 13%, per CoinDesk data, from 6.7 cents to 5.8 cents after the Securities and Exchange Commission (SEC) announced charges against Justin Sun and three of his...

From 2024-05-24 to 2024-05-31, TRX-USD's stock price decreased from 0.12 to 0.11. News during this period are listed below:

[Headline]: USDC Stablecoin Issuer Circle Dumps Tron Network; TRX Steady
[Summary]: Circle is phasing out suppport for USDC on the Tron network, with minting of the stablecoin stopping immediately.

The company said the move is to ensure ""USDC remains trusted, transparent and safe.""
...

[Headline]: BitTorrent's BTT Surges 12% as Owner Tron Completes TRX Burn
[Summary]: BTT is up as Tron, the network it is issued on, completed another TRX burn.

BTT tends to react to positive news from Tron even as TRX doesn't move to the same extent

BTT, the eponymous token of BitT...

[Headline]: TRX Trades at Premium on Poloniex as Arbitrage Lures Risk Takers
[Summary]: Tron's native token [TRX] traded at a premium of up to 17% over the weekend on the recently hacked exchange Poloniex, creating a potentially lucrative arbitrage trade.

The premium has since shrunk to...

[Headline]: Tron’s TRX Drops 6% as Binance.US Delists the Token
[Summary]: Tron’s TRX token has been delisted on Binance.US.

This comes weeks after the U.S. Securities and Exchange Commission sued Tron's Justin Sun over allegations of selling and airdropping unregistered se...

[Headline]: Tron Network’s TRX Drops 13% Following SEC Charges Against Justin Sun
[Summary]: The Tron network’s native TRX token dropped 13%, per CoinDesk data, from 6.7 cents to 5.8 cents after the Securities and Exchange Commission (SEC) announced charges against Justin Sun and three of his...



Based on all the information before 2024-05-31, let's first analyze the positive developments and potential concerns for TRX-USD. Come up with 2-4 most important factors respectively and keep them concise. Most factors should be inferred from cryptocurrencies related news. Then let's assume your prediction for next week (2024-05-31 to 2024-06-07) is up by 0-1%. Provide a summary analysis to support your prediction. The prediction result need to be inferred from your analysis at the end, and thus not appearing as a foundational factor of your analysis.","[Positive Developments]:
1. **TRX Burn**: The completion of another TRX burn, which has historically been positive for the ecosystem, as seen with BitTorrent's BTT surging 12%.
2. **Arbitrage Opportunities**: TRX trading at a premium on Poloniex, creating arbitrage opportunities and potentially increasing trading volume.

[Potential Concerns]:
1. **USDC Support Dropped**: Circle's decision to phase out support for USDC on the Tron network, which could impact liquidity and trust in the network.
2. **Delisting from Binance.US**: The delisting of TRX on Binance.US, which reduces market accessibility for U.S. investors.
3. **SEC Charges**: The SEC's charges against Justin Sun, which have historically led to significant price drops for TRX.

[Prediction & Analysis]:
The market has already priced in the negative news regarding the SEC charges and the delisting from Binance.US, as seen in the previous weeks' price decreases. However, the positive developments such as the TRX burn and arbitrage opportunities may provide some upward pressure. Additionally, the market's reaction to similar events in the past has shown that negative sentiment may not persist for extended periods. Therefore, considering the current stability and potential positive catalysts, I predict that TRX-USD will experience a slight increase of 0-1% in the upcoming week."
"[Cryptocurrency Introduction]: TRON (TRX) is a cryptocurrency . TRON has a current supply of 94,865,071,542.902658 with 94,865,064,585.218588 in circulation. The last known price of TRON is 0.26962753 USD and is up 0.83 over the last 24 hours. It is currently trading on 1183 active market(s) with $388,196,221.57 traded over the last 24 hours. More information can be found at https://trondao.org/.. It has a market capilization of 25289431040.

From 2024-05-17 to 2024-05-24, TRX-USD's stock price decreased from 0.12 to 0.12. News during this period are listed below:

[Headline]: USDC Stablecoin Issuer Circle Dumps Tron Network; TRX Steady
[Summary]: Circle is phasing out suppport for USDC on the Tron network, with minting of the stablecoin stopping immediately.

The company said the move is to ensure ""USDC remains trusted, transparent and safe.""
...

[Headline]: BitTorrent's BTT Surges 12% as Owner Tron Completes TRX Burn
[Summary]: BTT is up as Tron, the network it is issued on, completed another TRX burn.

BTT tends to react to positive news from Tron even as TRX doesn't move to the same extent

BTT, the eponymous token of BitT...

[Headline]: TRX Trades at Premium on Poloniex as Arbitrage Lures Risk Takers
[Summary]: Tron's native token [TRX] traded at a premium of up to 17% over the weekend on the recently hacked exchange Poloniex, creating a potentially lucrative arbitrage trade.

The premium has since shrunk to...

[Headline]: Tron’s TRX Drops 6% as Binance.US Delists the Token
[Summary]: Tron’s TRX token has been delisted on Binance.US.

This comes weeks after the U.S. Securities and Exchange Commission sued Tron's Justin Sun over allegations of selling and airdropping unregistered se...

[Headline]: Tron Network’s TRX Drops 13% Following SEC Charges Against Justin Sun
[Summary]: The Tron network’s native TRX token dropped 13%, per CoinDesk data, from 6.7 cents to 5.8 cents after the Securities and Exchange Commission (SEC) announced charges against Justin Sun and three of his...

From 2024-05-24 to 2024-05-31, TRX-USD's stock price decreased from 0.12 to 0.11. News during this period are listed below:

[Headline]: USDC Stablecoin Issuer Circle Dumps Tron Network; TRX Steady
[Summary]: Circle is phasing out suppport for USDC on the Tron network, with minting of the stablecoin stopping immediately.

The company said the move is to ensure ""USDC remains trusted, transparent and safe.""
...

[Headline]: BitTorrent's BTT Surges 12% as Owner Tron Completes TRX Burn
[Summary]: BTT is up as Tron, the network it is issued on, completed another TRX burn.

BTT tends to react to positive news from Tron even as TRX doesn't move to the same extent

BTT, the eponymous token of BitT...

[Headline]: TRX Trades at Premium on Poloniex as Arbitrage Lures Risk Takers
[Summary]: Tron's native token [TRX] traded at a premium of up to 17% over the weekend on the recently hacked exchange Poloniex, creating a potentially lucrative arbitrage trade.

The premium has since shrunk to...

[Headline]: Tron’s TRX Drops 6% as Binance.US Delists the Token
[Summary]: Tron’s TRX token has been delisted on Binance.US.

This comes weeks after the U.S. Securities and Exchange Commission sued Tron's Justin Sun over allegations of selling and airdropping unregistered se...

[Headline]: Tron Network’s TRX Drops 13% Following SEC Charges Against Justin Sun
[Summary]: The Tron network’s native TRX token dropped 13%, per CoinDesk data, from 6.7 cents to 5.8 cents after the Securities and Exchange Commission (SEC) announced charges against Justin Sun and three of his...

From 2024-05-31 to 2024-06-07, TRX-USD's stock price increased from 0.11 to 0.11. News during this period are listed below:

[Headline]: USDC Stablecoin Issuer Circle Dumps Tron Network; TRX Steady
[Summary]: Circle is phasing out suppport for USDC on the Tron network, with minting of the stablecoin stopping immediately.

The company said the move is to ensure ""USDC remains trusted, transparent and safe.""
...

[Headline]: BitTorrent's BTT Surges 12% as Owner Tron Completes TRX Burn
[Summary]: BTT is up as Tron, the network it is issued on, completed another TRX burn.

BTT tends to react to positive news from Tron even as TRX doesn't move to the same extent

BTT, the eponymous token of BitT...

[Headline]: TRX Trades at Premium on Poloniex as Arbitrage Lures Risk Takers
[Summary]: Tron's native token [TRX] traded at a premium of up to 17% over the weekend on the recently hacked exchange Poloniex, creating a potentially lucrative arbitrage trade.

The premium has since shrunk to...

[Headline]: Tron’s TRX Drops 6% as Binance.US Delists the Token
[Summary]: Tron’s TRX token has been delisted on Binance.US.

This comes weeks after the U.S. Securities and Exchange Commission sued Tron's Justin Sun over allegations of selling and airdropping unregistered se...

[Headline]: Tron Network’s TRX Drops 13% Following SEC Charges Against Justin Sun
[Summary]: The Tron network’s native TRX token dropped 13%, per CoinDesk data, from 6.7 cents to 5.8 cents after the Securities and Exchange Commission (SEC) announced charges against Justin Sun and three of his...



Based on all the information before 2024-06-07, let's first analyze the positive developments and potential concerns for TRX-USD. Come up with 2-4 most important factors respectively and keep them concise. Most factors should be inferred from cryptocurrencies related news. Then let's assume your prediction for next week (2024-06-07 to 2024-06-14) is up by 3-4%. Provide a summary analysis to support your prediction. The prediction result need to be inferred from your analysis at the end, and thus not appearing as a foundational factor of your analysis.","[Positive Developments]:
1. **Market Stability**: Despite multiple negative news, TRX has shown resilience and stability, which could be seen as a positive sign by investors.
2. **TRX Burn**: The completion of another TRX burn, which is generally viewed as a positive development for the Tron ecosystem.

[Potential Concerns]:
1. **Continued USDC Concerns**: The ongoing phasing out of USDC support on the Tron network could continue to impact liquidity and investor sentiment.
2. **SEC Charges Fallout**: Potential lingering effects from the SEC charges against Justin Sun, which could continue to weigh on TRX's price.

[Prediction & Analysis]:
Given the recent stability and the positive developments such as the TRX burn, there is room for cautious optimism. The market has likely already priced in the negative news, and the lack of further significant negative catalysts suggests a potential upward movement. I predict that TRX-USD will increase by 3-4% in the upcoming week as the market continues to digest recent events and stabilize."
"[Cryptocurrency Introduction]: TRON (TRX) is a cryptocurrency . TRON has a current supply of 94,865,071,542.902658 with 94,865,064,585.218588 in circulation. The last known price of TRON is 0.26962753 USD and is up 0.83 over the last 24 hours. It is currently trading on 1183 active market(s) with $388,196,221.57 traded over the last 24 hours. More information can be found at https://trondao.org/.. It has a market capilization of 25289431040.

From 2024-06-07 to 2024-06-14, TRX-USD's stock price increased from 0.11 to 0.12. News during this period are listed below:

[Headline]: USDC Stablecoin Issuer Circle Dumps Tron Network; TRX Steady
[Summary]: Circle is phasing out suppport for USDC on the Tron network, with minting of the stablecoin stopping immediately.

The company said the move is to ensure ""USDC remains trusted, transparent and safe.""
...

[Headline]: BitTorrent's BTT Surges 12% as Owner Tron Completes TRX Burn
[Summary]: BTT is up as Tron, the network it is issued on, completed another TRX burn.

BTT tends to react to positive news from Tron even as TRX doesn't move to the same extent

BTT, the eponymous token of BitT...

[Headline]: TRX Trades at Premium on Poloniex as Arbitrage Lures Risk Takers
[Summary]: Tron's native token [TRX] traded at a premium of up to 17% over the weekend on the recently hacked exchange Poloniex, creating a potentially lucrative arbitrage trade.

The premium has since shrunk to...

[Headline]: Tron’s TRX Drops 6% as Binance.US Delists the Token
[Summary]: Tron’s TRX token has been delisted on Binance.US.

This comes weeks after the U.S. Securities and Exchange Commission sued Tron's Justin Sun over allegations of selling and airdropping unregistered se...

[Headline]: Tron Network’s TRX Drops 13% Following SEC Charges Against Justin Sun
[Summary]: The Tron network’s native TRX token dropped 13%, per CoinDesk data, from 6.7 cents to 5.8 cents after the Securities and Exchange Commission (SEC) announced charges against Justin Sun and three of his...



Based on all the information before 2024-06-14, let's first analyze the positive developments and potential concerns for TRX-USD. Come up with 2-4 most important factors respectively and keep them concise. Most factors should be inferred from cryptocurrencies related news. Then let's assume your prediction for next week (2024-06-14 to 2024-06-21) is up by 1-2%. Provide a summary analysis to support your prediction. The prediction result need to be inferred from your analysis at the end, and thus not appearing as a foundational factor of your analysis.","[Positive Developments]:
1. **Price Increase**: TRX-USD's price increased from 0.11 to 0.12, indicating a potential reversal from the previous downtrend.
2. **TRX Burn**: The completion of another TRX burn, which could continue to support the price.

[Potential Concerns]:
1. **Persistent Negative News**: The continued reporting on the delisting from Binance.US and the SEC charges could keep investor sentiment subdued.
2. **USDC Support Removal**: The ongoing removal of USDC support from the Tron network could continue to affect liquidity.

[Prediction & Analysis]:
The recent price increase and the positive developments such as the TRX burn suggest a potential upward trend. However, the lingering negative news could limit the extent of the price increase. Considering these factors, I predict that TRX-USD will see a modest increase of 1-2% in the upcoming week as the market balances the positive and negative developments."
"[Cryptocurrency Introduction]: TRON (TRX) is a cryptocurrency . TRON has a current supply of 94,865,071,542.902658 with 94,865,064,585.218588 in circulation. The last known price of TRON is 0.26962753 USD and is up 0.83 over the last 24 hours. It is currently trading on 1183 active market(s) with $388,196,221.57 traded over the last 24 hours. More information can be found at https://trondao.org/.. It has a market capilization of 25289431040.

From 2024-06-14 to 2024-06-21, TRX-USD's stock price increased from 0.12 to 0.12. News during this period are listed below:

[Headline]: USDC Stablecoin Issuer Circle Dumps Tron Network; TRX Steady
[Summary]: Circle is phasing out suppport for USDC on the Tron network, with minting of the stablecoin stopping immediately.

The company said the move is to ensure ""USDC remains trusted, transparent and safe.""
...

[Headline]: BitTorrent's BTT Surges 12% as Owner Tron Completes TRX Burn
[Summary]: BTT is up as Tron, the network it is issued on, completed another TRX burn.

BTT tends to react to positive news from Tron even as TRX doesn't move to the same extent

BTT, the eponymous token of BitT...

[Headline]: TRX Trades at Premium on Poloniex as Arbitrage Lures Risk Takers
[Summary]: Tron's native token [TRX] traded at a premium of up to 17% over the weekend on the recently hacked exchange Poloniex, creating a potentially lucrative arbitrage trade.

The premium has since shrunk to...

[Headline]: Tron’s TRX Drops 6% as Binance.US Delists the Token
[Summary]: Tron’s TRX token has been delisted on Binance.US.

This comes weeks after the U.S. Securities and Exchange Commission sued Tron's Justin Sun over allegations of selling and airdropping unregistered se...

[Headline]: Tron Network’s TRX Drops 13% Following SEC Charges Against Justin Sun
[Summary]: The Tron network’s native TRX token dropped 13%, per CoinDesk data, from 6.7 cents to 5.8 cents after the Securities and Exchange Commission (SEC) announced charges against Justin Sun and three of his...



Based on all the information before 2024-06-21, let's first analyze the positive developments and potential concerns for TRX-USD. Come up with 2-4 most important factors respectively and keep them concise. Most factors should be inferred from cryptocurrencies related news. Then let's assume your prediction for next week (2024-06-21 to 2024-06-28) is up by 3-4%. Provide a summary analysis to support your prediction. The prediction result need to be inferred from your analysis at the end, and thus not appearing as a foundational factor of your analysis.","[Positive Developments]:
1. **Price Stability**: TRX-USD's price remained stable at 0.12, indicating a potential consolidation phase after recent volatility.
2. **TRX Burn**: The completion of another TRX burn, which could provide support for the price.

[Potential Concerns]:
1. **Continued Negative Sentiment**: The ongoing fallout from the SEC charges and the delisting from Binance.US could continue to weigh on investor sentiment.
2. **USDC Support Concerns**: The removal of USDC support from the Tron network could continue to impact liquidity.

[Prediction & Analysis]:
The recent stability in TRX-USD's price and the positive developments such as the TRX burn suggest a potential upward movement. However, the lingering negative sentiment could limit the extent of the price increase. Considering these factors, I predict that TRX-USD will see a moderate increase of 3-4% in the upcoming week as the market continues to digest recent events and stabilize."
"[Cryptocurrency Introduction]: TRON (TRX) is a cryptocurrency . TRON has a current supply of 94,865,071,542.902658 with 94,865,064,585.218588 in circulation. The last known price of TRON is 0.26962753 USD and is up 0.83 over the last 24 hours. It is currently trading on 1183 active market(s) with $388,196,221.57 traded over the last 24 hours. More information can be found at https://trondao.org/.. It has a market capilization of 25289431040.

From 2024-06-07 to 2024-06-14, TRX-USD's stock price increased from 0.11 to 0.12. News during this period are listed below:

[Headline]: USDC Stablecoin Issuer Circle Dumps Tron Network; TRX Steady
[Summary]: Circle is phasing out suppport for USDC on the Tron network, with minting of the stablecoin stopping immediately.

The company said the move is to ensure ""USDC remains trusted, transparent and safe.""
...

[Headline]: BitTorrent's BTT Surges 12% as Owner Tron Completes TRX Burn
[Summary]: BTT is up as Tron, the network it is issued on, completed another TRX burn.

BTT tends to react to positive news from Tron even as TRX doesn't move to the same extent

BTT, the eponymous token of BitT...

[Headline]: TRX Trades at Premium on Poloniex as Arbitrage Lures Risk Takers
[Summary]: Tron's native token [TRX] traded at a premium of up to 17% over the weekend on the recently hacked exchange Poloniex, creating a potentially lucrative arbitrage trade.

The premium has since shrunk to...

[Headline]: Tron’s TRX Drops 6% as Binance.US Delists the Token
[Summary]: Tron’s TRX token has been delisted on Binance.US.

This comes weeks after the U.S. Securities and Exchange Commission sued Tron's Justin Sun over allegations of selling and airdropping unregistered se...

[Headline]: Tron Network’s TRX Drops 13% Following SEC Charges Against Justin Sun
[Summary]: The Tron network’s native TRX token dropped 13%, per CoinDesk data, from 6.7 cents to 5.8 cents after the Securities and Exchange Commission (SEC) announced charges against Justin Sun and three of his...

From 2024-06-14 to 2024-06-21, TRX-USD's stock price increased from 0.12 to 0.12. News during this period are listed below:

[Headline]: USDC Stablecoin Issuer Circle Dumps Tron Network; TRX Steady
[Summary]: Circle is phasing out suppport for USDC on the Tron network, with minting of the stablecoin stopping immediately.

The company said the move is to ensure ""USDC remains trusted, transparent and safe.""
...

[Headline]: BitTorrent's BTT Surges 12% as Owner Tron Completes TRX Burn
[Summary]: BTT is up as Tron, the network it is issued on, completed another TRX burn.

BTT tends to react to positive news from Tron even as TRX doesn't move to the same extent

BTT, the eponymous token of BitT...

[Headline]: TRX Trades at Premium on Poloniex as Arbitrage Lures Risk Takers
[Summary]: Tron's native token [TRX] traded at a premium of up to 17% over the weekend on the recently hacked exchange Poloniex, creating a potentially lucrative arbitrage trade.

The premium has since shrunk to...

[Headline]: Tron’s TRX Drops 6% as Binance.US Delists the Token
[Summary]: Tron’s TRX token has been delisted on Binance.US.

This comes weeks after the U.S. Securities and Exchange Commission sued Tron's Justin Sun over allegations of selling and airdropping unregistered se...

[Headline]: Tron Network’s TRX Drops 13% Following SEC Charges Against Justin Sun
[Summary]: The Tron network’s native TRX token dropped 13%, per CoinDesk data, from 6.7 cents to 5.8 cents after the Securities and Exchange Commission (SEC) announced charges against Justin Sun and three of his...

From 2024-06-21 to 2024-06-28, TRX-USD's stock price increased from 0.12 to 0.12. News during this period are listed below:

[Headline]: USDC Stablecoin Issuer Circle Dumps Tron Network; TRX Steady
[Summary]: Circle is phasing out suppport for USDC on the Tron network, with minting of the stablecoin stopping immediately.

The company said the move is to ensure ""USDC remains trusted, transparent and safe.""
...

[Headline]: BitTorrent's BTT Surges 12% as Owner Tron Completes TRX Burn
[Summary]: BTT is up as Tron, the network it is issued on, completed another TRX burn.

BTT tends to react to positive news from Tron even as TRX doesn't move to the same extent

BTT, the eponymous token of BitT...

[Headline]: TRX Trades at Premium on Poloniex as Arbitrage Lures Risk Takers
[Summary]: Tron's native token [TRX] traded at a premium of up to 17% over the weekend on the recently hacked exchange Poloniex, creating a potentially lucrative arbitrage trade.

The premium has since shrunk to...

[Headline]: Tron’s TRX Drops 6% as Binance.US Delists the Token
[Summary]: Tron’s TRX token has been delisted on Binance.US.

This comes weeks after the U.S. Securities and Exchange Commission sued Tron's Justin Sun over allegations of selling and airdropping unregistered se...

[Headline]: Tron Network’s TRX Drops 13% Following SEC Charges Against Justin Sun
[Summary]: The Tron network’s native TRX token dropped 13%, per CoinDesk data, from 6.7 cents to 5.8 cents after the Securities and Exchange Commission (SEC) announced charges against Justin Sun and three of his...



Based on all the information before 2024-06-28, let's first analyze the positive developments and potential concerns for TRX-USD. Come up with 2-4 most important factors respectively and keep them concise. Most factors should be inferred from cryptocurrencies related news. Then let's assume your prediction for next week (2024-06-28 to 2024-07-05) is up by 3-4%. Provide a summary analysis to support your prediction. The prediction result need to be inferred from your analysis at the end, and thus not appearing as a foundational factor of your analysis.","[Positive Developments]:
1. **Price Increase**: TRX-USD's price increased from 0.11 to 0.12, indicating a potential reversal from the previous downtrend.
2. **TRX Burn**: The completion of another TRX burn, which could continue to support the price.

[Potential Concerns]:
1. **Persistent Negative News**: The continued reporting on the delisting from Binance.US and the SEC charges could keep investor sentiment subdued.
2. **USDC Support Removal**: The ongoing removal of USDC support from the Tron network could continue to affect liquidity.

[Prediction & Analysis]:
The recent price increase and the positive developments such as the TRX burn suggest a potential upward trend. However, the lingering negative news could limit the extent of the price increase. Considering these factors, I predict that TRX-USD will see a moderate increase of 3-4% in the upcoming week as the market continues to digest recent events and stabilize."
"[Cryptocurrency Introduction]: TRON (TRX) is a cryptocurrency . TRON has a current supply of 94,865,071,542.902658 with 94,865,064,585.218588 in circulation. The last known price of TRON is 0.26962753 USD and is up 0.83 over the last 24 hours. It is currently trading on 1183 active market(s) with $388,196,221.57 traded over the last 24 hours. More information can be found at https://trondao.org/.. It has a market capilization of 25289431040.

From 2024-06-14 to 2024-06-21, TRX-USD's stock price increased from 0.12 to 0.12. News during this period are listed below:

[Headline]: USDC Stablecoin Issuer Circle Dumps Tron Network; TRX Steady
[Summary]: Circle is phasing out suppport for USDC on the Tron network, with minting of the stablecoin stopping immediately.

The company said the move is to ensure ""USDC remains trusted, transparent and safe.""
...

[Headline]: BitTorrent's BTT Surges 12% as Owner Tron Completes TRX Burn
[Summary]: BTT is up as Tron, the network it is issued on, completed another TRX burn.

BTT tends to react to positive news from Tron even as TRX doesn't move to the same extent

BTT, the eponymous token of BitT...

[Headline]: TRX Trades at Premium on Poloniex as Arbitrage Lures Risk Takers
[Summary]: Tron's native token [TRX] traded at a premium of up to 17% over the weekend on the recently hacked exchange Poloniex, creating a potentially lucrative arbitrage trade.

The premium has since shrunk to...

[Headline]: Tron’s TRX Drops 6% as Binance.US Delists the Token
[Summary]: Tron’s TRX token has been delisted on Binance.US.

This comes weeks after the U.S. Securities and Exchange Commission sued Tron's Justin Sun over allegations of selling and airdropping unregistered se...

[Headline]: Tron Network’s TRX Drops 13% Following SEC Charges Against Justin Sun
[Summary]: The Tron network’s native TRX token dropped 13%, per CoinDesk data, from 6.7 cents to 5.8 cents after the Securities and Exchange Commission (SEC) announced charges against Justin Sun and three of his...

From 2024-06-21 to 2024-06-28, TRX-USD's stock price increased from 0.12 to 0.12. News during this period are listed below:

[Headline]: USDC Stablecoin Issuer Circle Dumps Tron Network; TRX Steady
[Summary]: Circle is phasing out suppport for USDC on the Tron network, with minting of the stablecoin stopping immediately.

The company said the move is to ensure ""USDC remains trusted, transparent and safe.""
...

[Headline]: BitTorrent's BTT Surges 12% as Owner Tron Completes TRX Burn
[Summary]: BTT is up as Tron, the network it is issued on, completed another TRX burn.

BTT tends to react to positive news from Tron even as TRX doesn't move to the same extent

BTT, the eponymous token of BitT...

[Headline]: TRX Trades at Premium on Poloniex as Arbitrage Lures Risk Takers
[Summary]: Tron's native token [TRX] traded at a premium of up to 17% over the weekend on the recently hacked exchange Poloniex, creating a potentially lucrative arbitrage trade.

The premium has since shrunk to...

[Headline]: Tron’s TRX Drops 6% as Binance.US Delists the Token
[Summary]: Tron’s TRX token has been delisted on Binance.US.

This comes weeks after the U.S. Securities and Exchange Commission sued Tron's Justin Sun over allegations of selling and airdropping unregistered se...

[Headline]: Tron Network’s TRX Drops 13% Following SEC Charges Against Justin Sun
[Summary]: The Tron network’s native TRX token dropped 13%, per CoinDesk data, from 6.7 cents to 5.8 cents after the Securities and Exchange Commission (SEC) announced charges against Justin Sun and three of his...

From 2024-06-28 to 2024-07-05, TRX-USD's stock price increased from 0.12 to 0.13. News during this period are listed below:

[Headline]: USDC Stablecoin Issuer Circle Dumps Tron Network; TRX Steady
[Summary]: Circle is phasing out suppport for USDC on the Tron network, with minting of the stablecoin stopping immediately.

The company said the move is to ensure ""USDC remains trusted, transparent and safe.""
...

[Headline]: BitTorrent's BTT Surges 12% as Owner Tron Completes TRX Burn
[Summary]: BTT is up as Tron, the network it is issued on, completed another TRX burn.

BTT tends to react to positive news from Tron even as TRX doesn't move to the same extent

BTT, the eponymous token of BitT...

[Headline]: TRX Trades at Premium on Poloniex as Arbitrage Lures Risk Takers
[Summary]: Tron's native token [TRX] traded at a premium of up to 17% over the weekend on the recently hacked exchange Poloniex, creating a potentially lucrative arbitrage trade.

The premium has since shrunk to...

[Headline]: Tron’s TRX Drops 6% as Binance.US Delists the Token
[Summary]: Tron’s TRX token has been delisted on Binance.US.

This comes weeks after the U.S. Securities and Exchange Commission sued Tron's Justin Sun over allegations of selling and airdropping unregistered se...

[Headline]: Tron Network’s TRX Drops 13% Following SEC Charges Against Justin Sun
[Summary]: The Tron network’s native TRX token dropped 13%, per CoinDesk data, from 6.7 cents to 5.8 cents after the Securities and Exchange Commission (SEC) announced charges against Justin Sun and three of his...



Based on all the information before 2024-07-05, let's first analyze the positive developments and potential concerns for TRX-USD. Come up with 2-4 most important factors respectively and keep them concise. Most factors should be inferred from cryptocurrencies related news. Then let's assume your prediction for next week (2024-07-05 to 2024-07-12) is up by more than 5%. Provide a summary analysis to support your prediction. The prediction result need to be inferred from your analysis at the end, and thus not appearing as a foundational factor of your analysis.","**[Positive Developments]:**
1. **TRX Burn**: The completion of another TRX burn, which is a deflationary measure, typically reduces the circulating supply and can support price increases.
2. **Arbitrage Opportunities**: TRX trading at a premium on Poloniex indicates potential arbitrage opportunities, which can increase trading volume and liquidity.

**[Potential Concerns]:**
1. **Delisting on Binance.US**: The delisting of TRX on Binance.US can reduce liquidity and accessibility for U.S. traders, potentially impacting the price negatively.
2. **SEC Charges**: The SEC charges against Justin Sun and the subsequent drop in TRX price indicate regulatory risks and potential negative market sentiment.

**[Prediction & Analysis]:**
The upcoming week's price movement for TRX is anticipated to be bullish, with a potential increase of more than 5%. This prediction is supported by several factors. Firstly, the recent TRX burn creates a supply shock, which historically has been positive for the price. Secondly, the arbitrage opportunities on Poloniex may attract more traders, increasing the overall trading volume and liquidity. Despite the delisting on Binance.US and the SEC charges, the market may have already priced in these negative factors, allowing for a rebound. Additionally, the steady price despite Circle dumping USDC on the Tron network suggests underlying strength and resilience in TRX. Therefore, considering these dynamics, a bullish trend is expected."
"[Cryptocurrency Introduction]: TRON (TRX) is a cryptocurrency . TRON has a current supply of 94,865,071,542.902658 with 94,865,064,585.218588 in circulation. The last known price of TRON is 0.26962753 USD and is up 0.83 over the last 24 hours. It is currently trading on 1183 active market(s) with $388,196,221.57 traded over the last 24 hours. More information can be found at https://trondao.org/.. It has a market capilization of 25289431040.

From 2024-06-14 to 2024-06-21, TRX-USD's stock price increased from 0.12 to 0.12. News during this period are listed below:

[Headline]: USDC Stablecoin Issuer Circle Dumps Tron Network; TRX Steady
[Summary]: Circle is phasing out suppport for USDC on the Tron network, with minting of the stablecoin stopping immediately.

The company said the move is to ensure ""USDC remains trusted, transparent and safe.""
...

[Headline]: BitTorrent's BTT Surges 12% as Owner Tron Completes TRX Burn
[Summary]: BTT is up as Tron, the network it is issued on, completed another TRX burn.

BTT tends to react to positive news from Tron even as TRX doesn't move to the same extent

BTT, the eponymous token of BitT...

[Headline]: TRX Trades at Premium on Poloniex as Arbitrage Lures Risk Takers
[Summary]: Tron's native token [TRX] traded at a premium of up to 17% over the weekend on the recently hacked exchange Poloniex, creating a potentially lucrative arbitrage trade.

The premium has since shrunk to...

[Headline]: Tron’s TRX Drops 6% as Binance.US Delists the Token
[Summary]: Tron’s TRX token has been delisted on Binance.US.

This comes weeks after the U.S. Securities and Exchange Commission sued Tron's Justin Sun over allegations of selling and airdropping unregistered se...

[Headline]: Tron Network’s TRX Drops 13% Following SEC Charges Against Justin Sun
[Summary]: The Tron network’s native TRX token dropped 13%, per CoinDesk data, from 6.7 cents to 5.8 cents after the Securities and Exchange Commission (SEC) announced charges against Justin Sun and three of his...

From 2024-06-21 to 2024-06-28, TRX-USD's stock price increased from 0.12 to 0.12. News during this period are listed below:

[Headline]: USDC Stablecoin Issuer Circle Dumps Tron Network; TRX Steady
[Summary]: Circle is phasing out suppport for USDC on the Tron network, with minting of the stablecoin stopping immediately.

The company said the move is to ensure ""USDC remains trusted, transparent and safe.""
...

[Headline]: BitTorrent's BTT Surges 12% as Owner Tron Completes TRX Burn
[Summary]: BTT is up as Tron, the network it is issued on, completed another TRX burn.

BTT tends to react to positive news from Tron even as TRX doesn't move to the same extent

BTT, the eponymous token of BitT...

[Headline]: TRX Trades at Premium on Poloniex as Arbitrage Lures Risk Takers
[Summary]: Tron's native token [TRX] traded at a premium of up to 17% over the weekend on the recently hacked exchange Poloniex, creating a potentially lucrative arbitrage trade.

The premium has since shrunk to...

[Headline]: Tron’s TRX Drops 6% as Binance.US Delists the Token
[Summary]: Tron’s TRX token has been delisted on Binance.US.

This comes weeks after the U.S. Securities and Exchange Commission sued Tron's Justin Sun over allegations of selling and airdropping unregistered se...

[Headline]: Tron Network’s TRX Drops 13% Following SEC Charges Against Justin Sun
[Summary]: The Tron network’s native TRX token dropped 13%, per CoinDesk data, from 6.7 cents to 5.8 cents after the Securities and Exchange Commission (SEC) announced charges against Justin Sun and three of his...

From 2024-06-28 to 2024-07-05, TRX-USD's stock price increased from 0.12 to 0.13. News during this period are listed below:

[Headline]: USDC Stablecoin Issuer Circle Dumps Tron Network; TRX Steady
[Summary]: Circle is phasing out suppport for USDC on the Tron network, with minting of the stablecoin stopping immediately.

The company said the move is to ensure ""USDC remains trusted, transparent and safe.""
...

[Headline]: BitTorrent's BTT Surges 12% as Owner Tron Completes TRX Burn
[Summary]: BTT is up as Tron, the network it is issued on, completed another TRX burn.

BTT tends to react to positive news from Tron even as TRX doesn't move to the same extent

BTT, the eponymous token of BitT...

[Headline]: TRX Trades at Premium on Poloniex as Arbitrage Lures Risk Takers
[Summary]: Tron's native token [TRX] traded at a premium of up to 17% over the weekend on the recently hacked exchange Poloniex, creating a potentially lucrative arbitrage trade.

The premium has since shrunk to...

[Headline]: Tron’s TRX Drops 6% as Binance.US Delists the Token
[Summary]: Tron’s TRX token has been delisted on Binance.US.

This comes weeks after the U.S. Securities and Exchange Commission sued Tron's Justin Sun over allegations of selling and airdropping unregistered se...

[Headline]: Tron Network’s TRX Drops 13% Following SEC Charges Against Justin Sun
[Summary]: The Tron network’s native TRX token dropped 13%, per CoinDesk data, from 6.7 cents to 5.8 cents after the Securities and Exchange Commission (SEC) announced charges against Justin Sun and three of his...

From 2024-07-05 to 2024-07-12, TRX-USD's stock price increased from 0.13 to 0.14. News during this period are listed below:

[Headline]: USDC Stablecoin Issuer Circle Dumps Tron Network; TRX Steady
[Summary]: Circle is phasing out suppport for USDC on the Tron network, with minting of the stablecoin stopping immediately.

The company said the move is to ensure ""USDC remains trusted, transparent and safe.""
...

[Headline]: BitTorrent's BTT Surges 12% as Owner Tron Completes TRX Burn
[Summary]: BTT is up as Tron, the network it is issued on, completed another TRX burn.

BTT tends to react to positive news from Tron even as TRX doesn't move to the same extent

BTT, the eponymous token of BitT...

[Headline]: TRX Trades at Premium on Poloniex as Arbitrage Lures Risk Takers
[Summary]: Tron's native token [TRX] traded at a premium of up to 17% over the weekend on the recently hacked exchange Poloniex, creating a potentially lucrative arbitrage trade.

The premium has since shrunk to...

[Headline]: Tron’s TRX Drops 6% as Binance.US Delists the Token
[Summary]: Tron’s TRX token has been delisted on Binance.US.

This comes weeks after the U.S. Securities and Exchange Commission sued Tron's Justin Sun over allegations of selling and airdropping unregistered se...

[Headline]: Tron Network’s TRX Drops 13% Following SEC Charges Against Justin Sun
[Summary]: The Tron network’s native TRX token dropped 13%, per CoinDesk data, from 6.7 cents to 5.8 cents after the Securities and Exchange Commission (SEC) announced charges against Justin Sun and three of his...



Based on all the information before 2024-07-12, let's first analyze the positive developments and potential concerns for TRX-USD. Come up with 2-4 most important factors respectively and keep them concise. Most factors should be inferred from cryptocurrencies related news. Then let's assume your prediction for next week (2024-07-12 to 2024-07-19) is down by 1-2%. Provide a summary analysis to support your prediction. The prediction result need to be inferred from your analysis at the end, and thus not appearing as a foundational factor of your analysis.","**[Positive Developments]:**
1. **TRX Burn**: The completion of another TRX burn, which is a deflationary measure, typically reduces the circulating supply and can support price increases.
2. **Arbitrage Opportunities**: TRX trading at a premium on Poloniex indicates potential arbitrage opportunities, which can increase trading volume and liquidity.

**[Potential Concerns]:**
1. **Delisting on Binance.US**: The delisting of TRX on Binance.US can reduce liquidity and accessibility for U.S. traders, potentially impacting the price negatively.
2. **SEC Charges**: The SEC charges against Justin Sun and the subsequent drop in TRX price indicate regulatory risks and potential negative market sentiment.

**[Prediction & Analysis]:**
The upcoming week's price movement for TRX is anticipated to be slightly bearish, with a potential decrease of 1-2%. This prediction is based on several factors. The delisting on Binance.US and the SEC charges against Justin Sun have created a negative market sentiment, which may continue to weigh on the price. Additionally, the steady price despite Circle dumping USDC on the Tron network suggests that the market is cautious and not overly bullish. While the TRX burn and arbitrage opportunities provide some support, they may not be enough to overcome the regulatory concerns and negative sentiment. Therefore, a slight decrease in price is expected."
"[Cryptocurrency Introduction]: TRON (TRX) is a cryptocurrency . TRON has a current supply of 94,865,071,542.902658 with 94,865,064,585.218588 in circulation. The last known price of TRON is 0.26962753 USD and is up 0.83 over the last 24 hours. It is currently trading on 1183 active market(s) with $388,196,221.57 traded over the last 24 hours. More information can be found at https://trondao.org/.. It has a market capilization of 25289431040.

From 2024-07-12 to 2024-07-19, TRX-USD's stock price decreased from 0.14 to 0.13. News during this period are listed below:

[Headline]: USDC Stablecoin Issuer Circle Dumps Tron Network; TRX Steady
[Summary]: Circle is phasing out suppport for USDC on the Tron network, with minting of the stablecoin stopping immediately.

The company said the move is to ensure ""USDC remains trusted, transparent and safe.""
...

[Headline]: BitTorrent's BTT Surges 12% as Owner Tron Completes TRX Burn
[Summary]: BTT is up as Tron, the network it is issued on, completed another TRX burn.

BTT tends to react to positive news from Tron even as TRX doesn't move to the same extent

BTT, the eponymous token of BitT...

[Headline]: TRX Trades at Premium on Poloniex as Arbitrage Lures Risk Takers
[Summary]: Tron's native token [TRX] traded at a premium of up to 17% over the weekend on the recently hacked exchange Poloniex, creating a potentially lucrative arbitrage trade.

The premium has since shrunk to...

[Headline]: Tron’s TRX Drops 6% as Binance.US Delists the Token
[Summary]: Tron’s TRX token has been delisted on Binance.US.

This comes weeks after the U.S. Securities and Exchange Commission sued Tron's Justin Sun over allegations of selling and airdropping unregistered se...

[Headline]: Tron Network’s TRX Drops 13% Following SEC Charges Against Justin Sun
[Summary]: The Tron network’s native TRX token dropped 13%, per CoinDesk data, from 6.7 cents to 5.8 cents after the Securities and Exchange Commission (SEC) announced charges against Justin Sun and three of his...



Based on all the information before 2024-07-19, let's first analyze the positive developments and potential concerns for TRX-USD. Come up with 2-4 most important factors respectively and keep them concise. Most factors should be inferred from cryptocurrencies related news. Then let's assume your prediction for next week (2024-07-19 to 2024-07-26) is up by 2-3%. Provide a summary analysis to support your prediction. The prediction result need to be inferred from your analysis at the end, and thus not appearing as a foundational factor of your analysis.","**[Positive Developments]:**
1. **TRX Burn**: The completion of another TRX burn, which is a deflationary measure, typically reduces the circulating supply and can support price increases.
2. **Arbitrage Opportunities**: TRX trading at a premium on Poloniex indicates potential arbitrage opportunities, which can increase trading volume and liquidity.

**[Potential Concerns]:**
1. **Delisting on Binance.US**: The delisting of TRX on Binance.US can reduce liquidity and accessibility for U.S. traders, potentially impacting the price negatively.
2. **SEC Charges**: The SEC charges against Justin Sun and the subsequent drop in TRX price indicate regulatory risks and potential negative market sentiment.

**[Prediction & Analysis]:**
The upcoming week's price movement for TRX is anticipated to be slightly bullish, with a potential increase of 2-3%. This prediction is supported by several factors. The recent TRX burn creates a supply shock, which historically has been positive for the price. Additionally, the arbitrage opportunities on Poloniex may attract more traders, increasing the overall trading volume and liquidity. While the delisting on Binance.US and the SEC charges present regulatory risks, the market may have already priced in these negative factors, allowing for a rebound. The steady price despite Circle dumping USDC on the Tron network suggests underlying strength and resilience in TRX. Therefore, considering these dynamics, a slight increase in price is expected."
"[Cryptocurrency Introduction]: TRON (TRX) is a cryptocurrency . TRON has a current supply of 94,865,071,542.902658 with 94,865,064,585.218588 in circulation. The last known price of TRON is 0.26962753 USD and is up 0.83 over the last 24 hours. It is currently trading on 1183 active market(s) with $388,196,221.57 traded over the last 24 hours. More information can be found at https://trondao.org/.. It has a market capilization of 25289431040.

From 2024-07-12 to 2024-07-19, TRX-USD's stock price decreased from 0.14 to 0.13. News during this period are listed below:

[Headline]: USDC Stablecoin Issuer Circle Dumps Tron Network; TRX Steady
[Summary]: Circle is phasing out suppport for USDC on the Tron network, with minting of the stablecoin stopping immediately.

The company said the move is to ensure ""USDC remains trusted, transparent and safe.""
...

[Headline]: BitTorrent's BTT Surges 12% as Owner Tron Completes TRX Burn
[Summary]: BTT is up as Tron, the network it is issued on, completed another TRX burn.

BTT tends to react to positive news from Tron even as TRX doesn't move to the same extent

BTT, the eponymous token of BitT...

[Headline]: TRX Trades at Premium on Poloniex as Arbitrage Lures Risk Takers
[Summary]: Tron's native token [TRX] traded at a premium of up to 17% over the weekend on the recently hacked exchange Poloniex, creating a potentially lucrative arbitrage trade.

The premium has since shrunk to...

[Headline]: Tron’s TRX Drops 6% as Binance.US Delists the Token
[Summary]: Tron’s TRX token has been delisted on Binance.US.

This comes weeks after the U.S. Securities and Exchange Commission sued Tron's Justin Sun over allegations of selling and airdropping unregistered se...

[Headline]: Tron Network’s TRX Drops 13% Following SEC Charges Against Justin Sun
[Summary]: The Tron network’s native TRX token dropped 13%, per CoinDesk data, from 6.7 cents to 5.8 cents after the Securities and Exchange Commission (SEC) announced charges against Justin Sun and three of his...

From 2024-07-19 to 2024-07-26, TRX-USD's stock price increased from 0.13 to 0.14. News during this period are listed below:

[Headline]: USDC Stablecoin Issuer Circle Dumps Tron Network; TRX Steady
[Summary]: Circle is phasing out suppport for USDC on the Tron network, with minting of the stablecoin stopping immediately.

The company said the move is to ensure ""USDC remains trusted, transparent and safe.""
...

[Headline]: BitTorrent's BTT Surges 12% as Owner Tron Completes TRX Burn
[Summary]: BTT is up as Tron, the network it is issued on, completed another TRX burn.

BTT tends to react to positive news from Tron even as TRX doesn't move to the same extent

BTT, the eponymous token of BitT...

[Headline]: TRX Trades at Premium on Poloniex as Arbitrage Lures Risk Takers
[Summary]: Tron's native token [TRX] traded at a premium of up to 17% over the weekend on the recently hacked exchange Poloniex, creating a potentially lucrative arbitrage trade.

The premium has since shrunk to...

[Headline]: Tron’s TRX Drops 6% as Binance.US Delists the Token
[Summary]: Tron’s TRX token has been delisted on Binance.US.

This comes weeks after the U.S. Securities and Exchange Commission sued Tron's Justin Sun over allegations of selling and airdropping unregistered se...

[Headline]: Tron Network’s TRX Drops 13% Following SEC Charges Against Justin Sun
[Summary]: The Tron network’s native TRX token dropped 13%, per CoinDesk data, from 6.7 cents to 5.8 cents after the Securities and Exchange Commission (SEC) announced charges against Justin Sun and three of his...



Based on all the information before 2024-07-26, let's first analyze the positive developments and potential concerns for TRX-USD. Come up with 2-4 most important factors respectively and keep them concise. Most factors should be inferred from cryptocurrencies related news. Then let's assume your prediction for next week (2024-07-26 to 2024-08-02) is down by more than 5%. Provide a summary analysis to support your prediction. The prediction result need to be inferred from your analysis at the end, and thus not appearing as a foundational factor of your analysis.","**[Positive Developments]:**
1. **TRX Burn**: The completion of another TRX burn, which is a deflationary measure, typically reduces the circulating supply and can support price increases.
2. **Arbitrage Opportunities**: TRX trading at a premium on Poloniex indicates potential arbitrage opportunities, which can increase trading volume and liquidity.

**[Potential Concerns]:**
1. **Delisting on Binance.US**: The delisting of TRX on Binance.US can reduce liquidity and accessibility for U.S. traders, potentially impacting the price negatively.
2. **SEC Charges**: The SEC charges against Justin Sun and the subsequent drop in TRX price indicate regulatory risks and potential negative market sentiment.

**[Prediction & Analysis]:**
The upcoming week's price movement for TRX is anticipated to be bearish, with a potential decrease of more than 5%. This prediction is based on several factors. The delisting on Binance.US and the SEC charges against Justin Sun have created significant regulatory risks and negative market sentiment, which may continue to weigh heavily on the price. Additionally, the steady price despite Circle dumping USDC on the Tron network suggests that the market is cautious and not overly bullish. While the TRX burn and arbitrage opportunities provide some support, they may not be enough to overcome the regulatory concerns and negative sentiment. Therefore, a significant decrease in price is expected."
"[Cryptocurrency Introduction]: TRON (TRX) is a cryptocurrency . TRON has a current supply of 94,865,071,542.902658 with 94,865,064,585.218588 in circulation. The last known price of TRON is 0.26962753 USD and is up 0.83 over the last 24 hours. It is currently trading on 1183 active market(s) with $388,196,221.57 traded over the last 24 hours. More information can be found at https://trondao.org/.. It has a market capilization of 25289431040.

From 2024-07-19 to 2024-07-26, TRX-USD's stock price increased from 0.13 to 0.14. News during this period are listed below:

[Headline]: USDC Stablecoin Issuer Circle Dumps Tron Network; TRX Steady
[Summary]: Circle is phasing out suppport for USDC on the Tron network, with minting of the stablecoin stopping immediately.

The company said the move is to ensure ""USDC remains trusted, transparent and safe.""
...

[Headline]: BitTorrent's BTT Surges 12% as Owner Tron Completes TRX Burn
[Summary]: BTT is up as Tron, the network it is issued on, completed another TRX burn.

BTT tends to react to positive news from Tron even as TRX doesn't move to the same extent

BTT, the eponymous token of BitT...

[Headline]: TRX Trades at Premium on Poloniex as Arbitrage Lures Risk Takers
[Summary]: Tron's native token [TRX] traded at a premium of up to 17% over the weekend on the recently hacked exchange Poloniex, creating a potentially lucrative arbitrage trade.

The premium has since shrunk to...

[Headline]: Tron’s TRX Drops 6% as Binance.US Delists the Token
[Summary]: Tron’s TRX token has been delisted on Binance.US.

This comes weeks after the U.S. Securities and Exchange Commission sued Tron's Justin Sun over allegations of selling and airdropping unregistered se...

[Headline]: Tron Network’s TRX Drops 13% Following SEC Charges Against Justin Sun
[Summary]: The Tron network’s native TRX token dropped 13%, per CoinDesk data, from 6.7 cents to 5.8 cents after the Securities and Exchange Commission (SEC) announced charges against Justin Sun and three of his...

From 2024-07-26 to 2024-08-02, TRX-USD's stock price decreased from 0.14 to 0.12. News during this period are listed below:

[Headline]: USDC Stablecoin Issuer Circle Dumps Tron Network; TRX Steady
[Summary]: Circle is phasing out suppport for USDC on the Tron network, with minting of the stablecoin stopping immediately.

The company said the move is to ensure ""USDC remains trusted, transparent and safe.""
...

[Headline]: BitTorrent's BTT Surges 12% as Owner Tron Completes TRX Burn
[Summary]: BTT is up as Tron, the network it is issued on, completed another TRX burn.

BTT tends to react to positive news from Tron even as TRX doesn't move to the same extent

BTT, the eponymous token of BitT...

[Headline]: TRX Trades at Premium on Poloniex as Arbitrage Lures Risk Takers
[Summary]: Tron's native token [TRX] traded at a premium of up to 17% over the weekend on the recently hacked exchange Poloniex, creating a potentially lucrative arbitrage trade.

The premium has since shrunk to...

[Headline]: Tron’s TRX Drops 6% as Binance.US Delists the Token
[Summary]: Tron’s TRX token has been delisted on Binance.US.

This comes weeks after the U.S. Securities and Exchange Commission sued Tron's Justin Sun over allegations of selling and airdropping unregistered se...

[Headline]: Tron Network’s TRX Drops 13% Following SEC Charges Against Justin Sun
[Summary]: The Tron network’s native TRX token dropped 13%, per CoinDesk data, from 6.7 cents to 5.8 cents after the Securities and Exchange Commission (SEC) announced charges against Justin Sun and three of his...



Based on all the information before 2024-08-02, let's first analyze the positive developments and potential concerns for TRX-USD. Come up with 2-4 most important factors respectively and keep them concise. Most factors should be inferred from cryptocurrencies related news. Then let's assume your prediction for next week (2024-08-02 to 2024-08-09) is up by 3-4%. Provide a summary analysis to support your prediction. The prediction result need to be inferred from your analysis at the end, and thus not appearing as a foundational factor of your analysis.","**[Positive Developments]:**
1. **TRX Burn**: The completion of another TRX burn, which is a deflationary measure, typically reduces the circulating supply and can support price increases.
2. **Arbitrage Opportunities**: TRX trading at a premium on Poloniex indicates potential arbitrage opportunities, which can increase trading volume and liquidity.

**[Potential Concerns]:**
1. **Delisting on Binance.US**: The delisting of TRX on Binance.US can reduce liquidity and accessibility for U.S. traders, potentially impacting the price negatively.
2. **SEC Charges**: The SEC charges against Justin Sun and the subsequent drop in TRX price indicate regulatory risks and potential negative market sentiment.

**[Prediction & Analysis]:**
The upcoming week's price movement for TRX is anticipated to be moderately bullish, with a potential increase of 3-4%. This prediction is supported by several factors. The recent TRX burn creates a supply shock, which historically has been positive for the price. Additionally, the arbitrage opportunities on Poloniex may attract more traders, increasing the overall trading volume and liquidity. While the delisting on Binance.US and the SEC charges present regulatory risks, the market may have already priced in these negative factors, allowing for a rebound. The steady price despite Circle dumping USDC on the Tron network suggests underlying strength and resilience in TRX. Therefore, considering these dynamics, a moderate increase in price is expected."
"[Cryptocurrency Introduction]: TRON (TRX) is a cryptocurrency . TRON has a current supply of 94,865,071,542.902658 with 94,865,064,585.218588 in circulation. The last known price of TRON is 0.26962753 USD and is up 0.83 over the last 24 hours. It is currently trading on 1183 active market(s) with $388,196,221.57 traded over the last 24 hours. More information can be found at https://trondao.org/.. It has a market capilization of 25289431040.

From 2024-07-26 to 2024-08-02, TRX-USD's stock price decreased from 0.14 to 0.12. News during this period are listed below:

[Headline]: USDC Stablecoin Issuer Circle Dumps Tron Network; TRX Steady
[Summary]: Circle is phasing out suppport for USDC on the Tron network, with minting of the stablecoin stopping immediately.

The company said the move is to ensure ""USDC remains trusted, transparent and safe.""
...

[Headline]: BitTorrent's BTT Surges 12% as Owner Tron Completes TRX Burn
[Summary]: BTT is up as Tron, the network it is issued on, completed another TRX burn.

BTT tends to react to positive news from Tron even as TRX doesn't move to the same extent

BTT, the eponymous token of BitT...

[Headline]: TRX Trades at Premium on Poloniex as Arbitrage Lures Risk Takers
[Summary]: Tron's native token [TRX] traded at a premium of up to 17% over the weekend on the recently hacked exchange Poloniex, creating a potentially lucrative arbitrage trade.

The premium has since shrunk to...

[Headline]: Tron’s TRX Drops 6% as Binance.US Delists the Token
[Summary]: Tron’s TRX token has been delisted on Binance.US.

This comes weeks after the U.S. Securities and Exchange Commission sued Tron's Justin Sun over allegations of selling and airdropping unregistered se...

[Headline]: Tron Network’s TRX Drops 13% Following SEC Charges Against Justin Sun
[Summary]: The Tron network’s native TRX token dropped 13%, per CoinDesk data, from 6.7 cents to 5.8 cents after the Securities and Exchange Commission (SEC) announced charges against Justin Sun and three of his...

From 2024-08-02 to 2024-08-09, TRX-USD's stock price increased from 0.12 to 0.13. News during this period are listed below:

[Headline]: USDC Stablecoin Issuer Circle Dumps Tron Network; TRX Steady
[Summary]: Circle is phasing out suppport for USDC on the Tron network, with minting of the stablecoin stopping immediately.

The company said the move is to ensure ""USDC remains trusted, transparent and safe.""
...

[Headline]: BitTorrent's BTT Surges 12% as Owner Tron Completes TRX Burn
[Summary]: BTT is up as Tron, the network it is issued on, completed another TRX burn.

BTT tends to react to positive news from Tron even as TRX doesn't move to the same extent

BTT, the eponymous token of BitT...

[Headline]: TRX Trades at Premium on Poloniex as Arbitrage Lures Risk Takers
[Summary]: Tron's native token [TRX] traded at a premium of up to 17% over the weekend on the recently hacked exchange Poloniex, creating a potentially lucrative arbitrage trade.

The premium has since shrunk to...

[Headline]: Tron’s TRX Drops 6% as Binance.US Delists the Token
[Summary]: Tron’s TRX token has been delisted on Binance.US.

This comes weeks after the U.S. Securities and Exchange Commission sued Tron's Justin Sun over allegations of selling and airdropping unregistered se...

[Headline]: Tron Network’s TRX Drops 13% Following SEC Charges Against Justin Sun
[Summary]: The Tron network’s native TRX token dropped 13%, per CoinDesk data, from 6.7 cents to 5.8 cents after the Securities and Exchange Commission (SEC) announced charges against Justin Sun and three of his...



Based on all the information before 2024-08-09, let's first analyze the positive developments and potential concerns for TRX-USD. Come up with 2-4 most important factors respectively and keep them concise. Most factors should be inferred from cryptocurrencies related news. Then let's assume your prediction for next week (2024-08-09 to 2024-08-16) is up by 4-5%. Provide a summary analysis to support your prediction. The prediction result need to be inferred from your analysis at the end, and thus not appearing as a foundational factor of your analysis.","**[Positive Developments]:
1. **Arbitrage Opportunities**: TRX traded at a premium on Poloniex, attracting arbitrage traders and potentially increasing demand.
2. **Network Activity**: The completion of TRX burns indicates active network management, which can be seen as a positive sign for the health of the network.

**[Potential Concerns]:
1. **Regulatory Pressure**: The SEC charges against Justin Sun and the delisting of TRX on Binance.US have led to significant price drops and could continue to impact market sentiment negatively.
2. **Stablecoin Support**: Circle's decision to phase out support for USDC on the Tron network could affect liquidity and trust in the network.
3. **Market Sentiment**: The ongoing regulatory issues and delistings have led to a drop in market confidence, which could result in further sell-offs.

**[Prediction & Analysis]:
The regulatory pressures and delistings have significantly impacted TRX's price, leading to a drop of over 13% in recent weeks. However, the arbitrage opportunities and active network management could provide some buoyancy. Given the current market sentiment and the potential for further regulatory actions, a modest increase of 4-5% next week seems optimistic. The market may be digesting the recent negative news, and some stabilization could occur, contributing to a slight price increase."
"[Cryptocurrency Introduction]: TRON (TRX) is a cryptocurrency . TRON has a current supply of 94,865,071,542.902658 with 94,865,064,585.218588 in circulation. The last known price of TRON is 0.26962753 USD and is up 0.83 over the last 24 hours. It is currently trading on 1183 active market(s) with $388,196,221.57 traded over the last 24 hours. More information can be found at https://trondao.org/.. It has a market capilization of 25289431040.

From 2024-08-02 to 2024-08-09, TRX-USD's stock price increased from 0.12 to 0.13. News during this period are listed below:

[Headline]: USDC Stablecoin Issuer Circle Dumps Tron Network; TRX Steady
[Summary]: Circle is phasing out suppport for USDC on the Tron network, with minting of the stablecoin stopping immediately.

The company said the move is to ensure ""USDC remains trusted, transparent and safe.""
...

[Headline]: BitTorrent's BTT Surges 12% as Owner Tron Completes TRX Burn
[Summary]: BTT is up as Tron, the network it is issued on, completed another TRX burn.

BTT tends to react to positive news from Tron even as TRX doesn't move to the same extent

BTT, the eponymous token of BitT...

[Headline]: TRX Trades at Premium on Poloniex as Arbitrage Lures Risk Takers
[Summary]: Tron's native token [TRX] traded at a premium of up to 17% over the weekend on the recently hacked exchange Poloniex, creating a potentially lucrative arbitrage trade.

The premium has since shrunk to...

[Headline]: Tron’s TRX Drops 6% as Binance.US Delists the Token
[Summary]: Tron’s TRX token has been delisted on Binance.US.

This comes weeks after the U.S. Securities and Exchange Commission sued Tron's Justin Sun over allegations of selling and airdropping unregistered se...

[Headline]: Tron Network’s TRX Drops 13% Following SEC Charges Against Justin Sun
[Summary]: The Tron network’s native TRX token dropped 13%, per CoinDesk data, from 6.7 cents to 5.8 cents after the Securities and Exchange Commission (SEC) announced charges against Justin Sun and three of his...

From 2024-08-09 to 2024-08-16, TRX-USD's stock price increased from 0.13 to 0.13. News during this period are listed below:

[Headline]: USDC Stablecoin Issuer Circle Dumps Tron Network; TRX Steady
[Summary]: Circle is phasing out suppport for USDC on the Tron network, with minting of the stablecoin stopping immediately.

The company said the move is to ensure ""USDC remains trusted, transparent and safe.""
...

[Headline]: BitTorrent's BTT Surges 12% as Owner Tron Completes TRX Burn
[Summary]: BTT is up as Tron, the network it is issued on, completed another TRX burn.

BTT tends to react to positive news from Tron even as TRX doesn't move to the same extent

BTT, the eponymous token of BitT...

[Headline]: TRX Trades at Premium on Poloniex as Arbitrage Lures Risk Takers
[Summary]: Tron's native token [TRX] traded at a premium of up to 17% over the weekend on the recently hacked exchange Poloniex, creating a potentially lucrative arbitrage trade.

The premium has since shrunk to...

[Headline]: Tron’s TRX Drops 6% as Binance.US Delists the Token
[Summary]: Tron’s TRX token has been delisted on Binance.US.

This comes weeks after the U.S. Securities and Exchange Commission sued Tron's Justin Sun over allegations of selling and airdropping unregistered se...

[Headline]: Tron Network’s TRX Drops 13% Following SEC Charges Against Justin Sun
[Summary]: The Tron network’s native TRX token dropped 13%, per CoinDesk data, from 6.7 cents to 5.8 cents after the Securities and Exchange Commission (SEC) announced charges against Justin Sun and three of his...



Based on all the information before 2024-08-16, let's first analyze the positive developments and potential concerns for TRX-USD. Come up with 2-4 most important factors respectively and keep them concise. Most factors should be inferred from cryptocurrencies related news. Then let's assume your prediction for next week (2024-08-16 to 2024-08-23) is up by more than 5%. Provide a summary analysis to support your prediction. The prediction result need to be inferred from your analysis at the end, and thus not appearing as a foundational factor of your analysis.","**[Positive Developments]:
1. **Arbitrage Opportunities**: Continued arbitrage opportunities on Poloniex could attract more traders, increasing demand for TRX.
2. **Network Management**: The completion of TRX burns indicates a proactive approach to managing the token's supply, which can be seen as a positive sign.

**[Potential Concerns]:
1. **Regulatory Uncertainty**: The ongoing SEC charges against Justin Sun continue to cast a shadow over the project, affecting market sentiment.
2. **Delisting Impact**: The delisting of TRX on Binance.US could lead to reduced liquidity and accessibility for U.S.-based traders.
3. **Stablecoin Support**: Circle's decision to phase out USDC support on the Tron network could impact the network's liquidity and stability.

**[Prediction & Analysis]:
The market is still grappling with the regulatory uncertainties and the delisting on Binance.US. However, the continued arbitrage opportunities and proactive network management could provide some support for the price. A increase of more than 5% next week is possible if the market begins to look past the recent negative news and focuses on the positive developments. The arbitrage opportunities could attract more traders, increasing demand and potentially driving up the price."
"[Cryptocurrency Introduction]: TRON (TRX) is a cryptocurrency . TRON has a current supply of 94,865,071,542.902658 with 94,865,064,585.218588 in circulation. The last known price of TRON is 0.26962753 USD and is up 0.83 over the last 24 hours. It is currently trading on 1183 active market(s) with $388,196,221.57 traded over the last 24 hours. More information can be found at https://trondao.org/.. It has a market capilization of 25289431040.

From 2024-08-16 to 2024-08-23, TRX-USD's stock price increased from 0.13 to 0.16. News during this period are listed below:

[Headline]: USDC Stablecoin Issuer Circle Dumps Tron Network; TRX Steady
[Summary]: Circle is phasing out suppport for USDC on the Tron network, with minting of the stablecoin stopping immediately.

The company said the move is to ensure ""USDC remains trusted, transparent and safe.""
...

[Headline]: BitTorrent's BTT Surges 12% as Owner Tron Completes TRX Burn
[Summary]: BTT is up as Tron, the network it is issued on, completed another TRX burn.

BTT tends to react to positive news from Tron even as TRX doesn't move to the same extent

BTT, the eponymous token of BitT...

[Headline]: TRX Trades at Premium on Poloniex as Arbitrage Lures Risk Takers
[Summary]: Tron's native token [TRX] traded at a premium of up to 17% over the weekend on the recently hacked exchange Poloniex, creating a potentially lucrative arbitrage trade.

The premium has since shrunk to...

[Headline]: Tron’s TRX Drops 6% as Binance.US Delists the Token
[Summary]: Tron’s TRX token has been delisted on Binance.US.

This comes weeks after the U.S. Securities and Exchange Commission sued Tron's Justin Sun over allegations of selling and airdropping unregistered se...

[Headline]: Tron Network’s TRX Drops 13% Following SEC Charges Against Justin Sun
[Summary]: The Tron network’s native TRX token dropped 13%, per CoinDesk data, from 6.7 cents to 5.8 cents after the Securities and Exchange Commission (SEC) announced charges against Justin Sun and three of his...



Based on all the information before 2024-08-23, let's first analyze the positive developments and potential concerns for TRX-USD. Come up with 2-4 most important factors respectively and keep them concise. Most factors should be inferred from cryptocurrencies related news. Then let's assume your prediction for next week (2024-08-23 to 2024-08-30) is up by 0-1%. Provide a summary analysis to support your prediction. The prediction result need to be inferred from your analysis at the end, and thus not appearing as a foundational factor of your analysis.","**[Positive Developments]:
1. **Price Increase**: TRX's price increased from 0.13 to 0.16, indicating a potential recovery from recent lows.
2. **Network Activity**: The completion of TRX burns suggests active management of the token supply, which can be seen as a positive sign for the network's health.

**[Potential Concerns]:
1. **Regulatory Pressure**: The ongoing SEC charges against Justin Sun continue to pose a significant risk to market sentiment.
2. **Delisting Impact**: The delisting of TRX on Binance.US could lead to reduced liquidity and accessibility for U.S.-based traders.
3. **Market Volatility**: The cryptocurrency market remains volatile, and external factors could impact TRX's price.

**[Prediction & Analysis]:
TRX's price increase from 0.13 to 0.16 indicates a potential recovery, but the regulatory pressures and delisting on Binance.US remain significant concerns. A modest increase of 0-1% next week is possible as the market stabilizes and digests the recent news. The price increase could be limited by the ongoing regulatory uncertainties and the potential for further market volatility."
"[Cryptocurrency Introduction]: TRON (TRX) is a cryptocurrency . TRON has a current supply of 94,865,071,542.902658 with 94,865,064,585.218588 in circulation. The last known price of TRON is 0.26962753 USD and is up 0.83 over the last 24 hours. It is currently trading on 1183 active market(s) with $388,196,221.57 traded over the last 24 hours. More information can be found at https://trondao.org/.. It has a market capilization of 25289431040.

From 2024-08-02 to 2024-08-09, TRX-USD's stock price increased from 0.12 to 0.13. News during this period are listed below:

[Headline]: USDC Stablecoin Issuer Circle Dumps Tron Network; TRX Steady
[Summary]: Circle is phasing out suppport for USDC on the Tron network, with minting of the stablecoin stopping immediately.

The company said the move is to ensure ""USDC remains trusted, transparent and safe.""
...

[Headline]: BitTorrent's BTT Surges 12% as Owner Tron Completes TRX Burn
[Summary]: BTT is up as Tron, the network it is issued on, completed another TRX burn.

BTT tends to react to positive news from Tron even as TRX doesn't move to the same extent

BTT, the eponymous token of BitT...

[Headline]: TRX Trades at Premium on Poloniex as Arbitrage Lures Risk Takers
[Summary]: Tron's native token [TRX] traded at a premium of up to 17% over the weekend on the recently hacked exchange Poloniex, creating a potentially lucrative arbitrage trade.

The premium has since shrunk to...

[Headline]: Tron’s TRX Drops 6% as Binance.US Delists the Token
[Summary]: Tron’s TRX token has been delisted on Binance.US.

This comes weeks after the U.S. Securities and Exchange Commission sued Tron's Justin Sun over allegations of selling and airdropping unregistered se...

[Headline]: Tron Network’s TRX Drops 13% Following SEC Charges Against Justin Sun
[Summary]: The Tron network’s native TRX token dropped 13%, per CoinDesk data, from 6.7 cents to 5.8 cents after the Securities and Exchange Commission (SEC) announced charges against Justin Sun and three of his...

From 2024-08-09 to 2024-08-16, TRX-USD's stock price increased from 0.13 to 0.13. News during this period are listed below:

[Headline]: USDC Stablecoin Issuer Circle Dumps Tron Network; TRX Steady
[Summary]: Circle is phasing out suppport for USDC on the Tron network, with minting of the stablecoin stopping immediately.

The company said the move is to ensure ""USDC remains trusted, transparent and safe.""
...

[Headline]: BitTorrent's BTT Surges 12% as Owner Tron Completes TRX Burn
[Summary]: BTT is up as Tron, the network it is issued on, completed another TRX burn.

BTT tends to react to positive news from Tron even as TRX doesn't move to the same extent

BTT, the eponymous token of BitT...

[Headline]: TRX Trades at Premium on Poloniex as Arbitrage Lures Risk Takers
[Summary]: Tron's native token [TRX] traded at a premium of up to 17% over the weekend on the recently hacked exchange Poloniex, creating a potentially lucrative arbitrage trade.

The premium has since shrunk to...

[Headline]: Tron’s TRX Drops 6% as Binance.US Delists the Token
[Summary]: Tron’s TRX token has been delisted on Binance.US.

This comes weeks after the U.S. Securities and Exchange Commission sued Tron's Justin Sun over allegations of selling and airdropping unregistered se...

[Headline]: Tron Network’s TRX Drops 13% Following SEC Charges Against Justin Sun
[Summary]: The Tron network’s native TRX token dropped 13%, per CoinDesk data, from 6.7 cents to 5.8 cents after the Securities and Exchange Commission (SEC) announced charges against Justin Sun and three of his...

From 2024-08-16 to 2024-08-23, TRX-USD's stock price increased from 0.13 to 0.16. News during this period are listed below:

[Headline]: USDC Stablecoin Issuer Circle Dumps Tron Network; TRX Steady
[Summary]: Circle is phasing out suppport for USDC on the Tron network, with minting of the stablecoin stopping immediately.

The company said the move is to ensure ""USDC remains trusted, transparent and safe.""
...

[Headline]: BitTorrent's BTT Surges 12% as Owner Tron Completes TRX Burn
[Summary]: BTT is up as Tron, the network it is issued on, completed another TRX burn.

BTT tends to react to positive news from Tron even as TRX doesn't move to the same extent

BTT, the eponymous token of BitT...

[Headline]: TRX Trades at Premium on Poloniex as Arbitrage Lures Risk Takers
[Summary]: Tron's native token [TRX] traded at a premium of up to 17% over the weekend on the recently hacked exchange Poloniex, creating a potentially lucrative arbitrage trade.

The premium has since shrunk to...

[Headline]: Tron’s TRX Drops 6% as Binance.US Delists the Token
[Summary]: Tron’s TRX token has been delisted on Binance.US.

This comes weeks after the U.S. Securities and Exchange Commission sued Tron's Justin Sun over allegations of selling and airdropping unregistered se...

[Headline]: Tron Network’s TRX Drops 13% Following SEC Charges Against Justin Sun
[Summary]: The Tron network’s native TRX token dropped 13%, per CoinDesk data, from 6.7 cents to 5.8 cents after the Securities and Exchange Commission (SEC) announced charges against Justin Sun and three of his...

From 2024-08-23 to 2024-08-30, TRX-USD's stock price increased from 0.16 to 0.16. News during this period are listed below:

[Headline]: USDC Stablecoin Issuer Circle Dumps Tron Network; TRX Steady
[Summary]: Circle is phasing out suppport for USDC on the Tron network, with minting of the stablecoin stopping immediately.

The company said the move is to ensure ""USDC remains trusted, transparent and safe.""
...

[Headline]: BitTorrent's BTT Surges 12% as Owner Tron Completes TRX Burn
[Summary]: BTT is up as Tron, the network it is issued on, completed another TRX burn.

BTT tends to react to positive news from Tron even as TRX doesn't move to the same extent

BTT, the eponymous token of BitT...

[Headline]: TRX Trades at Premium on Poloniex as Arbitrage Lures Risk Takers
[Summary]: Tron's native token [TRX] traded at a premium of up to 17% over the weekend on the recently hacked exchange Poloniex, creating a potentially lucrative arbitrage trade.

The premium has since shrunk to...

[Headline]: Tron’s TRX Drops 6% as Binance.US Delists the Token
[Summary]: Tron’s TRX token has been delisted on Binance.US.

This comes weeks after the U.S. Securities and Exchange Commission sued Tron's Justin Sun over allegations of selling and airdropping unregistered se...

[Headline]: Tron Network’s TRX Drops 13% Following SEC Charges Against Justin Sun
[Summary]: The Tron network’s native TRX token dropped 13%, per CoinDesk data, from 6.7 cents to 5.8 cents after the Securities and Exchange Commission (SEC) announced charges against Justin Sun and three of his...



Based on all the information before 2024-08-30, let's first analyze the positive developments and potential concerns for TRX-USD. Come up with 2-4 most important factors respectively and keep them concise. Most factors should be inferred from cryptocurrencies related news. Then let's assume your prediction for next week (2024-08-30 to 2024-09-06) is down by more than 5%. Provide a summary analysis to support your prediction. The prediction result need to be inferred from your analysis at the end, and thus not appearing as a foundational factor of your analysis.","**[Positive Developments]:
1. **Price Stability**: TRX's price remained stable at 0.13, indicating a potential bottoming out after recent declines.
2. **Network Activity**: The completion of TRX burns suggests proactive management of the token's supply.

**[Potential Concerns]:
1. **Regulatory Uncertainty**: The SEC charges against Justin Sun continue to pose a significant risk to market sentiment.
2. **Delisting Impact**: The delisting of TRX on Binance.US could lead to reduced liquidity and accessibility.
3. **Market Sentiment**: The ongoing regulatory issues and delistings have led to a drop in market confidence.

**[Prediction & Analysis]:
TRX's price stability at 0.13 could indicate a potential bottoming out, but the regulatory uncertainties and delisting on Binance.US remain significant concerns. A modest decrease of more than 5% next week is possible as the market continues to digest the recent negative news. The regulatory pressures and potential for further delistings could contribute to a further decline in price."
"[Cryptocurrency Introduction]: TRON (TRX) is a cryptocurrency . TRON has a current supply of 94,865,071,542.902658 with 94,865,064,585.218588 in circulation. The last known price of TRON is 0.26962753 USD and is up 0.83 over the last 24 hours. It is currently trading on 1183 active market(s) with $388,196,221.57 traded over the last 24 hours. More information can be found at https://trondao.org/.. It has a market capilization of 25289431040.

From 2024-08-30 to 2024-09-06, TRX-USD's stock price decreased from 0.16 to 0.15. News during this period are listed below:

[Headline]: USDC Stablecoin Issuer Circle Dumps Tron Network; TRX Steady
[Summary]: Circle is phasing out suppport for USDC on the Tron network, with minting of the stablecoin stopping immediately.

The company said the move is to ensure ""USDC remains trusted, transparent and safe.""
...

[Headline]: BitTorrent's BTT Surges 12% as Owner Tron Completes TRX Burn
[Summary]: BTT is up as Tron, the network it is issued on, completed another TRX burn.

BTT tends to react to positive news from Tron even as TRX doesn't move to the same extent

BTT, the eponymous token of BitT...

[Headline]: TRX Trades at Premium on Poloniex as Arbitrage Lures Risk Takers
[Summary]: Tron's native token [TRX] traded at a premium of up to 17% over the weekend on the recently hacked exchange Poloniex, creating a potentially lucrative arbitrage trade.

The premium has since shrunk to...

[Headline]: Tron’s TRX Drops 6% as Binance.US Delists the Token
[Summary]: Tron’s TRX token has been delisted on Binance.US.

This comes weeks after the U.S. Securities and Exchange Commission sued Tron's Justin Sun over allegations of selling and airdropping unregistered se...

[Headline]: Tron Network’s TRX Drops 13% Following SEC Charges Against Justin Sun
[Summary]: The Tron network’s native TRX token dropped 13%, per CoinDesk data, from 6.7 cents to 5.8 cents after the Securities and Exchange Commission (SEC) announced charges against Justin Sun and three of his...



Based on all the information before 2024-09-06, let's first analyze the positive developments and potential concerns for TRX-USD. Come up with 2-4 most important factors respectively and keep them concise. Most factors should be inferred from cryptocurrencies related news. Then let's assume your prediction for next week (2024-09-06 to 2024-09-13) is up by 0-1%. Provide a summary analysis to support your prediction. The prediction result need to be inferred from your analysis at the end, and thus not appearing as a foundational factor of your analysis.","**[Positive Developments]:
1. **Price Stability**: TRX's price remained relatively stable at 0.15, indicating a potential stabilization after recent volatility.
2. **Network Management**: The completion of TRX burns suggests a proactive approach to managing the token's supply.

**[Potential Concerns]:
1. **Regulatory Pressure**: The ongoing SEC charges against Justin Sun continue to pose a significant risk to market sentiment.
2. **Delisting Impact**: The delisting of TRX on Binance.US could lead to reduced liquidity and accessibility for U.S.-based traders.
3. **Market Uncertainty**: The cryptocurrency market remains uncertain, and external factors could impact TRX's price.

**[Prediction & Analysis]:
TRX's price stability at 0.15 could indicate a potential stabilization, but the regulatory pressures and delisting on Binance.US remain significant concerns. A modest increase of 0-1% next week is possible as the market digests the recent news and focuses on the positive developments. The price increase could be limited by the ongoing regulatory uncertainties and the potential for further market volatility."
"[Cryptocurrency Introduction]: TRON (TRX) is a cryptocurrency . TRON has a current supply of 94,865,071,542.902658 with 94,865,064,585.218588 in circulation. The last known price of TRON is 0.26962753 USD and is up 0.83 over the last 24 hours. It is currently trading on 1183 active market(s) with $388,196,221.57 traded over the last 24 hours. More information can be found at https://trondao.org/.. It has a market capilization of 25289431040.

From 2024-08-23 to 2024-08-30, TRX-USD's stock price increased from 0.16 to 0.16. News during this period are listed below:

[Headline]: USDC Stablecoin Issuer Circle Dumps Tron Network; TRX Steady
[Summary]: Circle is phasing out suppport for USDC on the Tron network, with minting of the stablecoin stopping immediately.

The company said the move is to ensure ""USDC remains trusted, transparent and safe.""
...

[Headline]: BitTorrent's BTT Surges 12% as Owner Tron Completes TRX Burn
[Summary]: BTT is up as Tron, the network it is issued on, completed another TRX burn.

BTT tends to react to positive news from Tron even as TRX doesn't move to the same extent

BTT, the eponymous token of BitT...

[Headline]: TRX Trades at Premium on Poloniex as Arbitrage Lures Risk Takers
[Summary]: Tron's native token [TRX] traded at a premium of up to 17% over the weekend on the recently hacked exchange Poloniex, creating a potentially lucrative arbitrage trade.

The premium has since shrunk to...

[Headline]: Tron’s TRX Drops 6% as Binance.US Delists the Token
[Summary]: Tron’s TRX token has been delisted on Binance.US.

This comes weeks after the U.S. Securities and Exchange Commission sued Tron's Justin Sun over allegations of selling and airdropping unregistered se...

[Headline]: Tron Network’s TRX Drops 13% Following SEC Charges Against Justin Sun
[Summary]: The Tron network’s native TRX token dropped 13%, per CoinDesk data, from 6.7 cents to 5.8 cents after the Securities and Exchange Commission (SEC) announced charges against Justin Sun and three of his...

From 2024-08-30 to 2024-09-06, TRX-USD's stock price decreased from 0.16 to 0.15. News during this period are listed below:

[Headline]: USDC Stablecoin Issuer Circle Dumps Tron Network; TRX Steady
[Summary]: Circle is phasing out suppport for USDC on the Tron network, with minting of the stablecoin stopping immediately.

The company said the move is to ensure ""USDC remains trusted, transparent and safe.""
...

[Headline]: BitTorrent's BTT Surges 12% as Owner Tron Completes TRX Burn
[Summary]: BTT is up as Tron, the network it is issued on, completed another TRX burn.

BTT tends to react to positive news from Tron even as TRX doesn't move to the same extent

BTT, the eponymous token of BitT...

[Headline]: TRX Trades at Premium on Poloniex as Arbitrage Lures Risk Takers
[Summary]: Tron's native token [TRX] traded at a premium of up to 17% over the weekend on the recently hacked exchange Poloniex, creating a potentially lucrative arbitrage trade.

The premium has since shrunk to...

[Headline]: Tron’s TRX Drops 6% as Binance.US Delists the Token
[Summary]: Tron’s TRX token has been delisted on Binance.US.

This comes weeks after the U.S. Securities and Exchange Commission sued Tron's Justin Sun over allegations of selling and airdropping unregistered se...

[Headline]: Tron Network’s TRX Drops 13% Following SEC Charges Against Justin Sun
[Summary]: The Tron network’s native TRX token dropped 13%, per CoinDesk data, from 6.7 cents to 5.8 cents after the Securities and Exchange Commission (SEC) announced charges against Justin Sun and three of his...

From 2024-09-06 to 2024-09-13, TRX-USD's stock price increased from 0.15 to 0.15. News during this period are listed below:

[Headline]: USDC Stablecoin Issuer Circle Dumps Tron Network; TRX Steady
[Summary]: Circle is phasing out suppport for USDC on the Tron network, with minting of the stablecoin stopping immediately.

The company said the move is to ensure ""USDC remains trusted, transparent and safe.""
...

[Headline]: BitTorrent's BTT Surges 12% as Owner Tron Completes TRX Burn
[Summary]: BTT is up as Tron, the network it is issued on, completed another TRX burn.

BTT tends to react to positive news from Tron even as TRX doesn't move to the same extent

BTT, the eponymous token of BitT...

[Headline]: TRX Trades at Premium on Poloniex as Arbitrage Lures Risk Takers
[Summary]: Tron's native token [TRX] traded at a premium of up to 17% over the weekend on the recently hacked exchange Poloniex, creating a potentially lucrative arbitrage trade.

The premium has since shrunk to...

[Headline]: Tron’s TRX Drops 6% as Binance.US Delists the Token
[Summary]: Tron’s TRX token has been delisted on Binance.US.

This comes weeks after the U.S. Securities and Exchange Commission sued Tron's Justin Sun over allegations of selling and airdropping unregistered se...

[Headline]: Tron Network’s TRX Drops 13% Following SEC Charges Against Justin Sun
[Summary]: The Tron network’s native TRX token dropped 13%, per CoinDesk data, from 6.7 cents to 5.8 cents after the Securities and Exchange Commission (SEC) announced charges against Justin Sun and three of his...



Based on all the information before 2024-09-13, let's first analyze the positive developments and potential concerns for TRX-USD. Come up with 2-4 most important factors respectively and keep them concise. Most factors should be inferred from cryptocurrencies related news. Then let's assume your prediction for next week (2024-09-13 to 2024-09-20) is up by 2-3%. Provide a summary analysis to support your prediction. The prediction result need to be inferred from your analysis at the end, and thus not appearing as a foundational factor of your analysis.","**[Positive Developments]:
1. **TRX Burn**: The completion of another TRX burn has historically been positive for the ecosystem and has led to price increases for associated tokens like BTT.
2. **Arbitrage Opportunities**: TRX trading at a premium on Poloniex created arbitrage opportunities, which can increase trading volume and liquidity.

**[Potential Concerns]:
1. **SEC Charges**: The SEC's charges against Justin Sun and the subsequent delisting of TRX on Binance.US have led to significant price drops and could continue to impact market sentiment negatively.
2. **USDC Support End**: Circle's decision to phase out support for USDC on the Tron network could reduce the network's appeal and liquidity.
3. **Market Stagnation**: Despite various news events, the price of TRX has remained relatively stagnant, which may indicate a lack of market interest or confidence.

**[Prediction & Analysis]:
The market has already priced in the negative news from the SEC charges and the Binance.US delisting, as seen in the previous weeks' price drops. The TRX burn and arbitrage opportunities may drive some positive momentum, but the overall market sentiment remains cautious. The stability in price despite recent events suggests a potential rebound. We anticipate that the positive developments may drive a modest increase of 2-3% in the price of TRX-USD in the upcoming week (2024-09-13 to 2024-09-20)."
"[Cryptocurrency Introduction]: TRON (TRX) is a cryptocurrency . TRON has a current supply of 94,865,071,542.902658 with 94,865,064,585.218588 in circulation. The last known price of TRON is 0.26962753 USD and is up 0.83 over the last 24 hours. It is currently trading on 1183 active market(s) with $388,196,221.57 traded over the last 24 hours. More information can be found at https://trondao.org/.. It has a market capilization of 25289431040.

From 2024-09-06 to 2024-09-13, TRX-USD's stock price increased from 0.15 to 0.15. News during this period are listed below:

[Headline]: USDC Stablecoin Issuer Circle Dumps Tron Network; TRX Steady
[Summary]: Circle is phasing out suppport for USDC on the Tron network, with minting of the stablecoin stopping immediately.

The company said the move is to ensure ""USDC remains trusted, transparent and safe.""
...

[Headline]: BitTorrent's BTT Surges 12% as Owner Tron Completes TRX Burn
[Summary]: BTT is up as Tron, the network it is issued on, completed another TRX burn.

BTT tends to react to positive news from Tron even as TRX doesn't move to the same extent

BTT, the eponymous token of BitT...

[Headline]: TRX Trades at Premium on Poloniex as Arbitrage Lures Risk Takers
[Summary]: Tron's native token [TRX] traded at a premium of up to 17% over the weekend on the recently hacked exchange Poloniex, creating a potentially lucrative arbitrage trade.

The premium has since shrunk to...

[Headline]: Tron’s TRX Drops 6% as Binance.US Delists the Token
[Summary]: Tron’s TRX token has been delisted on Binance.US.

This comes weeks after the U.S. Securities and Exchange Commission sued Tron's Justin Sun over allegations of selling and airdropping unregistered se...

[Headline]: Tron Network’s TRX Drops 13% Following SEC Charges Against Justin Sun
[Summary]: The Tron network’s native TRX token dropped 13%, per CoinDesk data, from 6.7 cents to 5.8 cents after the Securities and Exchange Commission (SEC) announced charges against Justin Sun and three of his...

From 2024-09-13 to 2024-09-20, TRX-USD's stock price increased from 0.15 to 0.15. News during this period are listed below:

[Headline]: USDC Stablecoin Issuer Circle Dumps Tron Network; TRX Steady
[Summary]: Circle is phasing out suppport for USDC on the Tron network, with minting of the stablecoin stopping immediately.

The company said the move is to ensure ""USDC remains trusted, transparent and safe.""
...

[Headline]: BitTorrent's BTT Surges 12% as Owner Tron Completes TRX Burn
[Summary]: BTT is up as Tron, the network it is issued on, completed another TRX burn.

BTT tends to react to positive news from Tron even as TRX doesn't move to the same extent

BTT, the eponymous token of BitT...

[Headline]: TRX Trades at Premium on Poloniex as Arbitrage Lures Risk Takers
[Summary]: Tron's native token [TRX] traded at a premium of up to 17% over the weekend on the recently hacked exchange Poloniex, creating a potentially lucrative arbitrage trade.

The premium has since shrunk to...

[Headline]: Tron’s TRX Drops 6% as Binance.US Delists the Token
[Summary]: Tron’s TRX token has been delisted on Binance.US.

This comes weeks after the U.S. Securities and Exchange Commission sued Tron's Justin Sun over allegations of selling and airdropping unregistered se...

[Headline]: Tron Network’s TRX Drops 13% Following SEC Charges Against Justin Sun
[Summary]: The Tron network’s native TRX token dropped 13%, per CoinDesk data, from 6.7 cents to 5.8 cents after the Securities and Exchange Commission (SEC) announced charges against Justin Sun and three of his...



Based on all the information before 2024-09-20, let's first analyze the positive developments and potential concerns for TRX-USD. Come up with 2-4 most important factors respectively and keep them concise. Most factors should be inferred from cryptocurrencies related news. Then let's assume your prediction for next week (2024-09-20 to 2024-09-27) is up by 2-3%. Provide a summary analysis to support your prediction. The prediction result need to be inferred from your analysis at the end, and thus not appearing as a foundational factor of your analysis.","**[Positive Developments]:
1. **TRX Burn**: The completion of another TRX burn is a positive sign for the ecosystem, indicating a commitment to managing token supply.
2. **Arbitrage Opportunities**: The premium trading on Poloniex created arbitrage opportunities, which can increase market activity and liquidity.

**[Potential Concerns]:
1. **SEC Charges**: The ongoing impact of the SEC charges against Justin Sun continues to be a significant concern, as it has led to delistings and price drops.
2. **USDC Support End**: Circle's decision to end support for USDC on the Tron network could reduce the network's attractiveness and liquidity.
3. **Price Stagnation**: The price of TRX has remained relatively flat, indicating a lack of market momentum or confidence.

**[Prediction & Analysis]:
The market has already absorbed the negative news from the SEC charges and the delisting. The TRX burn and arbitrage opportunities may drive some positive momentum. However, the overall market sentiment remains cautious, and the price stagnation indicates a lack of strong bullish drivers. We anticipate that the positive developments may drive a modest increase of 2-3% in the price of TRX-USD in the upcoming week (2024-09-20 to 2024-09-27)."
"[Cryptocurrency Introduction]: TRON (TRX) is a cryptocurrency . TRON has a current supply of 94,865,071,542.902658 with 94,865,064,585.218588 in circulation. The last known price of TRON is 0.26962753 USD and is up 0.83 over the last 24 hours. It is currently trading on 1183 active market(s) with $388,196,221.57 traded over the last 24 hours. More information can be found at https://trondao.org/.. It has a market capilization of 25289431040.

From 2024-09-13 to 2024-09-20, TRX-USD's stock price increased from 0.15 to 0.15. News during this period are listed below:

[Headline]: USDC Stablecoin Issuer Circle Dumps Tron Network; TRX Steady
[Summary]: Circle is phasing out suppport for USDC on the Tron network, with minting of the stablecoin stopping immediately.

The company said the move is to ensure ""USDC remains trusted, transparent and safe.""
...

[Headline]: BitTorrent's BTT Surges 12% as Owner Tron Completes TRX Burn
[Summary]: BTT is up as Tron, the network it is issued on, completed another TRX burn.

BTT tends to react to positive news from Tron even as TRX doesn't move to the same extent

BTT, the eponymous token of BitT...

[Headline]: TRX Trades at Premium on Poloniex as Arbitrage Lures Risk Takers
[Summary]: Tron's native token [TRX] traded at a premium of up to 17% over the weekend on the recently hacked exchange Poloniex, creating a potentially lucrative arbitrage trade.

The premium has since shrunk to...

[Headline]: Tron’s TRX Drops 6% as Binance.US Delists the Token
[Summary]: Tron’s TRX token has been delisted on Binance.US.

This comes weeks after the U.S. Securities and Exchange Commission sued Tron's Justin Sun over allegations of selling and airdropping unregistered se...

[Headline]: Tron Network’s TRX Drops 13% Following SEC Charges Against Justin Sun
[Summary]: The Tron network’s native TRX token dropped 13%, per CoinDesk data, from 6.7 cents to 5.8 cents after the Securities and Exchange Commission (SEC) announced charges against Justin Sun and three of his...

From 2024-09-20 to 2024-09-27, TRX-USD's stock price increased from 0.15 to 0.16. News during this period are listed below:

[Headline]: USDC Stablecoin Issuer Circle Dumps Tron Network; TRX Steady
[Summary]: Circle is phasing out suppport for USDC on the Tron network, with minting of the stablecoin stopping immediately.

The company said the move is to ensure ""USDC remains trusted, transparent and safe.""
...

[Headline]: BitTorrent's BTT Surges 12% as Owner Tron Completes TRX Burn
[Summary]: BTT is up as Tron, the network it is issued on, completed another TRX burn.

BTT tends to react to positive news from Tron even as TRX doesn't move to the same extent

BTT, the eponymous token of BitT...

[Headline]: TRX Trades at Premium on Poloniex as Arbitrage Lures Risk Takers
[Summary]: Tron's native token [TRX] traded at a premium of up to 17% over the weekend on the recently hacked exchange Poloniex, creating a potentially lucrative arbitrage trade.

The premium has since shrunk to...

[Headline]: Tron’s TRX Drops 6% as Binance.US Delists the Token
[Summary]: Tron’s TRX token has been delisted on Binance.US.

This comes weeks after the U.S. Securities and Exchange Commission sued Tron's Justin Sun over allegations of selling and airdropping unregistered se...

[Headline]: Tron Network’s TRX Drops 13% Following SEC Charges Against Justin Sun
[Summary]: The Tron network’s native TRX token dropped 13%, per CoinDesk data, from 6.7 cents to 5.8 cents after the Securities and Exchange Commission (SEC) announced charges against Justin Sun and three of his...



Based on all the information before 2024-09-27, let's first analyze the positive developments and potential concerns for TRX-USD. Come up with 2-4 most important factors respectively and keep them concise. Most factors should be inferred from cryptocurrencies related news. Then let's assume your prediction for next week (2024-09-27 to 2024-10-04) is up by 0-1%. Provide a summary analysis to support your prediction. The prediction result need to be inferred from your analysis at the end, and thus not appearing as a foundational factor of your analysis.","**[Positive Developments]:
1. **TRX Burn**: The completion of another TRX burn is a positive sign for the ecosystem, indicating a commitment to managing token supply.
2. **Price Increase**: The slight price increase from 0.15 to 0.16 indicates some bullish momentum in the market.

**[Potential Concerns]:
1. **SEC Charges**: The ongoing impact of the SEC charges against Justin Sun continues to be a significant concern, as it has led to delistings and price drops.
2. **USDC Support End**: Circle's decision to end support for USDC on the Tron network could reduce the network's attractiveness and liquidity.
3. **Market Uncertainty**: The cryptocurrency market remains volatile, and external macroeconomic factors could impact TRX's price.

**[Prediction & Analysis]:
The market has shown some bullish momentum with the price increase to 0.16. However, the ongoing concerns from the SEC charges and the end of USDC support may limit further gains. The positive developments may support the price, but the overall market uncertainty could lead to a more muted increase. We anticipate a slight increase of 0-1% in the price of TRX-USD in the upcoming week (2024-09-27 to 2024-10-04)."
"[Cryptocurrency Introduction]: TRON (TRX) is a cryptocurrency . TRON has a current supply of 94,865,071,542.902658 with 94,865,064,585.218588 in circulation. The last known price of TRON is 0.26962753 USD and is up 0.83 over the last 24 hours. It is currently trading on 1183 active market(s) with $388,196,221.57 traded over the last 24 hours. More information can be found at https://trondao.org/.. It has a market capilization of 25289431040.

From 2024-09-13 to 2024-09-20, TRX-USD's stock price increased from 0.15 to 0.15. News during this period are listed below:

[Headline]: USDC Stablecoin Issuer Circle Dumps Tron Network; TRX Steady
[Summary]: Circle is phasing out suppport for USDC on the Tron network, with minting of the stablecoin stopping immediately.

The company said the move is to ensure ""USDC remains trusted, transparent and safe.""
...

[Headline]: BitTorrent's BTT Surges 12% as Owner Tron Completes TRX Burn
[Summary]: BTT is up as Tron, the network it is issued on, completed another TRX burn.

BTT tends to react to positive news from Tron even as TRX doesn't move to the same extent

BTT, the eponymous token of BitT...

[Headline]: TRX Trades at Premium on Poloniex as Arbitrage Lures Risk Takers
[Summary]: Tron's native token [TRX] traded at a premium of up to 17% over the weekend on the recently hacked exchange Poloniex, creating a potentially lucrative arbitrage trade.

The premium has since shrunk to...

[Headline]: Tron’s TRX Drops 6% as Binance.US Delists the Token
[Summary]: Tron’s TRX token has been delisted on Binance.US.

This comes weeks after the U.S. Securities and Exchange Commission sued Tron's Justin Sun over allegations of selling and airdropping unregistered se...

[Headline]: Tron Network’s TRX Drops 13% Following SEC Charges Against Justin Sun
[Summary]: The Tron network’s native TRX token dropped 13%, per CoinDesk data, from 6.7 cents to 5.8 cents after the Securities and Exchange Commission (SEC) announced charges against Justin Sun and three of his...

From 2024-09-20 to 2024-09-27, TRX-USD's stock price increased from 0.15 to 0.16. News during this period are listed below:

[Headline]: USDC Stablecoin Issuer Circle Dumps Tron Network; TRX Steady
[Summary]: Circle is phasing out suppport for USDC on the Tron network, with minting of the stablecoin stopping immediately.

The company said the move is to ensure ""USDC remains trusted, transparent and safe.""
...

[Headline]: BitTorrent's BTT Surges 12% as Owner Tron Completes TRX Burn
[Summary]: BTT is up as Tron, the network it is issued on, completed another TRX burn.

BTT tends to react to positive news from Tron even as TRX doesn't move to the same extent

BTT, the eponymous token of BitT...

[Headline]: TRX Trades at Premium on Poloniex as Arbitrage Lures Risk Takers
[Summary]: Tron's native token [TRX] traded at a premium of up to 17% over the weekend on the recently hacked exchange Poloniex, creating a potentially lucrative arbitrage trade.

The premium has since shrunk to...

[Headline]: Tron’s TRX Drops 6% as Binance.US Delists the Token
[Summary]: Tron’s TRX token has been delisted on Binance.US.

This comes weeks after the U.S. Securities and Exchange Commission sued Tron's Justin Sun over allegations of selling and airdropping unregistered se...

[Headline]: Tron Network’s TRX Drops 13% Following SEC Charges Against Justin Sun
[Summary]: The Tron network’s native TRX token dropped 13%, per CoinDesk data, from 6.7 cents to 5.8 cents after the Securities and Exchange Commission (SEC) announced charges against Justin Sun and three of his...

From 2024-09-27 to 2024-10-04, TRX-USD's stock price increased from 0.16 to 0.16. News during this period are listed below:

[Headline]: USDC Stablecoin Issuer Circle Dumps Tron Network; TRX Steady
[Summary]: Circle is phasing out suppport for USDC on the Tron network, with minting of the stablecoin stopping immediately.

The company said the move is to ensure ""USDC remains trusted, transparent and safe.""
...

[Headline]: BitTorrent's BTT Surges 12% as Owner Tron Completes TRX Burn
[Summary]: BTT is up as Tron, the network it is issued on, completed another TRX burn.

BTT tends to react to positive news from Tron even as TRX doesn't move to the same extent

BTT, the eponymous token of BitT...

[Headline]: TRX Trades at Premium on Poloniex as Arbitrage Lures Risk Takers
[Summary]: Tron's native token [TRX] traded at a premium of up to 17% over the weekend on the recently hacked exchange Poloniex, creating a potentially lucrative arbitrage trade.

The premium has since shrunk to...

[Headline]: Tron’s TRX Drops 6% as Binance.US Delists the Token
[Summary]: Tron’s TRX token has been delisted on Binance.US.

This comes weeks after the U.S. Securities and Exchange Commission sued Tron's Justin Sun over allegations of selling and airdropping unregistered se...

[Headline]: Tron Network’s TRX Drops 13% Following SEC Charges Against Justin Sun
[Summary]: The Tron network’s native TRX token dropped 13%, per CoinDesk data, from 6.7 cents to 5.8 cents after the Securities and Exchange Commission (SEC) announced charges against Justin Sun and three of his...



Based on all the information before 2024-10-04, let's first analyze the positive developments and potential concerns for TRX-USD. Come up with 2-4 most important factors respectively and keep them concise. Most factors should be inferred from cryptocurrencies related news. Then let's assume your prediction for next week (2024-10-04 to 2024-10-11) is up by 2-3%. Provide a summary analysis to support your prediction. The prediction result need to be inferred from your analysis at the end, and thus not appearing as a foundational factor of your analysis.","**[Positive Developments]:
1. **TRX Burn**: The completion of another TRX burn is a positive sign for the ecosystem, indicating a commitment to managing token supply.
2. **Price Stability**: The price stability at 0.16 indicates a potential support level and a base for further gains.

**[Potential Concerns]:
1. **SEC Charges**: The ongoing impact of the SEC charges against Justin Sun continues to be a significant concern, as it has led to delistings and price drops.
2. **USDC Support End**: Circle's decision to end support for USDC on the Tron network could reduce the network's attractiveness and liquidity.
3. **Market Volatility**: The cryptocurrency market remains volatile, and external macroeconomic factors could impact TRX's price.

**[Prediction & Analysis]:
The market has shown resilience with the price stabilizing at 0.16. The TRX burn is a positive development that may drive some bullish momentum. However, the ongoing concerns from the SEC charges and the end of USDC support may limit further gains. We anticipate that the positive developments may drive a modest increase of 2-3% in the price of TRX-USD in the upcoming week (2024-10-04 to 2024-10-11)."
"[Cryptocurrency Introduction]: TRON (TRX) is a cryptocurrency . TRON has a current supply of 94,865,071,542.902658 with 94,865,064,585.218588 in circulation. The last known price of TRON is 0.26962753 USD and is up 0.83 over the last 24 hours. It is currently trading on 1183 active market(s) with $388,196,221.57 traded over the last 24 hours. More information can be found at https://trondao.org/.. It has a market capilization of 25289431040.

From 2024-09-27 to 2024-10-04, TRX-USD's stock price increased from 0.16 to 0.16. News during this period are listed below:

[Headline]: USDC Stablecoin Issuer Circle Dumps Tron Network; TRX Steady
[Summary]: Circle is phasing out suppport for USDC on the Tron network, with minting of the stablecoin stopping immediately.

The company said the move is to ensure ""USDC remains trusted, transparent and safe.""
...

[Headline]: BitTorrent's BTT Surges 12% as Owner Tron Completes TRX Burn
[Summary]: BTT is up as Tron, the network it is issued on, completed another TRX burn.

BTT tends to react to positive news from Tron even as TRX doesn't move to the same extent

BTT, the eponymous token of BitT...

[Headline]: TRX Trades at Premium on Poloniex as Arbitrage Lures Risk Takers
[Summary]: Tron's native token [TRX] traded at a premium of up to 17% over the weekend on the recently hacked exchange Poloniex, creating a potentially lucrative arbitrage trade.

The premium has since shrunk to...

[Headline]: Tron’s TRX Drops 6% as Binance.US Delists the Token
[Summary]: Tron’s TRX token has been delisted on Binance.US.

This comes weeks after the U.S. Securities and Exchange Commission sued Tron's Justin Sun over allegations of selling and airdropping unregistered se...

[Headline]: Tron Network’s TRX Drops 13% Following SEC Charges Against Justin Sun
[Summary]: The Tron network’s native TRX token dropped 13%, per CoinDesk data, from 6.7 cents to 5.8 cents after the Securities and Exchange Commission (SEC) announced charges against Justin Sun and three of his...

From 2024-10-04 to 2024-10-11, TRX-USD's stock price increased from 0.16 to 0.16. News during this period are listed below:

[Headline]: USDC Stablecoin Issuer Circle Dumps Tron Network; TRX Steady
[Summary]: Circle is phasing out suppport for USDC on the Tron network, with minting of the stablecoin stopping immediately.

The company said the move is to ensure ""USDC remains trusted, transparent and safe.""
...

[Headline]: BitTorrent's BTT Surges 12% as Owner Tron Completes TRX Burn
[Summary]: BTT is up as Tron, the network it is issued on, completed another TRX burn.

BTT tends to react to positive news from Tron even as TRX doesn't move to the same extent

BTT, the eponymous token of BitT...

[Headline]: TRX Trades at Premium on Poloniex as Arbitrage Lures Risk Takers
[Summary]: Tron's native token [TRX] traded at a premium of up to 17% over the weekend on the recently hacked exchange Poloniex, creating a potentially lucrative arbitrage trade.

The premium has since shrunk to...

[Headline]: Tron’s TRX Drops 6% as Binance.US Delists the Token
[Summary]: Tron’s TRX token has been delisted on Binance.US.

This comes weeks after the U.S. Securities and Exchange Commission sued Tron's Justin Sun over allegations of selling and airdropping unregistered se...

[Headline]: Tron Network’s TRX Drops 13% Following SEC Charges Against Justin Sun
[Summary]: The Tron network’s native TRX token dropped 13%, per CoinDesk data, from 6.7 cents to 5.8 cents after the Securities and Exchange Commission (SEC) announced charges against Justin Sun and three of his...



Based on all the information before 2024-10-11, let's first analyze the positive developments and potential concerns for TRX-USD. Come up with 2-4 most important factors respectively and keep them concise. Most factors should be inferred from cryptocurrencies related news. Then let's assume your prediction for next week (2024-10-11 to 2024-10-18) is down by 0-1%. Provide a summary analysis to support your prediction. The prediction result need to be inferred from your analysis at the end, and thus not appearing as a foundational factor of your analysis.","**[Positive Developments]:
1. **Price Stability**: The price stability at 0.16 indicates a potential support level and a base for further gains.
2. **Market Resilience**: The market has absorbed recent negative news without significant further declines, indicating resilience.

**[Potential Concerns]:
1. **SEC Charges**: The ongoing impact of the SEC charges against Justin Sun continues to be a significant concern, as it has led to delistings and price drops.
2. **USDC Support End**: Circle's decision to end support for USDC on the Tron network could reduce the network's attractiveness and liquidity.
3. **Market Uncertainty**: The cryptocurrency market remains volatile, and external macroeconomic factors could impact TRX's price.

**[Prediction & Analysis]:
The market has shown resilience with the price stabilizing at 0.16. However, the ongoing concerns from the SEC charges and the end of USDC support may continue to weigh on market sentiment. The lack of strong bullish drivers and the overall market uncertainty could lead to a slight decrease in price. We anticipate a slight decrease of 0-1% in the price of TRX-USD in the upcoming week (2024-10-11 to 2024-10-18)."
"[Cryptocurrency Introduction]: TRON (TRX) is a cryptocurrency . TRON has a current supply of 94,865,071,542.902658 with 94,865,064,585.218588 in circulation. The last known price of TRON is 0.26962753 USD and is up 0.83 over the last 24 hours. It is currently trading on 1183 active market(s) with $388,196,221.57 traded over the last 24 hours. More information can be found at https://trondao.org/.. It has a market capilization of 25289431040.

From 2024-10-11 to 2024-10-18, TRX-USD's stock price decreased from 0.16 to 0.16. News during this period are listed below:

[Headline]: USDC Stablecoin Issuer Circle Dumps Tron Network; TRX Steady
[Summary]: Circle is phasing out suppport for USDC on the Tron network, with minting of the stablecoin stopping immediately.

The company said the move is to ensure ""USDC remains trusted, transparent and safe.""
...

[Headline]: BitTorrent's BTT Surges 12% as Owner Tron Completes TRX Burn
[Summary]: BTT is up as Tron, the network it is issued on, completed another TRX burn.

BTT tends to react to positive news from Tron even as TRX doesn't move to the same extent

BTT, the eponymous token of BitT...

[Headline]: TRX Trades at Premium on Poloniex as Arbitrage Lures Risk Takers
[Summary]: Tron's native token [TRX] traded at a premium of up to 17% over the weekend on the recently hacked exchange Poloniex, creating a potentially lucrative arbitrage trade.

The premium has since shrunk to...

[Headline]: Tron’s TRX Drops 6% as Binance.US Delists the Token
[Summary]: Tron’s TRX token has been delisted on Binance.US.

This comes weeks after the U.S. Securities and Exchange Commission sued Tron's Justin Sun over allegations of selling and airdropping unregistered se...

[Headline]: Tron Network’s TRX Drops 13% Following SEC Charges Against Justin Sun
[Summary]: The Tron network’s native TRX token dropped 13%, per CoinDesk data, from 6.7 cents to 5.8 cents after the Securities and Exchange Commission (SEC) announced charges against Justin Sun and three of his...



Based on all the information before 2024-10-18, let's first analyze the positive developments and potential concerns for TRX-USD. Come up with 2-4 most important factors respectively and keep them concise. Most factors should be inferred from cryptocurrencies related news. Then let's assume your prediction for next week (2024-10-18 to 2024-10-25) is up by 2-3%. Provide a summary analysis to support your prediction. The prediction result need to be inferred from your analysis at the end, and thus not appearing as a foundational factor of your analysis.","### ANALYSIS REQUEST 1

**[Positive Developments]:**
1. **TRX Burn Completion**: The completion of the TRX burn by the Tron network has historically been positive for the ecosystem, as seen with the surge in BTT.
2. **Arbitrage Opportunities**: The premium trading of TRX on Poloniex created arbitrage opportunities, which can attract traders and increase short-term demand.

**[Potential Concerns]:**
1. **SEC Charges**: The SEC charges against Justin Sun and the subsequent delisting of TRX on Binance.US have had a significant negative impact on TRX's price.
2. **USDC Support Withdrawal**: Circle's decision to phase out support for USDC on the Tron network could reduce liquidity and trust in the network.

**[Prediction & Analysis]:**
The recent developments, particularly the SEC charges and the delisting from Binance.US, have put substantial downward pressure on TRX. However, the market often sees a rebound after such negative news is fully priced in. The completion of the TRX burn and the arbitrage opportunities on Poloniex suggest that there is still underlying demand for TRX. As the dust settles from the recent negative events, we could see a slight recovery. The arbitrage opportunities, while risky, indicate that there is still interest in trading TRX, which could support a modest price increase. Therefore, a prediction of a 2-3% increase for the upcoming week is reasonable, as the market stabilizes and traders look for entry points after the recent sell-off.

---"
"[Cryptocurrency Introduction]: TRON (TRX) is a cryptocurrency . TRON has a current supply of 94,865,071,542.902658 with 94,865,064,585.218588 in circulation. The last known price of TRON is 0.26962753 USD and is up 0.83 over the last 24 hours. It is currently trading on 1183 active market(s) with $388,196,221.57 traded over the last 24 hours. More information can be found at https://trondao.org/.. It has a market capilization of 25289431040.

From 2024-09-27 to 2024-10-04, TRX-USD's stock price increased from 0.16 to 0.16. News during this period are listed below:

[Headline]: USDC Stablecoin Issuer Circle Dumps Tron Network; TRX Steady
[Summary]: Circle is phasing out suppport for USDC on the Tron network, with minting of the stablecoin stopping immediately.

The company said the move is to ensure ""USDC remains trusted, transparent and safe.""
...

[Headline]: BitTorrent's BTT Surges 12% as Owner Tron Completes TRX Burn
[Summary]: BTT is up as Tron, the network it is issued on, completed another TRX burn.

BTT tends to react to positive news from Tron even as TRX doesn't move to the same extent

BTT, the eponymous token of BitT...

[Headline]: TRX Trades at Premium on Poloniex as Arbitrage Lures Risk Takers
[Summary]: Tron's native token [TRX] traded at a premium of up to 17% over the weekend on the recently hacked exchange Poloniex, creating a potentially lucrative arbitrage trade.

The premium has since shrunk to...

[Headline]: Tron’s TRX Drops 6% as Binance.US Delists the Token
[Summary]: Tron’s TRX token has been delisted on Binance.US.

This comes weeks after the U.S. Securities and Exchange Commission sued Tron's Justin Sun over allegations of selling and airdropping unregistered se...

[Headline]: Tron Network’s TRX Drops 13% Following SEC Charges Against Justin Sun
[Summary]: The Tron network’s native TRX token dropped 13%, per CoinDesk data, from 6.7 cents to 5.8 cents after the Securities and Exchange Commission (SEC) announced charges against Justin Sun and three of his...

From 2024-10-04 to 2024-10-11, TRX-USD's stock price increased from 0.16 to 0.16. News during this period are listed below:

[Headline]: USDC Stablecoin Issuer Circle Dumps Tron Network; TRX Steady
[Summary]: Circle is phasing out suppport for USDC on the Tron network, with minting of the stablecoin stopping immediately.

The company said the move is to ensure ""USDC remains trusted, transparent and safe.""
...

[Headline]: BitTorrent's BTT Surges 12% as Owner Tron Completes TRX Burn
[Summary]: BTT is up as Tron, the network it is issued on, completed another TRX burn.

BTT tends to react to positive news from Tron even as TRX doesn't move to the same extent

BTT, the eponymous token of BitT...

[Headline]: TRX Trades at Premium on Poloniex as Arbitrage Lures Risk Takers
[Summary]: Tron's native token [TRX] traded at a premium of up to 17% over the weekend on the recently hacked exchange Poloniex, creating a potentially lucrative arbitrage trade.

The premium has since shrunk to...

[Headline]: Tron’s TRX Drops 6% as Binance.US Delists the Token
[Summary]: Tron’s TRX token has been delisted on Binance.US.

This comes weeks after the U.S. Securities and Exchange Commission sued Tron's Justin Sun over allegations of selling and airdropping unregistered se...

[Headline]: Tron Network’s TRX Drops 13% Following SEC Charges Against Justin Sun
[Summary]: The Tron network’s native TRX token dropped 13%, per CoinDesk data, from 6.7 cents to 5.8 cents after the Securities and Exchange Commission (SEC) announced charges against Justin Sun and three of his...

From 2024-10-11 to 2024-10-18, TRX-USD's stock price decreased from 0.16 to 0.16. News during this period are listed below:

[Headline]: USDC Stablecoin Issuer Circle Dumps Tron Network; TRX Steady
[Summary]: Circle is phasing out suppport for USDC on the Tron network, with minting of the stablecoin stopping immediately.

The company said the move is to ensure ""USDC remains trusted, transparent and safe.""
...

[Headline]: BitTorrent's BTT Surges 12% as Owner Tron Completes TRX Burn
[Summary]: BTT is up as Tron, the network it is issued on, completed another TRX burn.

BTT tends to react to positive news from Tron even as TRX doesn't move to the same extent

BTT, the eponymous token of BitT...

[Headline]: TRX Trades at Premium on Poloniex as Arbitrage Lures Risk Takers
[Summary]: Tron's native token [TRX] traded at a premium of up to 17% over the weekend on the recently hacked exchange Poloniex, creating a potentially lucrative arbitrage trade.

The premium has since shrunk to...

[Headline]: Tron’s TRX Drops 6% as Binance.US Delists the Token
[Summary]: Tron’s TRX token has been delisted on Binance.US.

This comes weeks after the U.S. Securities and Exchange Commission sued Tron's Justin Sun over allegations of selling and airdropping unregistered se...

[Headline]: Tron Network’s TRX Drops 13% Following SEC Charges Against Justin Sun
[Summary]: The Tron network’s native TRX token dropped 13%, per CoinDesk data, from 6.7 cents to 5.8 cents after the Securities and Exchange Commission (SEC) announced charges against Justin Sun and three of his...

From 2024-10-18 to 2024-10-25, TRX-USD's stock price increased from 0.16 to 0.16. News during this period are listed below:

[Headline]: USDC Stablecoin Issuer Circle Dumps Tron Network; TRX Steady
[Summary]: Circle is phasing out suppport for USDC on the Tron network, with minting of the stablecoin stopping immediately.

The company said the move is to ensure ""USDC remains trusted, transparent and safe.""
...

[Headline]: BitTorrent's BTT Surges 12% as Owner Tron Completes TRX Burn
[Summary]: BTT is up as Tron, the network it is issued on, completed another TRX burn.

BTT tends to react to positive news from Tron even as TRX doesn't move to the same extent

BTT, the eponymous token of BitT...

[Headline]: TRX Trades at Premium on Poloniex as Arbitrage Lures Risk Takers
[Summary]: Tron's native token [TRX] traded at a premium of up to 17% over the weekend on the recently hacked exchange Poloniex, creating a potentially lucrative arbitrage trade.

The premium has since shrunk to...

[Headline]: Tron’s TRX Drops 6% as Binance.US Delists the Token
[Summary]: Tron’s TRX token has been delisted on Binance.US.

This comes weeks after the U.S. Securities and Exchange Commission sued Tron's Justin Sun over allegations of selling and airdropping unregistered se...

[Headline]: Tron Network’s TRX Drops 13% Following SEC Charges Against Justin Sun
[Summary]: The Tron network’s native TRX token dropped 13%, per CoinDesk data, from 6.7 cents to 5.8 cents after the Securities and Exchange Commission (SEC) announced charges against Justin Sun and three of his...



Based on all the information before 2024-10-25, let's first analyze the positive developments and potential concerns for TRX-USD. Come up with 2-4 most important factors respectively and keep them concise. Most factors should be inferred from cryptocurrencies related news. Then let's assume your prediction for next week (2024-10-25 to 2024-11-01) is up by 3-4%. Provide a summary analysis to support your prediction. The prediction result need to be inferred from your analysis at the end, and thus not appearing as a foundational factor of your analysis.","### ANALYSIS REQUEST 2

**[Positive Developments]:**
1. **TRX Burn Completion**: The TRX burn, which has historically been positive for the Tron ecosystem, could lead to a reduction in circulating supply and potentially increase the value of remaining tokens.
2. **Arbitrage Opportunities**: The premium trading of TRX on Poloniex created arbitrage opportunities, attracting risk-taking traders and increasing short-term demand.

**[Potential Concerns]:**
1. **SEC Charges**: The ongoing SEC charges against Justin Sun continue to cast a shadow over TRX, affecting investor confidence.
2. **Delisting from Binance.US**: The delisting of TRX from Binance.US limits access for U.S. traders, potentially reducing liquidity and demand.

**[Prediction & Analysis]:**
The market has been digesting the negative news surrounding the SEC charges and the delisting from Binance.US. However, the completion of the TRX burn and the arbitrage opportunities on Poloniex suggest that there is still underlying demand for TRX. As the market stabilizes and traders look for entry points after the recent sell-off, we could see a modest price increase. The arbitrage opportunities, while risky, indicate that there is still interest in trading TRX, which could support a modest price increase. Therefore, a prediction of a 3-4% increase for the upcoming week is reasonable, as the market stabilizes and traders look for entry points after the recent sell-off.

---"
"[Cryptocurrency Introduction]: TRON (TRX) is a cryptocurrency . TRON has a current supply of 94,865,071,542.902658 with 94,865,064,585.218588 in circulation. The last known price of TRON is 0.26962753 USD and is up 0.83 over the last 24 hours. It is currently trading on 1183 active market(s) with $388,196,221.57 traded over the last 24 hours. More information can be found at https://trondao.org/.. It has a market capilization of 25289431040.

From 2024-10-04 to 2024-10-11, TRX-USD's stock price increased from 0.16 to 0.16. News during this period are listed below:

[Headline]: USDC Stablecoin Issuer Circle Dumps Tron Network; TRX Steady
[Summary]: Circle is phasing out suppport for USDC on the Tron network, with minting of the stablecoin stopping immediately.

The company said the move is to ensure ""USDC remains trusted, transparent and safe.""
...

[Headline]: BitTorrent's BTT Surges 12% as Owner Tron Completes TRX Burn
[Summary]: BTT is up as Tron, the network it is issued on, completed another TRX burn.

BTT tends to react to positive news from Tron even as TRX doesn't move to the same extent

BTT, the eponymous token of BitT...

[Headline]: TRX Trades at Premium on Poloniex as Arbitrage Lures Risk Takers
[Summary]: Tron's native token [TRX] traded at a premium of up to 17% over the weekend on the recently hacked exchange Poloniex, creating a potentially lucrative arbitrage trade.

The premium has since shrunk to...

[Headline]: Tron’s TRX Drops 6% as Binance.US Delists the Token
[Summary]: Tron’s TRX token has been delisted on Binance.US.

This comes weeks after the U.S. Securities and Exchange Commission sued Tron's Justin Sun over allegations of selling and airdropping unregistered se...

[Headline]: Tron Network’s TRX Drops 13% Following SEC Charges Against Justin Sun
[Summary]: The Tron network’s native TRX token dropped 13%, per CoinDesk data, from 6.7 cents to 5.8 cents after the Securities and Exchange Commission (SEC) announced charges against Justin Sun and three of his...

From 2024-10-11 to 2024-10-18, TRX-USD's stock price decreased from 0.16 to 0.16. News during this period are listed below:

[Headline]: USDC Stablecoin Issuer Circle Dumps Tron Network; TRX Steady
[Summary]: Circle is phasing out suppport for USDC on the Tron network, with minting of the stablecoin stopping immediately.

The company said the move is to ensure ""USDC remains trusted, transparent and safe.""
...

[Headline]: BitTorrent's BTT Surges 12% as Owner Tron Completes TRX Burn
[Summary]: BTT is up as Tron, the network it is issued on, completed another TRX burn.

BTT tends to react to positive news from Tron even as TRX doesn't move to the same extent

BTT, the eponymous token of BitT...

[Headline]: TRX Trades at Premium on Poloniex as Arbitrage Lures Risk Takers
[Summary]: Tron's native token [TRX] traded at a premium of up to 17% over the weekend on the recently hacked exchange Poloniex, creating a potentially lucrative arbitrage trade.

The premium has since shrunk to...

[Headline]: Tron’s TRX Drops 6% as Binance.US Delists the Token
[Summary]: Tron’s TRX token has been delisted on Binance.US.

This comes weeks after the U.S. Securities and Exchange Commission sued Tron's Justin Sun over allegations of selling and airdropping unregistered se...

[Headline]: Tron Network’s TRX Drops 13% Following SEC Charges Against Justin Sun
[Summary]: The Tron network’s native TRX token dropped 13%, per CoinDesk data, from 6.7 cents to 5.8 cents after the Securities and Exchange Commission (SEC) announced charges against Justin Sun and three of his...

From 2024-10-18 to 2024-10-25, TRX-USD's stock price increased from 0.16 to 0.16. News during this period are listed below:

[Headline]: USDC Stablecoin Issuer Circle Dumps Tron Network; TRX Steady
[Summary]: Circle is phasing out suppport for USDC on the Tron network, with minting of the stablecoin stopping immediately.

The company said the move is to ensure ""USDC remains trusted, transparent and safe.""
...

[Headline]: BitTorrent's BTT Surges 12% as Owner Tron Completes TRX Burn
[Summary]: BTT is up as Tron, the network it is issued on, completed another TRX burn.

BTT tends to react to positive news from Tron even as TRX doesn't move to the same extent

BTT, the eponymous token of BitT...

[Headline]: TRX Trades at Premium on Poloniex as Arbitrage Lures Risk Takers
[Summary]: Tron's native token [TRX] traded at a premium of up to 17% over the weekend on the recently hacked exchange Poloniex, creating a potentially lucrative arbitrage trade.

The premium has since shrunk to...

[Headline]: Tron’s TRX Drops 6% as Binance.US Delists the Token
[Summary]: Tron’s TRX token has been delisted on Binance.US.

This comes weeks after the U.S. Securities and Exchange Commission sued Tron's Justin Sun over allegations of selling and airdropping unregistered se...

[Headline]: Tron Network’s TRX Drops 13% Following SEC Charges Against Justin Sun
[Summary]: The Tron network’s native TRX token dropped 13%, per CoinDesk data, from 6.7 cents to 5.8 cents after the Securities and Exchange Commission (SEC) announced charges against Justin Sun and three of his...

From 2024-10-25 to 2024-11-01, TRX-USD's stock price increased from 0.16 to 0.17. News during this period are listed below:

[Headline]: USDC Stablecoin Issuer Circle Dumps Tron Network; TRX Steady
[Summary]: Circle is phasing out suppport for USDC on the Tron network, with minting of the stablecoin stopping immediately.

The company said the move is to ensure ""USDC remains trusted, transparent and safe.""
...

[Headline]: BitTorrent's BTT Surges 12% as Owner Tron Completes TRX Burn
[Summary]: BTT is up as Tron, the network it is issued on, completed another TRX burn.

BTT tends to react to positive news from Tron even as TRX doesn't move to the same extent

BTT, the eponymous token of BitT...

[Headline]: TRX Trades at Premium on Poloniex as Arbitrage Lures Risk Takers
[Summary]: Tron's native token [TRX] traded at a premium of up to 17% over the weekend on the recently hacked exchange Poloniex, creating a potentially lucrative arbitrage trade.

The premium has since shrunk to...

[Headline]: Tron’s TRX Drops 6% as Binance.US Delists the Token
[Summary]: Tron’s TRX token has been delisted on Binance.US.

This comes weeks after the U.S. Securities and Exchange Commission sued Tron's Justin Sun over allegations of selling and airdropping unregistered se...

[Headline]: Tron Network’s TRX Drops 13% Following SEC Charges Against Justin Sun
[Summary]: The Tron network’s native TRX token dropped 13%, per CoinDesk data, from 6.7 cents to 5.8 cents after the Securities and Exchange Commission (SEC) announced charges against Justin Sun and three of his...



Based on all the information before 2024-11-01, let's first analyze the positive developments and potential concerns for TRX-USD. Come up with 2-4 most important factors respectively and keep them concise. Most factors should be inferred from cryptocurrencies related news. Then let's assume your prediction for next week (2024-11-01 to 2024-11-08) is down by 3-4%. Provide a summary analysis to support your prediction. The prediction result need to be inferred from your analysis at the end, and thus not appearing as a foundational factor of your analysis.","### ANALYSIS REQUEST 3

**[Positive Developments]:**
1. **TRX Burn Completion**: The TRX burn, which has historically been positive for the Tron ecosystem, could lead to a reduction in circulating supply and potentially increase the value of remaining tokens.
2. **Price Stability**: Despite the negative news, TRX has shown resilience and maintained a steady price, which could be seen as a positive sign by investors.

**[Potential Concerns]:**
1. **SEC Charges**: The ongoing SEC charges against Justin Sun continue to cast a shadow over TRX, affecting investor confidence.
2. **Delisting from Binance.US**: The delisting of TRX from Binance.US limits access for U.S. traders, potentially reducing liquidity and demand.

**[Prediction & Analysis]:**
The market has been digesting the negative news surrounding the SEC charges and the delisting from Binance.US. Despite the positive developments such as the TRX burn, the overall market sentiment remains cautious. The delisting from Binance.US and the ongoing SEC charges are significant headwinds that could continue to weigh on TRX's price. Additionally, the phasing out of USDC support on the Tron network could further reduce liquidity and trust in the network. Therefore, a prediction of a 3-4% decrease for the upcoming week is reasonable, as the market continues to digest the negative news and traders remain cautious.

---"
"[Cryptocurrency Introduction]: TRON (TRX) is a cryptocurrency . TRON has a current supply of 94,865,071,542.902658 with 94,865,064,585.218588 in circulation. The last known price of TRON is 0.26962753 USD and is up 0.83 over the last 24 hours. It is currently trading on 1183 active market(s) with $388,196,221.57 traded over the last 24 hours. More information can be found at https://trondao.org/.. It has a market capilization of 25289431040.

From 2024-10-25 to 2024-11-01, TRX-USD's stock price increased from 0.16 to 0.17. News during this period are listed below:

[Headline]: USDC Stablecoin Issuer Circle Dumps Tron Network; TRX Steady
[Summary]: Circle is phasing out suppport for USDC on the Tron network, with minting of the stablecoin stopping immediately.

The company said the move is to ensure ""USDC remains trusted, transparent and safe.""
...

[Headline]: BitTorrent's BTT Surges 12% as Owner Tron Completes TRX Burn
[Summary]: BTT is up as Tron, the network it is issued on, completed another TRX burn.

BTT tends to react to positive news from Tron even as TRX doesn't move to the same extent

BTT, the eponymous token of BitT...

[Headline]: TRX Trades at Premium on Poloniex as Arbitrage Lures Risk Takers
[Summary]: Tron's native token [TRX] traded at a premium of up to 17% over the weekend on the recently hacked exchange Poloniex, creating a potentially lucrative arbitrage trade.

The premium has since shrunk to...

[Headline]: Tron’s TRX Drops 6% as Binance.US Delists the Token
[Summary]: Tron’s TRX token has been delisted on Binance.US.

This comes weeks after the U.S. Securities and Exchange Commission sued Tron's Justin Sun over allegations of selling and airdropping unregistered se...

[Headline]: Tron Network’s TRX Drops 13% Following SEC Charges Against Justin Sun
[Summary]: The Tron network’s native TRX token dropped 13%, per CoinDesk data, from 6.7 cents to 5.8 cents after the Securities and Exchange Commission (SEC) announced charges against Justin Sun and three of his...

From 2024-11-01 to 2024-11-08, TRX-USD's stock price decreased from 0.17 to 0.16. News during this period are listed below:

[Headline]: USDC Stablecoin Issuer Circle Dumps Tron Network; TRX Steady
[Summary]: Circle is phasing out suppport for USDC on the Tron network, with minting of the stablecoin stopping immediately.

The company said the move is to ensure ""USDC remains trusted, transparent and safe.""
...

[Headline]: BitTorrent's BTT Surges 12% as Owner Tron Completes TRX Burn
[Summary]: BTT is up as Tron, the network it is issued on, completed another TRX burn.

BTT tends to react to positive news from Tron even as TRX doesn't move to the same extent

BTT, the eponymous token of BitT...

[Headline]: TRX Trades at Premium on Poloniex as Arbitrage Lures Risk Takers
[Summary]: Tron's native token [TRX] traded at a premium of up to 17% over the weekend on the recently hacked exchange Poloniex, creating a potentially lucrative arbitrage trade.

The premium has since shrunk to...

[Headline]: Tron’s TRX Drops 6% as Binance.US Delists the Token
[Summary]: Tron’s TRX token has been delisted on Binance.US.

This comes weeks after the U.S. Securities and Exchange Commission sued Tron's Justin Sun over allegations of selling and airdropping unregistered se...

[Headline]: Tron Network’s TRX Drops 13% Following SEC Charges Against Justin Sun
[Summary]: The Tron network’s native TRX token dropped 13%, per CoinDesk data, from 6.7 cents to 5.8 cents after the Securities and Exchange Commission (SEC) announced charges against Justin Sun and three of his...



Based on all the information before 2024-11-08, let's first analyze the positive developments and potential concerns for TRX-USD. Come up with 2-4 most important factors respectively and keep them concise. Most factors should be inferred from cryptocurrencies related news. Then let's assume your prediction for next week (2024-11-08 to 2024-11-15) is up by more than 5%. Provide a summary analysis to support your prediction. The prediction result need to be inferred from your analysis at the end, and thus not appearing as a foundational factor of your analysis.","### ANALYSIS REQUEST 4

**[Positive Developments]:**
1. **TRX Burn Completion**: The TRX burn, which has historically been positive for the Tron ecosystem, could lead to a reduction in circulating supply and potentially increase the value of remaining tokens.
2. **Price Increase**: TRX's price increased from 0.16 to 0.17, indicating that there is still demand for the token despite the recent negative news.

**[Potential Concerns]:**
1. **SEC Charges**: The ongoing SEC charges against Justin Sun continue to cast a shadow over TRX, affecting investor confidence.
2. **Delisting from Binance.US**: The delisting of TRX from Binance.US limits access for U.S. traders, potentially reducing liquidity and demand.

**[Prediction & Analysis]:**
The recent price increase from 0.16 to 0.17 suggests that there is still demand for TRX despite the negative news. The completion of the TRX burn is a positive development that could support a further price increase. However, the ongoing SEC charges and the delisting from Binance.US are significant headwinds that could continue to weigh on TRX's price. The market has been digesting the negative news, and as the dust settles, traders may look for entry points, leading to a potential rebound. Therefore, a prediction of a 5% increase for the upcoming week is reasonable, as the market stabilizes and traders look for entry points after the recent sell-off.

---"
"[Cryptocurrency Introduction]: TRON (TRX) is a cryptocurrency . TRON has a current supply of 94,865,071,542.902658 with 94,865,064,585.218588 in circulation. The last known price of TRON is 0.26962753 USD and is up 0.83 over the last 24 hours. It is currently trading on 1183 active market(s) with $388,196,221.57 traded over the last 24 hours. More information can be found at https://trondao.org/.. It has a market capilization of 25289431040.

From 2024-11-08 to 2024-11-15, TRX-USD's stock price increased from 0.16 to 0.19. News during this period are listed below:

[Headline]: USDC Stablecoin Issuer Circle Dumps Tron Network; TRX Steady
[Summary]: Circle is phasing out suppport for USDC on the Tron network, with minting of the stablecoin stopping immediately.

The company said the move is to ensure ""USDC remains trusted, transparent and safe.""
...

[Headline]: BitTorrent's BTT Surges 12% as Owner Tron Completes TRX Burn
[Summary]: BTT is up as Tron, the network it is issued on, completed another TRX burn.

BTT tends to react to positive news from Tron even as TRX doesn't move to the same extent

BTT, the eponymous token of BitT...

[Headline]: TRX Trades at Premium on Poloniex as Arbitrage Lures Risk Takers
[Summary]: Tron's native token [TRX] traded at a premium of up to 17% over the weekend on the recently hacked exchange Poloniex, creating a potentially lucrative arbitrage trade.

The premium has since shrunk to...

[Headline]: Tron’s TRX Drops 6% as Binance.US Delists the Token
[Summary]: Tron’s TRX token has been delisted on Binance.US.

This comes weeks after the U.S. Securities and Exchange Commission sued Tron's Justin Sun over allegations of selling and airdropping unregistered se...

[Headline]: Tron Network’s TRX Drops 13% Following SEC Charges Against Justin Sun
[Summary]: The Tron network’s native TRX token dropped 13%, per CoinDesk data, from 6.7 cents to 5.8 cents after the Securities and Exchange Commission (SEC) announced charges against Justin Sun and three of his...



Based on all the information before 2024-11-15, let's first analyze the positive developments and potential concerns for TRX-USD. Come up with 2-4 most important factors respectively and keep them concise. Most factors should be inferred from cryptocurrencies related news. Then let's assume your prediction for next week (2024-11-15 to 2024-11-22) is up by more than 5%. Provide a summary analysis to support your prediction. The prediction result need to be inferred from your analysis at the end, and thus not appearing as a foundational factor of your analysis.","### ANALYSIS REQUEST 5

**[Positive Developments]:**
1. **TRX Burn Completion**: The TRX burn, which has historically been positive for the Tron ecosystem, could lead to a reduction in circulating supply and potentially increase the value of remaining tokens.
2. **Significant Price Increase**: TRX's price increased from 0.16 to 0.19, indicating strong demand and a potential turnaround in market sentiment.

**[Potential Concerns]:**
1. **SEC Charges**: The ongoing SEC charges against Justin Sun continue to cast a shadow over TRX, affecting investor confidence.
2. **Delisting from Binance.US**: The delisting of TRX from Binance.US limits access for U.S. traders, potentially reducing liquidity and demand.

**[Prediction & Analysis]:**
The significant price increase from 0.16 to 0.19 suggests that there is strong demand for TRX despite the negative news. The completion of the TRX burn is a positive development that could support a further price increase. While the ongoing SEC charges and the delisting from Binance.US are significant headwinds, the market appears to be looking past these issues and focusing on the positive developments. The strong price increase indicates a potential turnaround in market sentiment, which could lead to further gains. Therefore, a prediction of a 5% increase for the upcoming week is reasonable, as the market continues to focus on the positive developments and traders look for entry points."
"[Cryptocurrency Introduction]: TRON (TRX) is a cryptocurrency . TRON has a current supply of 94,865,071,542.902658 with 94,865,064,585.218588 in circulation. The last known price of TRON is 0.26962753 USD and is up 0.83 over the last 24 hours. It is currently trading on 1183 active market(s) with $388,196,221.57 traded over the last 24 hours. More information can be found at https://trondao.org/.. It has a market capilization of 25289431040.

From 2024-11-01 to 2024-11-08, TRX-USD's stock price decreased from 0.17 to 0.16. News during this period are listed below:

[Headline]: USDC Stablecoin Issuer Circle Dumps Tron Network; TRX Steady
[Summary]: Circle is phasing out suppport for USDC on the Tron network, with minting of the stablecoin stopping immediately.

The company said the move is to ensure ""USDC remains trusted, transparent and safe.""
...

[Headline]: BitTorrent's BTT Surges 12% as Owner Tron Completes TRX Burn
[Summary]: BTT is up as Tron, the network it is issued on, completed another TRX burn.

BTT tends to react to positive news from Tron even as TRX doesn't move to the same extent

BTT, the eponymous token of BitT...

[Headline]: TRX Trades at Premium on Poloniex as Arbitrage Lures Risk Takers
[Summary]: Tron's native token [TRX] traded at a premium of up to 17% over the weekend on the recently hacked exchange Poloniex, creating a potentially lucrative arbitrage trade.

The premium has since shrunk to...

[Headline]: Tron’s TRX Drops 6% as Binance.US Delists the Token
[Summary]: Tron’s TRX token has been delisted on Binance.US.

This comes weeks after the U.S. Securities and Exchange Commission sued Tron's Justin Sun over allegations of selling and airdropping unregistered se...

[Headline]: Tron Network’s TRX Drops 13% Following SEC Charges Against Justin Sun
[Summary]: The Tron network’s native TRX token dropped 13%, per CoinDesk data, from 6.7 cents to 5.8 cents after the Securities and Exchange Commission (SEC) announced charges against Justin Sun and three of his...

From 2024-11-08 to 2024-11-15, TRX-USD's stock price increased from 0.16 to 0.19. News during this period are listed below:

[Headline]: USDC Stablecoin Issuer Circle Dumps Tron Network; TRX Steady
[Summary]: Circle is phasing out suppport for USDC on the Tron network, with minting of the stablecoin stopping immediately.

The company said the move is to ensure ""USDC remains trusted, transparent and safe.""
...

[Headline]: BitTorrent's BTT Surges 12% as Owner Tron Completes TRX Burn
[Summary]: BTT is up as Tron, the network it is issued on, completed another TRX burn.

BTT tends to react to positive news from Tron even as TRX doesn't move to the same extent

BTT, the eponymous token of BitT...

[Headline]: TRX Trades at Premium on Poloniex as Arbitrage Lures Risk Takers
[Summary]: Tron's native token [TRX] traded at a premium of up to 17% over the weekend on the recently hacked exchange Poloniex, creating a potentially lucrative arbitrage trade.

The premium has since shrunk to...

[Headline]: Tron’s TRX Drops 6% as Binance.US Delists the Token
[Summary]: Tron’s TRX token has been delisted on Binance.US.

This comes weeks after the U.S. Securities and Exchange Commission sued Tron's Justin Sun over allegations of selling and airdropping unregistered se...

[Headline]: Tron Network’s TRX Drops 13% Following SEC Charges Against Justin Sun
[Summary]: The Tron network’s native TRX token dropped 13%, per CoinDesk data, from 6.7 cents to 5.8 cents after the Securities and Exchange Commission (SEC) announced charges against Justin Sun and three of his...

From 2024-11-15 to 2024-11-22, TRX-USD's stock price increased from 0.19 to 0.20. News during this period are listed below:

[Headline]: USDC Stablecoin Issuer Circle Dumps Tron Network; TRX Steady
[Summary]: Circle is phasing out suppport for USDC on the Tron network, with minting of the stablecoin stopping immediately.

The company said the move is to ensure ""USDC remains trusted, transparent and safe.""
...

[Headline]: BitTorrent's BTT Surges 12% as Owner Tron Completes TRX Burn
[Summary]: BTT is up as Tron, the network it is issued on, completed another TRX burn.

BTT tends to react to positive news from Tron even as TRX doesn't move to the same extent

BTT, the eponymous token of BitT...

[Headline]: TRX Trades at Premium on Poloniex as Arbitrage Lures Risk Takers
[Summary]: Tron's native token [TRX] traded at a premium of up to 17% over the weekend on the recently hacked exchange Poloniex, creating a potentially lucrative arbitrage trade.

The premium has since shrunk to...

[Headline]: Tron’s TRX Drops 6% as Binance.US Delists the Token
[Summary]: Tron’s TRX token has been delisted on Binance.US.

This comes weeks after the U.S. Securities and Exchange Commission sued Tron's Justin Sun over allegations of selling and airdropping unregistered se...

[Headline]: Tron Network’s TRX Drops 13% Following SEC Charges Against Justin Sun
[Summary]: The Tron network’s native TRX token dropped 13%, per CoinDesk data, from 6.7 cents to 5.8 cents after the Securities and Exchange Commission (SEC) announced charges against Justin Sun and three of his...



Based on all the information before 2024-11-22, let's first analyze the positive developments and potential concerns for TRX-USD. Come up with 2-4 most important factors respectively and keep them concise. Most factors should be inferred from cryptocurrencies related news. Then let's assume your prediction for next week (2024-11-22 to 2024-11-29) is down by 0-1%. Provide a summary analysis to support your prediction. The prediction result need to be inferred from your analysis at the end, and thus not appearing as a foundational factor of your analysis.","**[Positive Developments]:**
1. **TRX Burn**: The completion of another TRX burn, which has historically positively impacted tokens in the Tron ecosystem, such as BTT.
2. **Arbitrage Opportunities**: TRX traded at a premium on Poloniex, creating arbitrage opportunities that can increase trading volume and liquidity.

**[Potential Concerns]:**
1. **Delisting on Binance.US**: The delisting of TRX on Binance.US, which reduces market access for U.S.-based traders.
2. **SEC Charges**: The SEC's charges against Justin Sun and the subsequent drop in TRX price, indicating regulatory pressure and uncertainty.
3. **USDC Support Dropped**: Circle's decision to phase out support for USDC on the Tron network, which may impact the network's liquidity and stability.

**[Prediction & Analysis]:**
The market for TRX is currently facing significant headwinds, particularly due to the SEC charges against Justin Sun and the delisting on Binance.US. These regulatory pressures have led to a decrease in market access and confidence. Additionally, Circle's decision to phase out USDC support on the Tron network adds to the uncertainty surrounding the token's stability and liquidity. While there are positive developments such as the TRX burn and arbitrage opportunities, these are likely to be overshadowed by the regulatory concerns in the short term. Therefore, the price of TRX is expected to decrease by 0-1% in the upcoming week."
"[Cryptocurrency Introduction]: TRON (TRX) is a cryptocurrency . TRON has a current supply of 94,865,071,542.902658 with 94,865,064,585.218588 in circulation. The last known price of TRON is 0.26962753 USD and is up 0.83 over the last 24 hours. It is currently trading on 1183 active market(s) with $388,196,221.57 traded over the last 24 hours. More information can be found at https://trondao.org/.. It has a market capilization of 25289431040.

From 2024-11-08 to 2024-11-15, TRX-USD's stock price increased from 0.16 to 0.19. News during this period are listed below:

[Headline]: USDC Stablecoin Issuer Circle Dumps Tron Network; TRX Steady
[Summary]: Circle is phasing out suppport for USDC on the Tron network, with minting of the stablecoin stopping immediately.

The company said the move is to ensure ""USDC remains trusted, transparent and safe.""
...

[Headline]: BitTorrent's BTT Surges 12% as Owner Tron Completes TRX Burn
[Summary]: BTT is up as Tron, the network it is issued on, completed another TRX burn.

BTT tends to react to positive news from Tron even as TRX doesn't move to the same extent

BTT, the eponymous token of BitT...

[Headline]: TRX Trades at Premium on Poloniex as Arbitrage Lures Risk Takers
[Summary]: Tron's native token [TRX] traded at a premium of up to 17% over the weekend on the recently hacked exchange Poloniex, creating a potentially lucrative arbitrage trade.

The premium has since shrunk to...

[Headline]: Tron’s TRX Drops 6% as Binance.US Delists the Token
[Summary]: Tron’s TRX token has been delisted on Binance.US.

This comes weeks after the U.S. Securities and Exchange Commission sued Tron's Justin Sun over allegations of selling and airdropping unregistered se...

[Headline]: Tron Network’s TRX Drops 13% Following SEC Charges Against Justin Sun
[Summary]: The Tron network’s native TRX token dropped 13%, per CoinDesk data, from 6.7 cents to 5.8 cents after the Securities and Exchange Commission (SEC) announced charges against Justin Sun and three of his...

From 2024-11-15 to 2024-11-22, TRX-USD's stock price increased from 0.19 to 0.20. News during this period are listed below:

[Headline]: USDC Stablecoin Issuer Circle Dumps Tron Network; TRX Steady
[Summary]: Circle is phasing out suppport for USDC on the Tron network, with minting of the stablecoin stopping immediately.

The company said the move is to ensure ""USDC remains trusted, transparent and safe.""
...

[Headline]: BitTorrent's BTT Surges 12% as Owner Tron Completes TRX Burn
[Summary]: BTT is up as Tron, the network it is issued on, completed another TRX burn.

BTT tends to react to positive news from Tron even as TRX doesn't move to the same extent

BTT, the eponymous token of BitT...

[Headline]: TRX Trades at Premium on Poloniex as Arbitrage Lures Risk Takers
[Summary]: Tron's native token [TRX] traded at a premium of up to 17% over the weekend on the recently hacked exchange Poloniex, creating a potentially lucrative arbitrage trade.

The premium has since shrunk to...

[Headline]: Tron’s TRX Drops 6% as Binance.US Delists the Token
[Summary]: Tron’s TRX token has been delisted on Binance.US.

This comes weeks after the U.S. Securities and Exchange Commission sued Tron's Justin Sun over allegations of selling and airdropping unregistered se...

[Headline]: Tron Network’s TRX Drops 13% Following SEC Charges Against Justin Sun
[Summary]: The Tron network’s native TRX token dropped 13%, per CoinDesk data, from 6.7 cents to 5.8 cents after the Securities and Exchange Commission (SEC) announced charges against Justin Sun and three of his...

From 2024-11-22 to 2024-11-29, TRX-USD's stock price decreased from 0.20 to 0.20. News during this period are listed below:

[Headline]: USDC Stablecoin Issuer Circle Dumps Tron Network; TRX Steady
[Summary]: Circle is phasing out suppport for USDC on the Tron network, with minting of the stablecoin stopping immediately.

The company said the move is to ensure ""USDC remains trusted, transparent and safe.""
...

[Headline]: BitTorrent's BTT Surges 12% as Owner Tron Completes TRX Burn
[Summary]: BTT is up as Tron, the network it is issued on, completed another TRX burn.

BTT tends to react to positive news from Tron even as TRX doesn't move to the same extent

BTT, the eponymous token of BitT...

[Headline]: TRX Trades at Premium on Poloniex as Arbitrage Lures Risk Takers
[Summary]: Tron's native token [TRX] traded at a premium of up to 17% over the weekend on the recently hacked exchange Poloniex, creating a potentially lucrative arbitrage trade.

The premium has since shrunk to...

[Headline]: Tron’s TRX Drops 6% as Binance.US Delists the Token
[Summary]: Tron’s TRX token has been delisted on Binance.US.

This comes weeks after the U.S. Securities and Exchange Commission sued Tron's Justin Sun over allegations of selling and airdropping unregistered se...

[Headline]: Tron Network’s TRX Drops 13% Following SEC Charges Against Justin Sun
[Summary]: The Tron network’s native TRX token dropped 13%, per CoinDesk data, from 6.7 cents to 5.8 cents after the Securities and Exchange Commission (SEC) announced charges against Justin Sun and three of his...



Based on all the information before 2024-11-29, let's first analyze the positive developments and potential concerns for TRX-USD. Come up with 2-4 most important factors respectively and keep them concise. Most factors should be inferred from cryptocurrencies related news. Then let's assume your prediction for next week (2024-11-29 to 2024-12-06) is up by more than 5%. Provide a summary analysis to support your prediction. The prediction result need to be inferred from your analysis at the end, and thus not appearing as a foundational factor of your analysis.","**[Positive Developments]:**
1. **TRX Burn**: The completion of another TRX burn, which has historically positively impacted tokens in the Tron ecosystem, such as BTT.
2. **Arbitrage Opportunities**: TRX traded at a premium on Poloniex, creating arbitrage opportunities that can increase trading volume and liquidity.

**[Potential Concerns]:**
1. **Delisting on Binance.US**: The delisting of TRX on Binance.US, which reduces market access for U.S.-based traders.
2. **SEC Charges**: The SEC's charges against Justin Sun and the subsequent drop in TRX price, indicating regulatory pressure and uncertainty.
3. **USDC Support Dropped**: Circle's decision to phase out support for USDC on the Tron network, which may impact the network's liquidity and stability.

**[Prediction & Analysis]:**
Despite the regulatory pressures and delisting on Binance.US, the positive developments surrounding the TRX burn and arbitrage opportunities may contribute to a rebound in the price of TRX. As the market digests the news and looks towards the future, there is potential for the price to increase by more than 5% in the upcoming week. This is based on the historical impact of TRX burns and the potential for increased liquidity and trading volume due to arbitrage opportunities."
"[Cryptocurrency Introduction]: TRON (TRX) is a cryptocurrency . TRON has a current supply of 94,865,071,542.902658 with 94,865,064,585.218588 in circulation. The last known price of TRON is 0.26962753 USD and is up 0.83 over the last 24 hours. It is currently trading on 1183 active market(s) with $388,196,221.57 traded over the last 24 hours. More information can be found at https://trondao.org/.. It has a market capilization of 25289431040.

From 2024-11-08 to 2024-11-15, TRX-USD's stock price increased from 0.16 to 0.19. News during this period are listed below:

[Headline]: USDC Stablecoin Issuer Circle Dumps Tron Network; TRX Steady
[Summary]: Circle is phasing out suppport for USDC on the Tron network, with minting of the stablecoin stopping immediately.

The company said the move is to ensure ""USDC remains trusted, transparent and safe.""
...

[Headline]: BitTorrent's BTT Surges 12% as Owner Tron Completes TRX Burn
[Summary]: BTT is up as Tron, the network it is issued on, completed another TRX burn.

BTT tends to react to positive news from Tron even as TRX doesn't move to the same extent

BTT, the eponymous token of BitT...

[Headline]: TRX Trades at Premium on Poloniex as Arbitrage Lures Risk Takers
[Summary]: Tron's native token [TRX] traded at a premium of up to 17% over the weekend on the recently hacked exchange Poloniex, creating a potentially lucrative arbitrage trade.

The premium has since shrunk to...

[Headline]: Tron’s TRX Drops 6% as Binance.US Delists the Token
[Summary]: Tron’s TRX token has been delisted on Binance.US.

This comes weeks after the U.S. Securities and Exchange Commission sued Tron's Justin Sun over allegations of selling and airdropping unregistered se...

[Headline]: Tron Network’s TRX Drops 13% Following SEC Charges Against Justin Sun
[Summary]: The Tron network’s native TRX token dropped 13%, per CoinDesk data, from 6.7 cents to 5.8 cents after the Securities and Exchange Commission (SEC) announced charges against Justin Sun and three of his...

From 2024-11-15 to 2024-11-22, TRX-USD's stock price increased from 0.19 to 0.20. News during this period are listed below:

[Headline]: USDC Stablecoin Issuer Circle Dumps Tron Network; TRX Steady
[Summary]: Circle is phasing out suppport for USDC on the Tron network, with minting of the stablecoin stopping immediately.

The company said the move is to ensure ""USDC remains trusted, transparent and safe.""
...

[Headline]: BitTorrent's BTT Surges 12% as Owner Tron Completes TRX Burn
[Summary]: BTT is up as Tron, the network it is issued on, completed another TRX burn.

BTT tends to react to positive news from Tron even as TRX doesn't move to the same extent

BTT, the eponymous token of BitT...

[Headline]: TRX Trades at Premium on Poloniex as Arbitrage Lures Risk Takers
[Summary]: Tron's native token [TRX] traded at a premium of up to 17% over the weekend on the recently hacked exchange Poloniex, creating a potentially lucrative arbitrage trade.

The premium has since shrunk to...

[Headline]: Tron’s TRX Drops 6% as Binance.US Delists the Token
[Summary]: Tron’s TRX token has been delisted on Binance.US.

This comes weeks after the U.S. Securities and Exchange Commission sued Tron's Justin Sun over allegations of selling and airdropping unregistered se...

[Headline]: Tron Network’s TRX Drops 13% Following SEC Charges Against Justin Sun
[Summary]: The Tron network’s native TRX token dropped 13%, per CoinDesk data, from 6.7 cents to 5.8 cents after the Securities and Exchange Commission (SEC) announced charges against Justin Sun and three of his...

From 2024-11-22 to 2024-11-29, TRX-USD's stock price decreased from 0.20 to 0.20. News during this period are listed below:

[Headline]: USDC Stablecoin Issuer Circle Dumps Tron Network; TRX Steady
[Summary]: Circle is phasing out suppport for USDC on the Tron network, with minting of the stablecoin stopping immediately.

The company said the move is to ensure ""USDC remains trusted, transparent and safe.""
...

[Headline]: BitTorrent's BTT Surges 12% as Owner Tron Completes TRX Burn
[Summary]: BTT is up as Tron, the network it is issued on, completed another TRX burn.

BTT tends to react to positive news from Tron even as TRX doesn't move to the same extent

BTT, the eponymous token of BitT...

[Headline]: TRX Trades at Premium on Poloniex as Arbitrage Lures Risk Takers
[Summary]: Tron's native token [TRX] traded at a premium of up to 17% over the weekend on the recently hacked exchange Poloniex, creating a potentially lucrative arbitrage trade.

The premium has since shrunk to...

[Headline]: Tron’s TRX Drops 6% as Binance.US Delists the Token
[Summary]: Tron’s TRX token has been delisted on Binance.US.

This comes weeks after the U.S. Securities and Exchange Commission sued Tron's Justin Sun over allegations of selling and airdropping unregistered se...

[Headline]: Tron Network’s TRX Drops 13% Following SEC Charges Against Justin Sun
[Summary]: The Tron network’s native TRX token dropped 13%, per CoinDesk data, from 6.7 cents to 5.8 cents after the Securities and Exchange Commission (SEC) announced charges against Justin Sun and three of his...

From 2024-11-29 to 2024-12-06, TRX-USD's stock price increased from 0.20 to 0.33. News during this period are listed below:

[Headline]: Tron’s TRX Rockets to Record Highs Above $0.4
[Summary]: Tron’s TRX catapulted to a record high early Wednesday, nearly 7 years after its initial release, on no immediate catalysts in a move that liquidated over $21 million in short bets.



TRX jumped 76% ...



Based on all the information before 2024-12-06, let's first analyze the positive developments and potential concerns for TRX-USD. Come up with 2-4 most important factors respectively and keep them concise. Most factors should be inferred from cryptocurrencies related news. Then let's assume your prediction for next week (2024-12-06 to 2024-12-13) is down by more than 5%. Provide a summary analysis to support your prediction. The prediction result need to be inferred from your analysis at the end, and thus not appearing as a foundational factor of your analysis.","**[Positive Developments]:**
1. **TRX Burn**: The completion of another TRX burn, which has historically positively impacted tokens in the Tron ecosystem, such as BTT.
2. **Arbitrage Opportunities**: TRX traded at a premium on Poloniex, creating arbitrage opportunities that can increase trading volume and liquidity.
3. **Record High Price**: TRX catapulted to a record high early Wednesday, nearly 7 years after its initial release, on no immediate catalysts in a move that liquidated over $21 million in short bets.

**[Potential Concerns]:**
1. **Delisting on Binance.US**: The delisting of TRX on Binance.US, which reduces market access for U.S.-based traders.
2. **SEC Charges**: The SEC's charges against Justin Sun and the subsequent drop in TRX price, indicating regulatory pressure and uncertainty.
3. **USDC Support Dropped**: Circle's decision to phase out support for USDC on the Tron network, which may impact the network's liquidity and stability.

**[Prediction & Analysis]:**
The recent surge in TRX price to record highs, along with the positive developments surrounding the TRX burn and arbitrage opportunities, suggests a strong bullish momentum. However, the regulatory pressures and delisting on Binance.US, coupled with Circle's decision to phase out USDC support, may lead to a correction in the market. Therefore, the price of TRX is expected to decrease by more than 5% in the upcoming week as the market stabilizes and corrects from the recent surge."
"[Cryptocurrency Introduction]: TRON (TRX) is a cryptocurrency . TRON has a current supply of 94,865,071,542.902658 with 94,865,064,585.218588 in circulation. The last known price of TRON is 0.26962753 USD and is up 0.83 over the last 24 hours. It is currently trading on 1183 active market(s) with $388,196,221.57 traded over the last 24 hours. More information can be found at https://trondao.org/.. It has a market capilization of 25289431040.

From 2024-11-29 to 2024-12-06, TRX-USD's stock price increased from 0.20 to 0.33. News during this period are listed below:

[Headline]: Tron’s TRX Rockets to Record Highs Above $0.4
[Summary]: Tron’s TRX catapulted to a record high early Wednesday, nearly 7 years after its initial release, on no immediate catalysts in a move that liquidated over $21 million in short bets.



TRX jumped 76% ...

From 2024-12-06 to 2024-12-13, TRX-USD's stock price decreased from 0.33 to 0.29. News during this period are listed below:

[Headline]: Tron’s TRX Rockets to Record Highs Above $0.4
[Summary]: Tron’s TRX catapulted to a record high early Wednesday, nearly 7 years after its initial release, on no immediate catalysts in a move that liquidated over $21 million in short bets.



TRX jumped 76% ...

[Headline]: USDC Stablecoin Issuer Circle Dumps Tron Network; TRX Steady
[Summary]: Circle is phasing out suppport for USDC on the Tron network, with minting of the stablecoin stopping immediately.

The company said the move is to ensure ""USDC remains trusted, transparent and safe.""
...

[Headline]: BitTorrent's BTT Surges 12% as Owner Tron Completes TRX Burn
[Summary]: BTT is up as Tron, the network it is issued on, completed another TRX burn.

BTT tends to react to positive news from Tron even as TRX doesn't move to the same extent

BTT, the eponymous token of BitT...

[Headline]: TRX Trades at Premium on Poloniex as Arbitrage Lures Risk Takers
[Summary]: Tron's native token [TRX] traded at a premium of up to 17% over the weekend on the recently hacked exchange Poloniex, creating a potentially lucrative arbitrage trade.

The premium has since shrunk to...

[Headline]: Tron’s TRX Drops 6% as Binance.US Delists the Token
[Summary]: Tron’s TRX token has been delisted on Binance.US.

This comes weeks after the U.S. Securities and Exchange Commission sued Tron's Justin Sun over allegations of selling and airdropping unregistered se...



Based on all the information before 2024-12-13, let's first analyze the positive developments and potential concerns for TRX-USD. Come up with 2-4 most important factors respectively and keep them concise. Most factors should be inferred from cryptocurrencies related news. Then let's assume your prediction for next week (2024-12-13 to 2024-12-20) is down by more than 5%. Provide a summary analysis to support your prediction. The prediction result need to be inferred from your analysis at the end, and thus not appearing as a foundational factor of your analysis.","**[Positive Developments]:**
1. **TRX Burn**: The completion of another TRX burn, which has historically positively impacted tokens in the Tron ecosystem, such as BTT.
2. **Arbitrage Opportunities**: TRX traded at a premium on Poloniex, creating arbitrage opportunities that can increase trading volume and liquidity.

**[Potential Concerns]:**
1. **Delisting on Binance.US**: The delisting of TRX on Binance.US, which reduces market access for U.S.-based traders.
2. **SEC Charges**: The SEC's charges against Justin Sun and the subsequent drop in TRX price, indicating regulatory pressure and uncertainty.
3. **USDC Support Dropped**: Circle's decision to phase out support for USDC on the Tron network, which may impact the network's liquidity and stability.

**[Prediction & Analysis]:**
The market for TRX continues to face regulatory pressures and uncertainty, particularly due to the SEC charges against Justin Sun and the delisting on Binance.US. These concerns, coupled with Circle's decision to phase out USDC support, may lead to a further decrease in the price of TRX. While there are positive developments such as the TRX burn and arbitrage opportunities, these are likely to be overshadowed by the regulatory concerns in the short term. Therefore, the price of TRX is expected to decrease by more than 5% in the upcoming week."
"[Cryptocurrency Introduction]: TRON (TRX) is a cryptocurrency . TRON has a current supply of 94,865,071,542.902658 with 94,865,064,585.218588 in circulation. The last known price of TRON is 0.26962753 USD and is up 0.83 over the last 24 hours. It is currently trading on 1183 active market(s) with $388,196,221.57 traded over the last 24 hours. More information can be found at https://trondao.org/.. It has a market capilization of 25289431040.

From 2024-11-29 to 2024-12-06, TRX-USD's stock price increased from 0.20 to 0.33. News during this period are listed below:

[Headline]: Tron’s TRX Rockets to Record Highs Above $0.4
[Summary]: Tron’s TRX catapulted to a record high early Wednesday, nearly 7 years after its initial release, on no immediate catalysts in a move that liquidated over $21 million in short bets.



TRX jumped 76% ...

From 2024-12-06 to 2024-12-13, TRX-USD's stock price decreased from 0.33 to 0.29. News during this period are listed below:

[Headline]: Tron’s TRX Rockets to Record Highs Above $0.4
[Summary]: Tron’s TRX catapulted to a record high early Wednesday, nearly 7 years after its initial release, on no immediate catalysts in a move that liquidated over $21 million in short bets.



TRX jumped 76% ...

[Headline]: USDC Stablecoin Issuer Circle Dumps Tron Network; TRX Steady
[Summary]: Circle is phasing out suppport for USDC on the Tron network, with minting of the stablecoin stopping immediately.

The company said the move is to ensure ""USDC remains trusted, transparent and safe.""
...

[Headline]: BitTorrent's BTT Surges 12% as Owner Tron Completes TRX Burn
[Summary]: BTT is up as Tron, the network it is issued on, completed another TRX burn.

BTT tends to react to positive news from Tron even as TRX doesn't move to the same extent

BTT, the eponymous token of BitT...

[Headline]: TRX Trades at Premium on Poloniex as Arbitrage Lures Risk Takers
[Summary]: Tron's native token [TRX] traded at a premium of up to 17% over the weekend on the recently hacked exchange Poloniex, creating a potentially lucrative arbitrage trade.

The premium has since shrunk to...

[Headline]: Tron’s TRX Drops 6% as Binance.US Delists the Token
[Summary]: Tron’s TRX token has been delisted on Binance.US.

This comes weeks after the U.S. Securities and Exchange Commission sued Tron's Justin Sun over allegations of selling and airdropping unregistered se...

From 2024-12-13 to 2024-12-20, TRX-USD's stock price decreased from 0.29 to 0.25. News during this period are listed below:

[Headline]: Tron’s TRX Rockets to Record Highs Above $0.4
[Summary]: Tron’s TRX catapulted to a record high early Wednesday, nearly 7 years after its initial release, on no immediate catalysts in a move that liquidated over $21 million in short bets.



TRX jumped 76% ...

[Headline]: USDC Stablecoin Issuer Circle Dumps Tron Network; TRX Steady
[Summary]: Circle is phasing out suppport for USDC on the Tron network, with minting of the stablecoin stopping immediately.

The company said the move is to ensure ""USDC remains trusted, transparent and safe.""
...

[Headline]: BitTorrent's BTT Surges 12% as Owner Tron Completes TRX Burn
[Summary]: BTT is up as Tron, the network it is issued on, completed another TRX burn.

BTT tends to react to positive news from Tron even as TRX doesn't move to the same extent

BTT, the eponymous token of BitT...

[Headline]: TRX Trades at Premium on Poloniex as Arbitrage Lures Risk Takers
[Summary]: Tron's native token [TRX] traded at a premium of up to 17% over the weekend on the recently hacked exchange Poloniex, creating a potentially lucrative arbitrage trade.

The premium has since shrunk to...

[Headline]: Tron’s TRX Drops 6% as Binance.US Delists the Token
[Summary]: Tron’s TRX token has been delisted on Binance.US.

This comes weeks after the U.S. Securities and Exchange Commission sued Tron's Justin Sun over allegations of selling and airdropping unregistered se...



Based on all the information before 2024-12-20, let's first analyze the positive developments and potential concerns for TRX-USD. Come up with 2-4 most important factors respectively and keep them concise. Most factors should be inferred from cryptocurrencies related news. Then let's assume your prediction for next week (2024-12-20 to 2024-12-27) is up by 4-5%. Provide a summary analysis to support your prediction. The prediction result need to be inferred from your analysis at the end, and thus not appearing as a foundational factor of your analysis.","**[Positive Developments]:**
1. **TRX Burn**: The completion of another TRX burn, which has historically positively impacted tokens in the Tron ecosystem, such as BTT.
2. **Arbitrage Opportunities**: TRX traded at a premium on Poloniex, creating arbitrage opportunities that can increase trading volume and liquidity.

**[Potential Concerns]:**
1. **Delisting on Binance.US**: The delisting of TRX on Binance.US, which reduces market access for U.S.-based traders.
2. **SEC Charges**: The SEC's charges against Justin Sun and the subsequent drop in TRX price, indicating regulatory pressure and uncertainty.
3. **USDC Support Dropped**: Circle's decision to phase out support for USDC on the Tron network, which may impact the network's liquidity and stability.

**[Prediction & Analysis]:**
Despite the ongoing regulatory pressures and delisting on Binance.US, the positive developments surrounding the TRX burn and arbitrage opportunities may contribute to a rebound in the price of TRX. As the market stabilizes and looks towards the future, there is potential for the price to increase by 4-5% in the upcoming week. This is based on the historical impact of TRX burns and the potential for increased liquidity and trading volume due to arbitrage opportunities. Additionally, the market may have already priced in the regulatory concerns, allowing for a rebound in the price of TRX."
"[Cryptocurrency Introduction]: TRON (TRX) is a cryptocurrency . TRON has a current supply of 94,865,071,542.902658 with 94,865,064,585.218588 in circulation. The last known price of TRON is 0.26962753 USD and is up 0.83 over the last 24 hours. It is currently trading on 1183 active market(s) with $388,196,221.57 traded over the last 24 hours. More information can be found at https://trondao.org/.. It has a market capilization of 25289431040.

From 2024-12-06 to 2024-12-13, TRX-USD's stock price decreased from 0.33 to 0.29. News during this period are listed below:

[Headline]: Tron’s TRX Rockets to Record Highs Above $0.4
[Summary]: Tron’s TRX catapulted to a record high early Wednesday, nearly 7 years after its initial release, on no immediate catalysts in a move that liquidated over $21 million in short bets.



TRX jumped 76% ...

[Headline]: USDC Stablecoin Issuer Circle Dumps Tron Network; TRX Steady
[Summary]: Circle is phasing out suppport for USDC on the Tron network, with minting of the stablecoin stopping immediately.

The company said the move is to ensure ""USDC remains trusted, transparent and safe.""
...

[Headline]: BitTorrent's BTT Surges 12% as Owner Tron Completes TRX Burn
[Summary]: BTT is up as Tron, the network it is issued on, completed another TRX burn.

BTT tends to react to positive news from Tron even as TRX doesn't move to the same extent

BTT, the eponymous token of BitT...

[Headline]: TRX Trades at Premium on Poloniex as Arbitrage Lures Risk Takers
[Summary]: Tron's native token [TRX] traded at a premium of up to 17% over the weekend on the recently hacked exchange Poloniex, creating a potentially lucrative arbitrage trade.

The premium has since shrunk to...

[Headline]: Tron’s TRX Drops 6% as Binance.US Delists the Token
[Summary]: Tron’s TRX token has been delisted on Binance.US.

This comes weeks after the U.S. Securities and Exchange Commission sued Tron's Justin Sun over allegations of selling and airdropping unregistered se...

From 2024-12-13 to 2024-12-20, TRX-USD's stock price decreased from 0.29 to 0.25. News during this period are listed below:

[Headline]: Tron’s TRX Rockets to Record Highs Above $0.4
[Summary]: Tron’s TRX catapulted to a record high early Wednesday, nearly 7 years after its initial release, on no immediate catalysts in a move that liquidated over $21 million in short bets.



TRX jumped 76% ...

[Headline]: USDC Stablecoin Issuer Circle Dumps Tron Network; TRX Steady
[Summary]: Circle is phasing out suppport for USDC on the Tron network, with minting of the stablecoin stopping immediately.

The company said the move is to ensure ""USDC remains trusted, transparent and safe.""
...

[Headline]: BitTorrent's BTT Surges 12% as Owner Tron Completes TRX Burn
[Summary]: BTT is up as Tron, the network it is issued on, completed another TRX burn.

BTT tends to react to positive news from Tron even as TRX doesn't move to the same extent

BTT, the eponymous token of BitT...

[Headline]: TRX Trades at Premium on Poloniex as Arbitrage Lures Risk Takers
[Summary]: Tron's native token [TRX] traded at a premium of up to 17% over the weekend on the recently hacked exchange Poloniex, creating a potentially lucrative arbitrage trade.

The premium has since shrunk to...

[Headline]: Tron’s TRX Drops 6% as Binance.US Delists the Token
[Summary]: Tron’s TRX token has been delisted on Binance.US.

This comes weeks after the U.S. Securities and Exchange Commission sued Tron's Justin Sun over allegations of selling and airdropping unregistered se...

From 2024-12-20 to 2024-12-27, TRX-USD's stock price increased from 0.25 to 0.26. News during this period are listed below:

[Headline]: Tron’s TRX Rockets to Record Highs Above $0.4
[Summary]: Tron’s TRX catapulted to a record high early Wednesday, nearly 7 years after its initial release, on no immediate catalysts in a move that liquidated over $21 million in short bets.



TRX jumped 76% ...

[Headline]: USDC Stablecoin Issuer Circle Dumps Tron Network; TRX Steady
[Summary]: Circle is phasing out suppport for USDC on the Tron network, with minting of the stablecoin stopping immediately.

The company said the move is to ensure ""USDC remains trusted, transparent and safe.""
...

[Headline]: BitTorrent's BTT Surges 12% as Owner Tron Completes TRX Burn
[Summary]: BTT is up as Tron, the network it is issued on, completed another TRX burn.

BTT tends to react to positive news from Tron even as TRX doesn't move to the same extent

BTT, the eponymous token of BitT...

[Headline]: TRX Trades at Premium on Poloniex as Arbitrage Lures Risk Takers
[Summary]: Tron's native token [TRX] traded at a premium of up to 17% over the weekend on the recently hacked exchange Poloniex, creating a potentially lucrative arbitrage trade.

The premium has since shrunk to...

[Headline]: Tron’s TRX Drops 6% as Binance.US Delists the Token
[Summary]: Tron’s TRX token has been delisted on Binance.US.

This comes weeks after the U.S. Securities and Exchange Commission sued Tron's Justin Sun over allegations of selling and airdropping unregistered se...



Based on all the information before 2024-12-27, let's first analyze the positive developments and potential concerns for TRX-USD. Come up with 2-4 most important factors respectively and keep them concise. Most factors should be inferred from cryptocurrencies related news. Then let's assume your prediction for next week (2024-12-27 to 2025-01-03) is down by 1-2%. Provide a summary analysis to support your prediction. The prediction result need to be inferred from your analysis at the end, and thus not appearing as a foundational factor of your analysis.","**Response to Analysis Request 1**

**[Positive Developments]:**
1. **Price Surge**: TRX reached a record high of above $0.4, demonstrating its potential for significant price movements.
2. **TRX Burn**: The completion of another TRX burn, which should reduce the circulating supply and theoretically drive up the price.
3. **Arbitrage Opportunities**: TRX traded at a premium on Poloniex, creating potentially lucrative arbitrage opportunities and indicating strong demand.

**[Potential Concerns]:**
1. **Delisting on Binance.US**: The delisting of TRX on Binance.US, which could reduce liquidity and accessibility for U.S. traders.
2. **SEC Lawsuit**: The SEC's lawsuit against Tron's Justin Sun, which could have long-term regulatory implications for TRX.
3. **Circle Dumps Tron**: Circle phasing out support for USDC on the Tron network, which could reduce the network's appeal and utility.

**[Prediction & Analysis]:**
TRX has seen a mixed bag of developments over the past few weeks. While the price surge and TRX burn are positive indicators, the delisting on Binance.US and the SEC lawsuit present significant headwinds. The reduction in liquidity due to the delisting and the regulatory uncertainty due to the lawsuit could dampen investor enthusiasm. Additionally, Circle's decision to phase out support for USDC on the Tron network could further reduce the network's attractiveness. Despite the arbitrage opportunities, the concerns mentioned are likely to weigh more heavily on the price. Therefore, a 1-2% decrease in the price of TRX in the upcoming week is predicted."
