,End Date,Start Date,End Price,Start Price,Weekly Returns,Bin Label,News,Basics
0,2024-01-12,2024-01-05,0.5702990293502808,0.5764859914779663,-0.01073219856014839,D2,"[{""date"": ""20231220113541"", ""headline"": ""Blockchain Tech Predictions for 2024, From Experts at Ripple, Coinbase, a16z, Starknet"", ""summary"": ""A lot of blockchain developers probably feel like they're working on the cutting edge of the cutting edge, building the financial and business infrastructure of the future. It\u2019s nothing short of a rev..."", ""url"": ""https://coindesk.com/opinion/2023/12/20/blockchain-tech-predictions-for-2024-from-experts-at-ripple-coinbase-a16z-starknet"", ""source"": ""CoinDesk"", ""sentiment"": ""POSITIVE"", ""keywords"": ""Opinion|Predictions|Ethereum|Bitcoin|Layer 2s|Crypto 2024"", ""id"": 42409144, ""guid"": ""GJVPKSa3D710Liw1gcEDN3""}, {""date"": ""20231204081200"", ""headline"": ""Analisa Torres: The Judge Who Gave Ripple and XRP Hope"", ""summary"": ""Federal Judge Analisa Torres gave the crypto industry a shot in the arm last July when she handed Ripple a partial victory in its fight with the U.S. Securities and Exchange Commission.\n\nWhile Ripple ..."", ""url"": ""https://coindesk.com/consensus-magazine/2023/12/04/analisa-torres-the-judge-who-gave-ripple-and-xrp-hope"", ""source"": ""CoinDesk"", ""sentiment"": ""POSITIVE"", ""keywords"": ""Features|Ripple|SEC|Analisa torres|Most Influential 2023|XRP|no-livewire"", ""id"": 42391890, ""guid"": ""CpI5Y2Su0uMQDo69bfxNBV""}, {""date"": ""20231203190100"", ""headline"": ""Standard Chartered-Backed Zodia Custody Joins Ripple-Owned Metaco\u2019s Global Crypto Storage Network"", ""summary"": ""Zodia Custody, a cryptocurrency storage provider backed by Standard Chartered (STAN), is joining Ripple-owned custody specialist Metaco's network, which is designed to handle the safekeeping and settl..."", ""url"": ""https://coindesk.com/business/2023/12/04/standard-chartered-backed-zodia-custody-joins-ripple-owned-metacos-global-crypto-storage-network"", ""source"": ""CoinDesk"", ""sentiment"": ""POSITIVE"", ""keywords"": ""Zodia Custody|Metaco"", ""id"": 42419053, ""guid"": ""ha93388BwWkPe8xtcUDVID""}, {""date"": ""20231127030000"", ""headline"": ""Ripple Excites XRP Army as Metaco Acquisition Brings Banks Closer"", ""summary"": ""News that Metaco, the Swiss digital assets custody firm acquired by Ripple earlier this year, is working with HSBC, one of the world's largest banks, quickly became a reason to be cheerful for many su..."", ""url"": ""https://coindesk.com/business/2023/11/27/ripple-edges-closer-to-banks-via-crypto-custody-firm-metaco"", ""source"": ""CoinDesk"", ""sentiment"": ""POSITIVE"", ""keywords"": ""Ripple|Metaco|HSBC|Custody|XRP Ledger"", ""id"": 42409361, ""guid"": ""GJVPKSa3D710Liw1gcGr2Y""}, {""date"": ""20231107230000"", ""headline"": ""Ripple Broadens Remittances Between Africa, Gulf States, UK and Australia"", ""summary"": ""Ripple, the cryptocurrency-based money transfer and payments network launched in 2012, is working with payments fintech Onafriq to expand remittance capabilities in Africa and across its borders with ..."", ""url"": ""https://coindesk.com/business/2023/11/08/ripple-broadens-remittances-between-africa-gulf-states-uk-and-australia"", ""source"": ""CoinDesk"", ""sentiment"": ""POSITIVE"", ""keywords"": ""Ripple|Africa|payments|Remittances|UK|Australia"", ""id"": 42392104, ""guid"": ""CpI5Y2Su0uMQDo69bg0oN1""}]",{}
1,2024-01-19,2024-01-12,0.5442559719085693,0.5702990293502808,-0.04566561768723551,D5,"[{""date"": ""20231220113541"", ""headline"": ""Blockchain Tech Predictions for 2024, From Experts at Ripple, Coinbase, a16z, Starknet"", ""summary"": ""A lot of blockchain developers probably feel like they're working on the cutting edge of the cutting edge, building the financial and business infrastructure of the future. It\u2019s nothing short of a rev..."", ""url"": ""https://coindesk.com/opinion/2023/12/20/blockchain-tech-predictions-for-2024-from-experts-at-ripple-coinbase-a16z-starknet"", ""source"": ""CoinDesk"", ""sentiment"": ""POSITIVE"", ""keywords"": ""Opinion|Predictions|Ethereum|Bitcoin|Layer 2s|Crypto 2024"", ""id"": 42409144, ""guid"": ""GJVPKSa3D710Liw1gcEDN3""}, {""date"": ""20231204081200"", ""headline"": ""Analisa Torres: The Judge Who Gave Ripple and XRP Hope"", ""summary"": ""Federal Judge Analisa Torres gave the crypto industry a shot in the arm last July when she handed Ripple a partial victory in its fight with the U.S. Securities and Exchange Commission.\n\nWhile Ripple ..."", ""url"": ""https://coindesk.com/consensus-magazine/2023/12/04/analisa-torres-the-judge-who-gave-ripple-and-xrp-hope"", ""source"": ""CoinDesk"", ""sentiment"": ""POSITIVE"", ""keywords"": ""Features|Ripple|SEC|Analisa torres|Most Influential 2023|XRP|no-livewire"", ""id"": 42391890, ""guid"": ""CpI5Y2Su0uMQDo69bfxNBV""}, {""date"": ""20231203190100"", ""headline"": ""Standard Chartered-Backed Zodia Custody Joins Ripple-Owned Metaco\u2019s Global Crypto Storage Network"", ""summary"": ""Zodia Custody, a cryptocurrency storage provider backed by Standard Chartered (STAN), is joining Ripple-owned custody specialist Metaco's network, which is designed to handle the safekeeping and settl..."", ""url"": ""https://coindesk.com/business/2023/12/04/standard-chartered-backed-zodia-custody-joins-ripple-owned-metacos-global-crypto-storage-network"", ""source"": ""CoinDesk"", ""sentiment"": ""POSITIVE"", ""keywords"": ""Zodia Custody|Metaco"", ""id"": 42419053, ""guid"": ""ha93388BwWkPe8xtcUDVID""}, {""date"": ""20231127030000"", ""headline"": ""Ripple Excites XRP Army as Metaco Acquisition Brings Banks Closer"", ""summary"": ""News that Metaco, the Swiss digital assets custody firm acquired by Ripple earlier this year, is working with HSBC, one of the world's largest banks, quickly became a reason to be cheerful for many su..."", ""url"": ""https://coindesk.com/business/2023/11/27/ripple-edges-closer-to-banks-via-crypto-custody-firm-metaco"", ""source"": ""CoinDesk"", ""sentiment"": ""POSITIVE"", ""keywords"": ""Ripple|Metaco|HSBC|Custody|XRP Ledger"", ""id"": 42409361, ""guid"": ""GJVPKSa3D710Liw1gcGr2Y""}, {""date"": ""20231107230000"", ""headline"": ""Ripple Broadens Remittances Between Africa, Gulf States, UK and Australia"", ""summary"": ""Ripple, the cryptocurrency-based money transfer and payments network launched in 2012, is working with payments fintech Onafriq to expand remittance capabilities in Africa and across its borders with ..."", ""url"": ""https://coindesk.com/business/2023/11/08/ripple-broadens-remittances-between-africa-gulf-states-uk-and-australia"", ""source"": ""CoinDesk"", ""sentiment"": ""POSITIVE"", ""keywords"": ""Ripple|Africa|payments|Remittances|UK|Australia"", ""id"": 42392104, ""guid"": ""CpI5Y2Su0uMQDo69bg0oN1""}]",{}
2,2024-01-26,2024-01-19,0.5321890115737915,0.5442559719085693,-0.022171479887417727,D3,"[{""date"": ""20240124120209"", ""headline"": ""Ripple's David Schwartz Talks 'Bottom-Up Growth' on XRP Ledger, Rebuts Critics: Q&A"", ""summary"": ""Ripple Labs CTO David Schwartz is hailed as a guru in some corners of the cryptocurrency industry \u2013 especially among the XRP Army, comprised of fans of the cryptocurrency XRP.\n\nBut the XRP Ledger, the..."", ""url"": ""https://coindesk.com/tech/2024/01/24/ripples-david-schwartz-talks-bottom-up-growth-on-xrp-ledger-rebuts-critics-qa"", ""source"": ""CoinDesk"", ""sentiment"": ""NEUTRAL"", ""keywords"": ""Features|David Schwartz|Ripple|SEC|centralization|XRP|XRP Ledger"", ""id"": 42408939, ""guid"": ""GJVPKSa3D710Liw1gcBL2H""}]",{}
3,2024-02-02,2024-01-26,0.5104119777679443,0.5321890115737915,-0.04091973590632402,D5,"[{""date"": ""20240131092456"", ""headline"": ""Ripple's XRP Drops 5% After Executive Is Hacked, Sparking Rumors of Network Breach"", ""summary"": ""Ripple's XRP token fell by more than 5% on Wednesday following speculation that the network might have been hacked to the tune of $112.5 million.\n\nChris Larsen, Ripple's Executive Chairman, clarified ..."", ""url"": ""https://coindesk.com/business/2024/01/31/ripples-xrp-drops-5-amid-report-of-potential-112m-hack"", ""source"": ""CoinDesk"", ""sentiment"": ""NEGATIVE"", ""keywords"": ""XRP|Ripple"", ""id"": 42391590, ""guid"": ""CpI5Y2Su0uMQDo69bfqUEZ""}]",{}
4,2024-02-09,2024-02-02,0.5260310173034668,0.5104119777679443,0.030600848365324923,U4,"[{""date"": ""20240206050124"", ""headline"": ""Ripple Must Share Financial Statements Requested by SEC, Court Rules"", ""summary"": ""A New York judge has ordered Ripple Labs to produce certain financial statements and information on the institutional sale of XRP tokens at the request of the U.S. Securities and Exchange Commission (..."", ""url"": ""https://coindesk.com/policy/2024/02/06/ripple-must-share-financial-statements-requested-by-sec-court-rules"", ""source"": ""CoinDesk"", ""sentiment"": ""NEGATIVE"", ""keywords"": ""Regulations|Ripple|SEC|Lawsuit|XRP|US"", ""id"": 42408888, ""guid"": ""GJVPKSa3D710Liw1gbKjUJ""}, {""date"": ""20240202034011"", ""headline"": ""Binance Freezes $4.2M in XRP Tokens Stolen From Ripple Executive's Wallet"", ""summary"": ""Crypto exchange Binance froze $4.2 million worth of xrp {{XRP}} tokens tied to this week's $120 million exploit, CEO Richard Teng said in an X post.\n\nTeng said XRP Ledger developers, who maintain the ..."", ""url"": ""https://coindesk.com/markets/2024/02/02/binance-freezes-42m-in-xrp-tokens-stolen-from-ripple-executives-wallet"", ""source"": ""CoinDesk"", ""sentiment"": ""NEGATIVE"", ""keywords"": ""Binance|XRP|Exploits|Crime"", ""id"": 42408918, ""guid"": ""GJVPKSa3D710Liw1gbgx6Z""}]",{}
5,2024-02-16,2024-02-09,0.5649600028991699,0.5260310173034668,0.0740051143661839,U5+,"[{""date"": ""20240213100000"", ""headline"": ""Ripple to Buy New York Crypto Trust Company to Expand U.S. Options"", ""summary"": ""Ripple's acquisition plan to grab a company with a New York trust charter will expand the business it's allowed to conduct in the U.S., potentially letting it move beyond its well-known role as a paym..."", ""url"": ""https://coindesk.com/policy/2024/02/13/ripple-to-buy-new-york-crypto-trust-company-to-expand-us-options"", ""source"": ""CoinDesk"", ""sentiment"": ""POSITIVE"", ""keywords"": ""Regulations|Securities and Exchange Commission|Ripple|XRP|Standard Custody|New York Department of Financial Services|mergers and acquisitions"", ""id"": 42408801, ""guid"": ""GJVPKSa3D710Liw1gb2uO1""}, {""date"": ""20240211140606"", ""headline"": ""Ripple-Owned Crypto Custody Firm Metaco's CEO and Head of Product Depart"", ""summary"": ""The CEO and chief product officer of Metaco, the cryptocurrency custody firm acquired by Ripple in May 2023, have left the company.\n\nA Ripple spokesperson confirmed CEO Adrien Treccani and Chief Produ..."", ""url"": ""https://coindesk.com/business/2024/02/11/ripple-owned-crypto-custody-firm-metacos-ceo-and-head-of-product-depart"", ""source"": ""CoinDesk"", ""sentiment"": ""NEUTRAL"", ""keywords"": ""Ripple|Metaco|Exclusive "", ""id"": 42408818, ""guid"": ""GJVPKSa3D710Liw1gb37VP""}]",{}
6,2024-02-23,2024-02-16,0.5345339775085449,0.5649600028991699,-0.053855184852891654,D5+,"[{""date"": ""20240213100000"", ""headline"": ""Ripple to Buy New York Crypto Trust Company to Expand U.S. Options"", ""summary"": ""Ripple's acquisition plan to grab a company with a New York trust charter will expand the business it's allowed to conduct in the U.S., potentially letting it move beyond its well-known role as a paym..."", ""url"": ""https://coindesk.com/policy/2024/02/13/ripple-to-buy-new-york-crypto-trust-company-to-expand-us-options"", ""source"": ""CoinDesk"", ""sentiment"": ""POSITIVE"", ""keywords"": ""Regulations|Securities and Exchange Commission|Ripple|XRP|Standard Custody|New York Department of Financial Services|mergers and acquisitions"", ""id"": 42408801, ""guid"": ""GJVPKSa3D710Liw1gb2uO1""}, {""date"": ""20240211140606"", ""headline"": ""Ripple-Owned Crypto Custody Firm Metaco's CEO and Head of Product Depart"", ""summary"": ""The CEO and chief product officer of Metaco, the cryptocurrency custody firm acquired by Ripple in May 2023, have left the company.\n\nA Ripple spokesperson confirmed CEO Adrien Treccani and Chief Produ..."", ""url"": ""https://coindesk.com/business/2024/02/11/ripple-owned-crypto-custody-firm-metacos-ceo-and-head-of-product-depart"", ""source"": ""CoinDesk"", ""sentiment"": ""NEUTRAL"", ""keywords"": ""Ripple|Metaco|Exclusive "", ""id"": 42408818, ""guid"": ""GJVPKSa3D710Liw1gb37VP""}, {""date"": ""20240206050124"", ""headline"": ""Ripple Must Share Financial Statements Requested by SEC, Court Rules"", ""summary"": ""A New York judge has ordered Ripple Labs to produce certain financial statements and information on the institutional sale of XRP tokens at the request of the U.S. Securities and Exchange Commission (..."", ""url"": ""https://coindesk.com/policy/2024/02/06/ripple-must-share-financial-statements-requested-by-sec-court-rules"", ""source"": ""CoinDesk"", ""sentiment"": ""NEGATIVE"", ""keywords"": ""Regulations|Ripple|SEC|Lawsuit|XRP|US"", ""id"": 42408888, ""guid"": ""GJVPKSa3D710Liw1gbKjUJ""}, {""date"": ""20240202034011"", ""headline"": ""Binance Freezes $4.2M in XRP Tokens Stolen From Ripple Executive's Wallet"", ""summary"": ""Crypto exchange Binance froze $4.2 million worth of xrp {{XRP}} tokens tied to this week's $120 million exploit, CEO Richard Teng said in an X post.\n\nTeng said XRP Ledger developers, who maintain the ..."", ""url"": ""https://coindesk.com/markets/2024/02/02/binance-freezes-42m-in-xrp-tokens-stolen-from-ripple-executives-wallet"", ""source"": ""CoinDesk"", ""sentiment"": ""NEGATIVE"", ""keywords"": ""Binance|XRP|Exploits|Crime"", ""id"": 42408918, ""guid"": ""GJVPKSa3D710Liw1gbgx6Z""}, {""date"": ""20240131092456"", ""headline"": ""Ripple's XRP Drops 5% After Executive Is Hacked, Sparking Rumors of Network Breach"", ""summary"": ""Ripple's XRP token fell by more than 5% on Wednesday following speculation that the network might have been hacked to the tune of $112.5 million.\n\nChris Larsen, Ripple's Executive Chairman, clarified ..."", ""url"": ""https://coindesk.com/business/2024/01/31/ripples-xrp-drops-5-amid-report-of-potential-112m-hack"", ""source"": ""CoinDesk"", ""sentiment"": ""NEGATIVE"", ""keywords"": ""XRP|Ripple"", ""id"": 42391590, ""guid"": ""CpI5Y2Su0uMQDo69bfqUEZ""}]",{}
7,2024-03-01,2024-02-23,0.6018900275230408,0.5345339775085449,0.12600892150662044,U5+,"[{""date"": ""20240213100000"", ""headline"": ""Ripple to Buy New York Crypto Trust Company to Expand U.S. Options"", ""summary"": ""Ripple's acquisition plan to grab a company with a New York trust charter will expand the business it's allowed to conduct in the U.S., potentially letting it move beyond its well-known role as a paym..."", ""url"": ""https://coindesk.com/policy/2024/02/13/ripple-to-buy-new-york-crypto-trust-company-to-expand-us-options"", ""source"": ""CoinDesk"", ""sentiment"": ""POSITIVE"", ""keywords"": ""Regulations|Securities and Exchange Commission|Ripple|XRP|Standard Custody|New York Department of Financial Services|mergers and acquisitions"", ""id"": 42408801, ""guid"": ""GJVPKSa3D710Liw1gb2uO1""}, {""date"": ""20240211140606"", ""headline"": ""Ripple-Owned Crypto Custody Firm Metaco's CEO and Head of Product Depart"", ""summary"": ""The CEO and chief product officer of Metaco, the cryptocurrency custody firm acquired by Ripple in May 2023, have left the company.\n\nA Ripple spokesperson confirmed CEO Adrien Treccani and Chief Produ..."", ""url"": ""https://coindesk.com/business/2024/02/11/ripple-owned-crypto-custody-firm-metacos-ceo-and-head-of-product-depart"", ""source"": ""CoinDesk"", ""sentiment"": ""NEUTRAL"", ""keywords"": ""Ripple|Metaco|Exclusive "", ""id"": 42408818, ""guid"": ""GJVPKSa3D710Liw1gb37VP""}, {""date"": ""20240206050124"", ""headline"": ""Ripple Must Share Financial Statements Requested by SEC, Court Rules"", ""summary"": ""A New York judge has ordered Ripple Labs to produce certain financial statements and information on the institutional sale of XRP tokens at the request of the U.S. Securities and Exchange Commission (..."", ""url"": ""https://coindesk.com/policy/2024/02/06/ripple-must-share-financial-statements-requested-by-sec-court-rules"", ""source"": ""CoinDesk"", ""sentiment"": ""NEGATIVE"", ""keywords"": ""Regulations|Ripple|SEC|Lawsuit|XRP|US"", ""id"": 42408888, ""guid"": ""GJVPKSa3D710Liw1gbKjUJ""}, {""date"": ""20240202034011"", ""headline"": ""Binance Freezes $4.2M in XRP Tokens Stolen From Ripple Executive's Wallet"", ""summary"": ""Crypto exchange Binance froze $4.2 million worth of xrp {{XRP}} tokens tied to this week's $120 million exploit, CEO Richard Teng said in an X post.\n\nTeng said XRP Ledger developers, who maintain the ..."", ""url"": ""https://coindesk.com/markets/2024/02/02/binance-freezes-42m-in-xrp-tokens-stolen-from-ripple-executives-wallet"", ""source"": ""CoinDesk"", ""sentiment"": ""NEGATIVE"", ""keywords"": ""Binance|XRP|Exploits|Crime"", ""id"": 42408918, ""guid"": ""GJVPKSa3D710Liw1gbgx6Z""}, {""date"": ""20240131092456"", ""headline"": ""Ripple's XRP Drops 5% After Executive Is Hacked, Sparking Rumors of Network Breach"", ""summary"": ""Ripple's XRP token fell by more than 5% on Wednesday following speculation that the network might have been hacked to the tune of $112.5 million.\n\nChris Larsen, Ripple's Executive Chairman, clarified ..."", ""url"": ""https://coindesk.com/business/2024/01/31/ripples-xrp-drops-5-amid-report-of-potential-112m-hack"", ""source"": ""CoinDesk"", ""sentiment"": ""NEGATIVE"", ""keywords"": ""XRP|Ripple"", ""id"": 42391590, ""guid"": ""CpI5Y2Su0uMQDo69bfqUEZ""}]",{}
8,2024-03-08,2024-03-01,0.6219549775123596,0.6018900275230408,0.033336571585829686,U4,"[{""date"": ""20240213100000"", ""headline"": ""Ripple to Buy New York Crypto Trust Company to Expand U.S. Options"", ""summary"": ""Ripple's acquisition plan to grab a company with a New York trust charter will expand the business it's allowed to conduct in the U.S., potentially letting it move beyond its well-known role as a paym..."", ""url"": ""https://coindesk.com/policy/2024/02/13/ripple-to-buy-new-york-crypto-trust-company-to-expand-us-options"", ""source"": ""CoinDesk"", ""sentiment"": ""POSITIVE"", ""keywords"": ""Regulations|Securities and Exchange Commission|Ripple|XRP|Standard Custody|New York Department of Financial Services|mergers and acquisitions"", ""id"": 42408801, ""guid"": ""GJVPKSa3D710Liw1gb2uO1""}, {""date"": ""20240211140606"", ""headline"": ""Ripple-Owned Crypto Custody Firm Metaco's CEO and Head of Product Depart"", ""summary"": ""The CEO and chief product officer of Metaco, the cryptocurrency custody firm acquired by Ripple in May 2023, have left the company.\n\nA Ripple spokesperson confirmed CEO Adrien Treccani and Chief Produ..."", ""url"": ""https://coindesk.com/business/2024/02/11/ripple-owned-crypto-custody-firm-metacos-ceo-and-head-of-product-depart"", ""source"": ""CoinDesk"", ""sentiment"": ""NEUTRAL"", ""keywords"": ""Ripple|Metaco|Exclusive "", ""id"": 42408818, ""guid"": ""GJVPKSa3D710Liw1gb37VP""}, {""date"": ""20240206050124"", ""headline"": ""Ripple Must Share Financial Statements Requested by SEC, Court Rules"", ""summary"": ""A New York judge has ordered Ripple Labs to produce certain financial statements and information on the institutional sale of XRP tokens at the request of the U.S. Securities and Exchange Commission (..."", ""url"": ""https://coindesk.com/policy/2024/02/06/ripple-must-share-financial-statements-requested-by-sec-court-rules"", ""source"": ""CoinDesk"", ""sentiment"": ""NEGATIVE"", ""keywords"": ""Regulations|Ripple|SEC|Lawsuit|XRP|US"", ""id"": 42408888, ""guid"": ""GJVPKSa3D710Liw1gbKjUJ""}, {""date"": ""20240202034011"", ""headline"": ""Binance Freezes $4.2M in XRP Tokens Stolen From Ripple Executive's Wallet"", ""summary"": ""Crypto exchange Binance froze $4.2 million worth of xrp {{XRP}} tokens tied to this week's $120 million exploit, CEO Richard Teng said in an X post.\n\nTeng said XRP Ledger developers, who maintain the ..."", ""url"": ""https://coindesk.com/markets/2024/02/02/binance-freezes-42m-in-xrp-tokens-stolen-from-ripple-executives-wallet"", ""source"": ""CoinDesk"", ""sentiment"": ""NEGATIVE"", ""keywords"": ""Binance|XRP|Exploits|Crime"", ""id"": 42408918, ""guid"": ""GJVPKSa3D710Liw1gbgx6Z""}, {""date"": ""20240131092456"", ""headline"": ""Ripple's XRP Drops 5% After Executive Is Hacked, Sparking Rumors of Network Breach"", ""summary"": ""Ripple's XRP token fell by more than 5% on Wednesday following speculation that the network might have been hacked to the tune of $112.5 million.\n\nChris Larsen, Ripple's Executive Chairman, clarified ..."", ""url"": ""https://coindesk.com/business/2024/01/31/ripples-xrp-drops-5-amid-report-of-potential-112m-hack"", ""source"": ""CoinDesk"", ""sentiment"": ""NEGATIVE"", ""keywords"": ""XRP|Ripple"", ""id"": 42391590, ""guid"": ""CpI5Y2Su0uMQDo69bfqUEZ""}]",{}
9,2024-03-15,2024-03-08,0.6337370276451111,0.6219549775123596,0.018943573986458417,U2,"[{""date"": ""20240213100000"", ""headline"": ""Ripple to Buy New York Crypto Trust Company to Expand U.S. Options"", ""summary"": ""Ripple's acquisition plan to grab a company with a New York trust charter will expand the business it's allowed to conduct in the U.S., potentially letting it move beyond its well-known role as a paym..."", ""url"": ""https://coindesk.com/policy/2024/02/13/ripple-to-buy-new-york-crypto-trust-company-to-expand-us-options"", ""source"": ""CoinDesk"", ""sentiment"": ""POSITIVE"", ""keywords"": ""Regulations|Securities and Exchange Commission|Ripple|XRP|Standard Custody|New York Department of Financial Services|mergers and acquisitions"", ""id"": 42408801, ""guid"": ""GJVPKSa3D710Liw1gb2uO1""}, {""date"": ""20240211140606"", ""headline"": ""Ripple-Owned Crypto Custody Firm Metaco's CEO and Head of Product Depart"", ""summary"": ""The CEO and chief product officer of Metaco, the cryptocurrency custody firm acquired by Ripple in May 2023, have left the company.\n\nA Ripple spokesperson confirmed CEO Adrien Treccani and Chief Produ..."", ""url"": ""https://coindesk.com/business/2024/02/11/ripple-owned-crypto-custody-firm-metacos-ceo-and-head-of-product-depart"", ""source"": ""CoinDesk"", ""sentiment"": ""NEUTRAL"", ""keywords"": ""Ripple|Metaco|Exclusive "", ""id"": 42408818, ""guid"": ""GJVPKSa3D710Liw1gb37VP""}, {""date"": ""20240206050124"", ""headline"": ""Ripple Must Share Financial Statements Requested by SEC, Court Rules"", ""summary"": ""A New York judge has ordered Ripple Labs to produce certain financial statements and information on the institutional sale of XRP tokens at the request of the U.S. Securities and Exchange Commission (..."", ""url"": ""https://coindesk.com/policy/2024/02/06/ripple-must-share-financial-statements-requested-by-sec-court-rules"", ""source"": ""CoinDesk"", ""sentiment"": ""NEGATIVE"", ""keywords"": ""Regulations|Ripple|SEC|Lawsuit|XRP|US"", ""id"": 42408888, ""guid"": ""GJVPKSa3D710Liw1gbKjUJ""}, {""date"": ""20240202034011"", ""headline"": ""Binance Freezes $4.2M in XRP Tokens Stolen From Ripple Executive's Wallet"", ""summary"": ""Crypto exchange Binance froze $4.2 million worth of xrp {{XRP}} tokens tied to this week's $120 million exploit, CEO Richard Teng said in an X post.\n\nTeng said XRP Ledger developers, who maintain the ..."", ""url"": ""https://coindesk.com/markets/2024/02/02/binance-freezes-42m-in-xrp-tokens-stolen-from-ripple-executives-wallet"", ""source"": ""CoinDesk"", ""sentiment"": ""NEGATIVE"", ""keywords"": ""Binance|XRP|Exploits|Crime"", ""id"": 42408918, ""guid"": ""GJVPKSa3D710Liw1gbgx6Z""}, {""date"": ""20240131092456"", ""headline"": ""Ripple's XRP Drops 5% After Executive Is Hacked, Sparking Rumors of Network Breach"", ""summary"": ""Ripple's XRP token fell by more than 5% on Wednesday following speculation that the network might have been hacked to the tune of $112.5 million.\n\nChris Larsen, Ripple's Executive Chairman, clarified ..."", ""url"": ""https://coindesk.com/business/2024/01/31/ripples-xrp-drops-5-amid-report-of-potential-112m-hack"", ""source"": ""CoinDesk"", ""sentiment"": ""NEGATIVE"", ""keywords"": ""XRP|Ripple"", ""id"": 42391590, ""guid"": ""CpI5Y2Su0uMQDo69bfqUEZ""}]",{}
10,2024-03-22,2024-03-15,0.6109489798545837,0.6337370276451111,-0.035958207894534626,D4,"[{""date"": ""20240213100000"", ""headline"": ""Ripple to Buy New York Crypto Trust Company to Expand U.S. Options"", ""summary"": ""Ripple's acquisition plan to grab a company with a New York trust charter will expand the business it's allowed to conduct in the U.S., potentially letting it move beyond its well-known role as a paym..."", ""url"": ""https://coindesk.com/policy/2024/02/13/ripple-to-buy-new-york-crypto-trust-company-to-expand-us-options"", ""source"": ""CoinDesk"", ""sentiment"": ""POSITIVE"", ""keywords"": ""Regulations|Securities and Exchange Commission|Ripple|XRP|Standard Custody|New York Department of Financial Services|mergers and acquisitions"", ""id"": 42408801, ""guid"": ""GJVPKSa3D710Liw1gb2uO1""}, {""date"": ""20240211140606"", ""headline"": ""Ripple-Owned Crypto Custody Firm Metaco's CEO and Head of Product Depart"", ""summary"": ""The CEO and chief product officer of Metaco, the cryptocurrency custody firm acquired by Ripple in May 2023, have left the company.\n\nA Ripple spokesperson confirmed CEO Adrien Treccani and Chief Produ..."", ""url"": ""https://coindesk.com/business/2024/02/11/ripple-owned-crypto-custody-firm-metacos-ceo-and-head-of-product-depart"", ""source"": ""CoinDesk"", ""sentiment"": ""NEUTRAL"", ""keywords"": ""Ripple|Metaco|Exclusive "", ""id"": 42408818, ""guid"": ""GJVPKSa3D710Liw1gb37VP""}, {""date"": ""20240206050124"", ""headline"": ""Ripple Must Share Financial Statements Requested by SEC, Court Rules"", ""summary"": ""A New York judge has ordered Ripple Labs to produce certain financial statements and information on the institutional sale of XRP tokens at the request of the U.S. Securities and Exchange Commission (..."", ""url"": ""https://coindesk.com/policy/2024/02/06/ripple-must-share-financial-statements-requested-by-sec-court-rules"", ""source"": ""CoinDesk"", ""sentiment"": ""NEGATIVE"", ""keywords"": ""Regulations|Ripple|SEC|Lawsuit|XRP|US"", ""id"": 42408888, ""guid"": ""GJVPKSa3D710Liw1gbKjUJ""}, {""date"": ""20240202034011"", ""headline"": ""Binance Freezes $4.2M in XRP Tokens Stolen From Ripple Executive's Wallet"", ""summary"": ""Crypto exchange Binance froze $4.2 million worth of xrp {{XRP}} tokens tied to this week's $120 million exploit, CEO Richard Teng said in an X post.\n\nTeng said XRP Ledger developers, who maintain the ..."", ""url"": ""https://coindesk.com/markets/2024/02/02/binance-freezes-42m-in-xrp-tokens-stolen-from-ripple-executives-wallet"", ""source"": ""CoinDesk"", ""sentiment"": ""NEGATIVE"", ""keywords"": ""Binance|XRP|Exploits|Crime"", ""id"": 42408918, ""guid"": ""GJVPKSa3D710Liw1gbgx6Z""}, {""date"": ""20240131092456"", ""headline"": ""Ripple's XRP Drops 5% After Executive Is Hacked, Sparking Rumors of Network Breach"", ""summary"": ""Ripple's XRP token fell by more than 5% on Wednesday following speculation that the network might have been hacked to the tune of $112.5 million.\n\nChris Larsen, Ripple's Executive Chairman, clarified ..."", ""url"": ""https://coindesk.com/business/2024/01/31/ripples-xrp-drops-5-amid-report-of-potential-112m-hack"", ""source"": ""CoinDesk"", ""sentiment"": ""NEGATIVE"", ""keywords"": ""XRP|Ripple"", ""id"": 42391590, ""guid"": ""CpI5Y2Su0uMQDo69bfqUEZ""}]",{}
11,2024-03-29,2024-03-22,0.6307500004768372,0.6109489798545837,0.03241026873793356,U4,"[{""date"": ""20240326015623"", ""headline"": ""SEC Seeks $1.95B Fine in Final Judgment Against Ripple"", ""summary"": ""The U.S. SEC has asked a New York judge to impose a fine of $1.95 billion on Ripple Labs.\n\nThe SEC asked the Court to consider how easily actors, particularly in the crypto asset space, can today enga..."", ""url"": ""https://coindesk.com/policy/2024/03/26/sec-seeks-195b-fine-in-final-judgment-against-ripple"", ""source"": ""CoinDesk"", ""sentiment"": ""NEGATIVE"", ""keywords"": ""Regulations|Ripple Labs|SEC|Court Cases|Securities and Exchange Commission|Securities"", ""id"": 42408585, ""guid"": ""GJVPKSa3D710Liw1gamMX7""}, {""date"": ""20240325163216"", ""headline"": ""Garlinghouse Says SEC to Press Judge for $2B in Fines and Penalties in Ripple Case"", ""summary"": ""The U.S. Securities and Exchange Commission (SEC) is apparently asking a New York judge to levy a $2 billion judgment against Ripple Labs, according to social media posts from the crypto company\u2019s CEO..."", ""url"": ""https://coindesk.com/policy/2024/03/25/garlinghouse-says-sec-to-press-judge-for-2b-in-fines-and-penalties-in-ripple-case"", ""source"": ""CoinDesk"", ""sentiment"": ""NEGATIVE"", ""keywords"": ""Regulations|SEC|Ripple"", ""id"": 42408578, ""guid"": ""GJVPKSa3D710Liw1gamM9y""}]",{}
12,2024-04-05,2024-03-29,0.5875229835510254,0.6307500004768372,-0.06853272595027002,D5+,"[{""date"": ""20240404143753"", ""headline"": ""What Does Ripple\u2019s Stablecoin Mean for XRP?"", ""summary"": ""Ripple has declared the death of {{XRP}}. Well, to be fair, to be accurate, Ripple CEO Brad Garlinghouse has said the exact opposite when announcing the Silicon Valley crypto mainstay would launch a U..."", ""url"": ""https://coindesk.com/opinion/2024/04/04/what-does-ripples-stablecoin-mean-for-xrp"", ""source"": ""CoinDesk"", ""sentiment"": ""NEGATIVE"", ""keywords"": ""Opinion|Ripple|XRP|The Node|Newsletters|Stablecoins|Remittances"", ""id"": 42408536, ""guid"": ""GJVPKSa3D710Liw1gaKQe6""}, {""date"": ""20240404090000"", ""headline"": ""Ripple, Developer Behind XRP Ledger, Enters Stablecoin Fray vs. Tether, USDC"", ""summary"": ""Ripple, the enterprise-focused blockchain service and creator of the XRP Ledger, is introducing its own stablecoin pegged to the price of the U.S. dollar.\n\n\""The stablecoin market is over $150 billion ..."", ""url"": ""https://coindesk.com/tech/2024/04/04/ripple-developer-behind-xrp-ledger-enters-stablecoin-fray-vs-tether-usdc"", ""source"": ""CoinDesk"", ""sentiment"": ""POSITIVE"", ""keywords"": ""Ripple|Stablecoin|XRP|David Schwartz"", ""id"": 42408542, ""guid"": ""GJVPKSa3D710Liw1gaKR1F""}]",{}
13,2024-04-12,2024-04-05,0.5484139919281006,0.5875229835510254,-0.0665658922593081,D5+,"[{""date"": ""20240410112301"", ""headline"": ""Ripple-Owned Metaco Sees Most of Execs and Marketing Teams Depart: Source"", ""summary"": ""Metaco lost five executives and marketing team members following the recent departure of the CEO and chief product officer.\n\nThe cryptocurrency custody firm was acquired by Ripple last year for $250 m..."", ""url"": ""https://coindesk.com/business/2024/04/10/ripple-owned-metaco-sees-most-of-execs-and-marketing-teams-depart-source"", ""source"": ""CoinDesk"", ""sentiment"": ""NEGATIVE"", ""keywords"": ""Metaco|Ripple|Exclusive "", ""id"": 42408514, ""guid"": ""GJVPKSa3D710Liw1gaJd36""}, {""date"": ""20240408115450"", ""headline"": ""Crypto Market Cap to Double to $5 Trillion by Year-End: Ripple CEO"", ""summary"": ""The value of the cryptocurrency market could almost double to $5 trillion by the end of the year, propelled by the January approval of spot bitcoin exchange-traded funds in the U.S. and the mining-rew..."", ""url"": ""https://coindesk.com/business/2024/04/08/crypto-market-cap-to-double-to-5-trillion-by-year-end-ripple-ceo"", ""source"": ""CoinDesk"", ""sentiment"": ""POSITIVE"", ""keywords"": ""Ripple|Brad Garlinghouse"", ""id"": 42418442, ""guid"": ""ha93388BwWkPe8xtcThGYf""}]",{}
14,2024-04-19,2024-04-12,0.503786027431488,0.5484139919281006,-0.08137641481339788,D5+,"[{""date"": ""20240410112301"", ""headline"": ""Ripple-Owned Metaco Sees Most of Execs and Marketing Teams Depart: Source"", ""summary"": ""Metaco lost five executives and marketing team members following the recent departure of the CEO and chief product officer.\n\nThe cryptocurrency custody firm was acquired by Ripple last year for $250 m..."", ""url"": ""https://coindesk.com/business/2024/04/10/ripple-owned-metaco-sees-most-of-execs-and-marketing-teams-depart-source"", ""source"": ""CoinDesk"", ""sentiment"": ""NEGATIVE"", ""keywords"": ""Metaco|Ripple|Exclusive "", ""id"": 42408514, ""guid"": ""GJVPKSa3D710Liw1gaJd36""}, {""date"": ""20240408115450"", ""headline"": ""Crypto Market Cap to Double to $5 Trillion by Year-End: Ripple CEO"", ""summary"": ""The value of the cryptocurrency market could almost double to $5 trillion by the end of the year, propelled by the January approval of spot bitcoin exchange-traded funds in the U.S. and the mining-rew..."", ""url"": ""https://coindesk.com/business/2024/04/08/crypto-market-cap-to-double-to-5-trillion-by-year-end-ripple-ceo"", ""source"": ""CoinDesk"", ""sentiment"": ""POSITIVE"", ""keywords"": ""Ripple|Brad Garlinghouse"", ""id"": 42418442, ""guid"": ""ha93388BwWkPe8xtcThGYf""}, {""date"": ""20240404143753"", ""headline"": ""What Does Ripple\u2019s Stablecoin Mean for XRP?"", ""summary"": ""Ripple has declared the death of {{XRP}}. Well, to be fair, to be accurate, Ripple CEO Brad Garlinghouse has said the exact opposite when announcing the Silicon Valley crypto mainstay would launch a U..."", ""url"": ""https://coindesk.com/opinion/2024/04/04/what-does-ripples-stablecoin-mean-for-xrp"", ""source"": ""CoinDesk"", ""sentiment"": ""NEGATIVE"", ""keywords"": ""Opinion|Ripple|XRP|The Node|Newsletters|Stablecoins|Remittances"", ""id"": 42408536, ""guid"": ""GJVPKSa3D710Liw1gaKQe6""}, {""date"": ""20240404090000"", ""headline"": ""Ripple, Developer Behind XRP Ledger, Enters Stablecoin Fray vs. Tether, USDC"", ""summary"": ""Ripple, the enterprise-focused blockchain service and creator of the XRP Ledger, is introducing its own stablecoin pegged to the price of the U.S. dollar.\n\n\""The stablecoin market is over $150 billion ..."", ""url"": ""https://coindesk.com/tech/2024/04/04/ripple-developer-behind-xrp-ledger-enters-stablecoin-fray-vs-tether-usdc"", ""source"": ""CoinDesk"", ""sentiment"": ""POSITIVE"", ""keywords"": ""Ripple|Stablecoin|XRP|David Schwartz"", ""id"": 42408542, ""guid"": ""GJVPKSa3D710Liw1gaKR1F""}, {""date"": ""20240326015623"", ""headline"": ""SEC Seeks $1.95B Fine in Final Judgment Against Ripple"", ""summary"": ""The U.S. SEC has asked a New York judge to impose a fine of $1.95 billion on Ripple Labs.\n\nThe SEC asked the Court to consider how easily actors, particularly in the crypto asset space, can today enga..."", ""url"": ""https://coindesk.com/policy/2024/03/26/sec-seeks-195b-fine-in-final-judgment-against-ripple"", ""source"": ""CoinDesk"", ""sentiment"": ""NEGATIVE"", ""keywords"": ""Regulations|Ripple Labs|SEC|Court Cases|Securities and Exchange Commission|Securities"", ""id"": 42408585, ""guid"": ""GJVPKSa3D710Liw1gamMX7""}]",{}
15,2024-04-26,2024-04-19,0.5261120200157166,0.503786027431488,0.044316418813867796,U5,"[{""date"": ""20240423033234"", ""headline"": ""Ripple Says $10M Penalty Enough, Rejects SEC\u2019s Ask of $1.95B Fine in Final Judgment "", ""summary"": ""Ripple Labs has opposed the SEC\u2019s proposal seeking a nearly $2 billion fine against the company.\n\nRipple Labs said the Court should impose a civil penalty of no more than $10 million.\n\nRipple Labs fil..."", ""url"": ""https://coindesk.com/policy/2024/04/23/ripple-says-10m-penalty-enough-rejects-secs-ask-of-195b-fine-in-final-judgment"", ""source"": ""CoinDesk"", ""sentiment"": ""NEGATIVE"", ""keywords"": ""Regulations|Ripple|XRP|Crypto|SEC|Securities|judge|Judge analisa torres|New York"", ""id"": 42408424, ""guid"": ""GJVPKSa3D710Liw1gaIkyM""}]",{}
16,2024-05-03,2024-04-26,0.5318940281867981,0.5261120200157166,0.01099007046238711,U2,"[{""date"": ""20240423033234"", ""headline"": ""Ripple Says $10M Penalty Enough, Rejects SEC\u2019s Ask of $1.95B Fine in Final Judgment "", ""summary"": ""Ripple Labs has opposed the SEC\u2019s proposal seeking a nearly $2 billion fine against the company.\n\nRipple Labs said the Court should impose a civil penalty of no more than $10 million.\n\nRipple Labs fil..."", ""url"": ""https://coindesk.com/policy/2024/04/23/ripple-says-10m-penalty-enough-rejects-secs-ask-of-195b-fine-in-final-judgment"", ""source"": ""CoinDesk"", ""sentiment"": ""NEGATIVE"", ""keywords"": ""Regulations|Ripple|XRP|Crypto|SEC|Securities|judge|Judge analisa torres|New York"", ""id"": 42408424, ""guid"": ""GJVPKSa3D710Liw1gaIkyM""}, {""date"": ""20240410112301"", ""headline"": ""Ripple-Owned Metaco Sees Most of Execs and Marketing Teams Depart: Source"", ""summary"": ""Metaco lost five executives and marketing team members following the recent departure of the CEO and chief product officer.\n\nThe cryptocurrency custody firm was acquired by Ripple last year for $250 m..."", ""url"": ""https://coindesk.com/business/2024/04/10/ripple-owned-metaco-sees-most-of-execs-and-marketing-teams-depart-source"", ""source"": ""CoinDesk"", ""sentiment"": ""NEGATIVE"", ""keywords"": ""Metaco|Ripple|Exclusive "", ""id"": 42408514, ""guid"": ""GJVPKSa3D710Liw1gaJd36""}, {""date"": ""20240408115450"", ""headline"": ""Crypto Market Cap to Double to $5 Trillion by Year-End: Ripple CEO"", ""summary"": ""The value of the cryptocurrency market could almost double to $5 trillion by the end of the year, propelled by the January approval of spot bitcoin exchange-traded funds in the U.S. and the mining-rew..."", ""url"": ""https://coindesk.com/business/2024/04/08/crypto-market-cap-to-double-to-5-trillion-by-year-end-ripple-ceo"", ""source"": ""CoinDesk"", ""sentiment"": ""POSITIVE"", ""keywords"": ""Ripple|Brad Garlinghouse"", ""id"": 42418442, ""guid"": ""ha93388BwWkPe8xtcThGYf""}, {""date"": ""20240404143753"", ""headline"": ""What Does Ripple\u2019s Stablecoin Mean for XRP?"", ""summary"": ""Ripple has declared the death of {{XRP}}. Well, to be fair, to be accurate, Ripple CEO Brad Garlinghouse has said the exact opposite when announcing the Silicon Valley crypto mainstay would launch a U..."", ""url"": ""https://coindesk.com/opinion/2024/04/04/what-does-ripples-stablecoin-mean-for-xrp"", ""source"": ""CoinDesk"", ""sentiment"": ""NEGATIVE"", ""keywords"": ""Opinion|Ripple|XRP|The Node|Newsletters|Stablecoins|Remittances"", ""id"": 42408536, ""guid"": ""GJVPKSa3D710Liw1gaKQe6""}, {""date"": ""20240404090000"", ""headline"": ""Ripple, Developer Behind XRP Ledger, Enters Stablecoin Fray vs. Tether, USDC"", ""summary"": ""Ripple, the enterprise-focused blockchain service and creator of the XRP Ledger, is introducing its own stablecoin pegged to the price of the U.S. dollar.\n\n\""The stablecoin market is over $150 billion ..."", ""url"": ""https://coindesk.com/tech/2024/04/04/ripple-developer-behind-xrp-ledger-enters-stablecoin-fray-vs-tether-usdc"", ""source"": ""CoinDesk"", ""sentiment"": ""POSITIVE"", ""keywords"": ""Ripple|Stablecoin|XRP|David Schwartz"", ""id"": 42408542, ""guid"": ""GJVPKSa3D710Liw1gaKR1F""}]",{}
17,2024-05-10,2024-05-03,0.5023379921913147,0.5318940281867981,-0.05556752741939695,D5+,"[{""date"": ""20240423033234"", ""headline"": ""Ripple Says $10M Penalty Enough, Rejects SEC\u2019s Ask of $1.95B Fine in Final Judgment "", ""summary"": ""Ripple Labs has opposed the SEC\u2019s proposal seeking a nearly $2 billion fine against the company.\n\nRipple Labs said the Court should impose a civil penalty of no more than $10 million.\n\nRipple Labs fil..."", ""url"": ""https://coindesk.com/policy/2024/04/23/ripple-says-10m-penalty-enough-rejects-secs-ask-of-195b-fine-in-final-judgment"", ""source"": ""CoinDesk"", ""sentiment"": ""NEGATIVE"", ""keywords"": ""Regulations|Ripple|XRP|Crypto|SEC|Securities|judge|Judge analisa torres|New York"", ""id"": 42408424, ""guid"": ""GJVPKSa3D710Liw1gaIkyM""}, {""date"": ""20240410112301"", ""headline"": ""Ripple-Owned Metaco Sees Most of Execs and Marketing Teams Depart: Source"", ""summary"": ""Metaco lost five executives and marketing team members following the recent departure of the CEO and chief product officer.\n\nThe cryptocurrency custody firm was acquired by Ripple last year for $250 m..."", ""url"": ""https://coindesk.com/business/2024/04/10/ripple-owned-metaco-sees-most-of-execs-and-marketing-teams-depart-source"", ""source"": ""CoinDesk"", ""sentiment"": ""NEGATIVE"", ""keywords"": ""Metaco|Ripple|Exclusive "", ""id"": 42408514, ""guid"": ""GJVPKSa3D710Liw1gaJd36""}, {""date"": ""20240408115450"", ""headline"": ""Crypto Market Cap to Double to $5 Trillion by Year-End: Ripple CEO"", ""summary"": ""The value of the cryptocurrency market could almost double to $5 trillion by the end of the year, propelled by the January approval of spot bitcoin exchange-traded funds in the U.S. and the mining-rew..."", ""url"": ""https://coindesk.com/business/2024/04/08/crypto-market-cap-to-double-to-5-trillion-by-year-end-ripple-ceo"", ""source"": ""CoinDesk"", ""sentiment"": ""POSITIVE"", ""keywords"": ""Ripple|Brad Garlinghouse"", ""id"": 42418442, ""guid"": ""ha93388BwWkPe8xtcThGYf""}, {""date"": ""20240404143753"", ""headline"": ""What Does Ripple\u2019s Stablecoin Mean for XRP?"", ""summary"": ""Ripple has declared the death of {{XRP}}. Well, to be fair, to be accurate, Ripple CEO Brad Garlinghouse has said the exact opposite when announcing the Silicon Valley crypto mainstay would launch a U..."", ""url"": ""https://coindesk.com/opinion/2024/04/04/what-does-ripples-stablecoin-mean-for-xrp"", ""source"": ""CoinDesk"", ""sentiment"": ""NEGATIVE"", ""keywords"": ""Opinion|Ripple|XRP|The Node|Newsletters|Stablecoins|Remittances"", ""id"": 42408536, ""guid"": ""GJVPKSa3D710Liw1gaKQe6""}, {""date"": ""20240404090000"", ""headline"": ""Ripple, Developer Behind XRP Ledger, Enters Stablecoin Fray vs. Tether, USDC"", ""summary"": ""Ripple, the enterprise-focused blockchain service and creator of the XRP Ledger, is introducing its own stablecoin pegged to the price of the U.S. dollar.\n\n\""The stablecoin market is over $150 billion ..."", ""url"": ""https://coindesk.com/tech/2024/04/04/ripple-developer-behind-xrp-ledger-enters-stablecoin-fray-vs-tether-usdc"", ""source"": ""CoinDesk"", ""sentiment"": ""POSITIVE"", ""keywords"": ""Ripple|Stablecoin|XRP|David Schwartz"", ""id"": 42408542, ""guid"": ""GJVPKSa3D710Liw1gaKR1F""}]",{}
18,2024-05-17,2024-05-10,0.5238040089607239,0.5023379921913147,0.042732218353163855,U5,"[{""date"": ""20240423033234"", ""headline"": ""Ripple Says $10M Penalty Enough, Rejects SEC\u2019s Ask of $1.95B Fine in Final Judgment "", ""summary"": ""Ripple Labs has opposed the SEC\u2019s proposal seeking a nearly $2 billion fine against the company.\n\nRipple Labs said the Court should impose a civil penalty of no more than $10 million.\n\nRipple Labs fil..."", ""url"": ""https://coindesk.com/policy/2024/04/23/ripple-says-10m-penalty-enough-rejects-secs-ask-of-195b-fine-in-final-judgment"", ""source"": ""CoinDesk"", ""sentiment"": ""NEGATIVE"", ""keywords"": ""Regulations|Ripple|XRP|Crypto|SEC|Securities|judge|Judge analisa torres|New York"", ""id"": 42408424, ""guid"": ""GJVPKSa3D710Liw1gaIkyM""}, {""date"": ""20240410112301"", ""headline"": ""Ripple-Owned Metaco Sees Most of Execs and Marketing Teams Depart: Source"", ""summary"": ""Metaco lost five executives and marketing team members following the recent departure of the CEO and chief product officer.\n\nThe cryptocurrency custody firm was acquired by Ripple last year for $250 m..."", ""url"": ""https://coindesk.com/business/2024/04/10/ripple-owned-metaco-sees-most-of-execs-and-marketing-teams-depart-source"", ""source"": ""CoinDesk"", ""sentiment"": ""NEGATIVE"", ""keywords"": ""Metaco|Ripple|Exclusive "", ""id"": 42408514, ""guid"": ""GJVPKSa3D710Liw1gaJd36""}, {""date"": ""20240408115450"", ""headline"": ""Crypto Market Cap to Double to $5 Trillion by Year-End: Ripple CEO"", ""summary"": ""The value of the cryptocurrency market could almost double to $5 trillion by the end of the year, propelled by the January approval of spot bitcoin exchange-traded funds in the U.S. and the mining-rew..."", ""url"": ""https://coindesk.com/business/2024/04/08/crypto-market-cap-to-double-to-5-trillion-by-year-end-ripple-ceo"", ""source"": ""CoinDesk"", ""sentiment"": ""POSITIVE"", ""keywords"": ""Ripple|Brad Garlinghouse"", ""id"": 42418442, ""guid"": ""ha93388BwWkPe8xtcThGYf""}, {""date"": ""20240404143753"", ""headline"": ""What Does Ripple\u2019s Stablecoin Mean for XRP?"", ""summary"": ""Ripple has declared the death of {{XRP}}. Well, to be fair, to be accurate, Ripple CEO Brad Garlinghouse has said the exact opposite when announcing the Silicon Valley crypto mainstay would launch a U..."", ""url"": ""https://coindesk.com/opinion/2024/04/04/what-does-ripples-stablecoin-mean-for-xrp"", ""source"": ""CoinDesk"", ""sentiment"": ""NEGATIVE"", ""keywords"": ""Opinion|Ripple|XRP|The Node|Newsletters|Stablecoins|Remittances"", ""id"": 42408536, ""guid"": ""GJVPKSa3D710Liw1gaKQe6""}, {""date"": ""20240404090000"", ""headline"": ""Ripple, Developer Behind XRP Ledger, Enters Stablecoin Fray vs. Tether, USDC"", ""summary"": ""Ripple, the enterprise-focused blockchain service and creator of the XRP Ledger, is introducing its own stablecoin pegged to the price of the U.S. dollar.\n\n\""The stablecoin market is over $150 billion ..."", ""url"": ""https://coindesk.com/tech/2024/04/04/ripple-developer-behind-xrp-ledger-enters-stablecoin-fray-vs-tether-usdc"", ""source"": ""CoinDesk"", ""sentiment"": ""POSITIVE"", ""keywords"": ""Ripple|Stablecoin|XRP|David Schwartz"", ""id"": 42408542, ""guid"": ""GJVPKSa3D710Liw1gaKR1F""}]",{}
19,2024-05-24,2024-05-17,0.5357530117034912,0.5238040089607239,0.022811972681299773,U3,"[{""date"": ""20240423033234"", ""headline"": ""Ripple Says $10M Penalty Enough, Rejects SEC\u2019s Ask of $1.95B Fine in Final Judgment "", ""summary"": ""Ripple Labs has opposed the SEC\u2019s proposal seeking a nearly $2 billion fine against the company.\n\nRipple Labs said the Court should impose a civil penalty of no more than $10 million.\n\nRipple Labs fil..."", ""url"": ""https://coindesk.com/policy/2024/04/23/ripple-says-10m-penalty-enough-rejects-secs-ask-of-195b-fine-in-final-judgment"", ""source"": ""CoinDesk"", ""sentiment"": ""NEGATIVE"", ""keywords"": ""Regulations|Ripple|XRP|Crypto|SEC|Securities|judge|Judge analisa torres|New York"", ""id"": 42408424, ""guid"": ""GJVPKSa3D710Liw1gaIkyM""}, {""date"": ""20240410112301"", ""headline"": ""Ripple-Owned Metaco Sees Most of Execs and Marketing Teams Depart: Source"", ""summary"": ""Metaco lost five executives and marketing team members following the recent departure of the CEO and chief product officer.\n\nThe cryptocurrency custody firm was acquired by Ripple last year for $250 m..."", ""url"": ""https://coindesk.com/business/2024/04/10/ripple-owned-metaco-sees-most-of-execs-and-marketing-teams-depart-source"", ""source"": ""CoinDesk"", ""sentiment"": ""NEGATIVE"", ""keywords"": ""Metaco|Ripple|Exclusive "", ""id"": 42408514, ""guid"": ""GJVPKSa3D710Liw1gaJd36""}, {""date"": ""20240408115450"", ""headline"": ""Crypto Market Cap to Double to $5 Trillion by Year-End: Ripple CEO"", ""summary"": ""The value of the cryptocurrency market could almost double to $5 trillion by the end of the year, propelled by the January approval of spot bitcoin exchange-traded funds in the U.S. and the mining-rew..."", ""url"": ""https://coindesk.com/business/2024/04/08/crypto-market-cap-to-double-to-5-trillion-by-year-end-ripple-ceo"", ""source"": ""CoinDesk"", ""sentiment"": ""POSITIVE"", ""keywords"": ""Ripple|Brad Garlinghouse"", ""id"": 42418442, ""guid"": ""ha93388BwWkPe8xtcThGYf""}, {""date"": ""20240404143753"", ""headline"": ""What Does Ripple\u2019s Stablecoin Mean for XRP?"", ""summary"": ""Ripple has declared the death of {{XRP}}. Well, to be fair, to be accurate, Ripple CEO Brad Garlinghouse has said the exact opposite when announcing the Silicon Valley crypto mainstay would launch a U..."", ""url"": ""https://coindesk.com/opinion/2024/04/04/what-does-ripples-stablecoin-mean-for-xrp"", ""source"": ""CoinDesk"", ""sentiment"": ""NEGATIVE"", ""keywords"": ""Opinion|Ripple|XRP|The Node|Newsletters|Stablecoins|Remittances"", ""id"": 42408536, ""guid"": ""GJVPKSa3D710Liw1gaKQe6""}, {""date"": ""20240404090000"", ""headline"": ""Ripple, Developer Behind XRP Ledger, Enters Stablecoin Fray vs. Tether, USDC"", ""summary"": ""Ripple, the enterprise-focused blockchain service and creator of the XRP Ledger, is introducing its own stablecoin pegged to the price of the U.S. dollar.\n\n\""The stablecoin market is over $150 billion ..."", ""url"": ""https://coindesk.com/tech/2024/04/04/ripple-developer-behind-xrp-ledger-enters-stablecoin-fray-vs-tether-usdc"", ""source"": ""CoinDesk"", ""sentiment"": ""POSITIVE"", ""keywords"": ""Ripple|Stablecoin|XRP|David Schwartz"", ""id"": 42408542, ""guid"": ""GJVPKSa3D710Liw1gaKR1F""}]",{}
20,2024-05-31,2024-05-24,0.517799973487854,0.5357530117034912,-0.03350991562054567,D4,"[{""date"": ""20240530182224"", ""headline"": ""Ripple's Brad Garlinghouse Foresees XRP, Solana, Cardano ETFs: Consensus 2024"", ""summary"": ""Brad Garlinghouse predicts the inevitable approval of XRP, Solana and Cardano ETFs, despite significant regulatory hurdles.\n\nGarlinghouse criticized the SEC's unclear crypto regulations, highlighting ..."", ""url"": ""https://coindesk.com/markets/2024/05/30/ripples-brad-garlinghouse-foresees-xrp-solana-cardano-etfs"", ""source"": ""CoinDesk"", ""sentiment"": ""POSITIVE"", ""keywords"": ""Brad Garlinghouse|Solana|XRP|ETF|Crypto ETF|Cardano"", ""id"": 42408112, ""guid"": ""GJVPKSa3D710Liw1ga9ovd""}, {""date"": ""20240529050000"", ""headline"": ""Ripple Donates Another $25M to Crypto Super PAC Fairshake"", ""summary"": ""Ripple has added another $25 million to the coffers of Fairshake, a federal crypto super political action committee (PAC) that\u2019s spending big this election year to support crypto-friendly Congressiona..."", ""url"": ""https://coindesk.com/policy/2024/05/29/ripple-donates-another-25m-to-crypto-super-pac-fairshake"", ""source"": ""CoinDesk"", ""sentiment"": ""POSITIVE"", ""keywords"": ""Regulations|PAC|Ripple|Election 2024"", ""id"": 42408150, ""guid"": ""GJVPKSa3D710Liw1gaA6Mq""}]",{}
21,2024-06-07,2024-05-31,0.4989509880542755,0.517799973487854,-0.036402059479867147,D4,"[{""date"": ""20240530182224"", ""headline"": ""Ripple's Brad Garlinghouse Foresees XRP, Solana, Cardano ETFs: Consensus 2024"", ""summary"": ""Brad Garlinghouse predicts the inevitable approval of XRP, Solana and Cardano ETFs, despite significant regulatory hurdles.\n\nGarlinghouse criticized the SEC's unclear crypto regulations, highlighting ..."", ""url"": ""https://coindesk.com/markets/2024/05/30/ripples-brad-garlinghouse-foresees-xrp-solana-cardano-etfs"", ""source"": ""CoinDesk"", ""sentiment"": ""POSITIVE"", ""keywords"": ""Brad Garlinghouse|Solana|XRP|ETF|Crypto ETF|Cardano"", ""id"": 42408112, ""guid"": ""GJVPKSa3D710Liw1ga9ovd""}, {""date"": ""20240529050000"", ""headline"": ""Ripple Donates Another $25M to Crypto Super PAC Fairshake"", ""summary"": ""Ripple has added another $25 million to the coffers of Fairshake, a federal crypto super political action committee (PAC) that\u2019s spending big this election year to support crypto-friendly Congressiona..."", ""url"": ""https://coindesk.com/policy/2024/05/29/ripple-donates-another-25m-to-crypto-super-pac-fairshake"", ""source"": ""CoinDesk"", ""sentiment"": ""POSITIVE"", ""keywords"": ""Regulations|PAC|Ripple|Election 2024"", ""id"": 42408150, ""guid"": ""GJVPKSa3D710Liw1gaA6Mq""}, {""date"": ""20240423033234"", ""headline"": ""Ripple Says $10M Penalty Enough, Rejects SEC\u2019s Ask of $1.95B Fine in Final Judgment "", ""summary"": ""Ripple Labs has opposed the SEC\u2019s proposal seeking a nearly $2 billion fine against the company.\n\nRipple Labs said the Court should impose a civil penalty of no more than $10 million.\n\nRipple Labs fil..."", ""url"": ""https://coindesk.com/policy/2024/04/23/ripple-says-10m-penalty-enough-rejects-secs-ask-of-195b-fine-in-final-judgment"", ""source"": ""CoinDesk"", ""sentiment"": ""NEGATIVE"", ""keywords"": ""Regulations|Ripple|XRP|Crypto|SEC|Securities|judge|Judge analisa torres|New York"", ""id"": 42408424, ""guid"": ""GJVPKSa3D710Liw1gaIkyM""}, {""date"": ""20240410112301"", ""headline"": ""Ripple-Owned Metaco Sees Most of Execs and Marketing Teams Depart: Source"", ""summary"": ""Metaco lost five executives and marketing team members following the recent departure of the CEO and chief product officer.\n\nThe cryptocurrency custody firm was acquired by Ripple last year for $250 m..."", ""url"": ""https://coindesk.com/business/2024/04/10/ripple-owned-metaco-sees-most-of-execs-and-marketing-teams-depart-source"", ""source"": ""CoinDesk"", ""sentiment"": ""NEGATIVE"", ""keywords"": ""Metaco|Ripple|Exclusive "", ""id"": 42408514, ""guid"": ""GJVPKSa3D710Liw1gaJd36""}, {""date"": ""20240408115450"", ""headline"": ""Crypto Market Cap to Double to $5 Trillion by Year-End: Ripple CEO"", ""summary"": ""The value of the cryptocurrency market could almost double to $5 trillion by the end of the year, propelled by the January approval of spot bitcoin exchange-traded funds in the U.S. and the mining-rew..."", ""url"": ""https://coindesk.com/business/2024/04/08/crypto-market-cap-to-double-to-5-trillion-by-year-end-ripple-ceo"", ""source"": ""CoinDesk"", ""sentiment"": ""POSITIVE"", ""keywords"": ""Ripple|Brad Garlinghouse"", ""id"": 42418442, ""guid"": ""ha93388BwWkPe8xtcThGYf""}]",{}
22,2024-06-14,2024-06-07,0.47427499294281006,0.4989509880542755,-0.049455749567092186,D5,"[{""date"": ""20240530182224"", ""headline"": ""Ripple's Brad Garlinghouse Foresees XRP, Solana, Cardano ETFs: Consensus 2024"", ""summary"": ""Brad Garlinghouse predicts the inevitable approval of XRP, Solana and Cardano ETFs, despite significant regulatory hurdles.\n\nGarlinghouse criticized the SEC's unclear crypto regulations, highlighting ..."", ""url"": ""https://coindesk.com/markets/2024/05/30/ripples-brad-garlinghouse-foresees-xrp-solana-cardano-etfs"", ""source"": ""CoinDesk"", ""sentiment"": ""POSITIVE"", ""keywords"": ""Brad Garlinghouse|Solana|XRP|ETF|Crypto ETF|Cardano"", ""id"": 42408112, ""guid"": ""GJVPKSa3D710Liw1ga9ovd""}, {""date"": ""20240529050000"", ""headline"": ""Ripple Donates Another $25M to Crypto Super PAC Fairshake"", ""summary"": ""Ripple has added another $25 million to the coffers of Fairshake, a federal crypto super political action committee (PAC) that\u2019s spending big this election year to support crypto-friendly Congressiona..."", ""url"": ""https://coindesk.com/policy/2024/05/29/ripple-donates-another-25m-to-crypto-super-pac-fairshake"", ""source"": ""CoinDesk"", ""sentiment"": ""POSITIVE"", ""keywords"": ""Regulations|PAC|Ripple|Election 2024"", ""id"": 42408150, ""guid"": ""GJVPKSa3D710Liw1gaA6Mq""}, {""date"": ""20240423033234"", ""headline"": ""Ripple Says $10M Penalty Enough, Rejects SEC\u2019s Ask of $1.95B Fine in Final Judgment "", ""summary"": ""Ripple Labs has opposed the SEC\u2019s proposal seeking a nearly $2 billion fine against the company.\n\nRipple Labs said the Court should impose a civil penalty of no more than $10 million.\n\nRipple Labs fil..."", ""url"": ""https://coindesk.com/policy/2024/04/23/ripple-says-10m-penalty-enough-rejects-secs-ask-of-195b-fine-in-final-judgment"", ""source"": ""CoinDesk"", ""sentiment"": ""NEGATIVE"", ""keywords"": ""Regulations|Ripple|XRP|Crypto|SEC|Securities|judge|Judge analisa torres|New York"", ""id"": 42408424, ""guid"": ""GJVPKSa3D710Liw1gaIkyM""}, {""date"": ""20240410112301"", ""headline"": ""Ripple-Owned Metaco Sees Most of Execs and Marketing Teams Depart: Source"", ""summary"": ""Metaco lost five executives and marketing team members following the recent departure of the CEO and chief product officer.\n\nThe cryptocurrency custody firm was acquired by Ripple last year for $250 m..."", ""url"": ""https://coindesk.com/business/2024/04/10/ripple-owned-metaco-sees-most-of-execs-and-marketing-teams-depart-source"", ""source"": ""CoinDesk"", ""sentiment"": ""NEGATIVE"", ""keywords"": ""Metaco|Ripple|Exclusive "", ""id"": 42408514, ""guid"": ""GJVPKSa3D710Liw1gaJd36""}, {""date"": ""20240408115450"", ""headline"": ""Crypto Market Cap to Double to $5 Trillion by Year-End: Ripple CEO"", ""summary"": ""The value of the cryptocurrency market could almost double to $5 trillion by the end of the year, propelled by the January approval of spot bitcoin exchange-traded funds in the U.S. and the mining-rew..."", ""url"": ""https://coindesk.com/business/2024/04/08/crypto-market-cap-to-double-to-5-trillion-by-year-end-ripple-ceo"", ""source"": ""CoinDesk"", ""sentiment"": ""POSITIVE"", ""keywords"": ""Ripple|Brad Garlinghouse"", ""id"": 42418442, ""guid"": ""ha93388BwWkPe8xtcThGYf""}]",{}
23,2024-06-21,2024-06-14,0.4889560043811798,0.47427499294281006,0.030954639516783556,U4,"[{""date"": ""20240620172804"", ""headline"": ""California Judge Dismisses Part of Civil Lawsuit Against Ripple, Sends Rest of Securities Case to Trial"", ""summary"": ""A civil lawsuit on a securities claim against Ripple CEO Brad Garlinghouse will proceed to trial in California.\n\nA judge dismissed several other claims made in the lawsuit.\n\nA California judge has rul..."", ""url"": ""https://coindesk.com/policy/2024/06/20/california-judge-breaks-with-new-york-counterpart-sends-ripple-securities-lawsuit-to-trial"", ""source"": ""CoinDesk"", ""sentiment"": ""NEUTRAL"", ""keywords"": ""Regulations|Ripple|Lawsuit"", ""id"": 42408014, ""guid"": ""GJVPKSa3D710Liw1ga8knd""}]",{}
24,2024-06-28,2024-06-21,0.4708850085735321,0.4889560043811798,-0.03695832681412362,D4,"[{""date"": ""20240628150928"", ""headline"": ""Ripple\u2019s Big Court Win Nonetheless Muddied Waters on Whether XRP Is a Security Deserving Tougher Regulation"", ""summary"": ""Ripple\u2019s California victory muddies the waters on whether or not XRP can be considered a security, according to attorneys active in the crypto space.\n\nDistrict court judges are not required to agree w..."", ""url"": ""https://coindesk.com/policy/2024/06/28/ripples-big-court-win-nonetheless-muddied-waters-on-whether-xrp-is-a-security-deserving-tougher-regulation"", ""source"": ""CoinDesk"", ""sentiment"": ""NEUTRAL"", ""keywords"": ""Regulations|Ripple|XRP"", ""id"": 42417866, ""guid"": ""ha93388BwWkPe8xtcTa56b""}, {""date"": ""20240620172804"", ""headline"": ""California Judge Dismisses Part of Civil Lawsuit Against Ripple, Sends Rest of Securities Case to Trial"", ""summary"": ""A civil lawsuit on a securities claim against Ripple CEO Brad Garlinghouse will proceed to trial in California.\n\nA judge dismissed several other claims made in the lawsuit.\n\nA California judge has rul..."", ""url"": ""https://coindesk.com/policy/2024/06/20/california-judge-breaks-with-new-york-counterpart-sends-ripple-securities-lawsuit-to-trial"", ""source"": ""CoinDesk"", ""sentiment"": ""NEUTRAL"", ""keywords"": ""Regulations|Ripple|Lawsuit"", ""id"": 42408014, ""guid"": ""GJVPKSa3D710Liw1ga8knd""}, {""date"": ""20240530182224"", ""headline"": ""Ripple's Brad Garlinghouse Foresees XRP, Solana, Cardano ETFs: Consensus 2024"", ""summary"": ""Brad Garlinghouse predicts the inevitable approval of XRP, Solana and Cardano ETFs, despite significant regulatory hurdles.\n\nGarlinghouse criticized the SEC's unclear crypto regulations, highlighting ..."", ""url"": ""https://coindesk.com/markets/2024/05/30/ripples-brad-garlinghouse-foresees-xrp-solana-cardano-etfs"", ""source"": ""CoinDesk"", ""sentiment"": ""POSITIVE"", ""keywords"": ""Brad Garlinghouse|Solana|XRP|ETF|Crypto ETF|Cardano"", ""id"": 42408112, ""guid"": ""GJVPKSa3D710Liw1ga9ovd""}, {""date"": ""20240529050000"", ""headline"": ""Ripple Donates Another $25M to Crypto Super PAC Fairshake"", ""summary"": ""Ripple has added another $25 million to the coffers of Fairshake, a federal crypto super political action committee (PAC) that\u2019s spending big this election year to support crypto-friendly Congressiona..."", ""url"": ""https://coindesk.com/policy/2024/05/29/ripple-donates-another-25m-to-crypto-super-pac-fairshake"", ""source"": ""CoinDesk"", ""sentiment"": ""POSITIVE"", ""keywords"": ""Regulations|PAC|Ripple|Election 2024"", ""id"": 42408150, ""guid"": ""GJVPKSa3D710Liw1gaA6Mq""}, {""date"": ""20240423033234"", ""headline"": ""Ripple Says $10M Penalty Enough, Rejects SEC\u2019s Ask of $1.95B Fine in Final Judgment "", ""summary"": ""Ripple Labs has opposed the SEC\u2019s proposal seeking a nearly $2 billion fine against the company.\n\nRipple Labs said the Court should impose a civil penalty of no more than $10 million.\n\nRipple Labs fil..."", ""url"": ""https://coindesk.com/policy/2024/04/23/ripple-says-10m-penalty-enough-rejects-secs-ask-of-195b-fine-in-final-judgment"", ""source"": ""CoinDesk"", ""sentiment"": ""NEGATIVE"", ""keywords"": ""Regulations|Ripple|XRP|Crypto|SEC|Securities|judge|Judge analisa torres|New York"", ""id"": 42408424, ""guid"": ""GJVPKSa3D710Liw1gaIkyM""}]",{}
25,2024-07-05,2024-06-28,0.42549198865890503,0.4708850085735321,-0.09639937370726175,D5+,"[{""date"": ""20240628150928"", ""headline"": ""Ripple\u2019s Big Court Win Nonetheless Muddied Waters on Whether XRP Is a Security Deserving Tougher Regulation"", ""summary"": ""Ripple\u2019s California victory muddies the waters on whether or not XRP can be considered a security, according to attorneys active in the crypto space.\n\nDistrict court judges are not required to agree w..."", ""url"": ""https://coindesk.com/policy/2024/06/28/ripples-big-court-win-nonetheless-muddied-waters-on-whether-xrp-is-a-security-deserving-tougher-regulation"", ""source"": ""CoinDesk"", ""sentiment"": ""NEUTRAL"", ""keywords"": ""Regulations|Ripple|XRP"", ""id"": 42417866, ""guid"": ""ha93388BwWkPe8xtcTa56b""}]",{}
26,2024-07-12,2024-07-05,0.4747300148010254,0.42549198865890503,0.11572021907465795,U5+,"[{""date"": ""20240628150928"", ""headline"": ""Ripple\u2019s Big Court Win Nonetheless Muddied Waters on Whether XRP Is a Security Deserving Tougher Regulation"", ""summary"": ""Ripple\u2019s California victory muddies the waters on whether or not XRP can be considered a security, according to attorneys active in the crypto space.\n\nDistrict court judges are not required to agree w..."", ""url"": ""https://coindesk.com/policy/2024/06/28/ripples-big-court-win-nonetheless-muddied-waters-on-whether-xrp-is-a-security-deserving-tougher-regulation"", ""source"": ""CoinDesk"", ""sentiment"": ""NEUTRAL"", ""keywords"": ""Regulations|Ripple|XRP"", ""id"": 42417866, ""guid"": ""ha93388BwWkPe8xtcTa56b""}, {""date"": ""20240620172804"", ""headline"": ""California Judge Dismisses Part of Civil Lawsuit Against Ripple, Sends Rest of Securities Case to Trial"", ""summary"": ""A civil lawsuit on a securities claim against Ripple CEO Brad Garlinghouse will proceed to trial in California.\n\nA judge dismissed several other claims made in the lawsuit.\n\nA California judge has rul..."", ""url"": ""https://coindesk.com/policy/2024/06/20/california-judge-breaks-with-new-york-counterpart-sends-ripple-securities-lawsuit-to-trial"", ""source"": ""CoinDesk"", ""sentiment"": ""NEUTRAL"", ""keywords"": ""Regulations|Ripple|Lawsuit"", ""id"": 42408014, ""guid"": ""GJVPKSa3D710Liw1ga8knd""}, {""date"": ""20240530182224"", ""headline"": ""Ripple's Brad Garlinghouse Foresees XRP, Solana, Cardano ETFs: Consensus 2024"", ""summary"": ""Brad Garlinghouse predicts the inevitable approval of XRP, Solana and Cardano ETFs, despite significant regulatory hurdles.\n\nGarlinghouse criticized the SEC's unclear crypto regulations, highlighting ..."", ""url"": ""https://coindesk.com/markets/2024/05/30/ripples-brad-garlinghouse-foresees-xrp-solana-cardano-etfs"", ""source"": ""CoinDesk"", ""sentiment"": ""POSITIVE"", ""keywords"": ""Brad Garlinghouse|Solana|XRP|ETF|Crypto ETF|Cardano"", ""id"": 42408112, ""guid"": ""GJVPKSa3D710Liw1ga9ovd""}, {""date"": ""20240529050000"", ""headline"": ""Ripple Donates Another $25M to Crypto Super PAC Fairshake"", ""summary"": ""Ripple has added another $25 million to the coffers of Fairshake, a federal crypto super political action committee (PAC) that\u2019s spending big this election year to support crypto-friendly Congressiona..."", ""url"": ""https://coindesk.com/policy/2024/05/29/ripple-donates-another-25m-to-crypto-super-pac-fairshake"", ""source"": ""CoinDesk"", ""sentiment"": ""POSITIVE"", ""keywords"": ""Regulations|PAC|Ripple|Election 2024"", ""id"": 42408150, ""guid"": ""GJVPKSa3D710Liw1gaA6Mq""}, {""date"": ""20240423033234"", ""headline"": ""Ripple Says $10M Penalty Enough, Rejects SEC\u2019s Ask of $1.95B Fine in Final Judgment "", ""summary"": ""Ripple Labs has opposed the SEC\u2019s proposal seeking a nearly $2 billion fine against the company.\n\nRipple Labs said the Court should impose a civil penalty of no more than $10 million.\n\nRipple Labs fil..."", ""url"": ""https://coindesk.com/policy/2024/04/23/ripple-says-10m-penalty-enough-rejects-secs-ask-of-195b-fine-in-final-judgment"", ""source"": ""CoinDesk"", ""sentiment"": ""NEGATIVE"", ""keywords"": ""Regulations|Ripple|XRP|Crypto|SEC|Securities|judge|Judge analisa torres|New York"", ""id"": 42408424, ""guid"": ""GJVPKSa3D710Liw1gaIkyM""}]",{}
27,2024-07-19,2024-07-12,0.5737519860267639,0.4747300148010254,0.20858586594159592,U5+,"[{""date"": ""20240719060742"", ""headline"": ""Ripple Settlement Hopes Pushed XRP Volumes Above Bitcoin on S. Korean Exchanges This Week"", ""summary"": ""Trading volume in XRP on South Korean crypto exchanges surpassed that of bitcoin, topping 40% on UpBit and 35% on Bithumb and Korbit, indicating a high demand for XRP in the country.\n\nTraders warn of ..."", ""url"": ""https://coindesk.com/markets/2024/07/19/ripple-settlement-hopes-pushed-xrp-volumes-above-bitcoin-on-s-korean-exchanges-this-week"", ""source"": ""CoinDesk"", ""sentiment"": ""POSITIVE"", ""keywords"": ""XRP|Trading|Markets|South Korea"", ""id"": 42407836, ""guid"": ""GJVPKSa3D710Liw1ga6CjJ""}, {""date"": ""20240628150928"", ""headline"": ""Ripple\u2019s Big Court Win Nonetheless Muddied Waters on Whether XRP Is a Security Deserving Tougher Regulation"", ""summary"": ""Ripple\u2019s California victory muddies the waters on whether or not XRP can be considered a security, according to attorneys active in the crypto space.\n\nDistrict court judges are not required to agree w..."", ""url"": ""https://coindesk.com/policy/2024/06/28/ripples-big-court-win-nonetheless-muddied-waters-on-whether-xrp-is-a-security-deserving-tougher-regulation"", ""source"": ""CoinDesk"", ""sentiment"": ""NEUTRAL"", ""keywords"": ""Regulations|Ripple|XRP"", ""id"": 42417866, ""guid"": ""ha93388BwWkPe8xtcTa56b""}, {""date"": ""20240620172804"", ""headline"": ""California Judge Dismisses Part of Civil Lawsuit Against Ripple, Sends Rest of Securities Case to Trial"", ""summary"": ""A civil lawsuit on a securities claim against Ripple CEO Brad Garlinghouse will proceed to trial in California.\n\nA judge dismissed several other claims made in the lawsuit.\n\nA California judge has rul..."", ""url"": ""https://coindesk.com/policy/2024/06/20/california-judge-breaks-with-new-york-counterpart-sends-ripple-securities-lawsuit-to-trial"", ""source"": ""CoinDesk"", ""sentiment"": ""NEUTRAL"", ""keywords"": ""Regulations|Ripple|Lawsuit"", ""id"": 42408014, ""guid"": ""GJVPKSa3D710Liw1ga8knd""}, {""date"": ""20240530182224"", ""headline"": ""Ripple's Brad Garlinghouse Foresees XRP, Solana, Cardano ETFs: Consensus 2024"", ""summary"": ""Brad Garlinghouse predicts the inevitable approval of XRP, Solana and Cardano ETFs, despite significant regulatory hurdles.\n\nGarlinghouse criticized the SEC's unclear crypto regulations, highlighting ..."", ""url"": ""https://coindesk.com/markets/2024/05/30/ripples-brad-garlinghouse-foresees-xrp-solana-cardano-etfs"", ""source"": ""CoinDesk"", ""sentiment"": ""POSITIVE"", ""keywords"": ""Brad Garlinghouse|Solana|XRP|ETF|Crypto ETF|Cardano"", ""id"": 42408112, ""guid"": ""GJVPKSa3D710Liw1ga9ovd""}, {""date"": ""20240529050000"", ""headline"": ""Ripple Donates Another $25M to Crypto Super PAC Fairshake"", ""summary"": ""Ripple has added another $25 million to the coffers of Fairshake, a federal crypto super political action committee (PAC) that\u2019s spending big this election year to support crypto-friendly Congressiona..."", ""url"": ""https://coindesk.com/policy/2024/05/29/ripple-donates-another-25m-to-crypto-super-pac-fairshake"", ""source"": ""CoinDesk"", ""sentiment"": ""POSITIVE"", ""keywords"": ""Regulations|PAC|Ripple|Election 2024"", ""id"": 42408150, ""guid"": ""GJVPKSa3D710Liw1gaA6Mq""}]",{}
28,2024-07-26,2024-07-19,0.6040679812431335,0.5737519860267639,0.052838152990646856,U5+,"[{""date"": ""20240719060742"", ""headline"": ""Ripple Settlement Hopes Pushed XRP Volumes Above Bitcoin on S. Korean Exchanges This Week"", ""summary"": ""Trading volume in XRP on South Korean crypto exchanges surpassed that of bitcoin, topping 40% on UpBit and 35% on Bithumb and Korbit, indicating a high demand for XRP in the country.\n\nTraders warn of ..."", ""url"": ""https://coindesk.com/markets/2024/07/19/ripple-settlement-hopes-pushed-xrp-volumes-above-bitcoin-on-s-korean-exchanges-this-week"", ""source"": ""CoinDesk"", ""sentiment"": ""POSITIVE"", ""keywords"": ""XRP|Trading|Markets|South Korea"", ""id"": 42407836, ""guid"": ""GJVPKSa3D710Liw1ga6CjJ""}]",{}
29,2024-08-02,2024-07-26,0.5607709884643555,0.6040679812431335,-0.07167569565543867,D5+,"[{""date"": ""20240801064459"", ""headline"": ""Ripple to Allocate $10M to Tokenized U.S. Treasury Bills on XRP Ledger"", ""summary"": ""Ripple will allocate $10 million in tokenized U.S. Treasury bills on the XRP Ledger, marking the first issuance of such tokens on the platform.\n\nThe initiative is part of a broader trend in the crypto..."", ""url"": ""https://coindesk.com/business/2024/08/01/ripple-to-allocate-10m-to-tokenized-us-treasury-bills-on-xrp-ledger"", ""source"": ""CoinDesk"", ""sentiment"": ""POSITIVE"", ""keywords"": ""Ripple|Blockchain|Real World Assets  |Tokenization|XRP Ledger"", ""id"": 42390666, ""guid"": ""CpI5Y2Su0uMQDo69bd5T2F""}, {""date"": ""20240731025653"", ""headline"": ""XRP Surges 7% Amid Ripple-SEC Settlement Hopes, $600M Token Unlock"", ""summary"": ""XRP draws highest price since March 25.\n\nTraders foresee an end to the legal dispute between the SEC and Ripple Labs.\n\nOptimism from traders pushed payments-focused XRP token to the front of the marke..."", ""url"": ""https://coindesk.com/markets/2024/07/31/xrp-surges-7-amid-ripple-sec-settlement-hopes-600m-token-unlock"", ""source"": ""CoinDesk"", ""sentiment"": ""POSITIVE"", ""keywords"": ""Trading|Markets|XRP"", ""id"": 42390698, ""guid"": ""CpI5Y2Su0uMQDo69bd5iAr""}]",{}
30,2024-08-09,2024-08-02,0.5811529755592346,0.5607709884643555,0.03634636511901988,U4,"[{""date"": ""20240808030315"", ""headline"": ""XRP Jumps 17%, Beating Bitcoin Gains, as Ripple-SEC Case Ends"", ""summary"": ""XRP surged 17% after a court ruling in the case involving Ripple Labs and the U.S. Securities and Exchange Commission (SEC). This led to a jump in its price from 50 cents to 65 cents and a significant..."", ""url"": ""https://coindesk.com/markets/2024/08/08/xrp-jumps-17-beating-bitcoin-gains-as-ripple-sec-case-ends"", ""source"": ""CoinDesk"", ""sentiment"": ""POSITIVE"", ""keywords"": ""XRP|Kamala Harris|Donald Trump|btc|ETH|Bitcoin ETF|ether ETF"", ""id"": 42417487, ""guid"": ""ha93388BwWkPe8xtcTYZ8X""}, {""date"": ""20240807161507"", ""headline"": ""Judge Fines Ripple $125M, Bans Future Securities Law Violations in Long-Running SEC Case"", ""summary"": ""A federal judge imposed a $125 million fine on Ripple after finding last year that its institutional sales of XRP violated federal securities laws.\n\nThe judge reiterated her view that Ripple's program..."", ""url"": ""https://coindesk.com/policy/2024/08/07/judge-fines-ripple-125m-bans-future-securities-law-violations-in-long-running-sec-case"", ""source"": ""CoinDesk"", ""sentiment"": ""NEGATIVE"", ""keywords"": ""Regulations|SEC|Ripple"", ""id"": 42390655, ""guid"": ""CpI5Y2Su0uMQDo69bd50zV""}]",{}
31,2024-08-16,2024-08-09,0.564516007900238,0.5811529755592346,-0.02862751867180424,D3,"[{""date"": ""20240815223000"", ""headline"": ""What's Next in SEC v. Ripple?"", ""summary"": ""Last week, a federal judge ruled that Ripple should pay $125 million after finding last year that the company had violated federal securities laws with its direct sales of XRP to institutional clients..."", ""url"": ""https://coindesk.com/opinion/2024/08/16/whats-next-in-sec-v-ripple"", ""source"": ""CoinDesk"", ""sentiment"": ""NEUTRAL"", ""keywords"": ""Newsletters|State of Crypto|Regulations|SEC|Ripple"", ""id"": 42390603, ""guid"": ""CpI5Y2Su0uMQDo69bd4365""}, {""date"": ""20240809125359"", ""headline"": ""Ripple Begins Testing Its Stablecoin on Ethereum and XRP Ledger"", ""summary"": ""Ripple's new stablecoin is being tested on Ethereum and XRP Ledger.\n\nRLUSD isn't tradeable yet as it still has to get regulatory approval.\n\nRipple, the enterprise-focused blockchain service closely re..."", ""url"": ""https://coindesk.com/business/2024/08/09/ripple-begins-testing-its-stablecoin-on-ethereum-and-xrp-ledger"", ""source"": ""CoinDesk"", ""sentiment"": ""POSITIVE"", ""keywords"": ""Ripple|XRP Ledger|Stablecoins"", ""id"": 42390625, ""guid"": ""CpI5Y2Su0uMQDo69bd4cAn""}]",{}
32,2024-08-23,2024-08-16,0.6112390160560608,0.564516007900238,0.08276648935007651,U5+,"[{""date"": ""20240815223000"", ""headline"": ""What's Next in SEC v. Ripple?"", ""summary"": ""Last week, a federal judge ruled that Ripple should pay $125 million after finding last year that the company had violated federal securities laws with its direct sales of XRP to institutional clients..."", ""url"": ""https://coindesk.com/opinion/2024/08/16/whats-next-in-sec-v-ripple"", ""source"": ""CoinDesk"", ""sentiment"": ""NEUTRAL"", ""keywords"": ""Newsletters|State of Crypto|Regulations|SEC|Ripple"", ""id"": 42390603, ""guid"": ""CpI5Y2Su0uMQDo69bd4365""}, {""date"": ""20240809125359"", ""headline"": ""Ripple Begins Testing Its Stablecoin on Ethereum and XRP Ledger"", ""summary"": ""Ripple's new stablecoin is being tested on Ethereum and XRP Ledger.\n\nRLUSD isn't tradeable yet as it still has to get regulatory approval.\n\nRipple, the enterprise-focused blockchain service closely re..."", ""url"": ""https://coindesk.com/business/2024/08/09/ripple-begins-testing-its-stablecoin-on-ethereum-and-xrp-ledger"", ""source"": ""CoinDesk"", ""sentiment"": ""POSITIVE"", ""keywords"": ""Ripple|XRP Ledger|Stablecoins"", ""id"": 42390625, ""guid"": ""CpI5Y2Su0uMQDo69bd4cAn""}, {""date"": ""20240808030315"", ""headline"": ""XRP Jumps 17%, Beating Bitcoin Gains, as Ripple-SEC Case Ends"", ""summary"": ""XRP surged 17% after a court ruling in the case involving Ripple Labs and the U.S. Securities and Exchange Commission (SEC). This led to a jump in its price from 50 cents to 65 cents and a significant..."", ""url"": ""https://coindesk.com/markets/2024/08/08/xrp-jumps-17-beating-bitcoin-gains-as-ripple-sec-case-ends"", ""source"": ""CoinDesk"", ""sentiment"": ""POSITIVE"", ""keywords"": ""XRP|Kamala Harris|Donald Trump|btc|ETH|Bitcoin ETF|ether ETF"", ""id"": 42417487, ""guid"": ""ha93388BwWkPe8xtcTYZ8X""}, {""date"": ""20240807161507"", ""headline"": ""Judge Fines Ripple $125M, Bans Future Securities Law Violations in Long-Running SEC Case"", ""summary"": ""A federal judge imposed a $125 million fine on Ripple after finding last year that its institutional sales of XRP violated federal securities laws.\n\nThe judge reiterated her view that Ripple's program..."", ""url"": ""https://coindesk.com/policy/2024/08/07/judge-fines-ripple-125m-bans-future-securities-law-violations-in-long-running-sec-case"", ""source"": ""CoinDesk"", ""sentiment"": ""NEGATIVE"", ""keywords"": ""Regulations|SEC|Ripple"", ""id"": 42390655, ""guid"": ""CpI5Y2Su0uMQDo69bd50zV""}, {""date"": ""20240801064459"", ""headline"": ""Ripple to Allocate $10M to Tokenized U.S. Treasury Bills on XRP Ledger"", ""summary"": ""Ripple will allocate $10 million in tokenized U.S. Treasury bills on the XRP Ledger, marking the first issuance of such tokens on the platform.\n\nThe initiative is part of a broader trend in the crypto..."", ""url"": ""https://coindesk.com/business/2024/08/01/ripple-to-allocate-10m-to-tokenized-us-treasury-bills-on-xrp-ledger"", ""source"": ""CoinDesk"", ""sentiment"": ""POSITIVE"", ""keywords"": ""Ripple|Blockchain|Real World Assets  |Tokenization|XRP Ledger"", ""id"": 42390666, ""guid"": ""CpI5Y2Su0uMQDo69bd5T2F""}]",{}
33,2024-08-30,2024-08-23,0.5670310258865356,0.6112390160560608,-0.07232520995595369,D5+,"[{""date"": ""20240815223000"", ""headline"": ""What's Next in SEC v. Ripple?"", ""summary"": ""Last week, a federal judge ruled that Ripple should pay $125 million after finding last year that the company had violated federal securities laws with its direct sales of XRP to institutional clients..."", ""url"": ""https://coindesk.com/opinion/2024/08/16/whats-next-in-sec-v-ripple"", ""source"": ""CoinDesk"", ""sentiment"": ""NEUTRAL"", ""keywords"": ""Newsletters|State of Crypto|Regulations|SEC|Ripple"", ""id"": 42390603, ""guid"": ""CpI5Y2Su0uMQDo69bd4365""}, {""date"": ""20240809125359"", ""headline"": ""Ripple Begins Testing Its Stablecoin on Ethereum and XRP Ledger"", ""summary"": ""Ripple's new stablecoin is being tested on Ethereum and XRP Ledger.\n\nRLUSD isn't tradeable yet as it still has to get regulatory approval.\n\nRipple, the enterprise-focused blockchain service closely re..."", ""url"": ""https://coindesk.com/business/2024/08/09/ripple-begins-testing-its-stablecoin-on-ethereum-and-xrp-ledger"", ""source"": ""CoinDesk"", ""sentiment"": ""POSITIVE"", ""keywords"": ""Ripple|XRP Ledger|Stablecoins"", ""id"": 42390625, ""guid"": ""CpI5Y2Su0uMQDo69bd4cAn""}, {""date"": ""20240808030315"", ""headline"": ""XRP Jumps 17%, Beating Bitcoin Gains, as Ripple-SEC Case Ends"", ""summary"": ""XRP surged 17% after a court ruling in the case involving Ripple Labs and the U.S. Securities and Exchange Commission (SEC). This led to a jump in its price from 50 cents to 65 cents and a significant..."", ""url"": ""https://coindesk.com/markets/2024/08/08/xrp-jumps-17-beating-bitcoin-gains-as-ripple-sec-case-ends"", ""source"": ""CoinDesk"", ""sentiment"": ""POSITIVE"", ""keywords"": ""XRP|Kamala Harris|Donald Trump|btc|ETH|Bitcoin ETF|ether ETF"", ""id"": 42417487, ""guid"": ""ha93388BwWkPe8xtcTYZ8X""}, {""date"": ""20240807161507"", ""headline"": ""Judge Fines Ripple $125M, Bans Future Securities Law Violations in Long-Running SEC Case"", ""summary"": ""A federal judge imposed a $125 million fine on Ripple after finding last year that its institutional sales of XRP violated federal securities laws.\n\nThe judge reiterated her view that Ripple's program..."", ""url"": ""https://coindesk.com/policy/2024/08/07/judge-fines-ripple-125m-bans-future-securities-law-violations-in-long-running-sec-case"", ""source"": ""CoinDesk"", ""sentiment"": ""NEGATIVE"", ""keywords"": ""Regulations|SEC|Ripple"", ""id"": 42390655, ""guid"": ""CpI5Y2Su0uMQDo69bd50zV""}, {""date"": ""20240801064459"", ""headline"": ""Ripple to Allocate $10M to Tokenized U.S. Treasury Bills on XRP Ledger"", ""summary"": ""Ripple will allocate $10 million in tokenized U.S. Treasury bills on the XRP Ledger, marking the first issuance of such tokens on the platform.\n\nThe initiative is part of a broader trend in the crypto..."", ""url"": ""https://coindesk.com/business/2024/08/01/ripple-to-allocate-10m-to-tokenized-us-treasury-bills-on-xrp-ledger"", ""source"": ""CoinDesk"", ""sentiment"": ""POSITIVE"", ""keywords"": ""Ripple|Blockchain|Real World Assets  |Tokenization|XRP Ledger"", ""id"": 42390666, ""guid"": ""CpI5Y2Su0uMQDo69bd5T2F""}]",{}
34,2024-09-06,2024-08-30,0.5213469862937927,0.5670310258865356,-0.08056708981896947,D5+,"[{""date"": ""20240904041234"", ""headline"": ""Ripple USD Stablecoin Could Be Issued in 'Weeks, Not Months': Garlinghouse "", ""summary"": ""Ripple is close to launching its U.S.-dollar pegged stablecoin, Ripple USD (RLUSD), with CEO Brad Garlinghouse indicating a launch timeline of \""weeks.\""\n\nRLUSD will be fully backed by U.S. dollar asset..."", ""url"": ""https://coindesk.com/business/2024/09/04/ripple-usd-stablecoin-could-be-issued-in-weeks-not-months-garlinghouse"", ""source"": ""CoinDesk"", ""sentiment"": ""POSITIVE"", ""keywords"": ""Ripple|Stablecoin"", ""id"": 42390479, ""guid"": ""CpI5Y2Su0uMQDo69bd20gv""}, {""date"": ""20240903080138"", ""headline"": ""Ripple Will Soon Add Ethereum Compatible Smart Contracts to XRP Ledger"", ""summary"": ""Ripple will add Ethereum-compatible smart contracts via a new sidechain to XRP Ledger, expanding its functionality beyond basic transactions.\n\nThis development includes using the Axelar network for cr..."", ""url"": ""https://coindesk.com/markets/2024/09/03/ripple-will-soon-add-ethereum-compatible-smart-contracts-to-xrp-ledger"", ""source"": ""CoinDesk"", ""sentiment"": ""POSITIVE"", ""keywords"": ""XRP|Technology|smart contracts"", ""id"": 42390495, ""guid"": ""CpI5Y2Su0uMQDo69bd28iR""}]",{}
35,2024-09-13,2024-09-06,0.5731490254402161,0.5213469862937927,0.09936192307292159,U5+,"[{""date"": ""20240906115615"", ""headline"": ""Ripple Co-Founder Among Kamala Harris' New Corporate Endorsers"", ""summary"": ""Ripple Co-Founder and Executive Chairman Chris Larsen is among the 88 corporate leaders who endorsed Vice-President Kamala Harris to be the future president of the United States in a letter.\n\nCrypto c..."", ""url"": ""https://coindesk.com/policy/2024/09/06/ripple-co-founder-among-kamala-harris-new-corporate-endorsers"", ""source"": ""CoinDesk"", ""sentiment"": ""NEUTRAL"", ""keywords"": ""Regulations|Kamala Harris|Crypto|US Elections|Elections|Ripple"", ""id"": 42390419, ""guid"": ""CpI5Y2Su0uMQDo69bd1ZTT""}]",{}
36,2024-09-20,2024-09-13,0.5851709842681885,0.5731490254402161,0.0209752757037993,U3,"[{""date"": ""20240906115615"", ""headline"": ""Ripple Co-Founder Among Kamala Harris' New Corporate Endorsers"", ""summary"": ""Ripple Co-Founder and Executive Chairman Chris Larsen is among the 88 corporate leaders who endorsed Vice-President Kamala Harris to be the future president of the United States in a letter.\n\nCrypto c..."", ""url"": ""https://coindesk.com/policy/2024/09/06/ripple-co-founder-among-kamala-harris-new-corporate-endorsers"", ""source"": ""CoinDesk"", ""sentiment"": ""NEUTRAL"", ""keywords"": ""Regulations|Kamala Harris|Crypto|US Elections|Elections|Ripple"", ""id"": 42390419, ""guid"": ""CpI5Y2Su0uMQDo69bd1ZTT""}, {""date"": ""20240904041234"", ""headline"": ""Ripple USD Stablecoin Could Be Issued in 'Weeks, Not Months': Garlinghouse "", ""summary"": ""Ripple is close to launching its U.S.-dollar pegged stablecoin, Ripple USD (RLUSD), with CEO Brad Garlinghouse indicating a launch timeline of \""weeks.\""\n\nRLUSD will be fully backed by U.S. dollar asset..."", ""url"": ""https://coindesk.com/business/2024/09/04/ripple-usd-stablecoin-could-be-issued-in-weeks-not-months-garlinghouse"", ""source"": ""CoinDesk"", ""sentiment"": ""POSITIVE"", ""keywords"": ""Ripple|Stablecoin"", ""id"": 42390479, ""guid"": ""CpI5Y2Su0uMQDo69bd20gv""}, {""date"": ""20240903080138"", ""headline"": ""Ripple Will Soon Add Ethereum Compatible Smart Contracts to XRP Ledger"", ""summary"": ""Ripple will add Ethereum-compatible smart contracts via a new sidechain to XRP Ledger, expanding its functionality beyond basic transactions.\n\nThis development includes using the Axelar network for cr..."", ""url"": ""https://coindesk.com/markets/2024/09/03/ripple-will-soon-add-ethereum-compatible-smart-contracts-to-xrp-ledger"", ""source"": ""CoinDesk"", ""sentiment"": ""POSITIVE"", ""keywords"": ""XRP|Technology|smart contracts"", ""id"": 42390495, ""guid"": ""CpI5Y2Su0uMQDo69bd28iR""}, {""date"": ""20240815223000"", ""headline"": ""What's Next in SEC v. Ripple?"", ""summary"": ""Last week, a federal judge ruled that Ripple should pay $125 million after finding last year that the company had violated federal securities laws with its direct sales of XRP to institutional clients..."", ""url"": ""https://coindesk.com/opinion/2024/08/16/whats-next-in-sec-v-ripple"", ""source"": ""CoinDesk"", ""sentiment"": ""NEUTRAL"", ""keywords"": ""Newsletters|State of Crypto|Regulations|SEC|Ripple"", ""id"": 42390603, ""guid"": ""CpI5Y2Su0uMQDo69bd4365""}, {""date"": ""20240809125359"", ""headline"": ""Ripple Begins Testing Its Stablecoin on Ethereum and XRP Ledger"", ""summary"": ""Ripple's new stablecoin is being tested on Ethereum and XRP Ledger.\n\nRLUSD isn't tradeable yet as it still has to get regulatory approval.\n\nRipple, the enterprise-focused blockchain service closely re..."", ""url"": ""https://coindesk.com/business/2024/08/09/ripple-begins-testing-its-stablecoin-on-ethereum-and-xrp-ledger"", ""source"": ""CoinDesk"", ""sentiment"": ""POSITIVE"", ""keywords"": ""Ripple|XRP Ledger|Stablecoins"", ""id"": 42390625, ""guid"": ""CpI5Y2Su0uMQDo69bd4cAn""}]",{}
37,2024-09-27,2024-09-20,0.5889269709587097,0.5851709842681885,0.006418614031620956,U1,"[{""date"": ""20240906115615"", ""headline"": ""Ripple Co-Founder Among Kamala Harris' New Corporate Endorsers"", ""summary"": ""Ripple Co-Founder and Executive Chairman Chris Larsen is among the 88 corporate leaders who endorsed Vice-President Kamala Harris to be the future president of the United States in a letter.\n\nCrypto c..."", ""url"": ""https://coindesk.com/policy/2024/09/06/ripple-co-founder-among-kamala-harris-new-corporate-endorsers"", ""source"": ""CoinDesk"", ""sentiment"": ""NEUTRAL"", ""keywords"": ""Regulations|Kamala Harris|Crypto|US Elections|Elections|Ripple"", ""id"": 42390419, ""guid"": ""CpI5Y2Su0uMQDo69bd1ZTT""}, {""date"": ""20240904041234"", ""headline"": ""Ripple USD Stablecoin Could Be Issued in 'Weeks, Not Months': Garlinghouse "", ""summary"": ""Ripple is close to launching its U.S.-dollar pegged stablecoin, Ripple USD (RLUSD), with CEO Brad Garlinghouse indicating a launch timeline of \""weeks.\""\n\nRLUSD will be fully backed by U.S. dollar asset..."", ""url"": ""https://coindesk.com/business/2024/09/04/ripple-usd-stablecoin-could-be-issued-in-weeks-not-months-garlinghouse"", ""source"": ""CoinDesk"", ""sentiment"": ""POSITIVE"", ""keywords"": ""Ripple|Stablecoin"", ""id"": 42390479, ""guid"": ""CpI5Y2Su0uMQDo69bd20gv""}, {""date"": ""20240903080138"", ""headline"": ""Ripple Will Soon Add Ethereum Compatible Smart Contracts to XRP Ledger"", ""summary"": ""Ripple will add Ethereum-compatible smart contracts via a new sidechain to XRP Ledger, expanding its functionality beyond basic transactions.\n\nThis development includes using the Axelar network for cr..."", ""url"": ""https://coindesk.com/markets/2024/09/03/ripple-will-soon-add-ethereum-compatible-smart-contracts-to-xrp-ledger"", ""source"": ""CoinDesk"", ""sentiment"": ""POSITIVE"", ""keywords"": ""XRP|Technology|smart contracts"", ""id"": 42390495, ""guid"": ""CpI5Y2Su0uMQDo69bd28iR""}, {""date"": ""20240815223000"", ""headline"": ""What's Next in SEC v. Ripple?"", ""summary"": ""Last week, a federal judge ruled that Ripple should pay $125 million after finding last year that the company had violated federal securities laws with its direct sales of XRP to institutional clients..."", ""url"": ""https://coindesk.com/opinion/2024/08/16/whats-next-in-sec-v-ripple"", ""source"": ""CoinDesk"", ""sentiment"": ""NEUTRAL"", ""keywords"": ""Newsletters|State of Crypto|Regulations|SEC|Ripple"", ""id"": 42390603, ""guid"": ""CpI5Y2Su0uMQDo69bd4365""}, {""date"": ""20240809125359"", ""headline"": ""Ripple Begins Testing Its Stablecoin on Ethereum and XRP Ledger"", ""summary"": ""Ripple's new stablecoin is being tested on Ethereum and XRP Ledger.\n\nRLUSD isn't tradeable yet as it still has to get regulatory approval.\n\nRipple, the enterprise-focused blockchain service closely re..."", ""url"": ""https://coindesk.com/business/2024/08/09/ripple-begins-testing-its-stablecoin-on-ethereum-and-xrp-ledger"", ""source"": ""CoinDesk"", ""sentiment"": ""POSITIVE"", ""keywords"": ""Ripple|XRP Ledger|Stablecoins"", ""id"": 42390625, ""guid"": ""CpI5Y2Su0uMQDo69bd4cAn""}]",{}
38,2024-10-04,2024-09-27,0.5343409776687622,0.5889269709587097,-0.09268720228772574,D5+,"[{""date"": ""20241003090000"", ""headline"": ""Ripple Partners With Brazilian Exchange Mercado Bitcoin to Offer Business-Focused Payments Solution"", ""summary"": ""Mercado Bitcoin, a leading Brazilian crypto exchange, will be the first customer of Ripple's product in Brazil. use Ripple\u2019s platform to improve its internal treasury operations between Brazil and Por..."", ""url"": ""https://coindesk.com/business/2024/10/03/ripple-partners-with-brazilian-exchange-mercado-bitcoin-to-offer-business-focused-payments-solution"", ""source"": ""CoinDesk"", ""sentiment"": ""POSITIVE"", ""keywords"": ""Brazil|Ripple|Mercado Bitcoin|latin america|payments"", ""id"": 42407478, ""guid"": ""GJVPKSa3D710Liw1gZI7yJ""}, {""date"": ""20241002172500"", ""headline"": ""SEC Files Notice of Appeal in Case Against Ripple"", ""summary"": ""The U.S. Securities and Exchange Commission announced it would appeal a federal judge's ruling in its case against Ripple on Wednesday.\n\nThe federal regulator filed a \""notice of appeal\"" to the Second ..."", ""url"": ""https://coindesk.com/policy/2024/10/02/sec-files-notice-of-appeal-in-case-against-ripple"", ""source"": ""CoinDesk"", ""sentiment"": ""NEUTRAL"", ""keywords"": ""Regulations|SEC|Ripple"", ""id"": 42407487, ""guid"": ""GJVPKSa3D710Liw1gZIZeM""}, {""date"": ""20241002093454"", ""headline"": ""CoinDesk 20 Performance Update: Ripple's XRP Drops 5.1% as Nearly All Assets Decline"", ""summary"": ""CoinDesk Indices presents its daily market update, highlighting the performance of leaders and laggards in the CoinDesk 20 Index.\n\nThe CoinDesk 20 is currently trading at 1927.79, down 1.8% (-35.38) s..."", ""url"": ""https://coindesk.com/coindesk-indices/2024/10/02/coindesk-20-performance-update-ripples-xrp-drops-51-as-nearly-all-assets-decline"", ""source"": ""CoinDesk"", ""sentiment"": ""NEGATIVE"", ""keywords"": ""CoinDesk 20|CoinDesk Indices|Price|charts"", ""id"": 42407502, ""guid"": ""GJVPKSa3D710Liw1gZIaLL""}, {""date"": ""20241001070726"", ""headline"": ""Open Interest in XRP Zooms to $1B as Ripple Tests RLUSD Stablecoin"", ""summary"": ""Open interest in XRP has surged past $1 billion amid growing enthusiasm for Ripple's forthcoming RLUSD stablecoin, currently in private beta testing on both XRP Ledger and the Ethereum blockchain.\n\nBe..."", ""url"": ""https://coindesk.com/markets/2024/10/01/open-interest-in-xrp-zooms-to-1b-as-ripple-tests-rlusd-stablecoin"", ""source"": ""CoinDesk"", ""sentiment"": ""POSITIVE"", ""keywords"": ""Markets|XRP|Stablecoins|Ripple"", ""id"": 42390274, ""guid"": ""CpI5Y2Su0uMQDo69bbvG8P""}]",{}
39,2024-10-11,2024-10-04,0.5382969975471497,0.5343409776687622,0.007403549500633258,U1,"[{""date"": ""20241010115311"", ""headline"": ""Ripple Plans 'Cross-Appeal' in SEC Case"", ""summary"": ""Ripple Labs will file a cross-appeal in its ongoing case against the U.S. Securities and Exchange Commission, the company announced Thursday, as part of an effort to maintain its legal defenses as the..."", ""url"": ""https://coindesk.com/policy/2024/10/10/ripple-plans-cross-appeal-in-sec-case"", ""source"": ""CoinDesk"", ""sentiment"": ""NEUTRAL"", ""keywords"": ""Ripple|Policy|SEC"", ""id"": 42407406, ""guid"": ""GJVPKSa3D710Liw1gZH4DS""}, {""date"": ""20241010102946"", ""headline"": ""Ripple Expands Custody Business to Offer 'Bank-Grade' Service to Crypto Firms"", ""summary"": ""Ripple, a provider of digital asset infrastructure, has introduced new functionality to its custody service\n\nThe company is associated with the XRP token, which rose as much as 3.75% Thursday, its big..."", ""url"": ""https://coindesk.com/business/2024/10/10/ripple-expands-custody-business-to-offer-bank-grade-service-to-crypto-firms"", ""source"": ""CoinDesk"", ""sentiment"": ""POSITIVE"", ""keywords"": ""Ripple|Custody Services"", ""id"": 42407398, ""guid"": ""GJVPKSa3D710Liw1gZH40E""}]",{}
40,2024-10-18,2024-10-11,0.5465409755706787,0.5382969975471497,0.015314924774045316,U2,"[{""date"": ""20241015080000"", ""headline"": ""Ripple Names Exchange Partners for Stablecoin RLUSD, Awaits NYDFS Approval"", ""summary"": ""Ripple Labs named exchange partners and market makers for its RLUSD gearing up towards the public rollout of its RLUSD stablecoin.\n\nThe token is \""operationally ready,\"" awaiting regulatory approval by ..."", ""url"": ""https://coindesk.com/business/2024/10/15/ripple-names-exchange-partners-for-stablecoin-rlusd-awaits-nydfs-approval"", ""source"": ""CoinDesk"", ""sentiment"": ""POSITIVE"", ""keywords"": ""Ripple|Ripple Labs|Stablecoin|New York Department of Financial Services"", ""id"": 42407345, ""guid"": ""GJVPKSa3D710Liw1gZGkrD""}]",{}
41,2024-10-25,2024-10-18,0.5019189715385437,0.5465409755706787,-0.08164438903330587,D5+,"[{""date"": ""20241023173728"", ""headline"": ""Citibank Debanked Ripple's Brad Garlinghouse Due to Crypto, Exec Says"", ""summary"": ""Ripple CEO Brad Garlinghouse has personally been severed from a longtime banking relationship because he's a prominent figure in crypto, he told an audience in Washington on Wednesday.\n\n\""Individuals w..."", ""url"": ""https://coindesk.com/policy/2024/10/23/citibank-debanked-ripples-brad-garlinghouse-due-to-crypto-exec-says"", ""source"": ""CoinDesk"", ""sentiment"": ""NEGATIVE"", ""keywords"": ""Regulations|Ripple|Brad Garlinghouse"", ""id"": 42373509, ""guid"": ""0XGGWk56kaPxudnYllnUSl""}, {""date"": ""20241021155949"", ""headline"": ""Ripple Co-Founder Larsen Flooding Kamala Harris' Election Effort With XRP"", ""summary"": ""Ripple co-founder Chris Larsen said he amplified his support for Vice President Kamala Harris, adding $10 million worth of XRP to her election efforts.\n\nLarsen, now the crypto sector's biggest individ..."", ""url"": ""https://coindesk.com/policy/2024/10/21/ripple-co-founder-larsen-flooding-kamala-harris-election-effort-with-xrp"", ""source"": ""CoinDesk"", ""sentiment"": ""POSITIVE"", ""keywords"": ""Regulations|Election 2024|Chris Larsen|Ripple Labs|Kamala Harris|Donald Trump|campaign contributions|Politics"", ""id"": 42373527, ""guid"": ""0XGGWk56kaPxudnYllnyOr""}]",{}
42,2024-11-01,2024-10-25,0.5128679871559143,0.5019189715385437,0.0218143091579271,U3,"[{""date"": ""20241023173728"", ""headline"": ""Citibank Debanked Ripple's Brad Garlinghouse Due to Crypto, Exec Says"", ""summary"": ""Ripple CEO Brad Garlinghouse has personally been severed from a longtime banking relationship because he's a prominent figure in crypto, he told an audience in Washington on Wednesday.\n\n\""Individuals w..."", ""url"": ""https://coindesk.com/policy/2024/10/23/citibank-debanked-ripples-brad-garlinghouse-due-to-crypto-exec-says"", ""source"": ""CoinDesk"", ""sentiment"": ""NEGATIVE"", ""keywords"": ""Regulations|Ripple|Brad Garlinghouse"", ""id"": 42373509, ""guid"": ""0XGGWk56kaPxudnYllnUSl""}, {""date"": ""20241021155949"", ""headline"": ""Ripple Co-Founder Larsen Flooding Kamala Harris' Election Effort With XRP"", ""summary"": ""Ripple co-founder Chris Larsen said he amplified his support for Vice President Kamala Harris, adding $10 million worth of XRP to her election efforts.\n\nLarsen, now the crypto sector's biggest individ..."", ""url"": ""https://coindesk.com/policy/2024/10/21/ripple-co-founder-larsen-flooding-kamala-harris-election-effort-with-xrp"", ""source"": ""CoinDesk"", ""sentiment"": ""POSITIVE"", ""keywords"": ""Regulations|Election 2024|Chris Larsen|Ripple Labs|Kamala Harris|Donald Trump|campaign contributions|Politics"", ""id"": 42373527, ""guid"": ""0XGGWk56kaPxudnYllnyOr""}, {""date"": ""20241015080000"", ""headline"": ""Ripple Names Exchange Partners for Stablecoin RLUSD, Awaits NYDFS Approval"", ""summary"": ""Ripple Labs named exchange partners and market makers for its RLUSD gearing up towards the public rollout of its RLUSD stablecoin.\n\nThe token is \""operationally ready,\"" awaiting regulatory approval by ..."", ""url"": ""https://coindesk.com/business/2024/10/15/ripple-names-exchange-partners-for-stablecoin-rlusd-awaits-nydfs-approval"", ""source"": ""CoinDesk"", ""sentiment"": ""POSITIVE"", ""keywords"": ""Ripple|Ripple Labs|Stablecoin|New York Department of Financial Services"", ""id"": 42407345, ""guid"": ""GJVPKSa3D710Liw1gZGkrD""}, {""date"": ""20241010115311"", ""headline"": ""Ripple Plans 'Cross-Appeal' in SEC Case"", ""summary"": ""Ripple Labs will file a cross-appeal in its ongoing case against the U.S. Securities and Exchange Commission, the company announced Thursday, as part of an effort to maintain its legal defenses as the..."", ""url"": ""https://coindesk.com/policy/2024/10/10/ripple-plans-cross-appeal-in-sec-case"", ""source"": ""CoinDesk"", ""sentiment"": ""NEUTRAL"", ""keywords"": ""Ripple|Policy|SEC"", ""id"": 42407406, ""guid"": ""GJVPKSa3D710Liw1gZH4DS""}, {""date"": ""20241010102946"", ""headline"": ""Ripple Expands Custody Business to Offer 'Bank-Grade' Service to Crypto Firms"", ""summary"": ""Ripple, a provider of digital asset infrastructure, has introduced new functionality to its custody service\n\nThe company is associated with the XRP token, which rose as much as 3.75% Thursday, its big..."", ""url"": ""https://coindesk.com/business/2024/10/10/ripple-expands-custody-business-to-offer-bank-grade-service-to-crypto-firms"", ""source"": ""CoinDesk"", ""sentiment"": ""POSITIVE"", ""keywords"": ""Ripple|Custody Services"", ""id"": 42407398, ""guid"": ""GJVPKSa3D710Liw1gZH40E""}]",{}
43,2024-11-08,2024-11-01,0.554078996181488,0.5128679871559143,0.08035402882934355,U5+,"[{""date"": ""20241023173728"", ""headline"": ""Citibank Debanked Ripple's Brad Garlinghouse Due to Crypto, Exec Says"", ""summary"": ""Ripple CEO Brad Garlinghouse has personally been severed from a longtime banking relationship because he's a prominent figure in crypto, he told an audience in Washington on Wednesday.\n\n\""Individuals w..."", ""url"": ""https://coindesk.com/policy/2024/10/23/citibank-debanked-ripples-brad-garlinghouse-due-to-crypto-exec-says"", ""source"": ""CoinDesk"", ""sentiment"": ""NEGATIVE"", ""keywords"": ""Regulations|Ripple|Brad Garlinghouse"", ""id"": 42373509, ""guid"": ""0XGGWk56kaPxudnYllnUSl""}, {""date"": ""20241021155949"", ""headline"": ""Ripple Co-Founder Larsen Flooding Kamala Harris' Election Effort With XRP"", ""summary"": ""Ripple co-founder Chris Larsen said he amplified his support for Vice President Kamala Harris, adding $10 million worth of XRP to her election efforts.\n\nLarsen, now the crypto sector's biggest individ..."", ""url"": ""https://coindesk.com/policy/2024/10/21/ripple-co-founder-larsen-flooding-kamala-harris-election-effort-with-xrp"", ""source"": ""CoinDesk"", ""sentiment"": ""POSITIVE"", ""keywords"": ""Regulations|Election 2024|Chris Larsen|Ripple Labs|Kamala Harris|Donald Trump|campaign contributions|Politics"", ""id"": 42373527, ""guid"": ""0XGGWk56kaPxudnYllnyOr""}, {""date"": ""20241015080000"", ""headline"": ""Ripple Names Exchange Partners for Stablecoin RLUSD, Awaits NYDFS Approval"", ""summary"": ""Ripple Labs named exchange partners and market makers for its RLUSD gearing up towards the public rollout of its RLUSD stablecoin.\n\nThe token is \""operationally ready,\"" awaiting regulatory approval by ..."", ""url"": ""https://coindesk.com/business/2024/10/15/ripple-names-exchange-partners-for-stablecoin-rlusd-awaits-nydfs-approval"", ""source"": ""CoinDesk"", ""sentiment"": ""POSITIVE"", ""keywords"": ""Ripple|Ripple Labs|Stablecoin|New York Department of Financial Services"", ""id"": 42407345, ""guid"": ""GJVPKSa3D710Liw1gZGkrD""}, {""date"": ""20241010115311"", ""headline"": ""Ripple Plans 'Cross-Appeal' in SEC Case"", ""summary"": ""Ripple Labs will file a cross-appeal in its ongoing case against the U.S. Securities and Exchange Commission, the company announced Thursday, as part of an effort to maintain its legal defenses as the..."", ""url"": ""https://coindesk.com/policy/2024/10/10/ripple-plans-cross-appeal-in-sec-case"", ""source"": ""CoinDesk"", ""sentiment"": ""NEUTRAL"", ""keywords"": ""Ripple|Policy|SEC"", ""id"": 42407406, ""guid"": ""GJVPKSa3D710Liw1gZH4DS""}, {""date"": ""20241010102946"", ""headline"": ""Ripple Expands Custody Business to Offer 'Bank-Grade' Service to Crypto Firms"", ""summary"": ""Ripple, a provider of digital asset infrastructure, has introduced new functionality to its custody service\n\nThe company is associated with the XRP token, which rose as much as 3.75% Thursday, its big..."", ""url"": ""https://coindesk.com/business/2024/10/10/ripple-expands-custody-business-to-offer-bank-grade-service-to-crypto-firms"", ""source"": ""CoinDesk"", ""sentiment"": ""POSITIVE"", ""keywords"": ""Ripple|Custody Services"", ""id"": 42407398, ""guid"": ""GJVPKSa3D710Liw1gZH40E""}]",{}
44,2024-11-15,2024-11-08,0.8920909762382507,0.554078996181488,0.6100429404222484,U5+,"[{""date"": ""20241023173728"", ""headline"": ""Citibank Debanked Ripple's Brad Garlinghouse Due to Crypto, Exec Says"", ""summary"": ""Ripple CEO Brad Garlinghouse has personally been severed from a longtime banking relationship because he's a prominent figure in crypto, he told an audience in Washington on Wednesday.\n\n\""Individuals w..."", ""url"": ""https://coindesk.com/policy/2024/10/23/citibank-debanked-ripples-brad-garlinghouse-due-to-crypto-exec-says"", ""source"": ""CoinDesk"", ""sentiment"": ""NEGATIVE"", ""keywords"": ""Regulations|Ripple|Brad Garlinghouse"", ""id"": 42373509, ""guid"": ""0XGGWk56kaPxudnYllnUSl""}, {""date"": ""20241021155949"", ""headline"": ""Ripple Co-Founder Larsen Flooding Kamala Harris' Election Effort With XRP"", ""summary"": ""Ripple co-founder Chris Larsen said he amplified his support for Vice President Kamala Harris, adding $10 million worth of XRP to her election efforts.\n\nLarsen, now the crypto sector's biggest individ..."", ""url"": ""https://coindesk.com/policy/2024/10/21/ripple-co-founder-larsen-flooding-kamala-harris-election-effort-with-xrp"", ""source"": ""CoinDesk"", ""sentiment"": ""POSITIVE"", ""keywords"": ""Regulations|Election 2024|Chris Larsen|Ripple Labs|Kamala Harris|Donald Trump|campaign contributions|Politics"", ""id"": 42373527, ""guid"": ""0XGGWk56kaPxudnYllnyOr""}, {""date"": ""20241015080000"", ""headline"": ""Ripple Names Exchange Partners for Stablecoin RLUSD, Awaits NYDFS Approval"", ""summary"": ""Ripple Labs named exchange partners and market makers for its RLUSD gearing up towards the public rollout of its RLUSD stablecoin.\n\nThe token is \""operationally ready,\"" awaiting regulatory approval by ..."", ""url"": ""https://coindesk.com/business/2024/10/15/ripple-names-exchange-partners-for-stablecoin-rlusd-awaits-nydfs-approval"", ""source"": ""CoinDesk"", ""sentiment"": ""POSITIVE"", ""keywords"": ""Ripple|Ripple Labs|Stablecoin|New York Department of Financial Services"", ""id"": 42407345, ""guid"": ""GJVPKSa3D710Liw1gZGkrD""}, {""date"": ""20241010115311"", ""headline"": ""Ripple Plans 'Cross-Appeal' in SEC Case"", ""summary"": ""Ripple Labs will file a cross-appeal in its ongoing case against the U.S. Securities and Exchange Commission, the company announced Thursday, as part of an effort to maintain its legal defenses as the..."", ""url"": ""https://coindesk.com/policy/2024/10/10/ripple-plans-cross-appeal-in-sec-case"", ""source"": ""CoinDesk"", ""sentiment"": ""NEUTRAL"", ""keywords"": ""Ripple|Policy|SEC"", ""id"": 42407406, ""guid"": ""GJVPKSa3D710Liw1gZH4DS""}, {""date"": ""20241010102946"", ""headline"": ""Ripple Expands Custody Business to Offer 'Bank-Grade' Service to Crypto Firms"", ""summary"": ""Ripple, a provider of digital asset infrastructure, has introduced new functionality to its custody service\n\nThe company is associated with the XRP token, which rose as much as 3.75% Thursday, its big..."", ""url"": ""https://coindesk.com/business/2024/10/10/ripple-expands-custody-business-to-offer-bank-grade-service-to-crypto-firms"", ""source"": ""CoinDesk"", ""sentiment"": ""POSITIVE"", ""keywords"": ""Ripple|Custody Services"", ""id"": 42407398, ""guid"": ""GJVPKSa3D710Liw1gZH40E""}]",{}
45,2024-11-22,2024-11-15,1.4690190553665161,0.8920909762382507,0.6467143985258575,U5+,"[{""date"": ""20241121225211"", ""headline"": ""XRP Price Surges 25% as Headwinds for Ripple Clear Even More"", ""summary"": ""XRP zoomed as Gary Gensler\u2019s announcement of stepping down in January as chairman of the U.S. Securities and Exchange Commission (SEC) kept a multiweek bullish trade going.\n\nXRP prices surged 25% in t..."", ""url"": ""https://coindesk.com/markets/2024/11/22/xrp-price-surges-25-as-headwinds-for-ripple-clear-even-more"", ""source"": ""CoinDesk"", ""sentiment"": ""POSITIVE"", ""keywords"": ""Trading|Markets"", ""id"": 42435273, ""guid"": ""xYK0rIu5vMPYEKIa4kop7K""}]",{}
46,2024-11-29,2024-11-22,1.7967309951782227,1.4690190553665161,0.2230821571813739,U5+,"[{""date"": ""20241127064032"", ""headline"": ""XRP Rally Sees Record Profit-Taking as Ripple Labs Plans to Invest in Bitwise XRP ETF"", ""summary"": ""Long-term holders of XRP realized over $1.5 billion in profits last week as the payments-focused cryptocurrency zoomed to a three-year high, data shows, marking the highest profit realization since Ap..."", ""url"": ""https://coindesk.com/markets/2024/11/27/xrp-rally-sees-record-profit-taking-as-ripple-labs-plans-to-invest-in-bitwise-xrp-etf"", ""source"": ""CoinDesk"", ""sentiment"": ""NEUTRAL"", ""keywords"": """", ""id"": 42389126, ""guid"": ""3bdb2cf8-9955-43d4-8797-d1eb14e6acf2""}, {""date"": ""20241126194106"", ""headline"": ""Ripple Drops Another $25M Into Crypto PAC to Sway 2026 Congressional Races"", ""summary"": ""Ripple Labs has kicked in another $25 million to the cryptocurrency industry's Fairshake political action committee, one of the most aggressive and high-dollar campaign-finance operations in corporate..."", ""url"": ""https://coindesk.com/policy/2024/11/26/ripple-drops-another-usd25m-into-crypto-pac-to-sway-2026-congressional-races"", ""source"": ""CoinDesk"", ""sentiment"": ""POSITIVE"", ""keywords"": ""Ripple Labs|Fairshake|Election 2024|campaign contributions|Coinbase|A16z crypto"", ""id"": 42415981, ""guid"": ""b7f212c5-9bcb-46bb-9f10-dadc7d7dde66""}]",{}
47,2024-12-06,2024-11-29,2.424736976623535,1.7967309951782227,0.34952699270544885,U5+,"[{""date"": ""20241201062003"", ""headline"": ""XRP Tops $100B Market Cap, Reaches 2018 Levels, as Ripple\u2019s RLUSD Close to Approval"", ""summary"": ""XRP flipped a $100 billion market capitalization late Saturday as a multiweek rally showed no signs of pausing amid multiple catalysts over the past weeks.\n\n\n\nXRP zoomed nearly 10% in a 24-period from..."", ""url"": ""https://coindesk.com/markets/2024/12/01/xrp-tops-100-b-market-cap-reaches-2018-levels-as-ripple-s-rlusd-close-to-approval"", ""source"": ""CoinDesk"", ""sentiment"": ""POSITIVE"", ""keywords"": """", ""id"": 42389011, ""guid"": ""2d46521e-2113-4cca-b306-b363358a2b1a""}]",{}
48,2024-12-13,2024-12-06,2.421319007873535,2.424736976623535,-0.0014096245419408533,D1,"[{""date"": ""20241210161836"", ""headline"": ""XRP Rallies 10% as Ripple's Stablecoin Gets Regulatory Approval, CEO Garlinghouse Says"", ""summary"": ""XRP, the native token of the XRP Ledger (XRPL) network, surged during the U.S. afternoon hours on Tuesday as Ripple CEO Brad Garlinghouse said the company's much-anticipated stablecoin obtained regula..."", ""url"": ""https://coindesk.com/markets/2024/12/10/xrp-rallies-10-as-ripples-stablecoin-gets-regulatory-approval-ceo-garlinghouse-says"", ""source"": ""CoinDesk"", ""sentiment"": ""POSITIVE"", ""keywords"": ""XRP|Ripple|Brad Garlinghouse|Stablecoins"", ""id"": 42390068, ""guid"": ""9807c292-3186-4117-bc57-4432564b7fb4""}, {""date"": ""20241209024759"", ""headline"": ""Ripple's Garlinghouse Says 2024 Election Was a Chance to 'Educate Voters'"", ""summary"": ""Ripple CEO Brad Garlinghouse in an interview with 60 Minutes, said that the 2024 election was a \""major victory\"" for crypto as the majority of Fairshake, a crypto political action committee (PAC), back..."", ""url"": ""https://coindesk.com/policy/2024/12/09/ripples-garlinghouse-says-2024-election-was-a-chance-to-educate-voters"", ""source"": ""CoinDesk"", ""sentiment"": ""POSITIVE"", ""keywords"": """", ""id"": 42417024, ""guid"": ""fc845b09-3be3-42dd-91fa-6d6a7fbe99e4""}]",{}
49,2024-12-20,2024-12-13,2.276885986328125,2.421319007873535,-0.05965055454310209,D5+,"[{""date"": ""20241216211000"", ""headline"": ""Ripple\u2019s RLUSD Stablecoin Attracts Frenzy Bids for 800 XRP Ahead of Release"", ""summary"": ""Ripple\u2019s upcoming RLUSD stablecoin is attracting bids upto 836 XRP ($2068) on onchain marketplaces ahead of its Tuesday release, a sign of frenzy among enthusiasts who may want to be the first to hold..."", ""url"": ""https://coindesk.com/markets/2024/12/17/ripple-s-rlusd-stablecoin-attracts-frenzy-bids-for-800-xrp-ahead-of-release"", ""source"": ""CoinDesk"", ""sentiment"": ""POSITIVE"", ""keywords"": """", ""id"": 42389856, ""guid"": ""839c4c44-0bec-4042-b881-d07c483d4adb""}, {""date"": ""20241216110050"", ""headline"": ""Ripple to Roll Out RLUSD Stablecoin on Dec. 17, Adds Former Central Bankers to Advisory Board"", ""summary"": ""Ripple, an enterprise-focused blockchain service closely related to the XRP Ledger (XRP), said it will start making its highly-anticipated U.S. dollar stablecoin accessible to users on Tuesday, Dec. 1..."", ""url"": ""https://coindesk.com/business/2024/12/16/ripple-to-roll-out-rlusd-stablecoin-on-dec-17-adds-former-central-bankers-to-advisory-board"", ""source"": ""CoinDesk"", ""sentiment"": ""POSITIVE"", ""keywords"": ""Stablecoin|Ripple|XRP"", ""id"": 42416930, ""guid"": ""edbf74ce-d264-4083-a78b-bd0238f412d3""}]",{}
50,2024-12-27,2024-12-20,2.1416499614715576,2.276885986328125,-0.05939516764063317,D5+,"[{""date"": ""20241216211000"", ""headline"": ""Ripple\u2019s RLUSD Stablecoin Attracts Frenzy Bids for 800 XRP Ahead of Release"", ""summary"": ""Ripple\u2019s upcoming RLUSD stablecoin is attracting bids upto 836 XRP ($2068) on onchain marketplaces ahead of its Tuesday release, a sign of frenzy among enthusiasts who may want to be the first to hold..."", ""url"": ""https://coindesk.com/markets/2024/12/17/ripple-s-rlusd-stablecoin-attracts-frenzy-bids-for-800-xrp-ahead-of-release"", ""source"": ""CoinDesk"", ""sentiment"": ""POSITIVE"", ""keywords"": """", ""id"": 42389856, ""guid"": ""839c4c44-0bec-4042-b881-d07c483d4adb""}, {""date"": ""20241216110050"", ""headline"": ""Ripple to Roll Out RLUSD Stablecoin on Dec. 17, Adds Former Central Bankers to Advisory Board"", ""summary"": ""Ripple, an enterprise-focused blockchain service closely related to the XRP Ledger (XRP), said it will start making its highly-anticipated U.S. dollar stablecoin accessible to users on Tuesday, Dec. 1..."", ""url"": ""https://coindesk.com/business/2024/12/16/ripple-to-roll-out-rlusd-stablecoin-on-dec-17-adds-former-central-bankers-to-advisory-board"", ""source"": ""CoinDesk"", ""sentiment"": ""POSITIVE"", ""keywords"": ""Stablecoin|Ripple|XRP"", ""id"": 42416930, ""guid"": ""edbf74ce-d264-4083-a78b-bd0238f412d3""}, {""date"": ""20241210161836"", ""headline"": ""XRP Rallies 10% as Ripple's Stablecoin Gets Regulatory Approval, CEO Garlinghouse Says"", ""summary"": ""XRP, the native token of the XRP Ledger (XRPL) network, surged during the U.S. afternoon hours on Tuesday as Ripple CEO Brad Garlinghouse said the company's much-anticipated stablecoin obtained regula..."", ""url"": ""https://coindesk.com/markets/2024/12/10/xrp-rallies-10-as-ripples-stablecoin-gets-regulatory-approval-ceo-garlinghouse-says"", ""source"": ""CoinDesk"", ""sentiment"": ""POSITIVE"", ""keywords"": ""XRP|Ripple|Brad Garlinghouse|Stablecoins"", ""id"": 42390068, ""guid"": ""9807c292-3186-4117-bc57-4432564b7fb4""}, {""date"": ""20241209024759"", ""headline"": ""Ripple's Garlinghouse Says 2024 Election Was a Chance to 'Educate Voters'"", ""summary"": ""Ripple CEO Brad Garlinghouse in an interview with 60 Minutes, said that the 2024 election was a \""major victory\"" for crypto as the majority of Fairshake, a crypto political action committee (PAC), back..."", ""url"": ""https://coindesk.com/policy/2024/12/09/ripples-garlinghouse-says-2024-election-was-a-chance-to-educate-voters"", ""source"": ""CoinDesk"", ""sentiment"": ""POSITIVE"", ""keywords"": """", ""id"": 42417024, ""guid"": ""fc845b09-3be3-42dd-91fa-6d6a7fbe99e4""}, {""date"": ""20241201062003"", ""headline"": ""XRP Tops $100B Market Cap, Reaches 2018 Levels, as Ripple\u2019s RLUSD Close to Approval"", ""summary"": ""XRP flipped a $100 billion market capitalization late Saturday as a multiweek rally showed no signs of pausing amid multiple catalysts over the past weeks.\n\n\n\nXRP zoomed nearly 10% in a 24-period from..."", ""url"": ""https://coindesk.com/markets/2024/12/01/xrp-tops-100-b-market-cap-reaches-2018-levels-as-ripple-s-rlusd-close-to-approval"", ""source"": ""CoinDesk"", ""sentiment"": ""POSITIVE"", ""keywords"": """", ""id"": 42389011, ""guid"": ""2d46521e-2113-4cca-b306-b363358a2b1a""}]",{}
51,2025-01-03,2024-12-27,2.0801279544830322,2.1416499614715576,-0.028726453013009072,D3,"[{""date"": ""20241216211000"", ""headline"": ""Ripple\u2019s RLUSD Stablecoin Attracts Frenzy Bids for 800 XRP Ahead of Release"", ""summary"": ""Ripple\u2019s upcoming RLUSD stablecoin is attracting bids upto 836 XRP ($2068) on onchain marketplaces ahead of its Tuesday release, a sign of frenzy among enthusiasts who may want to be the first to hold..."", ""url"": ""https://coindesk.com/markets/2024/12/17/ripple-s-rlusd-stablecoin-attracts-frenzy-bids-for-800-xrp-ahead-of-release"", ""source"": ""CoinDesk"", ""sentiment"": ""POSITIVE"", ""keywords"": """", ""id"": 42389856, ""guid"": ""839c4c44-0bec-4042-b881-d07c483d4adb""}, {""date"": ""20241216110050"", ""headline"": ""Ripple to Roll Out RLUSD Stablecoin on Dec. 17, Adds Former Central Bankers to Advisory Board"", ""summary"": ""Ripple, an enterprise-focused blockchain service closely related to the XRP Ledger (XRP), said it will start making its highly-anticipated U.S. dollar stablecoin accessible to users on Tuesday, Dec. 1..."", ""url"": ""https://coindesk.com/business/2024/12/16/ripple-to-roll-out-rlusd-stablecoin-on-dec-17-adds-former-central-bankers-to-advisory-board"", ""source"": ""CoinDesk"", ""sentiment"": ""POSITIVE"", ""keywords"": ""Stablecoin|Ripple|XRP"", ""id"": 42416930, ""guid"": ""edbf74ce-d264-4083-a78b-bd0238f412d3""}, {""date"": ""20241210161836"", ""headline"": ""XRP Rallies 10% as Ripple's Stablecoin Gets Regulatory Approval, CEO Garlinghouse Says"", ""summary"": ""XRP, the native token of the XRP Ledger (XRPL) network, surged during the U.S. afternoon hours on Tuesday as Ripple CEO Brad Garlinghouse said the company's much-anticipated stablecoin obtained regula..."", ""url"": ""https://coindesk.com/markets/2024/12/10/xrp-rallies-10-as-ripples-stablecoin-gets-regulatory-approval-ceo-garlinghouse-says"", ""source"": ""CoinDesk"", ""sentiment"": ""POSITIVE"", ""keywords"": ""XRP|Ripple|Brad Garlinghouse|Stablecoins"", ""id"": 42390068, ""guid"": ""9807c292-3186-4117-bc57-4432564b7fb4""}, {""date"": ""20241209024759"", ""headline"": ""Ripple's Garlinghouse Says 2024 Election Was a Chance to 'Educate Voters'"", ""summary"": ""Ripple CEO Brad Garlinghouse in an interview with 60 Minutes, said that the 2024 election was a \""major victory\"" for crypto as the majority of Fairshake, a crypto political action committee (PAC), back..."", ""url"": ""https://coindesk.com/policy/2024/12/09/ripples-garlinghouse-says-2024-election-was-a-chance-to-educate-voters"", ""source"": ""CoinDesk"", ""sentiment"": ""POSITIVE"", ""keywords"": """", ""id"": 42417024, ""guid"": ""fc845b09-3be3-42dd-91fa-6d6a7fbe99e4""}, {""date"": ""20241201062003"", ""headline"": ""XRP Tops $100B Market Cap, Reaches 2018 Levels, as Ripple\u2019s RLUSD Close to Approval"", ""summary"": ""XRP flipped a $100 billion market capitalization late Saturday as a multiweek rally showed no signs of pausing amid multiple catalysts over the past weeks.\n\n\n\nXRP zoomed nearly 10% in a 24-period from..."", ""url"": ""https://coindesk.com/markets/2024/12/01/xrp-tops-100-b-market-cap-reaches-2018-levels-as-ripple-s-rlusd-close-to-approval"", ""source"": ""CoinDesk"", ""sentiment"": ""POSITIVE"", ""keywords"": """", ""id"": 42389011, ""guid"": ""2d46521e-2113-4cca-b306-b363358a2b1a""}]",{}
