prompt,answer
"[Cryptocurrency Introduction]: XRP (XRP) is a cryptocurrency . XRP has a current supply of 99,986,084,900 with 58,759,724,027 in circulation. The last known price of XRP is 2.15496928 USD and is up 1.07 over the last 24 hours. It is currently trading on 1621 active market(s) with $1,946,240,978.17 traded over the last 24 hours. More information can be found at https://xrpl.org/.. It has a market capilization of 126935072768.

From 2024-01-05 to 2024-01-12, XRP-USD's stock price decreased from 0.58 to 0.57. News during this period are listed below:

[Headline]: Blockchain Tech Predictions for 2024, From Experts at Ripple, Coinbase, a16z, Starknet
[Summary]: A lot of blockchain developers probably feel like they're working on the cutting edge of the cutting edge, building the financial and business infrastructure of the future. It’s nothing short of a rev...

[Headline]: Analisa Torres: The Judge Who Gave Ripple and XRP Hope
[Summary]: Federal Judge Analisa Torres gave the crypto industry a shot in the arm last July when she handed Ripple a partial victory in its fight with the U.S. Securities and Exchange Commission.

While Ripple ...

[Headline]: Standard Chartered-Backed Zodia Custody Joins Ripple-Owned Metaco’s Global Crypto Storage Network
[Summary]: Zodia Custody, a cryptocurrency storage provider backed by Standard Chartered (STAN), is joining Ripple-owned custody specialist Metaco's network, which is designed to handle the safekeeping and settl...

[Headline]: Ripple Excites XRP Army as Metaco Acquisition Brings Banks Closer
[Summary]: News that Metaco, the Swiss digital assets custody firm acquired by Ripple earlier this year, is working with HSBC, one of the world's largest banks, quickly became a reason to be cheerful for many su...

[Headline]: Ripple Broadens Remittances Between Africa, Gulf States, UK and Australia
[Summary]: Ripple, the cryptocurrency-based money transfer and payments network launched in 2012, is working with payments fintech Onafriq to expand remittance capabilities in Africa and across its borders with ...



Based on all the information before 2024-01-12, let's first analyze the positive developments and potential concerns for XRP-USD. Come up with 2-4 most important factors respectively and keep them concise. Most factors should be inferred from cryptocurrencies related news. Then let's assume your prediction for next week (2024-01-12 to 2024-01-19) is down by 4-5%. Provide a summary analysis to support your prediction. The prediction result need to be inferred from your analysis at the end, and thus not appearing as a foundational factor of your analysis.","### ANALYSIS REQUEST 1

[Positive Developments]:
1. **Legal Victory**: Federal Judge Analisa Torres' partial victory for Ripple in its SEC case has boosted investor confidence.
2. **Expanding Partnerships**: Standard Chartered-backed Zodia Custody joining Metaco's network and Ripple's collaboration with HSBC and Onafriq for remittances show strong institutional support.
3. **Increased Adoption**: Ripple's expansion of remittance services between Africa, Gulf States, UK, and Australia indicates growing real-world use cases.

[Potential Concerns]:
1. **Regulatory Uncertainty**: The ongoing SEC case still poses a significant risk despite the partial victory.
2. **Market Volatility**: Cryptocurrency markets are inherently volatile, and external economic factors could impact XRP's price.
3. **Dependence on Institutional Partnerships**: Ripple's success is heavily tied to its institutional partnerships, which could be a double-edged sword.

[Prediction & Analysis]:
The recent legal victory and expanding institutional partnerships are positive signs for XRP. However, the ongoing regulatory uncertainty and market volatility could dampen these positive developments. The recent price decrease from $0.58 to $0.57 suggests a cautious market sentiment. Despite the positive news, the market may be waiting for more concrete resolutions, especially on the regulatory front. This hesitation, combined with the inherent volatility of the cryptocurrency market, could lead to a slight downturn. Therefore, a prediction of a 4-5% decrease for the upcoming week seems plausible."
"[Cryptocurrency Introduction]: XRP (XRP) is a cryptocurrency . XRP has a current supply of 99,986,084,900 with 58,759,724,027 in circulation. The last known price of XRP is 2.15496928 USD and is up 1.07 over the last 24 hours. It is currently trading on 1621 active market(s) with $1,946,240,978.17 traded over the last 24 hours. More information can be found at https://xrpl.org/.. It has a market capilization of 126935072768.

From 2024-01-05 to 2024-01-12, XRP-USD's stock price decreased from 0.58 to 0.57. News during this period are listed below:

[Headline]: Blockchain Tech Predictions for 2024, From Experts at Ripple, Coinbase, a16z, Starknet
[Summary]: A lot of blockchain developers probably feel like they're working on the cutting edge of the cutting edge, building the financial and business infrastructure of the future. It’s nothing short of a rev...

[Headline]: Analisa Torres: The Judge Who Gave Ripple and XRP Hope
[Summary]: Federal Judge Analisa Torres gave the crypto industry a shot in the arm last July when she handed Ripple a partial victory in its fight with the U.S. Securities and Exchange Commission.

While Ripple ...

[Headline]: Standard Chartered-Backed Zodia Custody Joins Ripple-Owned Metaco’s Global Crypto Storage Network
[Summary]: Zodia Custody, a cryptocurrency storage provider backed by Standard Chartered (STAN), is joining Ripple-owned custody specialist Metaco's network, which is designed to handle the safekeeping and settl...

[Headline]: Ripple Excites XRP Army as Metaco Acquisition Brings Banks Closer
[Summary]: News that Metaco, the Swiss digital assets custody firm acquired by Ripple earlier this year, is working with HSBC, one of the world's largest banks, quickly became a reason to be cheerful for many su...

[Headline]: Ripple Broadens Remittances Between Africa, Gulf States, UK and Australia
[Summary]: Ripple, the cryptocurrency-based money transfer and payments network launched in 2012, is working with payments fintech Onafriq to expand remittance capabilities in Africa and across its borders with ...

From 2024-01-12 to 2024-01-19, XRP-USD's stock price decreased from 0.57 to 0.54. News during this period are listed below:

[Headline]: Blockchain Tech Predictions for 2024, From Experts at Ripple, Coinbase, a16z, Starknet
[Summary]: A lot of blockchain developers probably feel like they're working on the cutting edge of the cutting edge, building the financial and business infrastructure of the future. It’s nothing short of a rev...

[Headline]: Analisa Torres: The Judge Who Gave Ripple and XRP Hope
[Summary]: Federal Judge Analisa Torres gave the crypto industry a shot in the arm last July when she handed Ripple a partial victory in its fight with the U.S. Securities and Exchange Commission.

While Ripple ...

[Headline]: Standard Chartered-Backed Zodia Custody Joins Ripple-Owned Metaco’s Global Crypto Storage Network
[Summary]: Zodia Custody, a cryptocurrency storage provider backed by Standard Chartered (STAN), is joining Ripple-owned custody specialist Metaco's network, which is designed to handle the safekeeping and settl...

[Headline]: Ripple Excites XRP Army as Metaco Acquisition Brings Banks Closer
[Summary]: News that Metaco, the Swiss digital assets custody firm acquired by Ripple earlier this year, is working with HSBC, one of the world's largest banks, quickly became a reason to be cheerful for many su...

[Headline]: Ripple Broadens Remittances Between Africa, Gulf States, UK and Australia
[Summary]: Ripple, the cryptocurrency-based money transfer and payments network launched in 2012, is working with payments fintech Onafriq to expand remittance capabilities in Africa and across its borders with ...



Based on all the information before 2024-01-19, let's first analyze the positive developments and potential concerns for XRP-USD. Come up with 2-4 most important factors respectively and keep them concise. Most factors should be inferred from cryptocurrencies related news. Then let's assume your prediction for next week (2024-01-19 to 2024-01-26) is down by 2-3%. Provide a summary analysis to support your prediction. The prediction result need to be inferred from your analysis at the end, and thus not appearing as a foundational factor of your analysis.","### ANALYSIS REQUEST 2

[Positive Developments]:
1. **Legal Victory**: Federal Judge Analisa Torres' partial victory for Ripple in its SEC case continues to be a significant positive development.
2. **Expanding Partnerships**: Ripple's collaboration with major banks like HSBC and its remittance services expansion show strong institutional backing.
3. **Market Sentiment**: The XRP Army's enthusiasm and support remain strong, which can influence market sentiment positively.

[Potential Concerns]:
1. **Regulatory Uncertainty**: The ongoing SEC case still poses a significant risk.
2. **Price Decline**: The consistent price decline from $0.57 to $0.54 indicates market caution.
3. **Dependence on Institutional Partnerships**: Ripple's reliance on institutional partnerships could be a risk if these partnerships face challenges.

[Prediction & Analysis]:
Despite the positive developments, the consistent price decline and regulatory uncertainty are significant concerns. The market's cautious approach, as indicated by the price drop, suggests that investors are waiting for more concrete developments. The ongoing SEC case and the dependence on institutional partnerships add to the uncertainty. Given these factors, a prediction of a 2-3% decrease for the upcoming week seems reasonable."
"[Cryptocurrency Introduction]: XRP (XRP) is a cryptocurrency . XRP has a current supply of 99,986,084,900 with 58,759,724,027 in circulation. The last known price of XRP is 2.15496928 USD and is up 1.07 over the last 24 hours. It is currently trading on 1621 active market(s) with $1,946,240,978.17 traded over the last 24 hours. More information can be found at https://xrpl.org/.. It has a market capilization of 126935072768.

From 2024-01-05 to 2024-01-12, XRP-USD's stock price decreased from 0.58 to 0.57. News during this period are listed below:

[Headline]: Blockchain Tech Predictions for 2024, From Experts at Ripple, Coinbase, a16z, Starknet
[Summary]: A lot of blockchain developers probably feel like they're working on the cutting edge of the cutting edge, building the financial and business infrastructure of the future. It’s nothing short of a rev...

[Headline]: Analisa Torres: The Judge Who Gave Ripple and XRP Hope
[Summary]: Federal Judge Analisa Torres gave the crypto industry a shot in the arm last July when she handed Ripple a partial victory in its fight with the U.S. Securities and Exchange Commission.

While Ripple ...

[Headline]: Standard Chartered-Backed Zodia Custody Joins Ripple-Owned Metaco’s Global Crypto Storage Network
[Summary]: Zodia Custody, a cryptocurrency storage provider backed by Standard Chartered (STAN), is joining Ripple-owned custody specialist Metaco's network, which is designed to handle the safekeeping and settl...

[Headline]: Ripple Excites XRP Army as Metaco Acquisition Brings Banks Closer
[Summary]: News that Metaco, the Swiss digital assets custody firm acquired by Ripple earlier this year, is working with HSBC, one of the world's largest banks, quickly became a reason to be cheerful for many su...

[Headline]: Ripple Broadens Remittances Between Africa, Gulf States, UK and Australia
[Summary]: Ripple, the cryptocurrency-based money transfer and payments network launched in 2012, is working with payments fintech Onafriq to expand remittance capabilities in Africa and across its borders with ...

From 2024-01-12 to 2024-01-19, XRP-USD's stock price decreased from 0.57 to 0.54. News during this period are listed below:

[Headline]: Blockchain Tech Predictions for 2024, From Experts at Ripple, Coinbase, a16z, Starknet
[Summary]: A lot of blockchain developers probably feel like they're working on the cutting edge of the cutting edge, building the financial and business infrastructure of the future. It’s nothing short of a rev...

[Headline]: Analisa Torres: The Judge Who Gave Ripple and XRP Hope
[Summary]: Federal Judge Analisa Torres gave the crypto industry a shot in the arm last July when she handed Ripple a partial victory in its fight with the U.S. Securities and Exchange Commission.

While Ripple ...

[Headline]: Standard Chartered-Backed Zodia Custody Joins Ripple-Owned Metaco’s Global Crypto Storage Network
[Summary]: Zodia Custody, a cryptocurrency storage provider backed by Standard Chartered (STAN), is joining Ripple-owned custody specialist Metaco's network, which is designed to handle the safekeeping and settl...

[Headline]: Ripple Excites XRP Army as Metaco Acquisition Brings Banks Closer
[Summary]: News that Metaco, the Swiss digital assets custody firm acquired by Ripple earlier this year, is working with HSBC, one of the world's largest banks, quickly became a reason to be cheerful for many su...

[Headline]: Ripple Broadens Remittances Between Africa, Gulf States, UK and Australia
[Summary]: Ripple, the cryptocurrency-based money transfer and payments network launched in 2012, is working with payments fintech Onafriq to expand remittance capabilities in Africa and across its borders with ...

From 2024-01-19 to 2024-01-26, XRP-USD's stock price decreased from 0.54 to 0.53. News during this period are listed below:

[Headline]: Ripple's David Schwartz Talks 'Bottom-Up Growth' on XRP Ledger, Rebuts Critics: Q&A
[Summary]: Ripple Labs CTO David Schwartz is hailed as a guru in some corners of the cryptocurrency industry – especially among the XRP Army, comprised of fans of the cryptocurrency XRP.

But the XRP Ledger, the...



Based on all the information before 2024-01-26, let's first analyze the positive developments and potential concerns for XRP-USD. Come up with 2-4 most important factors respectively and keep them concise. Most factors should be inferred from cryptocurrencies related news. Then let's assume your prediction for next week (2024-01-26 to 2024-02-02) is down by 4-5%. Provide a summary analysis to support your prediction. The prediction result need to be inferred from your analysis at the end, and thus not appearing as a foundational factor of your analysis.","### ANALYSIS REQUEST 3

[Positive Developments]:
1. **Legal Victory**: The partial victory in the SEC case remains a significant positive development.
2. **Institutional Support**: Partnerships with major banks and the expansion of remittance services show strong institutional support.
3. **Market Sentiment**: The XRP Army's support and positive market sentiment are encouraging.

[Potential Concerns]:
1. **Regulatory Uncertainty**: The ongoing SEC case continues to be a significant risk.
2. **Price Decline**: The consistent price decline from $0.57 to $0.53 indicates market caution.
3. **Dependence on Institutional Partnerships**: Ripple's reliance on institutional partnerships could be a risk if these partnerships face challenges.

[Prediction & Analysis]:
The positive developments, such as the legal victory and institutional support, are encouraging. However, the consistent price decline and regulatory uncertainty are significant concerns. The market's cautious approach, as indicated by the price drop, suggests that investors are waiting for more concrete developments. Given these factors, a prediction of a 4-5% decrease for the upcoming week seems plausible."
"[Cryptocurrency Introduction]: XRP (XRP) is a cryptocurrency . XRP has a current supply of 99,986,084,900 with 58,759,724,027 in circulation. The last known price of XRP is 2.15496928 USD and is up 1.07 over the last 24 hours. It is currently trading on 1621 active market(s) with $1,946,240,978.17 traded over the last 24 hours. More information can be found at https://xrpl.org/.. It has a market capilization of 126935072768.

From 2024-01-12 to 2024-01-19, XRP-USD's stock price decreased from 0.57 to 0.54. News during this period are listed below:

[Headline]: Blockchain Tech Predictions for 2024, From Experts at Ripple, Coinbase, a16z, Starknet
[Summary]: A lot of blockchain developers probably feel like they're working on the cutting edge of the cutting edge, building the financial and business infrastructure of the future. It’s nothing short of a rev...

[Headline]: Analisa Torres: The Judge Who Gave Ripple and XRP Hope
[Summary]: Federal Judge Analisa Torres gave the crypto industry a shot in the arm last July when she handed Ripple a partial victory in its fight with the U.S. Securities and Exchange Commission.

While Ripple ...

[Headline]: Standard Chartered-Backed Zodia Custody Joins Ripple-Owned Metaco’s Global Crypto Storage Network
[Summary]: Zodia Custody, a cryptocurrency storage provider backed by Standard Chartered (STAN), is joining Ripple-owned custody specialist Metaco's network, which is designed to handle the safekeeping and settl...

[Headline]: Ripple Excites XRP Army as Metaco Acquisition Brings Banks Closer
[Summary]: News that Metaco, the Swiss digital assets custody firm acquired by Ripple earlier this year, is working with HSBC, one of the world's largest banks, quickly became a reason to be cheerful for many su...

[Headline]: Ripple Broadens Remittances Between Africa, Gulf States, UK and Australia
[Summary]: Ripple, the cryptocurrency-based money transfer and payments network launched in 2012, is working with payments fintech Onafriq to expand remittance capabilities in Africa and across its borders with ...

From 2024-01-19 to 2024-01-26, XRP-USD's stock price decreased from 0.54 to 0.53. News during this period are listed below:

[Headline]: Ripple's David Schwartz Talks 'Bottom-Up Growth' on XRP Ledger, Rebuts Critics: Q&A
[Summary]: Ripple Labs CTO David Schwartz is hailed as a guru in some corners of the cryptocurrency industry – especially among the XRP Army, comprised of fans of the cryptocurrency XRP.

But the XRP Ledger, the...

From 2024-01-26 to 2024-02-02, XRP-USD's stock price decreased from 0.53 to 0.51. News during this period are listed below:

[Headline]: Ripple's XRP Drops 5% After Executive Is Hacked, Sparking Rumors of Network Breach
[Summary]: Ripple's XRP token fell by more than 5% on Wednesday following speculation that the network might have been hacked to the tune of $112.5 million.

Chris Larsen, Ripple's Executive Chairman, clarified ...



Based on all the information before 2024-02-02, let's first analyze the positive developments and potential concerns for XRP-USD. Come up with 2-4 most important factors respectively and keep them concise. Most factors should be inferred from cryptocurrencies related news. Then let's assume your prediction for next week (2024-02-02 to 2024-02-09) is up by 3-4%. Provide a summary analysis to support your prediction. The prediction result need to be inferred from your analysis at the end, and thus not appearing as a foundational factor of your analysis.","### ANALYSIS REQUEST 4

[Positive Developments]:
1. **Legal Victory**: The partial victory in the SEC case remains a significant positive development.
2. **Institutional Support**: Partnerships with major banks and the expansion of remittance services show strong institutional support.
3. **Market Sentiment**: The XRP Army's support and positive market sentiment are encouraging.

[Potential Concerns]:
1. **Regulatory Uncertainty**: The ongoing SEC case continues to be a significant risk.
2. **Price Decline**: The consistent price decline from $0.57 to $0.51 indicates market caution.
3. **Dependence on Institutional Partnerships**: Ripple's reliance on institutional partnerships could be a risk if these partnerships face challenges.

[Prediction & Analysis]:
Despite the positive developments, the consistent price decline and regulatory uncertainty are significant concerns. The market's cautious approach, as indicated by the price drop, suggests that investors are waiting for more concrete developments. However, the recent news of Binance freezing stolen XRP tokens and the court ruling on Ripple's financial statements could be seen as steps towards resolving some of the uncertainty. This, combined with the positive market sentiment, could lead to a slight upturn. Therefore, a prediction of a 3-4% increase for the upcoming week seems reasonable."
"[Cryptocurrency Introduction]: XRP (XRP) is a cryptocurrency . XRP has a current supply of 99,986,084,900 with 58,759,724,027 in circulation. The last known price of XRP is 2.15496928 USD and is up 1.07 over the last 24 hours. It is currently trading on 1621 active market(s) with $1,946,240,978.17 traded over the last 24 hours. More information can be found at https://xrpl.org/.. It has a market capilization of 126935072768.

From 2024-01-19 to 2024-01-26, XRP-USD's stock price decreased from 0.54 to 0.53. News during this period are listed below:

[Headline]: Ripple's David Schwartz Talks 'Bottom-Up Growth' on XRP Ledger, Rebuts Critics: Q&A
[Summary]: Ripple Labs CTO David Schwartz is hailed as a guru in some corners of the cryptocurrency industry – especially among the XRP Army, comprised of fans of the cryptocurrency XRP.

But the XRP Ledger, the...

From 2024-01-26 to 2024-02-02, XRP-USD's stock price decreased from 0.53 to 0.51. News during this period are listed below:

[Headline]: Ripple's XRP Drops 5% After Executive Is Hacked, Sparking Rumors of Network Breach
[Summary]: Ripple's XRP token fell by more than 5% on Wednesday following speculation that the network might have been hacked to the tune of $112.5 million.

Chris Larsen, Ripple's Executive Chairman, clarified ...

From 2024-02-02 to 2024-02-09, XRP-USD's stock price increased from 0.51 to 0.53. News during this period are listed below:

[Headline]: Ripple Must Share Financial Statements Requested by SEC, Court Rules
[Summary]: A New York judge has ordered Ripple Labs to produce certain financial statements and information on the institutional sale of XRP tokens at the request of the U.S. Securities and Exchange Commission (...

[Headline]: Binance Freezes $4.2M in XRP Tokens Stolen From Ripple Executive's Wallet
[Summary]: Crypto exchange Binance froze $4.2 million worth of xrp {{XRP}} tokens tied to this week's $120 million exploit, CEO Richard Teng said in an X post.

Teng said XRP Ledger developers, who maintain the ...



Based on all the information before 2024-02-09, let's first analyze the positive developments and potential concerns for XRP-USD. Come up with 2-4 most important factors respectively and keep them concise. Most factors should be inferred from cryptocurrencies related news. Then let's assume your prediction for next week (2024-02-09 to 2024-02-16) is up by more than 5%. Provide a summary analysis to support your prediction. The prediction result need to be inferred from your analysis at the end, and thus not appearing as a foundational factor of your analysis.","### ANALYSIS REQUEST 5

[Positive Developments]:
1. **Legal Victory**: The partial victory in the SEC case remains a significant positive development.
2. **Institutional Support**: Partnerships with major banks and the expansion of remittance services show strong institutional support.
3. **Market Sentiment**: The XRP Army's support and positive market sentiment are encouraging.

[Potential Concerns]:
1. **Regulatory Uncertainty**: The ongoing SEC case continues to be a significant risk.
2. **Price Decline**: The consistent price decline from $0.57 to $0.51 indicates market caution.
3. **Dependence on Institutional Partnerships**: Ripple's reliance on institutional partnerships could be a risk if these partnerships face challenges.

[Prediction & Analysis]:
Despite the positive developments, the consistent price decline and regulatory uncertainty are significant concerns. The market's cautious approach, as indicated by the price drop, suggests that investors are waiting for more concrete developments. However, the recent news of Binance freezing stolen XRP tokens and the court ruling on Ripple's financial statements could be seen as steps towards resolving some of the uncertainty. This, combined with the positive market sentiment, could lead to a slight upturn. Therefore, a prediction of a 3-4% increase for the upcoming week seems reasonable."
"[Cryptocurrency Introduction]: XRP (XRP) is a cryptocurrency . XRP has a current supply of 99,986,084,900 with 58,759,724,027 in circulation. The last known price of XRP is 2.15496928 USD and is up 1.07 over the last 24 hours. It is currently trading on 1621 active market(s) with $1,946,240,978.17 traded over the last 24 hours. More information can be found at https://xrpl.org/.. It has a market capilization of 126935072768.

From 2024-01-19 to 2024-01-26, XRP-USD's stock price decreased from 0.54 to 0.53. News during this period are listed below:

[Headline]: Ripple's David Schwartz Talks 'Bottom-Up Growth' on XRP Ledger, Rebuts Critics: Q&A
[Summary]: Ripple Labs CTO David Schwartz is hailed as a guru in some corners of the cryptocurrency industry – especially among the XRP Army, comprised of fans of the cryptocurrency XRP.

But the XRP Ledger, the...

From 2024-01-26 to 2024-02-02, XRP-USD's stock price decreased from 0.53 to 0.51. News during this period are listed below:

[Headline]: Ripple's XRP Drops 5% After Executive Is Hacked, Sparking Rumors of Network Breach
[Summary]: Ripple's XRP token fell by more than 5% on Wednesday following speculation that the network might have been hacked to the tune of $112.5 million.

Chris Larsen, Ripple's Executive Chairman, clarified ...

From 2024-02-02 to 2024-02-09, XRP-USD's stock price increased from 0.51 to 0.53. News during this period are listed below:

[Headline]: Ripple Must Share Financial Statements Requested by SEC, Court Rules
[Summary]: A New York judge has ordered Ripple Labs to produce certain financial statements and information on the institutional sale of XRP tokens at the request of the U.S. Securities and Exchange Commission (...

[Headline]: Binance Freezes $4.2M in XRP Tokens Stolen From Ripple Executive's Wallet
[Summary]: Crypto exchange Binance froze $4.2 million worth of xrp {{XRP}} tokens tied to this week's $120 million exploit, CEO Richard Teng said in an X post.

Teng said XRP Ledger developers, who maintain the ...

From 2024-02-09 to 2024-02-16, XRP-USD's stock price increased from 0.53 to 0.56. News during this period are listed below:

[Headline]: Ripple to Buy New York Crypto Trust Company to Expand U.S. Options
[Summary]: Ripple's acquisition plan to grab a company with a New York trust charter will expand the business it's allowed to conduct in the U.S., potentially letting it move beyond its well-known role as a paym...

[Headline]: Ripple-Owned Crypto Custody Firm Metaco's CEO and Head of Product Depart
[Summary]: The CEO and chief product officer of Metaco, the cryptocurrency custody firm acquired by Ripple in May 2023, have left the company.

A Ripple spokesperson confirmed CEO Adrien Treccani and Chief Produ...



Based on all the information before 2024-02-16, let's first analyze the positive developments and potential concerns for XRP-USD. Come up with 2-4 most important factors respectively and keep them concise. Most factors should be inferred from cryptocurrencies related news. Then let's assume your prediction for next week (2024-02-16 to 2024-02-23) is down by more than 5%. Provide a summary analysis to support your prediction. The prediction result need to be inferred from your analysis at the end, and thus not appearing as a foundational factor of your analysis.","**[Positive Developments]:
1. **Ripple's Expansion Plans**: Ripple's acquisition of a New York crypto trust company indicates a strategic move to expand its business operations in the U.S., which could open up new revenue streams and partnerships.
2. **Community Support**: The endorsement of Ripple Labs CTO David Schwartz by the XRP Army shows strong community backing, which is crucial for the long-term success of any cryptocurrency.
3. **Binance Intervention**: Binance's action to freeze $4.2 million in stolen XRP tokens demonstrates the robustness of the XRP Ledger and the responsiveness of major exchanges in handling security incidents.

**[Potential Concerns]:
1. **Executive Hack and Rumors**: The hacking incident involving a Ripple executive and the subsequent rumors of a network breach have raised security concerns, leading to a temporary drop in XRP's price.
2. **SEC Investigation**: The court ruling requiring Ripple to share financial statements with the SEC adds to the regulatory uncertainty surrounding XRP, which could deter potential investors.
3. **Executive Departures**: The departure of key executives from Metaco, a Ripple-owned crypto custody firm, may indicate internal issues or strategic disagreements, which could impact Ripple's operations.

**[Prediction & Analysis]:
The upcoming week's price movement for XRP is likely to be influenced by the ongoing SEC investigation and the market's reaction to the recent hacking incident. The requirement to share financial statements with the SEC adds a layer of uncertainty, which could lead to a decrease in investor confidence. Additionally, the departure of key executives from Metaco raises questions about the stability of Ripple's subsidiaries. Despite the positive developments, such as Ripple's expansion plans and Binance's intervention, the potential concerns are likely to weigh more heavily on XRP's price in the short term. Therefore, a downward trend of more than 5% is predicted for the upcoming week."
"[Cryptocurrency Introduction]: XRP (XRP) is a cryptocurrency . XRP has a current supply of 99,986,084,900 with 58,759,724,027 in circulation. The last known price of XRP is 2.15496928 USD and is up 1.07 over the last 24 hours. It is currently trading on 1621 active market(s) with $1,946,240,978.17 traded over the last 24 hours. More information can be found at https://xrpl.org/.. It has a market capilization of 126935072768.

From 2024-02-16 to 2024-02-23, XRP-USD's stock price decreased from 0.56 to 0.53. News during this period are listed below:

[Headline]: Ripple to Buy New York Crypto Trust Company to Expand U.S. Options
[Summary]: Ripple's acquisition plan to grab a company with a New York trust charter will expand the business it's allowed to conduct in the U.S., potentially letting it move beyond its well-known role as a paym...

[Headline]: Ripple-Owned Crypto Custody Firm Metaco's CEO and Head of Product Depart
[Summary]: The CEO and chief product officer of Metaco, the cryptocurrency custody firm acquired by Ripple in May 2023, have left the company.

A Ripple spokesperson confirmed CEO Adrien Treccani and Chief Produ...

[Headline]: Ripple Must Share Financial Statements Requested by SEC, Court Rules
[Summary]: A New York judge has ordered Ripple Labs to produce certain financial statements and information on the institutional sale of XRP tokens at the request of the U.S. Securities and Exchange Commission (...

[Headline]: Binance Freezes $4.2M in XRP Tokens Stolen From Ripple Executive's Wallet
[Summary]: Crypto exchange Binance froze $4.2 million worth of xrp {{XRP}} tokens tied to this week's $120 million exploit, CEO Richard Teng said in an X post.

Teng said XRP Ledger developers, who maintain the ...

[Headline]: Ripple's XRP Drops 5% After Executive Is Hacked, Sparking Rumors of Network Breach
[Summary]: Ripple's XRP token fell by more than 5% on Wednesday following speculation that the network might have been hacked to the tune of $112.5 million.

Chris Larsen, Ripple's Executive Chairman, clarified ...



Based on all the information before 2024-02-23, let's first analyze the positive developments and potential concerns for XRP-USD. Come up with 2-4 most important factors respectively and keep them concise. Most factors should be inferred from cryptocurrencies related news. Then let's assume your prediction for next week (2024-02-23 to 2024-03-01) is up by more than 5%. Provide a summary analysis to support your prediction. The prediction result need to be inferred from your analysis at the end, and thus not appearing as a foundational factor of your analysis.","[Positive Developments]:
ERROR: Could not parse response from Mistral batch

[Potential Concerns]:
1. Market volatility

[Prediction & Analysis]:
ERROR: Could not parse response from Mistral batch"
"[Cryptocurrency Introduction]: XRP (XRP) is a cryptocurrency . XRP has a current supply of 99,986,084,900 with 58,759,724,027 in circulation. The last known price of XRP is 2.15496928 USD and is up 1.07 over the last 24 hours. It is currently trading on 1621 active market(s) with $1,946,240,978.17 traded over the last 24 hours. More information can be found at https://xrpl.org/.. It has a market capilization of 126935072768.

From 2024-02-09 to 2024-02-16, XRP-USD's stock price increased from 0.53 to 0.56. News during this period are listed below:

[Headline]: Ripple to Buy New York Crypto Trust Company to Expand U.S. Options
[Summary]: Ripple's acquisition plan to grab a company with a New York trust charter will expand the business it's allowed to conduct in the U.S., potentially letting it move beyond its well-known role as a paym...

[Headline]: Ripple-Owned Crypto Custody Firm Metaco's CEO and Head of Product Depart
[Summary]: The CEO and chief product officer of Metaco, the cryptocurrency custody firm acquired by Ripple in May 2023, have left the company.

A Ripple spokesperson confirmed CEO Adrien Treccani and Chief Produ...

From 2024-02-16 to 2024-02-23, XRP-USD's stock price decreased from 0.56 to 0.53. News during this period are listed below:

[Headline]: Ripple to Buy New York Crypto Trust Company to Expand U.S. Options
[Summary]: Ripple's acquisition plan to grab a company with a New York trust charter will expand the business it's allowed to conduct in the U.S., potentially letting it move beyond its well-known role as a paym...

[Headline]: Ripple-Owned Crypto Custody Firm Metaco's CEO and Head of Product Depart
[Summary]: The CEO and chief product officer of Metaco, the cryptocurrency custody firm acquired by Ripple in May 2023, have left the company.

A Ripple spokesperson confirmed CEO Adrien Treccani and Chief Produ...

[Headline]: Ripple Must Share Financial Statements Requested by SEC, Court Rules
[Summary]: A New York judge has ordered Ripple Labs to produce certain financial statements and information on the institutional sale of XRP tokens at the request of the U.S. Securities and Exchange Commission (...

[Headline]: Binance Freezes $4.2M in XRP Tokens Stolen From Ripple Executive's Wallet
[Summary]: Crypto exchange Binance froze $4.2 million worth of xrp {{XRP}} tokens tied to this week's $120 million exploit, CEO Richard Teng said in an X post.

Teng said XRP Ledger developers, who maintain the ...

[Headline]: Ripple's XRP Drops 5% After Executive Is Hacked, Sparking Rumors of Network Breach
[Summary]: Ripple's XRP token fell by more than 5% on Wednesday following speculation that the network might have been hacked to the tune of $112.5 million.

Chris Larsen, Ripple's Executive Chairman, clarified ...

From 2024-02-23 to 2024-03-01, XRP-USD's stock price increased from 0.53 to 0.60. News during this period are listed below:

[Headline]: Ripple to Buy New York Crypto Trust Company to Expand U.S. Options
[Summary]: Ripple's acquisition plan to grab a company with a New York trust charter will expand the business it's allowed to conduct in the U.S., potentially letting it move beyond its well-known role as a paym...

[Headline]: Ripple-Owned Crypto Custody Firm Metaco's CEO and Head of Product Depart
[Summary]: The CEO and chief product officer of Metaco, the cryptocurrency custody firm acquired by Ripple in May 2023, have left the company.

A Ripple spokesperson confirmed CEO Adrien Treccani and Chief Produ...

[Headline]: Ripple Must Share Financial Statements Requested by SEC, Court Rules
[Summary]: A New York judge has ordered Ripple Labs to produce certain financial statements and information on the institutional sale of XRP tokens at the request of the U.S. Securities and Exchange Commission (...

[Headline]: Binance Freezes $4.2M in XRP Tokens Stolen From Ripple Executive's Wallet
[Summary]: Crypto exchange Binance froze $4.2 million worth of xrp {{XRP}} tokens tied to this week's $120 million exploit, CEO Richard Teng said in an X post.

Teng said XRP Ledger developers, who maintain the ...

[Headline]: Ripple's XRP Drops 5% After Executive Is Hacked, Sparking Rumors of Network Breach
[Summary]: Ripple's XRP token fell by more than 5% on Wednesday following speculation that the network might have been hacked to the tune of $112.5 million.

Chris Larsen, Ripple's Executive Chairman, clarified ...



Based on all the information before 2024-03-01, let's first analyze the positive developments and potential concerns for XRP-USD. Come up with 2-4 most important factors respectively and keep them concise. Most factors should be inferred from cryptocurrencies related news. Then let's assume your prediction for next week (2024-03-01 to 2024-03-08) is up by 3-4%. Provide a summary analysis to support your prediction. The prediction result need to be inferred from your analysis at the end, and thus not appearing as a foundational factor of your analysis.","[Positive Developments]:
ERROR: Could not parse response from Mistral batch

[Potential Concerns]:
1. Market volatility

[Prediction & Analysis]:
ERROR: Could not parse response from Mistral batch"
"[Cryptocurrency Introduction]: XRP (XRP) is a cryptocurrency . XRP has a current supply of 99,986,084,900 with 58,759,724,027 in circulation. The last known price of XRP is 2.15496928 USD and is up 1.07 over the last 24 hours. It is currently trading on 1621 active market(s) with $1,946,240,978.17 traded over the last 24 hours. More information can be found at https://xrpl.org/.. It has a market capilization of 126935072768.

From 2024-02-16 to 2024-02-23, XRP-USD's stock price decreased from 0.56 to 0.53. News during this period are listed below:

[Headline]: Ripple to Buy New York Crypto Trust Company to Expand U.S. Options
[Summary]: Ripple's acquisition plan to grab a company with a New York trust charter will expand the business it's allowed to conduct in the U.S., potentially letting it move beyond its well-known role as a paym...

[Headline]: Ripple-Owned Crypto Custody Firm Metaco's CEO and Head of Product Depart
[Summary]: The CEO and chief product officer of Metaco, the cryptocurrency custody firm acquired by Ripple in May 2023, have left the company.

A Ripple spokesperson confirmed CEO Adrien Treccani and Chief Produ...

[Headline]: Ripple Must Share Financial Statements Requested by SEC, Court Rules
[Summary]: A New York judge has ordered Ripple Labs to produce certain financial statements and information on the institutional sale of XRP tokens at the request of the U.S. Securities and Exchange Commission (...

[Headline]: Binance Freezes $4.2M in XRP Tokens Stolen From Ripple Executive's Wallet
[Summary]: Crypto exchange Binance froze $4.2 million worth of xrp {{XRP}} tokens tied to this week's $120 million exploit, CEO Richard Teng said in an X post.

Teng said XRP Ledger developers, who maintain the ...

[Headline]: Ripple's XRP Drops 5% After Executive Is Hacked, Sparking Rumors of Network Breach
[Summary]: Ripple's XRP token fell by more than 5% on Wednesday following speculation that the network might have been hacked to the tune of $112.5 million.

Chris Larsen, Ripple's Executive Chairman, clarified ...

From 2024-02-23 to 2024-03-01, XRP-USD's stock price increased from 0.53 to 0.60. News during this period are listed below:

[Headline]: Ripple to Buy New York Crypto Trust Company to Expand U.S. Options
[Summary]: Ripple's acquisition plan to grab a company with a New York trust charter will expand the business it's allowed to conduct in the U.S., potentially letting it move beyond its well-known role as a paym...

[Headline]: Ripple-Owned Crypto Custody Firm Metaco's CEO and Head of Product Depart
[Summary]: The CEO and chief product officer of Metaco, the cryptocurrency custody firm acquired by Ripple in May 2023, have left the company.

A Ripple spokesperson confirmed CEO Adrien Treccani and Chief Produ...

[Headline]: Ripple Must Share Financial Statements Requested by SEC, Court Rules
[Summary]: A New York judge has ordered Ripple Labs to produce certain financial statements and information on the institutional sale of XRP tokens at the request of the U.S. Securities and Exchange Commission (...

[Headline]: Binance Freezes $4.2M in XRP Tokens Stolen From Ripple Executive's Wallet
[Summary]: Crypto exchange Binance froze $4.2 million worth of xrp {{XRP}} tokens tied to this week's $120 million exploit, CEO Richard Teng said in an X post.

Teng said XRP Ledger developers, who maintain the ...

[Headline]: Ripple's XRP Drops 5% After Executive Is Hacked, Sparking Rumors of Network Breach
[Summary]: Ripple's XRP token fell by more than 5% on Wednesday following speculation that the network might have been hacked to the tune of $112.5 million.

Chris Larsen, Ripple's Executive Chairman, clarified ...

From 2024-03-01 to 2024-03-08, XRP-USD's stock price increased from 0.60 to 0.62. News during this period are listed below:

[Headline]: Ripple to Buy New York Crypto Trust Company to Expand U.S. Options
[Summary]: Ripple's acquisition plan to grab a company with a New York trust charter will expand the business it's allowed to conduct in the U.S., potentially letting it move beyond its well-known role as a paym...

[Headline]: Ripple-Owned Crypto Custody Firm Metaco's CEO and Head of Product Depart
[Summary]: The CEO and chief product officer of Metaco, the cryptocurrency custody firm acquired by Ripple in May 2023, have left the company.

A Ripple spokesperson confirmed CEO Adrien Treccani and Chief Produ...

[Headline]: Ripple Must Share Financial Statements Requested by SEC, Court Rules
[Summary]: A New York judge has ordered Ripple Labs to produce certain financial statements and information on the institutional sale of XRP tokens at the request of the U.S. Securities and Exchange Commission (...

[Headline]: Binance Freezes $4.2M in XRP Tokens Stolen From Ripple Executive's Wallet
[Summary]: Crypto exchange Binance froze $4.2 million worth of xrp {{XRP}} tokens tied to this week's $120 million exploit, CEO Richard Teng said in an X post.

Teng said XRP Ledger developers, who maintain the ...

[Headline]: Ripple's XRP Drops 5% After Executive Is Hacked, Sparking Rumors of Network Breach
[Summary]: Ripple's XRP token fell by more than 5% on Wednesday following speculation that the network might have been hacked to the tune of $112.5 million.

Chris Larsen, Ripple's Executive Chairman, clarified ...



Based on all the information before 2024-03-08, let's first analyze the positive developments and potential concerns for XRP-USD. Come up with 2-4 most important factors respectively and keep them concise. Most factors should be inferred from cryptocurrencies related news. Then let's assume your prediction for next week (2024-03-08 to 2024-03-15) is up by 1-2%. Provide a summary analysis to support your prediction. The prediction result need to be inferred from your analysis at the end, and thus not appearing as a foundational factor of your analysis.","[Positive Developments]:
ERROR: Could not parse response from Mistral batch

[Potential Concerns]:
1. Market volatility

[Prediction & Analysis]:
ERROR: Could not parse response from Mistral batch"
"[Cryptocurrency Introduction]: XRP (XRP) is a cryptocurrency . XRP has a current supply of 99,986,084,900 with 58,759,724,027 in circulation. The last known price of XRP is 2.15496928 USD and is up 1.07 over the last 24 hours. It is currently trading on 1621 active market(s) with $1,946,240,978.17 traded over the last 24 hours. More information can be found at https://xrpl.org/.. It has a market capilization of 126935072768.

From 2024-02-23 to 2024-03-01, XRP-USD's stock price increased from 0.53 to 0.60. News during this period are listed below:

[Headline]: Ripple to Buy New York Crypto Trust Company to Expand U.S. Options
[Summary]: Ripple's acquisition plan to grab a company with a New York trust charter will expand the business it's allowed to conduct in the U.S., potentially letting it move beyond its well-known role as a paym...

[Headline]: Ripple-Owned Crypto Custody Firm Metaco's CEO and Head of Product Depart
[Summary]: The CEO and chief product officer of Metaco, the cryptocurrency custody firm acquired by Ripple in May 2023, have left the company.

A Ripple spokesperson confirmed CEO Adrien Treccani and Chief Produ...

[Headline]: Ripple Must Share Financial Statements Requested by SEC, Court Rules
[Summary]: A New York judge has ordered Ripple Labs to produce certain financial statements and information on the institutional sale of XRP tokens at the request of the U.S. Securities and Exchange Commission (...

[Headline]: Binance Freezes $4.2M in XRP Tokens Stolen From Ripple Executive's Wallet
[Summary]: Crypto exchange Binance froze $4.2 million worth of xrp {{XRP}} tokens tied to this week's $120 million exploit, CEO Richard Teng said in an X post.

Teng said XRP Ledger developers, who maintain the ...

[Headline]: Ripple's XRP Drops 5% After Executive Is Hacked, Sparking Rumors of Network Breach
[Summary]: Ripple's XRP token fell by more than 5% on Wednesday following speculation that the network might have been hacked to the tune of $112.5 million.

Chris Larsen, Ripple's Executive Chairman, clarified ...

From 2024-03-01 to 2024-03-08, XRP-USD's stock price increased from 0.60 to 0.62. News during this period are listed below:

[Headline]: Ripple to Buy New York Crypto Trust Company to Expand U.S. Options
[Summary]: Ripple's acquisition plan to grab a company with a New York trust charter will expand the business it's allowed to conduct in the U.S., potentially letting it move beyond its well-known role as a paym...

[Headline]: Ripple-Owned Crypto Custody Firm Metaco's CEO and Head of Product Depart
[Summary]: The CEO and chief product officer of Metaco, the cryptocurrency custody firm acquired by Ripple in May 2023, have left the company.

A Ripple spokesperson confirmed CEO Adrien Treccani and Chief Produ...

[Headline]: Ripple Must Share Financial Statements Requested by SEC, Court Rules
[Summary]: A New York judge has ordered Ripple Labs to produce certain financial statements and information on the institutional sale of XRP tokens at the request of the U.S. Securities and Exchange Commission (...

[Headline]: Binance Freezes $4.2M in XRP Tokens Stolen From Ripple Executive's Wallet
[Summary]: Crypto exchange Binance froze $4.2 million worth of xrp {{XRP}} tokens tied to this week's $120 million exploit, CEO Richard Teng said in an X post.

Teng said XRP Ledger developers, who maintain the ...

[Headline]: Ripple's XRP Drops 5% After Executive Is Hacked, Sparking Rumors of Network Breach
[Summary]: Ripple's XRP token fell by more than 5% on Wednesday following speculation that the network might have been hacked to the tune of $112.5 million.

Chris Larsen, Ripple's Executive Chairman, clarified ...

From 2024-03-08 to 2024-03-15, XRP-USD's stock price increased from 0.62 to 0.63. News during this period are listed below:

[Headline]: Ripple to Buy New York Crypto Trust Company to Expand U.S. Options
[Summary]: Ripple's acquisition plan to grab a company with a New York trust charter will expand the business it's allowed to conduct in the U.S., potentially letting it move beyond its well-known role as a paym...

[Headline]: Ripple-Owned Crypto Custody Firm Metaco's CEO and Head of Product Depart
[Summary]: The CEO and chief product officer of Metaco, the cryptocurrency custody firm acquired by Ripple in May 2023, have left the company.

A Ripple spokesperson confirmed CEO Adrien Treccani and Chief Produ...

[Headline]: Ripple Must Share Financial Statements Requested by SEC, Court Rules
[Summary]: A New York judge has ordered Ripple Labs to produce certain financial statements and information on the institutional sale of XRP tokens at the request of the U.S. Securities and Exchange Commission (...

[Headline]: Binance Freezes $4.2M in XRP Tokens Stolen From Ripple Executive's Wallet
[Summary]: Crypto exchange Binance froze $4.2 million worth of xrp {{XRP}} tokens tied to this week's $120 million exploit, CEO Richard Teng said in an X post.

Teng said XRP Ledger developers, who maintain the ...

[Headline]: Ripple's XRP Drops 5% After Executive Is Hacked, Sparking Rumors of Network Breach
[Summary]: Ripple's XRP token fell by more than 5% on Wednesday following speculation that the network might have been hacked to the tune of $112.5 million.

Chris Larsen, Ripple's Executive Chairman, clarified ...



Based on all the information before 2024-03-15, let's first analyze the positive developments and potential concerns for XRP-USD. Come up with 2-4 most important factors respectively and keep them concise. Most factors should be inferred from cryptocurrencies related news. Then let's assume your prediction for next week (2024-03-15 to 2024-03-22) is down by 3-4%. Provide a summary analysis to support your prediction. The prediction result need to be inferred from your analysis at the end, and thus not appearing as a foundational factor of your analysis.","[Positive Developments]:
ERROR: Could not parse response from Mistral batch

[Potential Concerns]:
1. Market volatility

[Prediction & Analysis]:
ERROR: Could not parse response from Mistral batch"
"[Cryptocurrency Introduction]: XRP (XRP) is a cryptocurrency . XRP has a current supply of 99,986,084,900 with 58,759,724,027 in circulation. The last known price of XRP is 2.15496928 USD and is up 1.07 over the last 24 hours. It is currently trading on 1621 active market(s) with $1,946,240,978.17 traded over the last 24 hours. More information can be found at https://xrpl.org/.. It has a market capilization of 126935072768.

From 2024-03-01 to 2024-03-08, XRP-USD's stock price increased from 0.60 to 0.62. News during this period are listed below:

[Headline]: Ripple to Buy New York Crypto Trust Company to Expand U.S. Options
[Summary]: Ripple's acquisition plan to grab a company with a New York trust charter will expand the business it's allowed to conduct in the U.S., potentially letting it move beyond its well-known role as a paym...

[Headline]: Ripple-Owned Crypto Custody Firm Metaco's CEO and Head of Product Depart
[Summary]: The CEO and chief product officer of Metaco, the cryptocurrency custody firm acquired by Ripple in May 2023, have left the company.

A Ripple spokesperson confirmed CEO Adrien Treccani and Chief Produ...

[Headline]: Ripple Must Share Financial Statements Requested by SEC, Court Rules
[Summary]: A New York judge has ordered Ripple Labs to produce certain financial statements and information on the institutional sale of XRP tokens at the request of the U.S. Securities and Exchange Commission (...

[Headline]: Binance Freezes $4.2M in XRP Tokens Stolen From Ripple Executive's Wallet
[Summary]: Crypto exchange Binance froze $4.2 million worth of xrp {{XRP}} tokens tied to this week's $120 million exploit, CEO Richard Teng said in an X post.

Teng said XRP Ledger developers, who maintain the ...

[Headline]: Ripple's XRP Drops 5% After Executive Is Hacked, Sparking Rumors of Network Breach
[Summary]: Ripple's XRP token fell by more than 5% on Wednesday following speculation that the network might have been hacked to the tune of $112.5 million.

Chris Larsen, Ripple's Executive Chairman, clarified ...

From 2024-03-08 to 2024-03-15, XRP-USD's stock price increased from 0.62 to 0.63. News during this period are listed below:

[Headline]: Ripple to Buy New York Crypto Trust Company to Expand U.S. Options
[Summary]: Ripple's acquisition plan to grab a company with a New York trust charter will expand the business it's allowed to conduct in the U.S., potentially letting it move beyond its well-known role as a paym...

[Headline]: Ripple-Owned Crypto Custody Firm Metaco's CEO and Head of Product Depart
[Summary]: The CEO and chief product officer of Metaco, the cryptocurrency custody firm acquired by Ripple in May 2023, have left the company.

A Ripple spokesperson confirmed CEO Adrien Treccani and Chief Produ...

[Headline]: Ripple Must Share Financial Statements Requested by SEC, Court Rules
[Summary]: A New York judge has ordered Ripple Labs to produce certain financial statements and information on the institutional sale of XRP tokens at the request of the U.S. Securities and Exchange Commission (...

[Headline]: Binance Freezes $4.2M in XRP Tokens Stolen From Ripple Executive's Wallet
[Summary]: Crypto exchange Binance froze $4.2 million worth of xrp {{XRP}} tokens tied to this week's $120 million exploit, CEO Richard Teng said in an X post.

Teng said XRP Ledger developers, who maintain the ...

[Headline]: Ripple's XRP Drops 5% After Executive Is Hacked, Sparking Rumors of Network Breach
[Summary]: Ripple's XRP token fell by more than 5% on Wednesday following speculation that the network might have been hacked to the tune of $112.5 million.

Chris Larsen, Ripple's Executive Chairman, clarified ...

From 2024-03-15 to 2024-03-22, XRP-USD's stock price decreased from 0.63 to 0.61. News during this period are listed below:

[Headline]: Ripple to Buy New York Crypto Trust Company to Expand U.S. Options
[Summary]: Ripple's acquisition plan to grab a company with a New York trust charter will expand the business it's allowed to conduct in the U.S., potentially letting it move beyond its well-known role as a paym...

[Headline]: Ripple-Owned Crypto Custody Firm Metaco's CEO and Head of Product Depart
[Summary]: The CEO and chief product officer of Metaco, the cryptocurrency custody firm acquired by Ripple in May 2023, have left the company.

A Ripple spokesperson confirmed CEO Adrien Treccani and Chief Produ...

[Headline]: Ripple Must Share Financial Statements Requested by SEC, Court Rules
[Summary]: A New York judge has ordered Ripple Labs to produce certain financial statements and information on the institutional sale of XRP tokens at the request of the U.S. Securities and Exchange Commission (...

[Headline]: Binance Freezes $4.2M in XRP Tokens Stolen From Ripple Executive's Wallet
[Summary]: Crypto exchange Binance froze $4.2 million worth of xrp {{XRP}} tokens tied to this week's $120 million exploit, CEO Richard Teng said in an X post.

Teng said XRP Ledger developers, who maintain the ...

[Headline]: Ripple's XRP Drops 5% After Executive Is Hacked, Sparking Rumors of Network Breach
[Summary]: Ripple's XRP token fell by more than 5% on Wednesday following speculation that the network might have been hacked to the tune of $112.5 million.

Chris Larsen, Ripple's Executive Chairman, clarified ...



Based on all the information before 2024-03-22, let's first analyze the positive developments and potential concerns for XRP-USD. Come up with 2-4 most important factors respectively and keep them concise. Most factors should be inferred from cryptocurrencies related news. Then let's assume your prediction for next week (2024-03-22 to 2024-03-29) is up by 3-4%. Provide a summary analysis to support your prediction. The prediction result need to be inferred from your analysis at the end, and thus not appearing as a foundational factor of your analysis.","**[Positive Developments]:**
1. **Ripple's Expansion**: Ripple's acquisition plan to buy a New York crypto trust company will expand its business options in the U.S., potentially allowing it to move beyond its well-known role as a payment processor.
2. **Binance Support**: Binance's swift action to freeze $4.2 million in XRP tokens stolen from a Ripple executive's wallet demonstrates strong security support from major exchanges.

**[Potential Concerns]:**
1. **Executive Departures**: The departure of the CEO and chief product officer of Metaco, a Ripple-owned crypto custody firm, raises concerns about internal stability and leadership.
2. **SEC Pressure**: A New York judge ordering Ripple to share financial statements with the SEC increases regulatory uncertainty and potential legal risks.
3. **Security Concerns**: The hacking of a Ripple executive's wallet, leading to a 5% drop in XRP's price, highlights security vulnerabilities and market sensitivity to such events.

**[Prediction & Analysis]:**
The recent developments present a mixed outlook for XRP. While Ripple's expansion plans and Binance's support are positive, the executive departures and regulatory pressure from the SEC are significant concerns. The hacking incident also underscores security risks, which could dampen investor confidence. However, the market's reaction to these events has been relatively mild, suggesting that investors are not overly concerned about long-term impacts. The upcoming week is likely to see a modest increase in XRP's price, around 3-4%, as the market digests these developments and focuses on the positive expansion plans."
"[Cryptocurrency Introduction]: XRP (XRP) is a cryptocurrency . XRP has a current supply of 99,986,084,900 with 58,759,724,027 in circulation. The last known price of XRP is 2.15496928 USD and is up 1.07 over the last 24 hours. It is currently trading on 1621 active market(s) with $1,946,240,978.17 traded over the last 24 hours. More information can be found at https://xrpl.org/.. It has a market capilization of 126935072768.

From 2024-03-15 to 2024-03-22, XRP-USD's stock price decreased from 0.63 to 0.61. News during this period are listed below:

[Headline]: Ripple to Buy New York Crypto Trust Company to Expand U.S. Options
[Summary]: Ripple's acquisition plan to grab a company with a New York trust charter will expand the business it's allowed to conduct in the U.S., potentially letting it move beyond its well-known role as a paym...

[Headline]: Ripple-Owned Crypto Custody Firm Metaco's CEO and Head of Product Depart
[Summary]: The CEO and chief product officer of Metaco, the cryptocurrency custody firm acquired by Ripple in May 2023, have left the company.

A Ripple spokesperson confirmed CEO Adrien Treccani and Chief Produ...

[Headline]: Ripple Must Share Financial Statements Requested by SEC, Court Rules
[Summary]: A New York judge has ordered Ripple Labs to produce certain financial statements and information on the institutional sale of XRP tokens at the request of the U.S. Securities and Exchange Commission (...

[Headline]: Binance Freezes $4.2M in XRP Tokens Stolen From Ripple Executive's Wallet
[Summary]: Crypto exchange Binance froze $4.2 million worth of xrp {{XRP}} tokens tied to this week's $120 million exploit, CEO Richard Teng said in an X post.

Teng said XRP Ledger developers, who maintain the ...

[Headline]: Ripple's XRP Drops 5% After Executive Is Hacked, Sparking Rumors of Network Breach
[Summary]: Ripple's XRP token fell by more than 5% on Wednesday following speculation that the network might have been hacked to the tune of $112.5 million.

Chris Larsen, Ripple's Executive Chairman, clarified ...

From 2024-03-22 to 2024-03-29, XRP-USD's stock price increased from 0.61 to 0.63. News during this period are listed below:

[Headline]: SEC Seeks $1.95B Fine in Final Judgment Against Ripple
[Summary]: The U.S. SEC has asked a New York judge to impose a fine of $1.95 billion on Ripple Labs.

The SEC asked the Court to consider how easily actors, particularly in the crypto asset space, can today enga...

[Headline]: Garlinghouse Says SEC to Press Judge for $2B in Fines and Penalties in Ripple Case
[Summary]: The U.S. Securities and Exchange Commission (SEC) is apparently asking a New York judge to levy a $2 billion judgment against Ripple Labs, according to social media posts from the crypto company’s CEO...



Based on all the information before 2024-03-29, let's first analyze the positive developments and potential concerns for XRP-USD. Come up with 2-4 most important factors respectively and keep them concise. Most factors should be inferred from cryptocurrencies related news. Then let's assume your prediction for next week (2024-03-29 to 2024-04-05) is down by more than 5%. Provide a summary analysis to support your prediction. The prediction result need to be inferred from your analysis at the end, and thus not appearing as a foundational factor of your analysis.","**[Positive Developments]:**
1. **Expansion Plans**: Ripple's acquisition of a New York crypto trust company aims to expand its business options, which could drive growth and adoption.
2. **Market Resilience**: Despite recent concerns, XRP's price has shown resilience, indicating underlying market support.

**[Potential Concerns]:**
1. **SEC Fine**: The SEC seeking a $1.95 billion fine against Ripple introduces significant regulatory and financial risks.
2. **Executive Departures**: The departure of key executives from Metaco raises questions about the stability and future direction of the company.

**[Prediction & Analysis]:**
The potential SEC fine is a substantial concern that could weigh heavily on XRP's price. Additionally, the departure of key executives adds to the uncertainty. While Ripple's expansion plans are positive, the regulatory and internal challenges are likely to overshadow these benefits in the short term. As a result, the upcoming week may see a decline in XRP's price by more than 5% as investors react to these concerns."
"[Cryptocurrency Introduction]: XRP (XRP) is a cryptocurrency . XRP has a current supply of 99,986,084,900 with 58,759,724,027 in circulation. The last known price of XRP is 2.15496928 USD and is up 1.07 over the last 24 hours. It is currently trading on 1621 active market(s) with $1,946,240,978.17 traded over the last 24 hours. More information can be found at https://xrpl.org/.. It has a market capilization of 126935072768.

From 2024-03-15 to 2024-03-22, XRP-USD's stock price decreased from 0.63 to 0.61. News during this period are listed below:

[Headline]: Ripple to Buy New York Crypto Trust Company to Expand U.S. Options
[Summary]: Ripple's acquisition plan to grab a company with a New York trust charter will expand the business it's allowed to conduct in the U.S., potentially letting it move beyond its well-known role as a paym...

[Headline]: Ripple-Owned Crypto Custody Firm Metaco's CEO and Head of Product Depart
[Summary]: The CEO and chief product officer of Metaco, the cryptocurrency custody firm acquired by Ripple in May 2023, have left the company.

A Ripple spokesperson confirmed CEO Adrien Treccani and Chief Produ...

[Headline]: Ripple Must Share Financial Statements Requested by SEC, Court Rules
[Summary]: A New York judge has ordered Ripple Labs to produce certain financial statements and information on the institutional sale of XRP tokens at the request of the U.S. Securities and Exchange Commission (...

[Headline]: Binance Freezes $4.2M in XRP Tokens Stolen From Ripple Executive's Wallet
[Summary]: Crypto exchange Binance froze $4.2 million worth of xrp {{XRP}} tokens tied to this week's $120 million exploit, CEO Richard Teng said in an X post.

Teng said XRP Ledger developers, who maintain the ...

[Headline]: Ripple's XRP Drops 5% After Executive Is Hacked, Sparking Rumors of Network Breach
[Summary]: Ripple's XRP token fell by more than 5% on Wednesday following speculation that the network might have been hacked to the tune of $112.5 million.

Chris Larsen, Ripple's Executive Chairman, clarified ...

From 2024-03-22 to 2024-03-29, XRP-USD's stock price increased from 0.61 to 0.63. News during this period are listed below:

[Headline]: SEC Seeks $1.95B Fine in Final Judgment Against Ripple
[Summary]: The U.S. SEC has asked a New York judge to impose a fine of $1.95 billion on Ripple Labs.

The SEC asked the Court to consider how easily actors, particularly in the crypto asset space, can today enga...

[Headline]: Garlinghouse Says SEC to Press Judge for $2B in Fines and Penalties in Ripple Case
[Summary]: The U.S. Securities and Exchange Commission (SEC) is apparently asking a New York judge to levy a $2 billion judgment against Ripple Labs, according to social media posts from the crypto company’s CEO...

From 2024-03-29 to 2024-04-05, XRP-USD's stock price decreased from 0.63 to 0.59. News during this period are listed below:

[Headline]: What Does Ripple’s Stablecoin Mean for XRP?
[Summary]: Ripple has declared the death of {{XRP}}. Well, to be fair, to be accurate, Ripple CEO Brad Garlinghouse has said the exact opposite when announcing the Silicon Valley crypto mainstay would launch a U...

[Headline]: Ripple, Developer Behind XRP Ledger, Enters Stablecoin Fray vs. Tether, USDC
[Summary]: Ripple, the enterprise-focused blockchain service and creator of the XRP Ledger, is introducing its own stablecoin pegged to the price of the U.S. dollar.

""The stablecoin market is over $150 billion ...



Based on all the information before 2024-04-05, let's first analyze the positive developments and potential concerns for XRP-USD. Come up with 2-4 most important factors respectively and keep them concise. Most factors should be inferred from cryptocurrencies related news. Then let's assume your prediction for next week (2024-04-05 to 2024-04-12) is down by more than 5%. Provide a summary analysis to support your prediction. The prediction result need to be inferred from your analysis at the end, and thus not appearing as a foundational factor of your analysis.","**[Positive Developments]:**
1. **Stablecoin Launch**: Ripple's entry into the stablecoin market could diversify its offerings and attract new investors.
2. **Market Optimism**: Ripple CEO's prediction of a doubling crypto market cap by year-end suggests overall market optimism.

**[Potential Concerns]:**
1. **SEC Fine**: The SEC's request for a $1.95 billion fine against Ripple poses a significant financial and regulatory risk.
2. **Executive Departures**: The continued departure of executives from Metaco raises concerns about internal stability and leadership.
3. **Stablecoin Competition**: Entering the stablecoin market will pit Ripple against established competitors like Tether and USDC, which could dilute focus on XRP.

**[Prediction & Analysis]:**
The introduction of a stablecoin by Ripple is a strategic move that could benefit the company in the long term. However, the immediate concerns of the SEC fine and executive departures are likely to weigh on investor sentiment. The stablecoin market is competitive, and Ripple's entry may not immediately translate into gains for XRP. Given these factors, the upcoming week is likely to see a decline in XRP's price by more than 5% as the market assesses these challenges."
"[Cryptocurrency Introduction]: XRP (XRP) is a cryptocurrency . XRP has a current supply of 99,986,084,900 with 58,759,724,027 in circulation. The last known price of XRP is 2.15496928 USD and is up 1.07 over the last 24 hours. It is currently trading on 1621 active market(s) with $1,946,240,978.17 traded over the last 24 hours. More information can be found at https://xrpl.org/.. It has a market capilization of 126935072768.

From 2024-03-29 to 2024-04-05, XRP-USD's stock price decreased from 0.63 to 0.59. News during this period are listed below:

[Headline]: What Does Ripple’s Stablecoin Mean for XRP?
[Summary]: Ripple has declared the death of {{XRP}}. Well, to be fair, to be accurate, Ripple CEO Brad Garlinghouse has said the exact opposite when announcing the Silicon Valley crypto mainstay would launch a U...

[Headline]: Ripple, Developer Behind XRP Ledger, Enters Stablecoin Fray vs. Tether, USDC
[Summary]: Ripple, the enterprise-focused blockchain service and creator of the XRP Ledger, is introducing its own stablecoin pegged to the price of the U.S. dollar.

""The stablecoin market is over $150 billion ...

From 2024-04-05 to 2024-04-12, XRP-USD's stock price decreased from 0.59 to 0.55. News during this period are listed below:

[Headline]: Ripple-Owned Metaco Sees Most of Execs and Marketing Teams Depart: Source
[Summary]: Metaco lost five executives and marketing team members following the recent departure of the CEO and chief product officer.

The cryptocurrency custody firm was acquired by Ripple last year for $250 m...

[Headline]: Crypto Market Cap to Double to $5 Trillion by Year-End: Ripple CEO
[Summary]: The value of the cryptocurrency market could almost double to $5 trillion by the end of the year, propelled by the January approval of spot bitcoin exchange-traded funds in the U.S. and the mining-rew...



Based on all the information before 2024-04-12, let's first analyze the positive developments and potential concerns for XRP-USD. Come up with 2-4 most important factors respectively and keep them concise. Most factors should be inferred from cryptocurrencies related news. Then let's assume your prediction for next week (2024-04-12 to 2024-04-19) is down by more than 5%. Provide a summary analysis to support your prediction. The prediction result need to be inferred from your analysis at the end, and thus not appearing as a foundational factor of your analysis.","**[Positive Developments]:**
1. **Market Growth Prediction**: Ripple CEO's prediction of a doubling crypto market cap by year-end suggests potential market growth and optimism.

**[Potential Concerns]:**
1. **Executive Departures**: The continued departure of executives from Metaco raises concerns about internal stability and leadership.
2. **Stablecoin Focus**: Ripple's focus on stablecoins could shift attention away from XRP, potentially impacting its price.
3. **Market Sentiment**: The overall market sentiment remains cautious, with recent price declines indicating investor concern.

**[Prediction & Analysis]:**
The departure of key executives and the shift in focus towards stablecoins are significant concerns for XRP. While the CEO's optimistic market prediction is positive, it may not be enough to offset the immediate challenges. The market's cautious sentiment is likely to persist, leading to a further decline in XRP's price by more than 5% in the upcoming week."
"[Cryptocurrency Introduction]: XRP (XRP) is a cryptocurrency . XRP has a current supply of 99,986,084,900 with 58,759,724,027 in circulation. The last known price of XRP is 2.15496928 USD and is up 1.07 over the last 24 hours. It is currently trading on 1621 active market(s) with $1,946,240,978.17 traded over the last 24 hours. More information can be found at https://xrpl.org/.. It has a market capilization of 126935072768.

From 2024-03-29 to 2024-04-05, XRP-USD's stock price decreased from 0.63 to 0.59. News during this period are listed below:

[Headline]: What Does Ripple’s Stablecoin Mean for XRP?
[Summary]: Ripple has declared the death of {{XRP}}. Well, to be fair, to be accurate, Ripple CEO Brad Garlinghouse has said the exact opposite when announcing the Silicon Valley crypto mainstay would launch a U...

[Headline]: Ripple, Developer Behind XRP Ledger, Enters Stablecoin Fray vs. Tether, USDC
[Summary]: Ripple, the enterprise-focused blockchain service and creator of the XRP Ledger, is introducing its own stablecoin pegged to the price of the U.S. dollar.

""The stablecoin market is over $150 billion ...

From 2024-04-05 to 2024-04-12, XRP-USD's stock price decreased from 0.59 to 0.55. News during this period are listed below:

[Headline]: Ripple-Owned Metaco Sees Most of Execs and Marketing Teams Depart: Source
[Summary]: Metaco lost five executives and marketing team members following the recent departure of the CEO and chief product officer.

The cryptocurrency custody firm was acquired by Ripple last year for $250 m...

[Headline]: Crypto Market Cap to Double to $5 Trillion by Year-End: Ripple CEO
[Summary]: The value of the cryptocurrency market could almost double to $5 trillion by the end of the year, propelled by the January approval of spot bitcoin exchange-traded funds in the U.S. and the mining-rew...

From 2024-04-12 to 2024-04-19, XRP-USD's stock price decreased from 0.55 to 0.50. News during this period are listed below:

[Headline]: Ripple-Owned Metaco Sees Most of Execs and Marketing Teams Depart: Source
[Summary]: Metaco lost five executives and marketing team members following the recent departure of the CEO and chief product officer.

The cryptocurrency custody firm was acquired by Ripple last year for $250 m...

[Headline]: Crypto Market Cap to Double to $5 Trillion by Year-End: Ripple CEO
[Summary]: The value of the cryptocurrency market could almost double to $5 trillion by the end of the year, propelled by the January approval of spot bitcoin exchange-traded funds in the U.S. and the mining-rew...

[Headline]: What Does Ripple’s Stablecoin Mean for XRP?
[Summary]: Ripple has declared the death of {{XRP}}. Well, to be fair, to be accurate, Ripple CEO Brad Garlinghouse has said the exact opposite when announcing the Silicon Valley crypto mainstay would launch a U...

[Headline]: Ripple, Developer Behind XRP Ledger, Enters Stablecoin Fray vs. Tether, USDC
[Summary]: Ripple, the enterprise-focused blockchain service and creator of the XRP Ledger, is introducing its own stablecoin pegged to the price of the U.S. dollar.

""The stablecoin market is over $150 billion ...

[Headline]: SEC Seeks $1.95B Fine in Final Judgment Against Ripple
[Summary]: The U.S. SEC has asked a New York judge to impose a fine of $1.95 billion on Ripple Labs.

The SEC asked the Court to consider how easily actors, particularly in the crypto asset space, can today enga...



Based on all the information before 2024-04-19, let's first analyze the positive developments and potential concerns for XRP-USD. Come up with 2-4 most important factors respectively and keep them concise. Most factors should be inferred from cryptocurrencies related news. Then let's assume your prediction for next week (2024-04-19 to 2024-04-26) is up by 4-5%. Provide a summary analysis to support your prediction. The prediction result need to be inferred from your analysis at the end, and thus not appearing as a foundational factor of your analysis.","**[Positive Developments]:**
1. **Stablecoin Opportunity**: Ripple's entry into the stablecoin market presents a new opportunity for growth and diversification.
2. **Market Optimism**: The prediction of a doubling crypto market cap by year-end suggests overall market optimism and potential growth.

**[Potential Concerns]:**
1. **SEC Fine**: The SEC's request for a $1.95 billion fine against Ripple is a significant regulatory and financial risk.
2. **Executive Departures**: The continued departure of executives from Metaco raises concerns about internal stability and future direction.
3. **Competitive Pressure**: Entering the stablecoin market will pit Ripple against established competitors, which could dilute focus on XRP.

**[Prediction & Analysis]:**
The introduction of a stablecoin by Ripple and the optimistic market prediction by the CEO are positive developments that could drive long-term growth. However, the immediate concerns of the SEC fine and executive departures are likely to weigh on investor sentiment in the short term. Despite these challenges, the market may start to factor in the potential benefits of Ripple's stablecoin venture, leading to a modest increase in XRP's price by 4-5% in the upcoming week as investors balance these factors."
"[Cryptocurrency Introduction]: XRP (XRP) is a cryptocurrency . XRP has a current supply of 99,986,084,900 with 58,759,724,027 in circulation. The last known price of XRP is 2.15496928 USD and is up 1.07 over the last 24 hours. It is currently trading on 1621 active market(s) with $1,946,240,978.17 traded over the last 24 hours. More information can be found at https://xrpl.org/.. It has a market capilization of 126935072768.

From 2024-04-12 to 2024-04-19, XRP-USD's stock price decreased from 0.55 to 0.50. News during this period are listed below:

[Headline]: Ripple-Owned Metaco Sees Most of Execs and Marketing Teams Depart: Source
[Summary]: Metaco lost five executives and marketing team members following the recent departure of the CEO and chief product officer.

The cryptocurrency custody firm was acquired by Ripple last year for $250 m...

[Headline]: Crypto Market Cap to Double to $5 Trillion by Year-End: Ripple CEO
[Summary]: The value of the cryptocurrency market could almost double to $5 trillion by the end of the year, propelled by the January approval of spot bitcoin exchange-traded funds in the U.S. and the mining-rew...

[Headline]: What Does Ripple’s Stablecoin Mean for XRP?
[Summary]: Ripple has declared the death of {{XRP}}. Well, to be fair, to be accurate, Ripple CEO Brad Garlinghouse has said the exact opposite when announcing the Silicon Valley crypto mainstay would launch a U...

[Headline]: Ripple, Developer Behind XRP Ledger, Enters Stablecoin Fray vs. Tether, USDC
[Summary]: Ripple, the enterprise-focused blockchain service and creator of the XRP Ledger, is introducing its own stablecoin pegged to the price of the U.S. dollar.

""The stablecoin market is over $150 billion ...

[Headline]: SEC Seeks $1.95B Fine in Final Judgment Against Ripple
[Summary]: The U.S. SEC has asked a New York judge to impose a fine of $1.95 billion on Ripple Labs.

The SEC asked the Court to consider how easily actors, particularly in the crypto asset space, can today enga...

From 2024-04-19 to 2024-04-26, XRP-USD's stock price increased from 0.50 to 0.53. News during this period are listed below:

[Headline]: Ripple Says $10M Penalty Enough, Rejects SEC’s Ask of $1.95B Fine in Final Judgment 
[Summary]: Ripple Labs has opposed the SEC’s proposal seeking a nearly $2 billion fine against the company.

Ripple Labs said the Court should impose a civil penalty of no more than $10 million.

Ripple Labs fil...



Based on all the information before 2024-04-26, let's first analyze the positive developments and potential concerns for XRP-USD. Come up with 2-4 most important factors respectively and keep them concise. Most factors should be inferred from cryptocurrencies related news. Then let's assume your prediction for next week (2024-04-26 to 2024-05-03) is up by 1-2%. Provide a summary analysis to support your prediction. The prediction result need to be inferred from your analysis at the end, and thus not appearing as a foundational factor of your analysis.","**[Positive Developments]:**
1. **Market Optimism**: Ripple CEO Brad Garlinghouse predicted that the crypto market cap could double to $5 trillion by the end of the year, indicating strong market optimism.
2. **Stablecoin Initiative**: Ripple's entry into the stablecoin market demonstrates its commitment to expanding its ecosystem and could drive further adoption of the XRP Ledger.
3. **Regulatory Defense**: Ripple's opposition to the SEC's proposed $1.95 billion fine, arguing for a much lower penalty, shows the company's proactive stance in legal matters.

**[Potential Concerns]:**
1. **Executive Departures**: The departure of key executives and marketing team members from Ripple-owned Metaco raises concerns about internal instability.
2. **Regulatory Uncertainty**: The ongoing legal battle with the SEC and the potential for a significant fine creates uncertainty for investors.
3. **Market Competition**: The introduction of Ripple's stablecoin may create internal competition with XRP, potentially diluting focus and resources.

**[Prediction & Analysis]:**
The market optimism expressed by Ripple's CEO and the potential expansion of the XRP ecosystem through the stablecoin initiative are positive indicators. However, the regulatory uncertainty and internal instability due to executive departures are significant concerns. Despite these concerns, the proactive stance in legal matters and the potential market growth could stabilize XRP's price. Given the mixed signals, a modest increase of 1-2% for the upcoming week is predicted. The regulatory defense shows Ripple's resilience, which may reassure investors, while the market optimism could drive slight gains. However, the internal instability and regulatory uncertainty may limit significant price movements."
"[Cryptocurrency Introduction]: XRP (XRP) is a cryptocurrency . XRP has a current supply of 99,986,084,900 with 58,759,724,027 in circulation. The last known price of XRP is 2.15496928 USD and is up 1.07 over the last 24 hours. It is currently trading on 1621 active market(s) with $1,946,240,978.17 traded over the last 24 hours. More information can be found at https://xrpl.org/.. It has a market capilization of 126935072768.

From 2024-04-12 to 2024-04-19, XRP-USD's stock price decreased from 0.55 to 0.50. News during this period are listed below:

[Headline]: Ripple-Owned Metaco Sees Most of Execs and Marketing Teams Depart: Source
[Summary]: Metaco lost five executives and marketing team members following the recent departure of the CEO and chief product officer.

The cryptocurrency custody firm was acquired by Ripple last year for $250 m...

[Headline]: Crypto Market Cap to Double to $5 Trillion by Year-End: Ripple CEO
[Summary]: The value of the cryptocurrency market could almost double to $5 trillion by the end of the year, propelled by the January approval of spot bitcoin exchange-traded funds in the U.S. and the mining-rew...

[Headline]: What Does Ripple’s Stablecoin Mean for XRP?
[Summary]: Ripple has declared the death of {{XRP}}. Well, to be fair, to be accurate, Ripple CEO Brad Garlinghouse has said the exact opposite when announcing the Silicon Valley crypto mainstay would launch a U...

[Headline]: Ripple, Developer Behind XRP Ledger, Enters Stablecoin Fray vs. Tether, USDC
[Summary]: Ripple, the enterprise-focused blockchain service and creator of the XRP Ledger, is introducing its own stablecoin pegged to the price of the U.S. dollar.

""The stablecoin market is over $150 billion ...

[Headline]: SEC Seeks $1.95B Fine in Final Judgment Against Ripple
[Summary]: The U.S. SEC has asked a New York judge to impose a fine of $1.95 billion on Ripple Labs.

The SEC asked the Court to consider how easily actors, particularly in the crypto asset space, can today enga...

From 2024-04-19 to 2024-04-26, XRP-USD's stock price increased from 0.50 to 0.53. News during this period are listed below:

[Headline]: Ripple Says $10M Penalty Enough, Rejects SEC’s Ask of $1.95B Fine in Final Judgment 
[Summary]: Ripple Labs has opposed the SEC’s proposal seeking a nearly $2 billion fine against the company.

Ripple Labs said the Court should impose a civil penalty of no more than $10 million.

Ripple Labs fil...

From 2024-04-26 to 2024-05-03, XRP-USD's stock price increased from 0.53 to 0.53. News during this period are listed below:

[Headline]: Ripple Says $10M Penalty Enough, Rejects SEC’s Ask of $1.95B Fine in Final Judgment 
[Summary]: Ripple Labs has opposed the SEC’s proposal seeking a nearly $2 billion fine against the company.

Ripple Labs said the Court should impose a civil penalty of no more than $10 million.

Ripple Labs fil...

[Headline]: Ripple-Owned Metaco Sees Most of Execs and Marketing Teams Depart: Source
[Summary]: Metaco lost five executives and marketing team members following the recent departure of the CEO and chief product officer.

The cryptocurrency custody firm was acquired by Ripple last year for $250 m...

[Headline]: Crypto Market Cap to Double to $5 Trillion by Year-End: Ripple CEO
[Summary]: The value of the cryptocurrency market could almost double to $5 trillion by the end of the year, propelled by the January approval of spot bitcoin exchange-traded funds in the U.S. and the mining-rew...

[Headline]: What Does Ripple’s Stablecoin Mean for XRP?
[Summary]: Ripple has declared the death of {{XRP}}. Well, to be fair, to be accurate, Ripple CEO Brad Garlinghouse has said the exact opposite when announcing the Silicon Valley crypto mainstay would launch a U...

[Headline]: Ripple, Developer Behind XRP Ledger, Enters Stablecoin Fray vs. Tether, USDC
[Summary]: Ripple, the enterprise-focused blockchain service and creator of the XRP Ledger, is introducing its own stablecoin pegged to the price of the U.S. dollar.

""The stablecoin market is over $150 billion ...



Based on all the information before 2024-05-03, let's first analyze the positive developments and potential concerns for XRP-USD. Come up with 2-4 most important factors respectively and keep them concise. Most factors should be inferred from cryptocurrencies related news. Then let's assume your prediction for next week (2024-05-03 to 2024-05-10) is down by more than 5%. Provide a summary analysis to support your prediction. The prediction result need to be inferred from your analysis at the end, and thus not appearing as a foundational factor of your analysis.","**[Positive Developments]:**
1. **Market Optimism**: Ripple CEO Brad Garlinghouse's prediction of the crypto market cap doubling to $5 trillion by year-end suggests strong market growth potential.
2. **Stablecoin Initiative**: Ripple's entry into the stablecoin market could drive further adoption and utilization of the XRP Ledger, expanding its ecosystem.
3. **Regulatory Defense**: Ripple's proactive stance in opposing the SEC's proposed fine and arguing for a lower penalty demonstrates its commitment to resolving legal issues.

**[Potential Concerns]:**
1. **Executive Departures**: The departure of key executives from Ripple-owned Metaco indicates potential internal instability and management challenges.
2. **Regulatory Uncertainty**: The ongoing legal battle with the SEC and the potential for a hefty fine create uncertainty for investors and may impact market confidence.
3. **Market Competition**: The introduction of Ripple's stablecoin may lead to internal competition, potentially affecting the focus and resources allocated to XRP.
4. **Price Volatility**: The recent price fluctuations and the lack of significant price movements despite positive news raise concerns about market sentiment and investor confidence.

**[Prediction & Analysis]:**
While the market optimism and stablecoin initiative are positive developments, the regulatory uncertainty, internal instability, and potential market competition are significant concerns. The recent price volatility and lack of significant price movements suggest cautious market sentiment. Given these factors, a decrease of more than 5% for the upcoming week is predicted. The regulatory uncertainty and internal instability may weigh heavily on investor confidence, leading to a more significant price decline. Additionally, the potential market competition from Ripple's stablecoin may further exacerbate the downward pressure on XRP's price."
"[Cryptocurrency Introduction]: XRP (XRP) is a cryptocurrency . XRP has a current supply of 99,986,084,900 with 58,759,724,027 in circulation. The last known price of XRP is 2.15496928 USD and is up 1.07 over the last 24 hours. It is currently trading on 1621 active market(s) with $1,946,240,978.17 traded over the last 24 hours. More information can be found at https://xrpl.org/.. It has a market capilization of 126935072768.

From 2024-04-19 to 2024-04-26, XRP-USD's stock price increased from 0.50 to 0.53. News during this period are listed below:

[Headline]: Ripple Says $10M Penalty Enough, Rejects SEC’s Ask of $1.95B Fine in Final Judgment 
[Summary]: Ripple Labs has opposed the SEC’s proposal seeking a nearly $2 billion fine against the company.

Ripple Labs said the Court should impose a civil penalty of no more than $10 million.

Ripple Labs fil...

From 2024-04-26 to 2024-05-03, XRP-USD's stock price increased from 0.53 to 0.53. News during this period are listed below:

[Headline]: Ripple Says $10M Penalty Enough, Rejects SEC’s Ask of $1.95B Fine in Final Judgment 
[Summary]: Ripple Labs has opposed the SEC’s proposal seeking a nearly $2 billion fine against the company.

Ripple Labs said the Court should impose a civil penalty of no more than $10 million.

Ripple Labs fil...

[Headline]: Ripple-Owned Metaco Sees Most of Execs and Marketing Teams Depart: Source
[Summary]: Metaco lost five executives and marketing team members following the recent departure of the CEO and chief product officer.

The cryptocurrency custody firm was acquired by Ripple last year for $250 m...

[Headline]: Crypto Market Cap to Double to $5 Trillion by Year-End: Ripple CEO
[Summary]: The value of the cryptocurrency market could almost double to $5 trillion by the end of the year, propelled by the January approval of spot bitcoin exchange-traded funds in the U.S. and the mining-rew...

[Headline]: What Does Ripple’s Stablecoin Mean for XRP?
[Summary]: Ripple has declared the death of {{XRP}}. Well, to be fair, to be accurate, Ripple CEO Brad Garlinghouse has said the exact opposite when announcing the Silicon Valley crypto mainstay would launch a U...

[Headline]: Ripple, Developer Behind XRP Ledger, Enters Stablecoin Fray vs. Tether, USDC
[Summary]: Ripple, the enterprise-focused blockchain service and creator of the XRP Ledger, is introducing its own stablecoin pegged to the price of the U.S. dollar.

""The stablecoin market is over $150 billion ...

From 2024-05-03 to 2024-05-10, XRP-USD's stock price decreased from 0.53 to 0.50. News during this period are listed below:

[Headline]: Ripple Says $10M Penalty Enough, Rejects SEC’s Ask of $1.95B Fine in Final Judgment 
[Summary]: Ripple Labs has opposed the SEC’s proposal seeking a nearly $2 billion fine against the company.

Ripple Labs said the Court should impose a civil penalty of no more than $10 million.

Ripple Labs fil...

[Headline]: Ripple-Owned Metaco Sees Most of Execs and Marketing Teams Depart: Source
[Summary]: Metaco lost five executives and marketing team members following the recent departure of the CEO and chief product officer.

The cryptocurrency custody firm was acquired by Ripple last year for $250 m...

[Headline]: Crypto Market Cap to Double to $5 Trillion by Year-End: Ripple CEO
[Summary]: The value of the cryptocurrency market could almost double to $5 trillion by the end of the year, propelled by the January approval of spot bitcoin exchange-traded funds in the U.S. and the mining-rew...

[Headline]: What Does Ripple’s Stablecoin Mean for XRP?
[Summary]: Ripple has declared the death of {{XRP}}. Well, to be fair, to be accurate, Ripple CEO Brad Garlinghouse has said the exact opposite when announcing the Silicon Valley crypto mainstay would launch a U...

[Headline]: Ripple, Developer Behind XRP Ledger, Enters Stablecoin Fray vs. Tether, USDC
[Summary]: Ripple, the enterprise-focused blockchain service and creator of the XRP Ledger, is introducing its own stablecoin pegged to the price of the U.S. dollar.

""The stablecoin market is over $150 billion ...



Based on all the information before 2024-05-10, let's first analyze the positive developments and potential concerns for XRP-USD. Come up with 2-4 most important factors respectively and keep them concise. Most factors should be inferred from cryptocurrencies related news. Then let's assume your prediction for next week (2024-05-10 to 2024-05-17) is up by 4-5%. Provide a summary analysis to support your prediction. The prediction result need to be inferred from your analysis at the end, and thus not appearing as a foundational factor of your analysis.","**[Positive Developments]:**
1. **Market Optimism**: Ripple CEO's prediction of the crypto market cap reaching $5 trillion by year-end indicates strong growth potential for the broader cryptocurrency market.
2. **Stablecoin Initiative**: Ripple's entry into the stablecoin market could expand the utilization of the XRP Ledger and drive further adoption, benefiting the overall ecosystem.
3. **Regulatory Defense**: Ripple's proactive stance in opposing the SEC's proposed fine and arguing for a lower penalty shows its commitment to resolving legal uncertainties and protecting investor interests.

**[Potential Concerns]:**
1. **Executive Departures**: The departure of key executives from Ripple-owned Metaco raises concerns about internal instability and potential management challenges within the company.
2. **Regulatory Uncertainty**: The ongoing legal battle with the SEC and the potential for a significant fine create uncertainty for investors, which may impact market confidence and XRP's price.
3. **Market Competition**: The introduction of Ripple's stablecoin may create internal competition, potentially affecting the focus and resources allocated to XRP and its development.

**[Prediction & Analysis]:**
The market optimism and stablecoin initiative are positive developments that could drive growth and adoption for XRP. Additionally, Ripple's proactive regulatory defense demonstrates its commitment to resolving legal uncertainties. However, the internal instability due to executive departures and the regulatory uncertainty pose significant concerns. Despite these concerns, the positive developments and Ripple's resilience in addressing legal challenges suggest a potential increase of 4-5% for the upcoming week. The market optimism and stablecoin initiative may drive demand and adoption, while Ripple's regulatory defense could reassure investors and support price growth."
"[Cryptocurrency Introduction]: XRP (XRP) is a cryptocurrency . XRP has a current supply of 99,986,084,900 with 58,759,724,027 in circulation. The last known price of XRP is 2.15496928 USD and is up 1.07 over the last 24 hours. It is currently trading on 1621 active market(s) with $1,946,240,978.17 traded over the last 24 hours. More information can be found at https://xrpl.org/.. It has a market capilization of 126935072768.

From 2024-04-19 to 2024-04-26, XRP-USD's stock price increased from 0.50 to 0.53. News during this period are listed below:

[Headline]: Ripple Says $10M Penalty Enough, Rejects SEC’s Ask of $1.95B Fine in Final Judgment 
[Summary]: Ripple Labs has opposed the SEC’s proposal seeking a nearly $2 billion fine against the company.

Ripple Labs said the Court should impose a civil penalty of no more than $10 million.

Ripple Labs fil...

From 2024-04-26 to 2024-05-03, XRP-USD's stock price increased from 0.53 to 0.53. News during this period are listed below:

[Headline]: Ripple Says $10M Penalty Enough, Rejects SEC’s Ask of $1.95B Fine in Final Judgment 
[Summary]: Ripple Labs has opposed the SEC’s proposal seeking a nearly $2 billion fine against the company.

Ripple Labs said the Court should impose a civil penalty of no more than $10 million.

Ripple Labs fil...

[Headline]: Ripple-Owned Metaco Sees Most of Execs and Marketing Teams Depart: Source
[Summary]: Metaco lost five executives and marketing team members following the recent departure of the CEO and chief product officer.

The cryptocurrency custody firm was acquired by Ripple last year for $250 m...

[Headline]: Crypto Market Cap to Double to $5 Trillion by Year-End: Ripple CEO
[Summary]: The value of the cryptocurrency market could almost double to $5 trillion by the end of the year, propelled by the January approval of spot bitcoin exchange-traded funds in the U.S. and the mining-rew...

[Headline]: What Does Ripple’s Stablecoin Mean for XRP?
[Summary]: Ripple has declared the death of {{XRP}}. Well, to be fair, to be accurate, Ripple CEO Brad Garlinghouse has said the exact opposite when announcing the Silicon Valley crypto mainstay would launch a U...

[Headline]: Ripple, Developer Behind XRP Ledger, Enters Stablecoin Fray vs. Tether, USDC
[Summary]: Ripple, the enterprise-focused blockchain service and creator of the XRP Ledger, is introducing its own stablecoin pegged to the price of the U.S. dollar.

""The stablecoin market is over $150 billion ...

From 2024-05-03 to 2024-05-10, XRP-USD's stock price decreased from 0.53 to 0.50. News during this period are listed below:

[Headline]: Ripple Says $10M Penalty Enough, Rejects SEC’s Ask of $1.95B Fine in Final Judgment 
[Summary]: Ripple Labs has opposed the SEC’s proposal seeking a nearly $2 billion fine against the company.

Ripple Labs said the Court should impose a civil penalty of no more than $10 million.

Ripple Labs fil...

[Headline]: Ripple-Owned Metaco Sees Most of Execs and Marketing Teams Depart: Source
[Summary]: Metaco lost five executives and marketing team members following the recent departure of the CEO and chief product officer.

The cryptocurrency custody firm was acquired by Ripple last year for $250 m...

[Headline]: Crypto Market Cap to Double to $5 Trillion by Year-End: Ripple CEO
[Summary]: The value of the cryptocurrency market could almost double to $5 trillion by the end of the year, propelled by the January approval of spot bitcoin exchange-traded funds in the U.S. and the mining-rew...

[Headline]: What Does Ripple’s Stablecoin Mean for XRP?
[Summary]: Ripple has declared the death of {{XRP}}. Well, to be fair, to be accurate, Ripple CEO Brad Garlinghouse has said the exact opposite when announcing the Silicon Valley crypto mainstay would launch a U...

[Headline]: Ripple, Developer Behind XRP Ledger, Enters Stablecoin Fray vs. Tether, USDC
[Summary]: Ripple, the enterprise-focused blockchain service and creator of the XRP Ledger, is introducing its own stablecoin pegged to the price of the U.S. dollar.

""The stablecoin market is over $150 billion ...

From 2024-05-10 to 2024-05-17, XRP-USD's stock price increased from 0.50 to 0.52. News during this period are listed below:

[Headline]: Ripple Says $10M Penalty Enough, Rejects SEC’s Ask of $1.95B Fine in Final Judgment 
[Summary]: Ripple Labs has opposed the SEC’s proposal seeking a nearly $2 billion fine against the company.

Ripple Labs said the Court should impose a civil penalty of no more than $10 million.

Ripple Labs fil...

[Headline]: Ripple-Owned Metaco Sees Most of Execs and Marketing Teams Depart: Source
[Summary]: Metaco lost five executives and marketing team members following the recent departure of the CEO and chief product officer.

The cryptocurrency custody firm was acquired by Ripple last year for $250 m...

[Headline]: Crypto Market Cap to Double to $5 Trillion by Year-End: Ripple CEO
[Summary]: The value of the cryptocurrency market could almost double to $5 trillion by the end of the year, propelled by the January approval of spot bitcoin exchange-traded funds in the U.S. and the mining-rew...

[Headline]: What Does Ripple’s Stablecoin Mean for XRP?
[Summary]: Ripple has declared the death of {{XRP}}. Well, to be fair, to be accurate, Ripple CEO Brad Garlinghouse has said the exact opposite when announcing the Silicon Valley crypto mainstay would launch a U...

[Headline]: Ripple, Developer Behind XRP Ledger, Enters Stablecoin Fray vs. Tether, USDC
[Summary]: Ripple, the enterprise-focused blockchain service and creator of the XRP Ledger, is introducing its own stablecoin pegged to the price of the U.S. dollar.

""The stablecoin market is over $150 billion ...



Based on all the information before 2024-05-17, let's first analyze the positive developments and potential concerns for XRP-USD. Come up with 2-4 most important factors respectively and keep them concise. Most factors should be inferred from cryptocurrencies related news. Then let's assume your prediction for next week (2024-05-17 to 2024-05-24) is up by 2-3%. Provide a summary analysis to support your prediction. The prediction result need to be inferred from your analysis at the end, and thus not appearing as a foundational factor of your analysis.","**[Positive Developments]:**
1. **Market Optimism**: The Ripple CEO's prediction of the crypto market cap doubling to $5 trillion by year-end suggests strong growth potential and investor confidence in the broader cryptocurrency market.
2. **Stablecoin Initiative**: Ripple's entry into the stablecoin market could expand the XRP Ledger's utilization and drive further adoption, benefiting the overall ecosystem and potentially increasing demand for XRP.
3. **Regulatory Defense**: Ripple's proactive stance in opposing the SEC's proposed fine and arguing for a lower penalty demonstrates its commitment to addressing legal uncertainties and protecting investor interests.

**[Potential Concerns]:**
1. **Executive Departures**: The departure of key executives from Ripple-owned Metaco indicates potential internal instability and management challenges, which may impact the company's operations and investor confidence.
2. **Regulatory Uncertainty**: The ongoing legal battle with the SEC and the potential for a significant fine create uncertainty for investors, which may negatively impact market sentiment and XRP's price.
3. **Market Competition**: The introduction of Ripple's stablecoin may lead to internal competition, potentially affecting the focus and resources dedicated to XRP and its development.

**[Prediction & Analysis]:**
The market optimism, stablecoin initiative, and regulatory defense are positive developments that could support XRP's price growth. However, the internal instability due to executive departures and the regulatory uncertainty pose significant concerns. Given the mixed signals, a modest increase of 2-3% for the upcoming week is predicted. The market optimism and stablecoin initiative may drive demand and adoption, while Ripple's regulatory defense could reassure investors. However, the internal instability and regulatory uncertainty may limit more significant price movements, resulting in a modest increase."
"[Cryptocurrency Introduction]: XRP (XRP) is a cryptocurrency . XRP has a current supply of 99,986,084,900 with 58,759,724,027 in circulation. The last known price of XRP is 2.15496928 USD and is up 1.07 over the last 24 hours. It is currently trading on 1621 active market(s) with $1,946,240,978.17 traded over the last 24 hours. More information can be found at https://xrpl.org/.. It has a market capilization of 126935072768.

From 2024-04-26 to 2024-05-03, XRP-USD's stock price increased from 0.53 to 0.53. News during this period are listed below:

[Headline]: Ripple Says $10M Penalty Enough, Rejects SEC’s Ask of $1.95B Fine in Final Judgment 
[Summary]: Ripple Labs has opposed the SEC’s proposal seeking a nearly $2 billion fine against the company.

Ripple Labs said the Court should impose a civil penalty of no more than $10 million.

Ripple Labs fil...

[Headline]: Ripple-Owned Metaco Sees Most of Execs and Marketing Teams Depart: Source
[Summary]: Metaco lost five executives and marketing team members following the recent departure of the CEO and chief product officer.

The cryptocurrency custody firm was acquired by Ripple last year for $250 m...

[Headline]: Crypto Market Cap to Double to $5 Trillion by Year-End: Ripple CEO
[Summary]: The value of the cryptocurrency market could almost double to $5 trillion by the end of the year, propelled by the January approval of spot bitcoin exchange-traded funds in the U.S. and the mining-rew...

[Headline]: What Does Ripple’s Stablecoin Mean for XRP?
[Summary]: Ripple has declared the death of {{XRP}}. Well, to be fair, to be accurate, Ripple CEO Brad Garlinghouse has said the exact opposite when announcing the Silicon Valley crypto mainstay would launch a U...

[Headline]: Ripple, Developer Behind XRP Ledger, Enters Stablecoin Fray vs. Tether, USDC
[Summary]: Ripple, the enterprise-focused blockchain service and creator of the XRP Ledger, is introducing its own stablecoin pegged to the price of the U.S. dollar.

""The stablecoin market is over $150 billion ...

From 2024-05-03 to 2024-05-10, XRP-USD's stock price decreased from 0.53 to 0.50. News during this period are listed below:

[Headline]: Ripple Says $10M Penalty Enough, Rejects SEC’s Ask of $1.95B Fine in Final Judgment 
[Summary]: Ripple Labs has opposed the SEC’s proposal seeking a nearly $2 billion fine against the company.

Ripple Labs said the Court should impose a civil penalty of no more than $10 million.

Ripple Labs fil...

[Headline]: Ripple-Owned Metaco Sees Most of Execs and Marketing Teams Depart: Source
[Summary]: Metaco lost five executives and marketing team members following the recent departure of the CEO and chief product officer.

The cryptocurrency custody firm was acquired by Ripple last year for $250 m...

[Headline]: Crypto Market Cap to Double to $5 Trillion by Year-End: Ripple CEO
[Summary]: The value of the cryptocurrency market could almost double to $5 trillion by the end of the year, propelled by the January approval of spot bitcoin exchange-traded funds in the U.S. and the mining-rew...

[Headline]: What Does Ripple’s Stablecoin Mean for XRP?
[Summary]: Ripple has declared the death of {{XRP}}. Well, to be fair, to be accurate, Ripple CEO Brad Garlinghouse has said the exact opposite when announcing the Silicon Valley crypto mainstay would launch a U...

[Headline]: Ripple, Developer Behind XRP Ledger, Enters Stablecoin Fray vs. Tether, USDC
[Summary]: Ripple, the enterprise-focused blockchain service and creator of the XRP Ledger, is introducing its own stablecoin pegged to the price of the U.S. dollar.

""The stablecoin market is over $150 billion ...

From 2024-05-10 to 2024-05-17, XRP-USD's stock price increased from 0.50 to 0.52. News during this period are listed below:

[Headline]: Ripple Says $10M Penalty Enough, Rejects SEC’s Ask of $1.95B Fine in Final Judgment 
[Summary]: Ripple Labs has opposed the SEC’s proposal seeking a nearly $2 billion fine against the company.

Ripple Labs said the Court should impose a civil penalty of no more than $10 million.

Ripple Labs fil...

[Headline]: Ripple-Owned Metaco Sees Most of Execs and Marketing Teams Depart: Source
[Summary]: Metaco lost five executives and marketing team members following the recent departure of the CEO and chief product officer.

The cryptocurrency custody firm was acquired by Ripple last year for $250 m...

[Headline]: Crypto Market Cap to Double to $5 Trillion by Year-End: Ripple CEO
[Summary]: The value of the cryptocurrency market could almost double to $5 trillion by the end of the year, propelled by the January approval of spot bitcoin exchange-traded funds in the U.S. and the mining-rew...

[Headline]: What Does Ripple’s Stablecoin Mean for XRP?
[Summary]: Ripple has declared the death of {{XRP}}. Well, to be fair, to be accurate, Ripple CEO Brad Garlinghouse has said the exact opposite when announcing the Silicon Valley crypto mainstay would launch a U...

[Headline]: Ripple, Developer Behind XRP Ledger, Enters Stablecoin Fray vs. Tether, USDC
[Summary]: Ripple, the enterprise-focused blockchain service and creator of the XRP Ledger, is introducing its own stablecoin pegged to the price of the U.S. dollar.

""The stablecoin market is over $150 billion ...

From 2024-05-17 to 2024-05-24, XRP-USD's stock price increased from 0.52 to 0.54. News during this period are listed below:

[Headline]: Ripple Says $10M Penalty Enough, Rejects SEC’s Ask of $1.95B Fine in Final Judgment 
[Summary]: Ripple Labs has opposed the SEC’s proposal seeking a nearly $2 billion fine against the company.

Ripple Labs said the Court should impose a civil penalty of no more than $10 million.

Ripple Labs fil...

[Headline]: Ripple-Owned Metaco Sees Most of Execs and Marketing Teams Depart: Source
[Summary]: Metaco lost five executives and marketing team members following the recent departure of the CEO and chief product officer.

The cryptocurrency custody firm was acquired by Ripple last year for $250 m...

[Headline]: Crypto Market Cap to Double to $5 Trillion by Year-End: Ripple CEO
[Summary]: The value of the cryptocurrency market could almost double to $5 trillion by the end of the year, propelled by the January approval of spot bitcoin exchange-traded funds in the U.S. and the mining-rew...

[Headline]: What Does Ripple’s Stablecoin Mean for XRP?
[Summary]: Ripple has declared the death of {{XRP}}. Well, to be fair, to be accurate, Ripple CEO Brad Garlinghouse has said the exact opposite when announcing the Silicon Valley crypto mainstay would launch a U...

[Headline]: Ripple, Developer Behind XRP Ledger, Enters Stablecoin Fray vs. Tether, USDC
[Summary]: Ripple, the enterprise-focused blockchain service and creator of the XRP Ledger, is introducing its own stablecoin pegged to the price of the U.S. dollar.

""The stablecoin market is over $150 billion ...



Based on all the information before 2024-05-24, let's first analyze the positive developments and potential concerns for XRP-USD. Come up with 2-4 most important factors respectively and keep them concise. Most factors should be inferred from cryptocurrencies related news. Then let's assume your prediction for next week (2024-05-24 to 2024-05-31) is down by 3-4%. Provide a summary analysis to support your prediction. The prediction result need to be inferred from your analysis at the end, and thus not appearing as a foundational factor of your analysis.","**[Positive Developments]:**
1. **Market Optimism**: The Ripple CEO's prediction of the crypto market cap reaching $5 trillion by year-end indicates strong growth potential and investor confidence in the broader cryptocurrency market.
2. **Stablecoin Initiative**: Ripple's entry into the stablecoin market could expand the utilization of the XRP Ledger and drive further adoption, potentially increasing demand for XRP and benefiting the overall ecosystem.
3. **Regulatory Defense**: Ripple's proactive stance in opposing the SEC's proposed fine and arguing for a lower penalty demonstrates its commitment to addressing legal uncertainties and protecting investor interests, which may positively impact market sentiment.

**[Potential Concerns]:**
1. **Executive Departures**: The departure of key executives from Ripple-owned Metaco raises concerns about internal instability and potential management challenges within the company, which may negatively impact operations and investor confidence.
2. **Regulatory Uncertainty**: The ongoing legal battle with the SEC and the potential for a significant fine create uncertainty for investors, which may weigh heavily on market sentiment and XRP's price.
3. **Market Competition**: The introduction of Ripple's stablecoin may create internal competition, potentially affecting the focus and resources allocated to XRP and its development, which may impact its long-term growth prospects.

**[Prediction & Analysis]:**
While the market optimism, stablecoin initiative, and regulatory defense are positive developments, the internal instability due to executive departures and the regulatory uncertainty pose significant concerns. Given these factors, a decrease of 3-4% for the upcoming week is predicted. The regulatory uncertainty and internal instability may negatively impact investor confidence, leading to a price decline. Additionally, the potential market competition from Ripple's stablecoin may further exacerbate the downward pressure on XRP's price, resulting in a more significant decrease."
"[Cryptocurrency Introduction]: XRP (XRP) is a cryptocurrency . XRP has a current supply of 99,986,084,900 with 58,759,724,027 in circulation. The last known price of XRP is 2.15496928 USD and is up 1.07 over the last 24 hours. It is currently trading on 1621 active market(s) with $1,946,240,978.17 traded over the last 24 hours. More information can be found at https://xrpl.org/.. It has a market capilization of 126935072768.

From 2024-05-03 to 2024-05-10, XRP-USD's stock price decreased from 0.53 to 0.50. News during this period are listed below:

[Headline]: Ripple Says $10M Penalty Enough, Rejects SEC’s Ask of $1.95B Fine in Final Judgment 
[Summary]: Ripple Labs has opposed the SEC’s proposal seeking a nearly $2 billion fine against the company.

Ripple Labs said the Court should impose a civil penalty of no more than $10 million.

Ripple Labs fil...

[Headline]: Ripple-Owned Metaco Sees Most of Execs and Marketing Teams Depart: Source
[Summary]: Metaco lost five executives and marketing team members following the recent departure of the CEO and chief product officer.

The cryptocurrency custody firm was acquired by Ripple last year for $250 m...

[Headline]: Crypto Market Cap to Double to $5 Trillion by Year-End: Ripple CEO
[Summary]: The value of the cryptocurrency market could almost double to $5 trillion by the end of the year, propelled by the January approval of spot bitcoin exchange-traded funds in the U.S. and the mining-rew...

[Headline]: What Does Ripple’s Stablecoin Mean for XRP?
[Summary]: Ripple has declared the death of {{XRP}}. Well, to be fair, to be accurate, Ripple CEO Brad Garlinghouse has said the exact opposite when announcing the Silicon Valley crypto mainstay would launch a U...

[Headline]: Ripple, Developer Behind XRP Ledger, Enters Stablecoin Fray vs. Tether, USDC
[Summary]: Ripple, the enterprise-focused blockchain service and creator of the XRP Ledger, is introducing its own stablecoin pegged to the price of the U.S. dollar.

""The stablecoin market is over $150 billion ...

From 2024-05-10 to 2024-05-17, XRP-USD's stock price increased from 0.50 to 0.52. News during this period are listed below:

[Headline]: Ripple Says $10M Penalty Enough, Rejects SEC’s Ask of $1.95B Fine in Final Judgment 
[Summary]: Ripple Labs has opposed the SEC’s proposal seeking a nearly $2 billion fine against the company.

Ripple Labs said the Court should impose a civil penalty of no more than $10 million.

Ripple Labs fil...

[Headline]: Ripple-Owned Metaco Sees Most of Execs and Marketing Teams Depart: Source
[Summary]: Metaco lost five executives and marketing team members following the recent departure of the CEO and chief product officer.

The cryptocurrency custody firm was acquired by Ripple last year for $250 m...

[Headline]: Crypto Market Cap to Double to $5 Trillion by Year-End: Ripple CEO
[Summary]: The value of the cryptocurrency market could almost double to $5 trillion by the end of the year, propelled by the January approval of spot bitcoin exchange-traded funds in the U.S. and the mining-rew...

[Headline]: What Does Ripple’s Stablecoin Mean for XRP?
[Summary]: Ripple has declared the death of {{XRP}}. Well, to be fair, to be accurate, Ripple CEO Brad Garlinghouse has said the exact opposite when announcing the Silicon Valley crypto mainstay would launch a U...

[Headline]: Ripple, Developer Behind XRP Ledger, Enters Stablecoin Fray vs. Tether, USDC
[Summary]: Ripple, the enterprise-focused blockchain service and creator of the XRP Ledger, is introducing its own stablecoin pegged to the price of the U.S. dollar.

""The stablecoin market is over $150 billion ...

From 2024-05-17 to 2024-05-24, XRP-USD's stock price increased from 0.52 to 0.54. News during this period are listed below:

[Headline]: Ripple Says $10M Penalty Enough, Rejects SEC’s Ask of $1.95B Fine in Final Judgment 
[Summary]: Ripple Labs has opposed the SEC’s proposal seeking a nearly $2 billion fine against the company.

Ripple Labs said the Court should impose a civil penalty of no more than $10 million.

Ripple Labs fil...

[Headline]: Ripple-Owned Metaco Sees Most of Execs and Marketing Teams Depart: Source
[Summary]: Metaco lost five executives and marketing team members following the recent departure of the CEO and chief product officer.

The cryptocurrency custody firm was acquired by Ripple last year for $250 m...

[Headline]: Crypto Market Cap to Double to $5 Trillion by Year-End: Ripple CEO
[Summary]: The value of the cryptocurrency market could almost double to $5 trillion by the end of the year, propelled by the January approval of spot bitcoin exchange-traded funds in the U.S. and the mining-rew...

[Headline]: What Does Ripple’s Stablecoin Mean for XRP?
[Summary]: Ripple has declared the death of {{XRP}}. Well, to be fair, to be accurate, Ripple CEO Brad Garlinghouse has said the exact opposite when announcing the Silicon Valley crypto mainstay would launch a U...

[Headline]: Ripple, Developer Behind XRP Ledger, Enters Stablecoin Fray vs. Tether, USDC
[Summary]: Ripple, the enterprise-focused blockchain service and creator of the XRP Ledger, is introducing its own stablecoin pegged to the price of the U.S. dollar.

""The stablecoin market is over $150 billion ...

From 2024-05-24 to 2024-05-31, XRP-USD's stock price decreased from 0.54 to 0.52. News during this period are listed below:

[Headline]: Ripple's Brad Garlinghouse Foresees XRP, Solana, Cardano ETFs: Consensus 2024
[Summary]: Brad Garlinghouse predicts the inevitable approval of XRP, Solana and Cardano ETFs, despite significant regulatory hurdles.

Garlinghouse criticized the SEC's unclear crypto regulations, highlighting ...

[Headline]: Ripple Donates Another $25M to Crypto Super PAC Fairshake
[Summary]: Ripple has added another $25 million to the coffers of Fairshake, a federal crypto super political action committee (PAC) that’s spending big this election year to support crypto-friendly Congressiona...



Based on all the information before 2024-05-31, let's first analyze the positive developments and potential concerns for XRP-USD. Come up with 2-4 most important factors respectively and keep them concise. Most factors should be inferred from cryptocurrencies related news. Then let's assume your prediction for next week (2024-05-31 to 2024-06-07) is down by 3-4%. Provide a summary analysis to support your prediction. The prediction result need to be inferred from your analysis at the end, and thus not appearing as a foundational factor of your analysis.","### ANALYSIS REQUEST 1

**[Positive Developments]:**
1. **Market Optimism**: The Ripple CEO's prediction that the crypto market cap could double to $5 trillion by year-end, driven by regulatory approvals and market developments, suggests a bullish outlook for the broader cryptocurrency market.
2. **Stablecoin Launch**: Ripple's entry into the stablecoin market indicates diversification and potential new use cases for the XRP Ledger, which could drive adoption and utility.
3. **Political Influence**: Ripple's donation to the crypto super PAC Fairshake shows a proactive approach to influencing regulatory policies, which could benefit the long-term viability of XRP.

**[Potential Concerns]:**
1. **Regulatory Uncertainty**: The ongoing legal battle with the SEC and the lack of clarity in crypto regulations pose significant risks for XRP's future.
2. **Executive Departures**: The departure of key executives from Ripple-owned Metaco raises concerns about internal stability and leadership within the company.
3. **Legal Risks**: The SEC's proposal for a $1.95 billion fine against Ripple Labs highlights the substantial legal and financial risks the company is facing.

**[Prediction & Analysis]:**
The recent developments indicate a mixed outlook for XRP. While the CEO's optimism and the launch of a stablecoin are positive signs, the ongoing regulatory uncertainty and internal instability are significant concerns. The legal battle with the SEC, in particular, could weigh heavily on investor sentiment. Additionally, the departure of key executives from Metaco suggests potential internal issues that could affect the company's operations. Given these factors, the market may react negatively, leading to a potential decrease in XRP's price by 3-4% in the upcoming week."
"[Cryptocurrency Introduction]: XRP (XRP) is a cryptocurrency . XRP has a current supply of 99,986,084,900 with 58,759,724,027 in circulation. The last known price of XRP is 2.15496928 USD and is up 1.07 over the last 24 hours. It is currently trading on 1621 active market(s) with $1,946,240,978.17 traded over the last 24 hours. More information can be found at https://xrpl.org/.. It has a market capilization of 126935072768.

From 2024-05-10 to 2024-05-17, XRP-USD's stock price increased from 0.50 to 0.52. News during this period are listed below:

[Headline]: Ripple Says $10M Penalty Enough, Rejects SEC’s Ask of $1.95B Fine in Final Judgment 
[Summary]: Ripple Labs has opposed the SEC’s proposal seeking a nearly $2 billion fine against the company.

Ripple Labs said the Court should impose a civil penalty of no more than $10 million.

Ripple Labs fil...

[Headline]: Ripple-Owned Metaco Sees Most of Execs and Marketing Teams Depart: Source
[Summary]: Metaco lost five executives and marketing team members following the recent departure of the CEO and chief product officer.

The cryptocurrency custody firm was acquired by Ripple last year for $250 m...

[Headline]: Crypto Market Cap to Double to $5 Trillion by Year-End: Ripple CEO
[Summary]: The value of the cryptocurrency market could almost double to $5 trillion by the end of the year, propelled by the January approval of spot bitcoin exchange-traded funds in the U.S. and the mining-rew...

[Headline]: What Does Ripple’s Stablecoin Mean for XRP?
[Summary]: Ripple has declared the death of {{XRP}}. Well, to be fair, to be accurate, Ripple CEO Brad Garlinghouse has said the exact opposite when announcing the Silicon Valley crypto mainstay would launch a U...

[Headline]: Ripple, Developer Behind XRP Ledger, Enters Stablecoin Fray vs. Tether, USDC
[Summary]: Ripple, the enterprise-focused blockchain service and creator of the XRP Ledger, is introducing its own stablecoin pegged to the price of the U.S. dollar.

""The stablecoin market is over $150 billion ...

From 2024-05-17 to 2024-05-24, XRP-USD's stock price increased from 0.52 to 0.54. News during this period are listed below:

[Headline]: Ripple Says $10M Penalty Enough, Rejects SEC’s Ask of $1.95B Fine in Final Judgment 
[Summary]: Ripple Labs has opposed the SEC’s proposal seeking a nearly $2 billion fine against the company.

Ripple Labs said the Court should impose a civil penalty of no more than $10 million.

Ripple Labs fil...

[Headline]: Ripple-Owned Metaco Sees Most of Execs and Marketing Teams Depart: Source
[Summary]: Metaco lost five executives and marketing team members following the recent departure of the CEO and chief product officer.

The cryptocurrency custody firm was acquired by Ripple last year for $250 m...

[Headline]: Crypto Market Cap to Double to $5 Trillion by Year-End: Ripple CEO
[Summary]: The value of the cryptocurrency market could almost double to $5 trillion by the end of the year, propelled by the January approval of spot bitcoin exchange-traded funds in the U.S. and the mining-rew...

[Headline]: What Does Ripple’s Stablecoin Mean for XRP?
[Summary]: Ripple has declared the death of {{XRP}}. Well, to be fair, to be accurate, Ripple CEO Brad Garlinghouse has said the exact opposite when announcing the Silicon Valley crypto mainstay would launch a U...

[Headline]: Ripple, Developer Behind XRP Ledger, Enters Stablecoin Fray vs. Tether, USDC
[Summary]: Ripple, the enterprise-focused blockchain service and creator of the XRP Ledger, is introducing its own stablecoin pegged to the price of the U.S. dollar.

""The stablecoin market is over $150 billion ...

From 2024-05-24 to 2024-05-31, XRP-USD's stock price decreased from 0.54 to 0.52. News during this period are listed below:

[Headline]: Ripple's Brad Garlinghouse Foresees XRP, Solana, Cardano ETFs: Consensus 2024
[Summary]: Brad Garlinghouse predicts the inevitable approval of XRP, Solana and Cardano ETFs, despite significant regulatory hurdles.

Garlinghouse criticized the SEC's unclear crypto regulations, highlighting ...

[Headline]: Ripple Donates Another $25M to Crypto Super PAC Fairshake
[Summary]: Ripple has added another $25 million to the coffers of Fairshake, a federal crypto super political action committee (PAC) that’s spending big this election year to support crypto-friendly Congressiona...

From 2024-05-31 to 2024-06-07, XRP-USD's stock price decreased from 0.52 to 0.50. News during this period are listed below:

[Headline]: Ripple's Brad Garlinghouse Foresees XRP, Solana, Cardano ETFs: Consensus 2024
[Summary]: Brad Garlinghouse predicts the inevitable approval of XRP, Solana and Cardano ETFs, despite significant regulatory hurdles.

Garlinghouse criticized the SEC's unclear crypto regulations, highlighting ...

[Headline]: Ripple Donates Another $25M to Crypto Super PAC Fairshake
[Summary]: Ripple has added another $25 million to the coffers of Fairshake, a federal crypto super political action committee (PAC) that’s spending big this election year to support crypto-friendly Congressiona...

[Headline]: Ripple Says $10M Penalty Enough, Rejects SEC’s Ask of $1.95B Fine in Final Judgment 
[Summary]: Ripple Labs has opposed the SEC’s proposal seeking a nearly $2 billion fine against the company.

Ripple Labs said the Court should impose a civil penalty of no more than $10 million.

Ripple Labs fil...

[Headline]: Ripple-Owned Metaco Sees Most of Execs and Marketing Teams Depart: Source
[Summary]: Metaco lost five executives and marketing team members following the recent departure of the CEO and chief product officer.

The cryptocurrency custody firm was acquired by Ripple last year for $250 m...

[Headline]: Crypto Market Cap to Double to $5 Trillion by Year-End: Ripple CEO
[Summary]: The value of the cryptocurrency market could almost double to $5 trillion by the end of the year, propelled by the January approval of spot bitcoin exchange-traded funds in the U.S. and the mining-rew...



Based on all the information before 2024-06-07, let's first analyze the positive developments and potential concerns for XRP-USD. Come up with 2-4 most important factors respectively and keep them concise. Most factors should be inferred from cryptocurrencies related news. Then let's assume your prediction for next week (2024-06-07 to 2024-06-14) is down by 4-5%. Provide a summary analysis to support your prediction. The prediction result need to be inferred from your analysis at the end, and thus not appearing as a foundational factor of your analysis.","### ANALYSIS REQUEST 2

**[Positive Developments]:**
1. **Market Optimism**: The Ripple CEO's prediction that the crypto market cap could double to $5 trillion by year-end, driven by regulatory approvals and market developments, suggests a bullish outlook for the broader cryptocurrency market.
2. **Stablecoin Launch**: Ripple's entry into the stablecoin market indicates diversification and potential new use cases for the XRP Ledger, which could drive adoption and utility.
3. **Political Influence**: Ripple's donation to the crypto super PAC Fairshake shows a proactive approach to influencing regulatory policies, which could benefit the long-term viability of XRP.

**[Potential Concerns]:**
1. **Regulatory Uncertainty**: The ongoing legal battle with the SEC and the lack of clarity in crypto regulations pose significant risks for XRP's future.
2. **Executive Departures**: The departure of key executives from Ripple-owned Metaco raises concerns about internal stability and leadership within the company.
3. **Legal Risks**: The SEC's proposal for a $1.95 billion fine against Ripple Labs highlights the substantial legal and financial risks the company is facing.

**[Prediction & Analysis]:**
The recent developments indicate a mixed outlook for XRP. While the CEO's optimism and the launch of a stablecoin are positive signs, the ongoing regulatory uncertainty and internal instability are significant concerns. The legal battle with the SEC, in particular, could weigh heavily on investor sentiment. Additionally, the departure of key executives from Metaco suggests potential internal issues that could affect the company's operations. Given these factors, the market may react negatively, leading to a potential decrease in XRP's price by 4-5% in the upcoming week."
"[Cryptocurrency Introduction]: XRP (XRP) is a cryptocurrency . XRP has a current supply of 99,986,084,900 with 58,759,724,027 in circulation. The last known price of XRP is 2.15496928 USD and is up 1.07 over the last 24 hours. It is currently trading on 1621 active market(s) with $1,946,240,978.17 traded over the last 24 hours. More information can be found at https://xrpl.org/.. It has a market capilization of 126935072768.

From 2024-05-17 to 2024-05-24, XRP-USD's stock price increased from 0.52 to 0.54. News during this period are listed below:

[Headline]: Ripple Says $10M Penalty Enough, Rejects SEC’s Ask of $1.95B Fine in Final Judgment 
[Summary]: Ripple Labs has opposed the SEC’s proposal seeking a nearly $2 billion fine against the company.

Ripple Labs said the Court should impose a civil penalty of no more than $10 million.

Ripple Labs fil...

[Headline]: Ripple-Owned Metaco Sees Most of Execs and Marketing Teams Depart: Source
[Summary]: Metaco lost five executives and marketing team members following the recent departure of the CEO and chief product officer.

The cryptocurrency custody firm was acquired by Ripple last year for $250 m...

[Headline]: Crypto Market Cap to Double to $5 Trillion by Year-End: Ripple CEO
[Summary]: The value of the cryptocurrency market could almost double to $5 trillion by the end of the year, propelled by the January approval of spot bitcoin exchange-traded funds in the U.S. and the mining-rew...

[Headline]: What Does Ripple’s Stablecoin Mean for XRP?
[Summary]: Ripple has declared the death of {{XRP}}. Well, to be fair, to be accurate, Ripple CEO Brad Garlinghouse has said the exact opposite when announcing the Silicon Valley crypto mainstay would launch a U...

[Headline]: Ripple, Developer Behind XRP Ledger, Enters Stablecoin Fray vs. Tether, USDC
[Summary]: Ripple, the enterprise-focused blockchain service and creator of the XRP Ledger, is introducing its own stablecoin pegged to the price of the U.S. dollar.

""The stablecoin market is over $150 billion ...

From 2024-05-24 to 2024-05-31, XRP-USD's stock price decreased from 0.54 to 0.52. News during this period are listed below:

[Headline]: Ripple's Brad Garlinghouse Foresees XRP, Solana, Cardano ETFs: Consensus 2024
[Summary]: Brad Garlinghouse predicts the inevitable approval of XRP, Solana and Cardano ETFs, despite significant regulatory hurdles.

Garlinghouse criticized the SEC's unclear crypto regulations, highlighting ...

[Headline]: Ripple Donates Another $25M to Crypto Super PAC Fairshake
[Summary]: Ripple has added another $25 million to the coffers of Fairshake, a federal crypto super political action committee (PAC) that’s spending big this election year to support crypto-friendly Congressiona...

From 2024-05-31 to 2024-06-07, XRP-USD's stock price decreased from 0.52 to 0.50. News during this period are listed below:

[Headline]: Ripple's Brad Garlinghouse Foresees XRP, Solana, Cardano ETFs: Consensus 2024
[Summary]: Brad Garlinghouse predicts the inevitable approval of XRP, Solana and Cardano ETFs, despite significant regulatory hurdles.

Garlinghouse criticized the SEC's unclear crypto regulations, highlighting ...

[Headline]: Ripple Donates Another $25M to Crypto Super PAC Fairshake
[Summary]: Ripple has added another $25 million to the coffers of Fairshake, a federal crypto super political action committee (PAC) that’s spending big this election year to support crypto-friendly Congressiona...

[Headline]: Ripple Says $10M Penalty Enough, Rejects SEC’s Ask of $1.95B Fine in Final Judgment 
[Summary]: Ripple Labs has opposed the SEC’s proposal seeking a nearly $2 billion fine against the company.

Ripple Labs said the Court should impose a civil penalty of no more than $10 million.

Ripple Labs fil...

[Headline]: Ripple-Owned Metaco Sees Most of Execs and Marketing Teams Depart: Source
[Summary]: Metaco lost five executives and marketing team members following the recent departure of the CEO and chief product officer.

The cryptocurrency custody firm was acquired by Ripple last year for $250 m...

[Headline]: Crypto Market Cap to Double to $5 Trillion by Year-End: Ripple CEO
[Summary]: The value of the cryptocurrency market could almost double to $5 trillion by the end of the year, propelled by the January approval of spot bitcoin exchange-traded funds in the U.S. and the mining-rew...

From 2024-06-07 to 2024-06-14, XRP-USD's stock price decreased from 0.50 to 0.47. News during this period are listed below:

[Headline]: Ripple's Brad Garlinghouse Foresees XRP, Solana, Cardano ETFs: Consensus 2024
[Summary]: Brad Garlinghouse predicts the inevitable approval of XRP, Solana and Cardano ETFs, despite significant regulatory hurdles.

Garlinghouse criticized the SEC's unclear crypto regulations, highlighting ...

[Headline]: Ripple Donates Another $25M to Crypto Super PAC Fairshake
[Summary]: Ripple has added another $25 million to the coffers of Fairshake, a federal crypto super political action committee (PAC) that’s spending big this election year to support crypto-friendly Congressiona...

[Headline]: Ripple Says $10M Penalty Enough, Rejects SEC’s Ask of $1.95B Fine in Final Judgment 
[Summary]: Ripple Labs has opposed the SEC’s proposal seeking a nearly $2 billion fine against the company.

Ripple Labs said the Court should impose a civil penalty of no more than $10 million.

Ripple Labs fil...

[Headline]: Ripple-Owned Metaco Sees Most of Execs and Marketing Teams Depart: Source
[Summary]: Metaco lost five executives and marketing team members following the recent departure of the CEO and chief product officer.

The cryptocurrency custody firm was acquired by Ripple last year for $250 m...

[Headline]: Crypto Market Cap to Double to $5 Trillion by Year-End: Ripple CEO
[Summary]: The value of the cryptocurrency market could almost double to $5 trillion by the end of the year, propelled by the January approval of spot bitcoin exchange-traded funds in the U.S. and the mining-rew...



Based on all the information before 2024-06-14, let's first analyze the positive developments and potential concerns for XRP-USD. Come up with 2-4 most important factors respectively and keep them concise. Most factors should be inferred from cryptocurrencies related news. Then let's assume your prediction for next week (2024-06-14 to 2024-06-21) is up by 3-4%. Provide a summary analysis to support your prediction. The prediction result need to be inferred from your analysis at the end, and thus not appearing as a foundational factor of your analysis.","### ANALYSIS REQUEST 3

**[Positive Developments]:**
1. **Market Optimism**: The Ripple CEO's prediction that the crypto market cap could double to $5 trillion by year-end, driven by regulatory approvals and market developments, suggests a bullish outlook for the broader cryptocurrency market.
2. **Stablecoin Launch**: Ripple's entry into the stablecoin market indicates diversification and potential new use cases for the XRP Ledger, which could drive adoption and utility.
3. **Political Influence**: Ripple's donation to the crypto super PAC Fairshake shows a proactive approach to influencing regulatory policies, which could benefit the long-term viability of XRP.

**[Potential Concerns]:**
1. **Regulatory Uncertainty**: The ongoing legal battle with the SEC and the lack of clarity in crypto regulations pose significant risks for XRP's future.
2. **Executive Departures**: The departure of key executives from Ripple-owned Metaco raises concerns about internal stability and leadership within the company.
3. **Legal Risks**: The SEC's proposal for a $1.95 billion fine against Ripple Labs highlights the substantial legal and financial risks the company is facing.

**[Prediction & Analysis]:**
The recent developments indicate a mixed outlook for XRP. While the CEO's optimism and the launch of a stablecoin are positive signs, the ongoing regulatory uncertainty and internal instability are significant concerns. The legal battle with the SEC, in particular, could weigh heavily on investor sentiment. Additionally, the departure of key executives from Metaco suggests potential internal issues that could affect the company's operations. Given these factors, the market may react negatively, leading to a potential decrease in XRP's price by 4-5% in the upcoming week."
"[Cryptocurrency Introduction]: XRP (XRP) is a cryptocurrency . XRP has a current supply of 99,986,084,900 with 58,759,724,027 in circulation. The last known price of XRP is 2.15496928 USD and is up 1.07 over the last 24 hours. It is currently trading on 1621 active market(s) with $1,946,240,978.17 traded over the last 24 hours. More information can be found at https://xrpl.org/.. It has a market capilization of 126935072768.

From 2024-05-31 to 2024-06-07, XRP-USD's stock price decreased from 0.52 to 0.50. News during this period are listed below:

[Headline]: Ripple's Brad Garlinghouse Foresees XRP, Solana, Cardano ETFs: Consensus 2024
[Summary]: Brad Garlinghouse predicts the inevitable approval of XRP, Solana and Cardano ETFs, despite significant regulatory hurdles.

Garlinghouse criticized the SEC's unclear crypto regulations, highlighting ...

[Headline]: Ripple Donates Another $25M to Crypto Super PAC Fairshake
[Summary]: Ripple has added another $25 million to the coffers of Fairshake, a federal crypto super political action committee (PAC) that’s spending big this election year to support crypto-friendly Congressiona...

[Headline]: Ripple Says $10M Penalty Enough, Rejects SEC’s Ask of $1.95B Fine in Final Judgment 
[Summary]: Ripple Labs has opposed the SEC’s proposal seeking a nearly $2 billion fine against the company.

Ripple Labs said the Court should impose a civil penalty of no more than $10 million.

Ripple Labs fil...

[Headline]: Ripple-Owned Metaco Sees Most of Execs and Marketing Teams Depart: Source
[Summary]: Metaco lost five executives and marketing team members following the recent departure of the CEO and chief product officer.

The cryptocurrency custody firm was acquired by Ripple last year for $250 m...

[Headline]: Crypto Market Cap to Double to $5 Trillion by Year-End: Ripple CEO
[Summary]: The value of the cryptocurrency market could almost double to $5 trillion by the end of the year, propelled by the January approval of spot bitcoin exchange-traded funds in the U.S. and the mining-rew...

From 2024-06-07 to 2024-06-14, XRP-USD's stock price decreased from 0.50 to 0.47. News during this period are listed below:

[Headline]: Ripple's Brad Garlinghouse Foresees XRP, Solana, Cardano ETFs: Consensus 2024
[Summary]: Brad Garlinghouse predicts the inevitable approval of XRP, Solana and Cardano ETFs, despite significant regulatory hurdles.

Garlinghouse criticized the SEC's unclear crypto regulations, highlighting ...

[Headline]: Ripple Donates Another $25M to Crypto Super PAC Fairshake
[Summary]: Ripple has added another $25 million to the coffers of Fairshake, a federal crypto super political action committee (PAC) that’s spending big this election year to support crypto-friendly Congressiona...

[Headline]: Ripple Says $10M Penalty Enough, Rejects SEC’s Ask of $1.95B Fine in Final Judgment 
[Summary]: Ripple Labs has opposed the SEC’s proposal seeking a nearly $2 billion fine against the company.

Ripple Labs said the Court should impose a civil penalty of no more than $10 million.

Ripple Labs fil...

[Headline]: Ripple-Owned Metaco Sees Most of Execs and Marketing Teams Depart: Source
[Summary]: Metaco lost five executives and marketing team members following the recent departure of the CEO and chief product officer.

The cryptocurrency custody firm was acquired by Ripple last year for $250 m...

[Headline]: Crypto Market Cap to Double to $5 Trillion by Year-End: Ripple CEO
[Summary]: The value of the cryptocurrency market could almost double to $5 trillion by the end of the year, propelled by the January approval of spot bitcoin exchange-traded funds in the U.S. and the mining-rew...

From 2024-06-14 to 2024-06-21, XRP-USD's stock price increased from 0.47 to 0.49. News during this period are listed below:

[Headline]: California Judge Dismisses Part of Civil Lawsuit Against Ripple, Sends Rest of Securities Case to Trial
[Summary]: A civil lawsuit on a securities claim against Ripple CEO Brad Garlinghouse will proceed to trial in California.

A judge dismissed several other claims made in the lawsuit.

A California judge has rul...



Based on all the information before 2024-06-21, let's first analyze the positive developments and potential concerns for XRP-USD. Come up with 2-4 most important factors respectively and keep them concise. Most factors should be inferred from cryptocurrencies related news. Then let's assume your prediction for next week (2024-06-21 to 2024-06-28) is down by 3-4%. Provide a summary analysis to support your prediction. The prediction result need to be inferred from your analysis at the end, and thus not appearing as a foundational factor of your analysis.","### ANALYSIS REQUEST 4

**[Positive Developments]:**
1. **Market Optimism**: The Ripple CEO's prediction that the crypto market cap could double to $5 trillion by year-end, driven by regulatory approvals and market developments, suggests a bullish outlook for the broader cryptocurrency market.
2. **Stablecoin Launch**: Ripple's entry into the stablecoin market indicates diversification and potential new use cases for the XRP Ledger, which could drive adoption and utility.
3. **Political Influence**: Ripple's donation to the crypto super PAC Fairshake shows a proactive approach to influencing regulatory policies, which could benefit the long-term viability of XRP.

**[Potential Concerns]:**
1. **Regulatory Uncertainty**: The ongoing legal battle with the SEC and the lack of clarity in crypto regulations pose significant risks for XRP's future.
2. **Executive Departures**: The departure of key executives from Ripple-owned Metaco raises concerns about internal stability and leadership within the company.
3. **Legal Risks**: The SEC's proposal for a $1.95 billion fine against Ripple Labs highlights the substantial legal and financial risks the company is facing.

**[Prediction & Analysis]:**
The recent developments indicate a mixed outlook for XRP. While the CEO's optimism and the launch of a stablecoin are positive signs, the ongoing regulatory uncertainty and internal instability are significant concerns. The legal battle with the SEC, in particular, could weigh heavily on investor sentiment. Additionally, the departure of key executives from Metaco suggests potential internal issues that could affect the company's operations. Given these factors, the market may react negatively, leading to a potential decrease in XRP's price by 4-5% in the upcoming week."
"[Cryptocurrency Introduction]: XRP (XRP) is a cryptocurrency . XRP has a current supply of 99,986,084,900 with 58,759,724,027 in circulation. The last known price of XRP is 2.15496928 USD and is up 1.07 over the last 24 hours. It is currently trading on 1621 active market(s) with $1,946,240,978.17 traded over the last 24 hours. More information can be found at https://xrpl.org/.. It has a market capilization of 126935072768.

From 2024-05-31 to 2024-06-07, XRP-USD's stock price decreased from 0.52 to 0.50. News during this period are listed below:

[Headline]: Ripple's Brad Garlinghouse Foresees XRP, Solana, Cardano ETFs: Consensus 2024
[Summary]: Brad Garlinghouse predicts the inevitable approval of XRP, Solana and Cardano ETFs, despite significant regulatory hurdles.

Garlinghouse criticized the SEC's unclear crypto regulations, highlighting ...

[Headline]: Ripple Donates Another $25M to Crypto Super PAC Fairshake
[Summary]: Ripple has added another $25 million to the coffers of Fairshake, a federal crypto super political action committee (PAC) that’s spending big this election year to support crypto-friendly Congressiona...

[Headline]: Ripple Says $10M Penalty Enough, Rejects SEC’s Ask of $1.95B Fine in Final Judgment 
[Summary]: Ripple Labs has opposed the SEC’s proposal seeking a nearly $2 billion fine against the company.

Ripple Labs said the Court should impose a civil penalty of no more than $10 million.

Ripple Labs fil...

[Headline]: Ripple-Owned Metaco Sees Most of Execs and Marketing Teams Depart: Source
[Summary]: Metaco lost five executives and marketing team members following the recent departure of the CEO and chief product officer.

The cryptocurrency custody firm was acquired by Ripple last year for $250 m...

[Headline]: Crypto Market Cap to Double to $5 Trillion by Year-End: Ripple CEO
[Summary]: The value of the cryptocurrency market could almost double to $5 trillion by the end of the year, propelled by the January approval of spot bitcoin exchange-traded funds in the U.S. and the mining-rew...

From 2024-06-07 to 2024-06-14, XRP-USD's stock price decreased from 0.50 to 0.47. News during this period are listed below:

[Headline]: Ripple's Brad Garlinghouse Foresees XRP, Solana, Cardano ETFs: Consensus 2024
[Summary]: Brad Garlinghouse predicts the inevitable approval of XRP, Solana and Cardano ETFs, despite significant regulatory hurdles.

Garlinghouse criticized the SEC's unclear crypto regulations, highlighting ...

[Headline]: Ripple Donates Another $25M to Crypto Super PAC Fairshake
[Summary]: Ripple has added another $25 million to the coffers of Fairshake, a federal crypto super political action committee (PAC) that’s spending big this election year to support crypto-friendly Congressiona...

[Headline]: Ripple Says $10M Penalty Enough, Rejects SEC’s Ask of $1.95B Fine in Final Judgment 
[Summary]: Ripple Labs has opposed the SEC’s proposal seeking a nearly $2 billion fine against the company.

Ripple Labs said the Court should impose a civil penalty of no more than $10 million.

Ripple Labs fil...

[Headline]: Ripple-Owned Metaco Sees Most of Execs and Marketing Teams Depart: Source
[Summary]: Metaco lost five executives and marketing team members following the recent departure of the CEO and chief product officer.

The cryptocurrency custody firm was acquired by Ripple last year for $250 m...

[Headline]: Crypto Market Cap to Double to $5 Trillion by Year-End: Ripple CEO
[Summary]: The value of the cryptocurrency market could almost double to $5 trillion by the end of the year, propelled by the January approval of spot bitcoin exchange-traded funds in the U.S. and the mining-rew...

From 2024-06-14 to 2024-06-21, XRP-USD's stock price increased from 0.47 to 0.49. News during this period are listed below:

[Headline]: California Judge Dismisses Part of Civil Lawsuit Against Ripple, Sends Rest of Securities Case to Trial
[Summary]: A civil lawsuit on a securities claim against Ripple CEO Brad Garlinghouse will proceed to trial in California.

A judge dismissed several other claims made in the lawsuit.

A California judge has rul...

From 2024-06-21 to 2024-06-28, XRP-USD's stock price decreased from 0.49 to 0.47. News during this period are listed below:

[Headline]: Ripple’s Big Court Win Nonetheless Muddied Waters on Whether XRP Is a Security Deserving Tougher Regulation
[Summary]: Ripple’s California victory muddies the waters on whether or not XRP can be considered a security, according to attorneys active in the crypto space.

District court judges are not required to agree w...

[Headline]: California Judge Dismisses Part of Civil Lawsuit Against Ripple, Sends Rest of Securities Case to Trial
[Summary]: A civil lawsuit on a securities claim against Ripple CEO Brad Garlinghouse will proceed to trial in California.

A judge dismissed several other claims made in the lawsuit.

A California judge has rul...

[Headline]: Ripple's Brad Garlinghouse Foresees XRP, Solana, Cardano ETFs: Consensus 2024
[Summary]: Brad Garlinghouse predicts the inevitable approval of XRP, Solana and Cardano ETFs, despite significant regulatory hurdles.

Garlinghouse criticized the SEC's unclear crypto regulations, highlighting ...

[Headline]: Ripple Donates Another $25M to Crypto Super PAC Fairshake
[Summary]: Ripple has added another $25 million to the coffers of Fairshake, a federal crypto super political action committee (PAC) that’s spending big this election year to support crypto-friendly Congressiona...

[Headline]: Ripple Says $10M Penalty Enough, Rejects SEC’s Ask of $1.95B Fine in Final Judgment 
[Summary]: Ripple Labs has opposed the SEC’s proposal seeking a nearly $2 billion fine against the company.

Ripple Labs said the Court should impose a civil penalty of no more than $10 million.

Ripple Labs fil...



Based on all the information before 2024-06-28, let's first analyze the positive developments and potential concerns for XRP-USD. Come up with 2-4 most important factors respectively and keep them concise. Most factors should be inferred from cryptocurrencies related news. Then let's assume your prediction for next week (2024-06-28 to 2024-07-05) is down by more than 5%. Provide a summary analysis to support your prediction. The prediction result need to be inferred from your analysis at the end, and thus not appearing as a foundational factor of your analysis.","### ANALYSIS REQUEST 5

**[Positive Developments]:**
1. **Market Optimism**: The Ripple CEO's prediction that the crypto market cap could double to $5 trillion by year-end, driven by regulatory approvals and market developments, suggests a bullish outlook for the broader cryptocurrency market.
2. **Stablecoin Launch**: Ripple's entry into the stablecoin market indicates diversification and potential new use cases for the XRP Ledger, which could drive adoption and utility.
3. **Political Influence**: Ripple's donation to the crypto super PAC Fairshake shows a proactive approach to influencing regulatory policies, which could benefit the long-term viability of XRP.

**[Potential Concerns]:**
1. **Regulatory Uncertainty**: The ongoing legal battle with the SEC and the lack of clarity in crypto regulations pose significant risks for XRP's future.
2. **Executive Departures**: The departure of key executives from Ripple-owned Metaco raises concerns about internal stability and leadership within the company.
3. **Legal Risks**: The SEC's proposal for a $1.95 billion fine against Ripple Labs highlights the substantial legal and financial risks the company is facing.

**[Prediction & Analysis]:**
The recent developments indicate a mixed outlook for XRP. While the CEO's optimism and the launch of a stablecoin are positive signs, the ongoing regulatory uncertainty and internal instability are significant concerns. The legal battle with the SEC, in particular, could weigh heavily on investor sentiment. Additionally, the departure of key executives from Metaco suggests potential internal issues that could affect the company's operations. Given these factors, the market may react negatively, leading to a potential decrease in XRP's price by more than 5% in the upcoming week."
"[Cryptocurrency Introduction]: XRP (XRP) is a cryptocurrency . XRP has a current supply of 99,986,084,900 with 58,759,724,027 in circulation. The last known price of XRP is 2.15496928 USD and is up 1.07 over the last 24 hours. It is currently trading on 1621 active market(s) with $1,946,240,978.17 traded over the last 24 hours. More information can be found at https://xrpl.org/.. It has a market capilization of 126935072768.

From 2024-06-21 to 2024-06-28, XRP-USD's stock price decreased from 0.49 to 0.47. News during this period are listed below:

[Headline]: Ripple’s Big Court Win Nonetheless Muddied Waters on Whether XRP Is a Security Deserving Tougher Regulation
[Summary]: Ripple’s California victory muddies the waters on whether or not XRP can be considered a security, according to attorneys active in the crypto space.

District court judges are not required to agree w...

[Headline]: California Judge Dismisses Part of Civil Lawsuit Against Ripple, Sends Rest of Securities Case to Trial
[Summary]: A civil lawsuit on a securities claim against Ripple CEO Brad Garlinghouse will proceed to trial in California.

A judge dismissed several other claims made in the lawsuit.

A California judge has rul...

[Headline]: Ripple's Brad Garlinghouse Foresees XRP, Solana, Cardano ETFs: Consensus 2024
[Summary]: Brad Garlinghouse predicts the inevitable approval of XRP, Solana and Cardano ETFs, despite significant regulatory hurdles.

Garlinghouse criticized the SEC's unclear crypto regulations, highlighting ...

[Headline]: Ripple Donates Another $25M to Crypto Super PAC Fairshake
[Summary]: Ripple has added another $25 million to the coffers of Fairshake, a federal crypto super political action committee (PAC) that’s spending big this election year to support crypto-friendly Congressiona...

[Headline]: Ripple Says $10M Penalty Enough, Rejects SEC’s Ask of $1.95B Fine in Final Judgment 
[Summary]: Ripple Labs has opposed the SEC’s proposal seeking a nearly $2 billion fine against the company.

Ripple Labs said the Court should impose a civil penalty of no more than $10 million.

Ripple Labs fil...

From 2024-06-28 to 2024-07-05, XRP-USD's stock price decreased from 0.47 to 0.43. News during this period are listed below:

[Headline]: Ripple’s Big Court Win Nonetheless Muddied Waters on Whether XRP Is a Security Deserving Tougher Regulation
[Summary]: Ripple’s California victory muddies the waters on whether or not XRP can be considered a security, according to attorneys active in the crypto space.

District court judges are not required to agree w...



Based on all the information before 2024-07-05, let's first analyze the positive developments and potential concerns for XRP-USD. Come up with 2-4 most important factors respectively and keep them concise. Most factors should be inferred from cryptocurrencies related news. Then let's assume your prediction for next week (2024-07-05 to 2024-07-12) is up by more than 5%. Provide a summary analysis to support your prediction. The prediction result need to be inferred from your analysis at the end, and thus not appearing as a foundational factor of your analysis.","[Positive Developments]:
1. **Ripple's Donation to Crypto Super PAC**: Ripple's $25 million donation to the crypto Super PAC Fairshake indicates a proactive stance in shaping crypto-friendly regulations, which could benefit XRP in the long run.
2. **Potential ETF Approval**: Brad Garlinghouse's prediction of inevitable XRP ETF approval suggests increased institutional investment and market accessibility.
3. **Market Demand**: XRP's trading volume and market capitalization remain significant, indicating sustained market interest.

[Potential Concerns]:
1. **Regulatory Uncertainty**: The ongoing debate and legal proceedings about whether XRP is a security pose significant regulatory risks.
2. **SEC Penalty Dispute**: The disagreement between Ripple Labs and the SEC over the fine amount adds to the regulatory uncertainty and potential financial burden.
3. **Market Volatility**: The cryptocurrency market's inherent volatility can lead to sudden price fluctuations, affecting XRP's value.

[Prediction & Analysis]:
The recent developments, including Ripple's proactive political involvement and potential ETF approval, suggest a bullish outlook for XRP. The market's sustained interest in XRP, as indicated by its trading volume, further supports this view. However, regulatory uncertainties and potential financial penalties pose downside risks. Despite these concerns, the positive developments are likely to outweigh the negative factors in the short term. Therefore, a price increase of more than 5% for XRP next week is plausible, barring any major adverse regulatory news or market-wide sell-offs."
"[Cryptocurrency Introduction]: XRP (XRP) is a cryptocurrency . XRP has a current supply of 99,986,084,900 with 58,759,724,027 in circulation. The last known price of XRP is 2.15496928 USD and is up 1.07 over the last 24 hours. It is currently trading on 1621 active market(s) with $1,946,240,978.17 traded over the last 24 hours. More information can be found at https://xrpl.org/.. It has a market capilization of 126935072768.

From 2024-06-21 to 2024-06-28, XRP-USD's stock price decreased from 0.49 to 0.47. News during this period are listed below:

[Headline]: Ripple’s Big Court Win Nonetheless Muddied Waters on Whether XRP Is a Security Deserving Tougher Regulation
[Summary]: Ripple’s California victory muddies the waters on whether or not XRP can be considered a security, according to attorneys active in the crypto space.

District court judges are not required to agree w...

[Headline]: California Judge Dismisses Part of Civil Lawsuit Against Ripple, Sends Rest of Securities Case to Trial
[Summary]: A civil lawsuit on a securities claim against Ripple CEO Brad Garlinghouse will proceed to trial in California.

A judge dismissed several other claims made in the lawsuit.

A California judge has rul...

[Headline]: Ripple's Brad Garlinghouse Foresees XRP, Solana, Cardano ETFs: Consensus 2024
[Summary]: Brad Garlinghouse predicts the inevitable approval of XRP, Solana and Cardano ETFs, despite significant regulatory hurdles.

Garlinghouse criticized the SEC's unclear crypto regulations, highlighting ...

[Headline]: Ripple Donates Another $25M to Crypto Super PAC Fairshake
[Summary]: Ripple has added another $25 million to the coffers of Fairshake, a federal crypto super political action committee (PAC) that’s spending big this election year to support crypto-friendly Congressiona...

[Headline]: Ripple Says $10M Penalty Enough, Rejects SEC’s Ask of $1.95B Fine in Final Judgment 
[Summary]: Ripple Labs has opposed the SEC’s proposal seeking a nearly $2 billion fine against the company.

Ripple Labs said the Court should impose a civil penalty of no more than $10 million.

Ripple Labs fil...

From 2024-06-28 to 2024-07-05, XRP-USD's stock price decreased from 0.47 to 0.43. News during this period are listed below:

[Headline]: Ripple’s Big Court Win Nonetheless Muddied Waters on Whether XRP Is a Security Deserving Tougher Regulation
[Summary]: Ripple’s California victory muddies the waters on whether or not XRP can be considered a security, according to attorneys active in the crypto space.

District court judges are not required to agree w...

From 2024-07-05 to 2024-07-12, XRP-USD's stock price increased from 0.43 to 0.47. News during this period are listed below:

[Headline]: Ripple’s Big Court Win Nonetheless Muddied Waters on Whether XRP Is a Security Deserving Tougher Regulation
[Summary]: Ripple’s California victory muddies the waters on whether or not XRP can be considered a security, according to attorneys active in the crypto space.

District court judges are not required to agree w...

[Headline]: California Judge Dismisses Part of Civil Lawsuit Against Ripple, Sends Rest of Securities Case to Trial
[Summary]: A civil lawsuit on a securities claim against Ripple CEO Brad Garlinghouse will proceed to trial in California.

A judge dismissed several other claims made in the lawsuit.

A California judge has rul...

[Headline]: Ripple's Brad Garlinghouse Foresees XRP, Solana, Cardano ETFs: Consensus 2024
[Summary]: Brad Garlinghouse predicts the inevitable approval of XRP, Solana and Cardano ETFs, despite significant regulatory hurdles.

Garlinghouse criticized the SEC's unclear crypto regulations, highlighting ...

[Headline]: Ripple Donates Another $25M to Crypto Super PAC Fairshake
[Summary]: Ripple has added another $25 million to the coffers of Fairshake, a federal crypto super political action committee (PAC) that’s spending big this election year to support crypto-friendly Congressiona...

[Headline]: Ripple Says $10M Penalty Enough, Rejects SEC’s Ask of $1.95B Fine in Final Judgment 
[Summary]: Ripple Labs has opposed the SEC’s proposal seeking a nearly $2 billion fine against the company.

Ripple Labs said the Court should impose a civil penalty of no more than $10 million.

Ripple Labs fil...



Based on all the information before 2024-07-12, let's first analyze the positive developments and potential concerns for XRP-USD. Come up with 2-4 most important factors respectively and keep them concise. Most factors should be inferred from cryptocurrencies related news. Then let's assume your prediction for next week (2024-07-12 to 2024-07-19) is up by more than 5%. Provide a summary analysis to support your prediction. The prediction result need to be inferred from your analysis at the end, and thus not appearing as a foundational factor of your analysis.","[Positive Developments]:
1. **ETF Prediction**: Garlinghouse's forecast of XRP ETF approval can drive institutional investment and boost market confidence.
2. **Political Involvement**: Ripple's donation to Fairshake demonstrates its commitment to advocating for favorable regulations, which could benefit XRP.
3. **Price Recovery**: XRP's price increase from 0.43 to 0.47 indicates a potential reversal of the recent downtrend.

[Potential Concerns]:
1. **Regulatory Ambiguity**: The ongoing legal discussions about XRP's status as a security present regulatory risks.
2. **SEC Fine Dispute**: The disagreement over the SEC fine adds to the regulatory uncertainty and financial risks.
3. **Market Sentiment**: Cautious market sentiment due to regulatory concerns may limit price gains.

[Prediction & Analysis]:
The positive developments, such as the potential ETF approval and Ripple's political advocacy, suggest a bullish outlook for XRP. The recent price recovery further supports this view. However, regulatory uncertainties and the SEC fine dispute pose downside risks. Given the current market dynamics and the positive developments, a price increase of more than 5% for XRP next week is likely, assuming no major adverse regulatory news or market-wide sell-offs."
"[Cryptocurrency Introduction]: XRP (XRP) is a cryptocurrency . XRP has a current supply of 99,986,084,900 with 58,759,724,027 in circulation. The last known price of XRP is 2.15496928 USD and is up 1.07 over the last 24 hours. It is currently trading on 1621 active market(s) with $1,946,240,978.17 traded over the last 24 hours. More information can be found at https://xrpl.org/.. It has a market capilization of 126935072768.

From 2024-06-21 to 2024-06-28, XRP-USD's stock price decreased from 0.49 to 0.47. News during this period are listed below:

[Headline]: Ripple’s Big Court Win Nonetheless Muddied Waters on Whether XRP Is a Security Deserving Tougher Regulation
[Summary]: Ripple’s California victory muddies the waters on whether or not XRP can be considered a security, according to attorneys active in the crypto space.

District court judges are not required to agree w...

[Headline]: California Judge Dismisses Part of Civil Lawsuit Against Ripple, Sends Rest of Securities Case to Trial
[Summary]: A civil lawsuit on a securities claim against Ripple CEO Brad Garlinghouse will proceed to trial in California.

A judge dismissed several other claims made in the lawsuit.

A California judge has rul...

[Headline]: Ripple's Brad Garlinghouse Foresees XRP, Solana, Cardano ETFs: Consensus 2024
[Summary]: Brad Garlinghouse predicts the inevitable approval of XRP, Solana and Cardano ETFs, despite significant regulatory hurdles.

Garlinghouse criticized the SEC's unclear crypto regulations, highlighting ...

[Headline]: Ripple Donates Another $25M to Crypto Super PAC Fairshake
[Summary]: Ripple has added another $25 million to the coffers of Fairshake, a federal crypto super political action committee (PAC) that’s spending big this election year to support crypto-friendly Congressiona...

[Headline]: Ripple Says $10M Penalty Enough, Rejects SEC’s Ask of $1.95B Fine in Final Judgment 
[Summary]: Ripple Labs has opposed the SEC’s proposal seeking a nearly $2 billion fine against the company.

Ripple Labs said the Court should impose a civil penalty of no more than $10 million.

Ripple Labs fil...

From 2024-06-28 to 2024-07-05, XRP-USD's stock price decreased from 0.47 to 0.43. News during this period are listed below:

[Headline]: Ripple’s Big Court Win Nonetheless Muddied Waters on Whether XRP Is a Security Deserving Tougher Regulation
[Summary]: Ripple’s California victory muddies the waters on whether or not XRP can be considered a security, according to attorneys active in the crypto space.

District court judges are not required to agree w...

From 2024-07-05 to 2024-07-12, XRP-USD's stock price increased from 0.43 to 0.47. News during this period are listed below:

[Headline]: Ripple’s Big Court Win Nonetheless Muddied Waters on Whether XRP Is a Security Deserving Tougher Regulation
[Summary]: Ripple’s California victory muddies the waters on whether or not XRP can be considered a security, according to attorneys active in the crypto space.

District court judges are not required to agree w...

[Headline]: California Judge Dismisses Part of Civil Lawsuit Against Ripple, Sends Rest of Securities Case to Trial
[Summary]: A civil lawsuit on a securities claim against Ripple CEO Brad Garlinghouse will proceed to trial in California.

A judge dismissed several other claims made in the lawsuit.

A California judge has rul...

[Headline]: Ripple's Brad Garlinghouse Foresees XRP, Solana, Cardano ETFs: Consensus 2024
[Summary]: Brad Garlinghouse predicts the inevitable approval of XRP, Solana and Cardano ETFs, despite significant regulatory hurdles.

Garlinghouse criticized the SEC's unclear crypto regulations, highlighting ...

[Headline]: Ripple Donates Another $25M to Crypto Super PAC Fairshake
[Summary]: Ripple has added another $25 million to the coffers of Fairshake, a federal crypto super political action committee (PAC) that’s spending big this election year to support crypto-friendly Congressiona...

[Headline]: Ripple Says $10M Penalty Enough, Rejects SEC’s Ask of $1.95B Fine in Final Judgment 
[Summary]: Ripple Labs has opposed the SEC’s proposal seeking a nearly $2 billion fine against the company.

Ripple Labs said the Court should impose a civil penalty of no more than $10 million.

Ripple Labs fil...

From 2024-07-12 to 2024-07-19, XRP-USD's stock price increased from 0.47 to 0.57. News during this period are listed below:

[Headline]: Ripple Settlement Hopes Pushed XRP Volumes Above Bitcoin on S. Korean Exchanges This Week
[Summary]: Trading volume in XRP on South Korean crypto exchanges surpassed that of bitcoin, topping 40% on UpBit and 35% on Bithumb and Korbit, indicating a high demand for XRP in the country.

Traders warn of ...

[Headline]: Ripple’s Big Court Win Nonetheless Muddied Waters on Whether XRP Is a Security Deserving Tougher Regulation
[Summary]: Ripple’s California victory muddies the waters on whether or not XRP can be considered a security, according to attorneys active in the crypto space.

District court judges are not required to agree w...

[Headline]: California Judge Dismisses Part of Civil Lawsuit Against Ripple, Sends Rest of Securities Case to Trial
[Summary]: A civil lawsuit on a securities claim against Ripple CEO Brad Garlinghouse will proceed to trial in California.

A judge dismissed several other claims made in the lawsuit.

A California judge has rul...

[Headline]: Ripple's Brad Garlinghouse Foresees XRP, Solana, Cardano ETFs: Consensus 2024
[Summary]: Brad Garlinghouse predicts the inevitable approval of XRP, Solana and Cardano ETFs, despite significant regulatory hurdles.

Garlinghouse criticized the SEC's unclear crypto regulations, highlighting ...

[Headline]: Ripple Donates Another $25M to Crypto Super PAC Fairshake
[Summary]: Ripple has added another $25 million to the coffers of Fairshake, a federal crypto super political action committee (PAC) that’s spending big this election year to support crypto-friendly Congressiona...



Based on all the information before 2024-07-19, let's first analyze the positive developments and potential concerns for XRP-USD. Come up with 2-4 most important factors respectively and keep them concise. Most factors should be inferred from cryptocurrencies related news. Then let's assume your prediction for next week (2024-07-19 to 2024-07-26) is up by more than 5%. Provide a summary analysis to support your prediction. The prediction result need to be inferred from your analysis at the end, and thus not appearing as a foundational factor of your analysis.","[Positive Developments]:
1. **ETF Approval Forecast**: Garlinghouse's prediction of XRP ETF approval can drive institutional investment and market confidence.
2. **High Trading Volume**: XRP's trading volume surpassing bitcoin on South Korean exchanges indicates strong demand.
3. **Price Momentum**: XRP's price increase from 0.47 to 0.57 suggests bullish market momentum.

[Potential Concerns]:
1. **Regulatory Risks**: The ongoing debate about XRP's status as a security poses regulatory uncertainties.
2. **SEC Fine Disagreement**: The dispute over the SEC fine adds to the regulatory risks and financial concerns.
3. **Market Caution**: Regulatory concerns may lead to cautious market sentiment, limiting price gains.

[Prediction & Analysis]:
The potential ETF approval and high trading volume indicate a bullish outlook for XRP. The recent price momentum further supports this view. However, regulatory risks and the SEC fine dispute pose downside risks. Considering the current market dynamics and positive developments, a price increase of more than 5% for XRP next week is probable, barring any major adverse regulatory news or market-wide sell-offs."
"[Cryptocurrency Introduction]: XRP (XRP) is a cryptocurrency . XRP has a current supply of 99,986,084,900 with 58,759,724,027 in circulation. The last known price of XRP is 2.15496928 USD and is up 1.07 over the last 24 hours. It is currently trading on 1621 active market(s) with $1,946,240,978.17 traded over the last 24 hours. More information can be found at https://xrpl.org/.. It has a market capilization of 126935072768.

From 2024-07-19 to 2024-07-26, XRP-USD's stock price increased from 0.57 to 0.60. News during this period are listed below:

[Headline]: Ripple Settlement Hopes Pushed XRP Volumes Above Bitcoin on S. Korean Exchanges This Week
[Summary]: Trading volume in XRP on South Korean crypto exchanges surpassed that of bitcoin, topping 40% on UpBit and 35% on Bithumb and Korbit, indicating a high demand for XRP in the country.

Traders warn of ...



Based on all the information before 2024-07-26, let's first analyze the positive developments and potential concerns for XRP-USD. Come up with 2-4 most important factors respectively and keep them concise. Most factors should be inferred from cryptocurrencies related news. Then let's assume your prediction for next week (2024-07-26 to 2024-08-02) is down by more than 5%. Provide a summary analysis to support your prediction. The prediction result need to be inferred from your analysis at the end, and thus not appearing as a foundational factor of your analysis.","[Positive Developments]:
1. **High Trading Volume**: XRP's trading volume surpassing bitcoin on South Korean exchanges indicates strong market demand.
2. **Price Uptrend**: XRP's price increase from 0.57 to 0.60 suggests a bullish market trend.

[Potential Concerns]:
1. **Regulatory Uncertainties**: The ongoing legal discussions about XRP's status as a security present regulatory risks.
2. **SEC Fine Dispute**: The disagreement over the SEC fine adds to the regulatory uncertainties and financial risks.
3. **Market Volatility**: The cryptocurrency market's inherent volatility can lead to sudden price fluctuations.
4. **Potential Market Correction**: The recent price increase may be followed by a market correction, leading to a price decrease.

[Prediction & Analysis]:
The high trading volume and recent price uptrend indicate market demand and bullish momentum for XRP. However, regulatory uncertainties, the SEC fine dispute, and potential market correction pose downside risks. Given these factors and the current market dynamics, a price decrease of more than 5% for XRP next week is likely, barring any major positive regulatory developments or market-wide rallies."
"[Cryptocurrency Introduction]: XRP (XRP) is a cryptocurrency . XRP has a current supply of 99,986,084,900 with 58,759,724,027 in circulation. The last known price of XRP is 2.15496928 USD and is up 1.07 over the last 24 hours. It is currently trading on 1621 active market(s) with $1,946,240,978.17 traded over the last 24 hours. More information can be found at https://xrpl.org/.. It has a market capilization of 126935072768.

From 2024-07-19 to 2024-07-26, XRP-USD's stock price increased from 0.57 to 0.60. News during this period are listed below:

[Headline]: Ripple Settlement Hopes Pushed XRP Volumes Above Bitcoin on S. Korean Exchanges This Week
[Summary]: Trading volume in XRP on South Korean crypto exchanges surpassed that of bitcoin, topping 40% on UpBit and 35% on Bithumb and Korbit, indicating a high demand for XRP in the country.

Traders warn of ...

From 2024-07-26 to 2024-08-02, XRP-USD's stock price decreased from 0.60 to 0.56. News during this period are listed below:

[Headline]: Ripple to Allocate $10M to Tokenized U.S. Treasury Bills on XRP Ledger
[Summary]: Ripple will allocate $10 million in tokenized U.S. Treasury bills on the XRP Ledger, marking the first issuance of such tokens on the platform.

The initiative is part of a broader trend in the crypto...

[Headline]: XRP Surges 7% Amid Ripple-SEC Settlement Hopes, $600M Token Unlock
[Summary]: XRP draws highest price since March 25.

Traders foresee an end to the legal dispute between the SEC and Ripple Labs.

Optimism from traders pushed payments-focused XRP token to the front of the marke...



Based on all the information before 2024-08-02, let's first analyze the positive developments and potential concerns for XRP-USD. Come up with 2-4 most important factors respectively and keep them concise. Most factors should be inferred from cryptocurrencies related news. Then let's assume your prediction for next week (2024-08-02 to 2024-08-09) is up by 3-4%. Provide a summary analysis to support your prediction. The prediction result need to be inferred from your analysis at the end, and thus not appearing as a foundational factor of your analysis.","[Positive Developments]:
1. **Tokenized U.S. Treasury Bills**: Ripple's allocation of $10 million in tokenized U.S. Treasury bills on the XRP Ledger expands the use case for XRP.
2. **Price Surge**: XRP's 7% price surge amid settlement hopes indicates bullish market sentiment and potential resolution of regulatory uncertainties.

[Potential Concerns]:
1. **Regulatory Risks**: The ongoing debate about XRP's status as a security poses regulatory uncertainties.
2. **Market Volatility**: The cryptocurrency market's inherent volatility can lead to sudden price fluctuations.
3. **Profit Taking**: The recent price surge may be followed by profit-taking, leading to a price correction.

[Prediction & Analysis]:
The expansion of XRP's use case and the recent price surge indicate bullish market sentiment. However, regulatory risks and potential profit-taking pose downside risks. Considering these factors and the current market dynamics, a price increase of 3-4% for XRP next week is probable, assuming no major adverse regulatory news or market-wide sell-offs. The potential resolution of regulatory uncertainties may further support this prediction."
"[Cryptocurrency Introduction]: XRP (XRP) is a cryptocurrency . XRP has a current supply of 99,986,084,900 with 58,759,724,027 in circulation. The last known price of XRP is 2.15496928 USD and is up 1.07 over the last 24 hours. It is currently trading on 1621 active market(s) with $1,946,240,978.17 traded over the last 24 hours. More information can be found at https://xrpl.org/.. It has a market capilization of 126935072768.

From 2024-08-02 to 2024-08-09, XRP-USD's stock price increased from 0.56 to 0.58. News during this period are listed below:

[Headline]: XRP Jumps 17%, Beating Bitcoin Gains, as Ripple-SEC Case Ends
[Summary]: XRP surged 17% after a court ruling in the case involving Ripple Labs and the U.S. Securities and Exchange Commission (SEC). This led to a jump in its price from 50 cents to 65 cents and a significant...

[Headline]: Judge Fines Ripple $125M, Bans Future Securities Law Violations in Long-Running SEC Case
[Summary]: A federal judge imposed a $125 million fine on Ripple after finding last year that its institutional sales of XRP violated federal securities laws.

The judge reiterated her view that Ripple's program...



Based on all the information before 2024-08-09, let's first analyze the positive developments and potential concerns for XRP-USD. Come up with 2-4 most important factors respectively and keep them concise. Most factors should be inferred from cryptocurrencies related news. Then let's assume your prediction for next week (2024-08-09 to 2024-08-16) is down by 2-3%. Provide a summary analysis to support your prediction. The prediction result need to be inferred from your analysis at the end, and thus not appearing as a foundational factor of your analysis.","**[Positive Developments]: **
1. **Court Ruling**: The conclusion of the Ripple-SEC case led to a 17% surge in XRP's price, indicating strong market optimism.
2. **Market Movement**: XRP outperformed Bitcoin, showing a significant gain of 17% compared to Bitcoin's gains.

**[Potential Concerns]: **
1. **SEC Fine**: Ripple was fined $125 million by a federal judge for violating securities laws, which could impact market trust.
2. **Regulatory Uncertainty**: The ban on future securities law violations by Ripple may create uncertainty among investors.

**[Prediction & Analysis]: **
The market has shown optimism with the conclusion of the Ripple-SEC case, but the fine imposed on Ripple and the regulatory uncertainty could lead to a slight correction. The surge in XRP's price might attract some profit-taking, leading to a potential decrease of 2-3% in the upcoming week."
"[Cryptocurrency Introduction]: XRP (XRP) is a cryptocurrency . XRP has a current supply of 99,986,084,900 with 58,759,724,027 in circulation. The last known price of XRP is 2.15496928 USD and is up 1.07 over the last 24 hours. It is currently trading on 1621 active market(s) with $1,946,240,978.17 traded over the last 24 hours. More information can be found at https://xrpl.org/.. It has a market capilization of 126935072768.

From 2024-08-09 to 2024-08-16, XRP-USD's stock price decreased from 0.58 to 0.56. News during this period are listed below:

[Headline]: What's Next in SEC v. Ripple?
[Summary]: Last week, a federal judge ruled that Ripple should pay $125 million after finding last year that the company had violated federal securities laws with its direct sales of XRP to institutional clients...

[Headline]: Ripple Begins Testing Its Stablecoin on Ethereum and XRP Ledger
[Summary]: Ripple's new stablecoin is being tested on Ethereum and XRP Ledger.

RLUSD isn't tradeable yet as it still has to get regulatory approval.

Ripple, the enterprise-focused blockchain service closely re...



Based on all the information before 2024-08-16, let's first analyze the positive developments and potential concerns for XRP-USD. Come up with 2-4 most important factors respectively and keep them concise. Most factors should be inferred from cryptocurrencies related news. Then let's assume your prediction for next week (2024-08-16 to 2024-08-23) is up by more than 5%. Provide a summary analysis to support your prediction. The prediction result need to be inferred from your analysis at the end, and thus not appearing as a foundational factor of your analysis.","**[Positive Developments]: **
1. **Stablecoin Testing**: Ripple's testing of its stablecoin on Ethereum and XRP Ledger indicates expansion and innovation.
2. **Market Interest**: The news around the SEC case keeps XRP in the spotlight, maintaining market interest.

**[Potential Concerns]: **
1. **Regulatory Scrutiny**: Continued discussions around the SEC case may keep investors cautious.
2. **Stablecoin Approval**: The stablecoin is not yet tradeable due to pending regulatory approval, which could delay potential benefits.

**[Prediction & Analysis]: **
The testing of Ripple's stablecoin and the ongoing market interest could drive demand. However, the regulatory scrutiny and delay in stablecoin approval might limit gains. Overall, the market might see an increase of more than 5% as the stability and potential of Ripple's initiatives become more apparent."
"[Cryptocurrency Introduction]: XRP (XRP) is a cryptocurrency . XRP has a current supply of 99,986,084,900 with 58,759,724,027 in circulation. The last known price of XRP is 2.15496928 USD and is up 1.07 over the last 24 hours. It is currently trading on 1621 active market(s) with $1,946,240,978.17 traded over the last 24 hours. More information can be found at https://xrpl.org/.. It has a market capilization of 126935072768.

From 2024-08-02 to 2024-08-09, XRP-USD's stock price increased from 0.56 to 0.58. News during this period are listed below:

[Headline]: XRP Jumps 17%, Beating Bitcoin Gains, as Ripple-SEC Case Ends
[Summary]: XRP surged 17% after a court ruling in the case involving Ripple Labs and the U.S. Securities and Exchange Commission (SEC). This led to a jump in its price from 50 cents to 65 cents and a significant...

[Headline]: Judge Fines Ripple $125M, Bans Future Securities Law Violations in Long-Running SEC Case
[Summary]: A federal judge imposed a $125 million fine on Ripple after finding last year that its institutional sales of XRP violated federal securities laws.

The judge reiterated her view that Ripple's program...

From 2024-08-09 to 2024-08-16, XRP-USD's stock price decreased from 0.58 to 0.56. News during this period are listed below:

[Headline]: What's Next in SEC v. Ripple?
[Summary]: Last week, a federal judge ruled that Ripple should pay $125 million after finding last year that the company had violated federal securities laws with its direct sales of XRP to institutional clients...

[Headline]: Ripple Begins Testing Its Stablecoin on Ethereum and XRP Ledger
[Summary]: Ripple's new stablecoin is being tested on Ethereum and XRP Ledger.

RLUSD isn't tradeable yet as it still has to get regulatory approval.

Ripple, the enterprise-focused blockchain service closely re...

From 2024-08-16 to 2024-08-23, XRP-USD's stock price increased from 0.56 to 0.61. News during this period are listed below:

[Headline]: What's Next in SEC v. Ripple?
[Summary]: Last week, a federal judge ruled that Ripple should pay $125 million after finding last year that the company had violated federal securities laws with its direct sales of XRP to institutional clients...

[Headline]: Ripple Begins Testing Its Stablecoin on Ethereum and XRP Ledger
[Summary]: Ripple's new stablecoin is being tested on Ethereum and XRP Ledger.

RLUSD isn't tradeable yet as it still has to get regulatory approval.

Ripple, the enterprise-focused blockchain service closely re...

[Headline]: XRP Jumps 17%, Beating Bitcoin Gains, as Ripple-SEC Case Ends
[Summary]: XRP surged 17% after a court ruling in the case involving Ripple Labs and the U.S. Securities and Exchange Commission (SEC). This led to a jump in its price from 50 cents to 65 cents and a significant...

[Headline]: Judge Fines Ripple $125M, Bans Future Securities Law Violations in Long-Running SEC Case
[Summary]: A federal judge imposed a $125 million fine on Ripple after finding last year that its institutional sales of XRP violated federal securities laws.

The judge reiterated her view that Ripple's program...

[Headline]: Ripple to Allocate $10M to Tokenized U.S. Treasury Bills on XRP Ledger
[Summary]: Ripple will allocate $10 million in tokenized U.S. Treasury bills on the XRP Ledger, marking the first issuance of such tokens on the platform.

The initiative is part of a broader trend in the crypto...



Based on all the information before 2024-08-23, let's first analyze the positive developments and potential concerns for XRP-USD. Come up with 2-4 most important factors respectively and keep them concise. Most factors should be inferred from cryptocurrencies related news. Then let's assume your prediction for next week (2024-08-23 to 2024-08-30) is down by more than 5%. Provide a summary analysis to support your prediction. The prediction result need to be inferred from your analysis at the end, and thus not appearing as a foundational factor of your analysis.","**[Positive Developments]: **
1. **Tokenized Treasury Bills**: Ripple's allocation of $10 million in tokenized U.S. Treasury bills on the XRP Ledger shows innovative use cases.
2. **Stablecoin Development**: The testing of Ripple's stablecoin on Ethereum and XRP Ledger indicates progress and potential new applications.

**[Potential Concerns]: **
1. **SEC Fine Impact**: The $125 million fine and the ban on future securities law violations could impact market sentiment.
2. **Regulatory Hurdles**: The stablecoin still requires regulatory approval, which could delay its launch and adoption.

**[Prediction & Analysis]: **
While the innovative developments around tokenized Treasury bills and the stablecoin are positive, the regulatory hurdles and the impact of the SEC fine could weigh on market sentiment. This could lead to a decrease of more than 5% as investors assess the long-term implications."
"[Cryptocurrency Introduction]: XRP (XRP) is a cryptocurrency . XRP has a current supply of 99,986,084,900 with 58,759,724,027 in circulation. The last known price of XRP is 2.15496928 USD and is up 1.07 over the last 24 hours. It is currently trading on 1621 active market(s) with $1,946,240,978.17 traded over the last 24 hours. More information can be found at https://xrpl.org/.. It has a market capilization of 126935072768.

From 2024-08-02 to 2024-08-09, XRP-USD's stock price increased from 0.56 to 0.58. News during this period are listed below:

[Headline]: XRP Jumps 17%, Beating Bitcoin Gains, as Ripple-SEC Case Ends
[Summary]: XRP surged 17% after a court ruling in the case involving Ripple Labs and the U.S. Securities and Exchange Commission (SEC). This led to a jump in its price from 50 cents to 65 cents and a significant...

[Headline]: Judge Fines Ripple $125M, Bans Future Securities Law Violations in Long-Running SEC Case
[Summary]: A federal judge imposed a $125 million fine on Ripple after finding last year that its institutional sales of XRP violated federal securities laws.

The judge reiterated her view that Ripple's program...

From 2024-08-09 to 2024-08-16, XRP-USD's stock price decreased from 0.58 to 0.56. News during this period are listed below:

[Headline]: What's Next in SEC v. Ripple?
[Summary]: Last week, a federal judge ruled that Ripple should pay $125 million after finding last year that the company had violated federal securities laws with its direct sales of XRP to institutional clients...

[Headline]: Ripple Begins Testing Its Stablecoin on Ethereum and XRP Ledger
[Summary]: Ripple's new stablecoin is being tested on Ethereum and XRP Ledger.

RLUSD isn't tradeable yet as it still has to get regulatory approval.

Ripple, the enterprise-focused blockchain service closely re...

From 2024-08-16 to 2024-08-23, XRP-USD's stock price increased from 0.56 to 0.61. News during this period are listed below:

[Headline]: What's Next in SEC v. Ripple?
[Summary]: Last week, a federal judge ruled that Ripple should pay $125 million after finding last year that the company had violated federal securities laws with its direct sales of XRP to institutional clients...

[Headline]: Ripple Begins Testing Its Stablecoin on Ethereum and XRP Ledger
[Summary]: Ripple's new stablecoin is being tested on Ethereum and XRP Ledger.

RLUSD isn't tradeable yet as it still has to get regulatory approval.

Ripple, the enterprise-focused blockchain service closely re...

[Headline]: XRP Jumps 17%, Beating Bitcoin Gains, as Ripple-SEC Case Ends
[Summary]: XRP surged 17% after a court ruling in the case involving Ripple Labs and the U.S. Securities and Exchange Commission (SEC). This led to a jump in its price from 50 cents to 65 cents and a significant...

[Headline]: Judge Fines Ripple $125M, Bans Future Securities Law Violations in Long-Running SEC Case
[Summary]: A federal judge imposed a $125 million fine on Ripple after finding last year that its institutional sales of XRP violated federal securities laws.

The judge reiterated her view that Ripple's program...

[Headline]: Ripple to Allocate $10M to Tokenized U.S. Treasury Bills on XRP Ledger
[Summary]: Ripple will allocate $10 million in tokenized U.S. Treasury bills on the XRP Ledger, marking the first issuance of such tokens on the platform.

The initiative is part of a broader trend in the crypto...

From 2024-08-23 to 2024-08-30, XRP-USD's stock price decreased from 0.61 to 0.57. News during this period are listed below:

[Headline]: What's Next in SEC v. Ripple?
[Summary]: Last week, a federal judge ruled that Ripple should pay $125 million after finding last year that the company had violated federal securities laws with its direct sales of XRP to institutional clients...

[Headline]: Ripple Begins Testing Its Stablecoin on Ethereum and XRP Ledger
[Summary]: Ripple's new stablecoin is being tested on Ethereum and XRP Ledger.

RLUSD isn't tradeable yet as it still has to get regulatory approval.

Ripple, the enterprise-focused blockchain service closely re...

[Headline]: XRP Jumps 17%, Beating Bitcoin Gains, as Ripple-SEC Case Ends
[Summary]: XRP surged 17% after a court ruling in the case involving Ripple Labs and the U.S. Securities and Exchange Commission (SEC). This led to a jump in its price from 50 cents to 65 cents and a significant...

[Headline]: Judge Fines Ripple $125M, Bans Future Securities Law Violations in Long-Running SEC Case
[Summary]: A federal judge imposed a $125 million fine on Ripple after finding last year that its institutional sales of XRP violated federal securities laws.

The judge reiterated her view that Ripple's program...

[Headline]: Ripple to Allocate $10M to Tokenized U.S. Treasury Bills on XRP Ledger
[Summary]: Ripple will allocate $10 million in tokenized U.S. Treasury bills on the XRP Ledger, marking the first issuance of such tokens on the platform.

The initiative is part of a broader trend in the crypto...



Based on all the information before 2024-08-30, let's first analyze the positive developments and potential concerns for XRP-USD. Come up with 2-4 most important factors respectively and keep them concise. Most factors should be inferred from cryptocurrencies related news. Then let's assume your prediction for next week (2024-08-30 to 2024-09-06) is down by more than 5%. Provide a summary analysis to support your prediction. The prediction result need to be inferred from your analysis at the end, and thus not appearing as a foundational factor of your analysis.","**[Positive Developments]: **
1. **Court Ruling Impact**: The conclusion of the Ripple-SEC case led to a significant price surge, indicating strong market interest.
2. **Innovative Initiatives**: Ripple's allocation of $10 million in tokenized U.S. Treasury bills shows innovative use cases for the XRP Ledger.

**[Potential Concerns]: **
1. **Continued Regulatory Scrutiny**: Ongoing discussions and fines related to the SEC case could keep investors cautious.
2. **Market Volatility**: The crypto market's inherent volatility could impact XRP's price stability.

**[Prediction & Analysis]: **
The positive developments from the court ruling and innovative initiatives could support XRP's price. However, the continued regulatory scrutiny and market volatility could lead to a decrease of more than 5% as investors remain cautious about long-term stability."
"[Cryptocurrency Introduction]: XRP (XRP) is a cryptocurrency . XRP has a current supply of 99,986,084,900 with 58,759,724,027 in circulation. The last known price of XRP is 2.15496928 USD and is up 1.07 over the last 24 hours. It is currently trading on 1621 active market(s) with $1,946,240,978.17 traded over the last 24 hours. More information can be found at https://xrpl.org/.. It has a market capilization of 126935072768.

From 2024-08-30 to 2024-09-06, XRP-USD's stock price decreased from 0.57 to 0.52. News during this period are listed below:

[Headline]: Ripple USD Stablecoin Could Be Issued in 'Weeks, Not Months': Garlinghouse 
[Summary]: Ripple is close to launching its U.S.-dollar pegged stablecoin, Ripple USD (RLUSD), with CEO Brad Garlinghouse indicating a launch timeline of ""weeks.""

RLUSD will be fully backed by U.S. dollar asset...

[Headline]: Ripple Will Soon Add Ethereum Compatible Smart Contracts to XRP Ledger
[Summary]: Ripple will add Ethereum-compatible smart contracts via a new sidechain to XRP Ledger, expanding its functionality beyond basic transactions.

This development includes using the Axelar network for cr...



Based on all the information before 2024-09-06, let's first analyze the positive developments and potential concerns for XRP-USD. Come up with 2-4 most important factors respectively and keep them concise. Most factors should be inferred from cryptocurrencies related news. Then let's assume your prediction for next week (2024-09-06 to 2024-09-13) is up by more than 5%. Provide a summary analysis to support your prediction. The prediction result need to be inferred from your analysis at the end, and thus not appearing as a foundational factor of your analysis.","**[Positive Developments]: **
1. **Stablecoin Launch**: Ripple's upcoming launch of its stablecoin, RLUSD, indicates significant progress and potential new use cases.
2. **Smart Contracts Integration**: The addition of Ethereum-compatible smart contracts to the XRP Ledger expands its functionality and attractiveness.

**[Potential Concerns]: **
1. **Market Sentiment**: The recent price decrease could indicate cautious market sentiment.
2. **Regulatory Approval**: The stablecoin launch is still pending regulatory approval, which could delay its impact.

**[Prediction & Analysis]: **
The upcoming stablecoin launch and the integration of smart contracts are significant positive developments. Despite the recent price decrease and regulatory approval pending, these innovations could drive demand and lead to an increase of more than 5% in the upcoming week."
"[Cryptocurrency Introduction]: XRP (XRP) is a cryptocurrency . XRP has a current supply of 99,986,084,900 with 58,759,724,027 in circulation. The last known price of XRP is 2.15496928 USD and is up 1.07 over the last 24 hours. It is currently trading on 1621 active market(s) with $1,946,240,978.17 traded over the last 24 hours. More information can be found at https://xrpl.org/.. It has a market capilization of 126935072768.

From 2024-08-16 to 2024-08-23, XRP-USD's stock price increased from 0.56 to 0.61. News during this period are listed below:

[Headline]: What's Next in SEC v. Ripple?
[Summary]: Last week, a federal judge ruled that Ripple should pay $125 million after finding last year that the company had violated federal securities laws with its direct sales of XRP to institutional clients...

[Headline]: Ripple Begins Testing Its Stablecoin on Ethereum and XRP Ledger
[Summary]: Ripple's new stablecoin is being tested on Ethereum and XRP Ledger.

RLUSD isn't tradeable yet as it still has to get regulatory approval.

Ripple, the enterprise-focused blockchain service closely re...

[Headline]: XRP Jumps 17%, Beating Bitcoin Gains, as Ripple-SEC Case Ends
[Summary]: XRP surged 17% after a court ruling in the case involving Ripple Labs and the U.S. Securities and Exchange Commission (SEC). This led to a jump in its price from 50 cents to 65 cents and a significant...

[Headline]: Judge Fines Ripple $125M, Bans Future Securities Law Violations in Long-Running SEC Case
[Summary]: A federal judge imposed a $125 million fine on Ripple after finding last year that its institutional sales of XRP violated federal securities laws.

The judge reiterated her view that Ripple's program...

[Headline]: Ripple to Allocate $10M to Tokenized U.S. Treasury Bills on XRP Ledger
[Summary]: Ripple will allocate $10 million in tokenized U.S. Treasury bills on the XRP Ledger, marking the first issuance of such tokens on the platform.

The initiative is part of a broader trend in the crypto...

From 2024-08-23 to 2024-08-30, XRP-USD's stock price decreased from 0.61 to 0.57. News during this period are listed below:

[Headline]: What's Next in SEC v. Ripple?
[Summary]: Last week, a federal judge ruled that Ripple should pay $125 million after finding last year that the company had violated federal securities laws with its direct sales of XRP to institutional clients...

[Headline]: Ripple Begins Testing Its Stablecoin on Ethereum and XRP Ledger
[Summary]: Ripple's new stablecoin is being tested on Ethereum and XRP Ledger.

RLUSD isn't tradeable yet as it still has to get regulatory approval.

Ripple, the enterprise-focused blockchain service closely re...

[Headline]: XRP Jumps 17%, Beating Bitcoin Gains, as Ripple-SEC Case Ends
[Summary]: XRP surged 17% after a court ruling in the case involving Ripple Labs and the U.S. Securities and Exchange Commission (SEC). This led to a jump in its price from 50 cents to 65 cents and a significant...

[Headline]: Judge Fines Ripple $125M, Bans Future Securities Law Violations in Long-Running SEC Case
[Summary]: A federal judge imposed a $125 million fine on Ripple after finding last year that its institutional sales of XRP violated federal securities laws.

The judge reiterated her view that Ripple's program...

[Headline]: Ripple to Allocate $10M to Tokenized U.S. Treasury Bills on XRP Ledger
[Summary]: Ripple will allocate $10 million in tokenized U.S. Treasury bills on the XRP Ledger, marking the first issuance of such tokens on the platform.

The initiative is part of a broader trend in the crypto...

From 2024-08-30 to 2024-09-06, XRP-USD's stock price decreased from 0.57 to 0.52. News during this period are listed below:

[Headline]: Ripple USD Stablecoin Could Be Issued in 'Weeks, Not Months': Garlinghouse 
[Summary]: Ripple is close to launching its U.S.-dollar pegged stablecoin, Ripple USD (RLUSD), with CEO Brad Garlinghouse indicating a launch timeline of ""weeks.""

RLUSD will be fully backed by U.S. dollar asset...

[Headline]: Ripple Will Soon Add Ethereum Compatible Smart Contracts to XRP Ledger
[Summary]: Ripple will add Ethereum-compatible smart contracts via a new sidechain to XRP Ledger, expanding its functionality beyond basic transactions.

This development includes using the Axelar network for cr...

From 2024-09-06 to 2024-09-13, XRP-USD's stock price increased from 0.52 to 0.57. News during this period are listed below:

[Headline]: Ripple Co-Founder Among Kamala Harris' New Corporate Endorsers
[Summary]: Ripple Co-Founder and Executive Chairman Chris Larsen is among the 88 corporate leaders who endorsed Vice-President Kamala Harris to be the future president of the United States in a letter.

Crypto c...



Based on all the information before 2024-09-13, let's first analyze the positive developments and potential concerns for XRP-USD. Come up with 2-4 most important factors respectively and keep them concise. Most factors should be inferred from cryptocurrencies related news. Then let's assume your prediction for next week (2024-09-13 to 2024-09-20) is up by 2-3%. Provide a summary analysis to support your prediction. The prediction result need to be inferred from your analysis at the end, and thus not appearing as a foundational factor of your analysis.","**[Positive Developments]:**
1. **Court Ruling Boost**: XRP surged 17% following a favorable court ruling in the Ripple-SEC case, indicating strong market responsiveness to regulatory developments.
2. **Stablecoin Initiative**: Ripple's plans to issue a U.S. dollar-backed stablecoin (RLUSD) and allocate $10 million in tokenized U.S. Treasury bills on the XRP Ledger show strategic expansion.
3. **Ethereum Compatibility**: Ripple's move to add Ethereum-compatible smart contracts to the XRP Ledger via a new sidechain expands its functionality and interoperability.
4. **Political Endorsement**: Ripple Co-Founder Chris Larsen's endorsement of Vice-President Kamala Harris may indicate growing political acceptance and influence.

**[Potential Concerns]:**
1. **SEC Fine**: Ripple's $125 million fine for violating federal securities laws raises concerns about regulatory compliance and potential future legal issues.
2. **Market Volatility**: The crypto market's inherent volatility, as seen in the price fluctuations, poses a risk to sustained growth.
3. **Regulatory Uncertainty**: The ongoing regulatory scrutiny and the need for approvals for new initiatives like the RLUSD stablecoin add uncertainty.
4. **Competition**: The competitive landscape in the crypto market, with other stablecoins and smart contract platforms, may affect XRP's market position.

**[Prediction & Analysis]:**
The upcoming week is likely to see a 2-3% increase in XRP's price. The recent positive developments, such as the stablecoin initiative and Ethereum compatibility, indicate strategic growth and potential market enthusiasm. However, the SEC fine and regulatory uncertainty may temper this growth. The market's responsiveness to the Ripple-SEC case ruling suggests that further positive regulatory news could drive the price higher. Additionally, the political endorsement may bolster investor confidence, contributing to a modest price increase."
"[Cryptocurrency Introduction]: XRP (XRP) is a cryptocurrency . XRP has a current supply of 99,986,084,900 with 58,759,724,027 in circulation. The last known price of XRP is 2.15496928 USD and is up 1.07 over the last 24 hours. It is currently trading on 1621 active market(s) with $1,946,240,978.17 traded over the last 24 hours. More information can be found at https://xrpl.org/.. It has a market capilization of 126935072768.

From 2024-08-23 to 2024-08-30, XRP-USD's stock price decreased from 0.61 to 0.57. News during this period are listed below:

[Headline]: What's Next in SEC v. Ripple?
[Summary]: Last week, a federal judge ruled that Ripple should pay $125 million after finding last year that the company had violated federal securities laws with its direct sales of XRP to institutional clients...

[Headline]: Ripple Begins Testing Its Stablecoin on Ethereum and XRP Ledger
[Summary]: Ripple's new stablecoin is being tested on Ethereum and XRP Ledger.

RLUSD isn't tradeable yet as it still has to get regulatory approval.

Ripple, the enterprise-focused blockchain service closely re...

[Headline]: XRP Jumps 17%, Beating Bitcoin Gains, as Ripple-SEC Case Ends
[Summary]: XRP surged 17% after a court ruling in the case involving Ripple Labs and the U.S. Securities and Exchange Commission (SEC). This led to a jump in its price from 50 cents to 65 cents and a significant...

[Headline]: Judge Fines Ripple $125M, Bans Future Securities Law Violations in Long-Running SEC Case
[Summary]: A federal judge imposed a $125 million fine on Ripple after finding last year that its institutional sales of XRP violated federal securities laws.

The judge reiterated her view that Ripple's program...

[Headline]: Ripple to Allocate $10M to Tokenized U.S. Treasury Bills on XRP Ledger
[Summary]: Ripple will allocate $10 million in tokenized U.S. Treasury bills on the XRP Ledger, marking the first issuance of such tokens on the platform.

The initiative is part of a broader trend in the crypto...

From 2024-08-30 to 2024-09-06, XRP-USD's stock price decreased from 0.57 to 0.52. News during this period are listed below:

[Headline]: Ripple USD Stablecoin Could Be Issued in 'Weeks, Not Months': Garlinghouse 
[Summary]: Ripple is close to launching its U.S.-dollar pegged stablecoin, Ripple USD (RLUSD), with CEO Brad Garlinghouse indicating a launch timeline of ""weeks.""

RLUSD will be fully backed by U.S. dollar asset...

[Headline]: Ripple Will Soon Add Ethereum Compatible Smart Contracts to XRP Ledger
[Summary]: Ripple will add Ethereum-compatible smart contracts via a new sidechain to XRP Ledger, expanding its functionality beyond basic transactions.

This development includes using the Axelar network for cr...

From 2024-09-06 to 2024-09-13, XRP-USD's stock price increased from 0.52 to 0.57. News during this period are listed below:

[Headline]: Ripple Co-Founder Among Kamala Harris' New Corporate Endorsers
[Summary]: Ripple Co-Founder and Executive Chairman Chris Larsen is among the 88 corporate leaders who endorsed Vice-President Kamala Harris to be the future president of the United States in a letter.

Crypto c...

From 2024-09-13 to 2024-09-20, XRP-USD's stock price increased from 0.57 to 0.59. News during this period are listed below:

[Headline]: Ripple Co-Founder Among Kamala Harris' New Corporate Endorsers
[Summary]: Ripple Co-Founder and Executive Chairman Chris Larsen is among the 88 corporate leaders who endorsed Vice-President Kamala Harris to be the future president of the United States in a letter.

Crypto c...

[Headline]: Ripple USD Stablecoin Could Be Issued in 'Weeks, Not Months': Garlinghouse 
[Summary]: Ripple is close to launching its U.S.-dollar pegged stablecoin, Ripple USD (RLUSD), with CEO Brad Garlinghouse indicating a launch timeline of ""weeks.""

RLUSD will be fully backed by U.S. dollar asset...

[Headline]: Ripple Will Soon Add Ethereum Compatible Smart Contracts to XRP Ledger
[Summary]: Ripple will add Ethereum-compatible smart contracts via a new sidechain to XRP Ledger, expanding its functionality beyond basic transactions.

This development includes using the Axelar network for cr...

[Headline]: What's Next in SEC v. Ripple?
[Summary]: Last week, a federal judge ruled that Ripple should pay $125 million after finding last year that the company had violated federal securities laws with its direct sales of XRP to institutional clients...

[Headline]: Ripple Begins Testing Its Stablecoin on Ethereum and XRP Ledger
[Summary]: Ripple's new stablecoin is being tested on Ethereum and XRP Ledger.

RLUSD isn't tradeable yet as it still has to get regulatory approval.

Ripple, the enterprise-focused blockchain service closely re...



Based on all the information before 2024-09-20, let's first analyze the positive developments and potential concerns for XRP-USD. Come up with 2-4 most important factors respectively and keep them concise. Most factors should be inferred from cryptocurrencies related news. Then let's assume your prediction for next week (2024-09-20 to 2024-09-27) is up by 0-1%. Provide a summary analysis to support your prediction. The prediction result need to be inferred from your analysis at the end, and thus not appearing as a foundational factor of your analysis.","**[Positive Developments]:**
1. **Stablecoin Progress**: Ripple's stablecoin (RLUSD) is close to launch, with CEO Brad Garlinghouse indicating a timeline of ""weeks,"" which could attract more investors.
2. **Smart Contract Functionality**: The addition of Ethereum-compatible smart contracts to the XRP Ledger enhances its utility and could draw developers and projects to the platform.
3. **Political Support**: The endorsement of Vice-President Kamala Harris by Ripple's co-founder may signal growing political acceptance and potential regulatory tailwinds.
4. **Market Resilience**: Despite the SEC fine, XRP's price has shown resilience, indicating strong market support.

**[Potential Concerns]:**
1. **SEC Appeal**: The SEC's notice of appeal in the case against Ripple introduces uncertainty and potential downside risk.
2. **Market Correction**: The broader crypto market correction, as indicated by the CoinDesk 20 Index, may weigh on XRP's price.
3. **Regulatory Hurdles**: The need for regulatory approval for Ripple's stablecoin and other initiatives may slow down progress and limit market enthusiasm.
4. **Competitive Pressure**: Intense competition from other stablecoins and smart contract platforms may limit XRP's upside potential.

**[Prediction & Analysis]:**
Next week, XRP's price is expected to increase by 0-1%. The positive developments, such as the stablecoin progress and smart contract functionality, may support the price. However, the SEC appeal and broader market correction may limit gains. The political support and market resilience provide a foundation for modest growth, but regulatory hurdles and competitive pressure may temper any significant price increases."
"[Cryptocurrency Introduction]: XRP (XRP) is a cryptocurrency . XRP has a current supply of 99,986,084,900 with 58,759,724,027 in circulation. The last known price of XRP is 2.15496928 USD and is up 1.07 over the last 24 hours. It is currently trading on 1621 active market(s) with $1,946,240,978.17 traded over the last 24 hours. More information can be found at https://xrpl.org/.. It has a market capilization of 126935072768.

From 2024-08-30 to 2024-09-06, XRP-USD's stock price decreased from 0.57 to 0.52. News during this period are listed below:

[Headline]: Ripple USD Stablecoin Could Be Issued in 'Weeks, Not Months': Garlinghouse 
[Summary]: Ripple is close to launching its U.S.-dollar pegged stablecoin, Ripple USD (RLUSD), with CEO Brad Garlinghouse indicating a launch timeline of ""weeks.""

RLUSD will be fully backed by U.S. dollar asset...

[Headline]: Ripple Will Soon Add Ethereum Compatible Smart Contracts to XRP Ledger
[Summary]: Ripple will add Ethereum-compatible smart contracts via a new sidechain to XRP Ledger, expanding its functionality beyond basic transactions.

This development includes using the Axelar network for cr...

From 2024-09-06 to 2024-09-13, XRP-USD's stock price increased from 0.52 to 0.57. News during this period are listed below:

[Headline]: Ripple Co-Founder Among Kamala Harris' New Corporate Endorsers
[Summary]: Ripple Co-Founder and Executive Chairman Chris Larsen is among the 88 corporate leaders who endorsed Vice-President Kamala Harris to be the future president of the United States in a letter.

Crypto c...

From 2024-09-13 to 2024-09-20, XRP-USD's stock price increased from 0.57 to 0.59. News during this period are listed below:

[Headline]: Ripple Co-Founder Among Kamala Harris' New Corporate Endorsers
[Summary]: Ripple Co-Founder and Executive Chairman Chris Larsen is among the 88 corporate leaders who endorsed Vice-President Kamala Harris to be the future president of the United States in a letter.

Crypto c...

[Headline]: Ripple USD Stablecoin Could Be Issued in 'Weeks, Not Months': Garlinghouse 
[Summary]: Ripple is close to launching its U.S.-dollar pegged stablecoin, Ripple USD (RLUSD), with CEO Brad Garlinghouse indicating a launch timeline of ""weeks.""

RLUSD will be fully backed by U.S. dollar asset...

[Headline]: Ripple Will Soon Add Ethereum Compatible Smart Contracts to XRP Ledger
[Summary]: Ripple will add Ethereum-compatible smart contracts via a new sidechain to XRP Ledger, expanding its functionality beyond basic transactions.

This development includes using the Axelar network for cr...

[Headline]: What's Next in SEC v. Ripple?
[Summary]: Last week, a federal judge ruled that Ripple should pay $125 million after finding last year that the company had violated federal securities laws with its direct sales of XRP to institutional clients...

[Headline]: Ripple Begins Testing Its Stablecoin on Ethereum and XRP Ledger
[Summary]: Ripple's new stablecoin is being tested on Ethereum and XRP Ledger.

RLUSD isn't tradeable yet as it still has to get regulatory approval.

Ripple, the enterprise-focused blockchain service closely re...

From 2024-09-20 to 2024-09-27, XRP-USD's stock price increased from 0.59 to 0.59. News during this period are listed below:

[Headline]: Ripple Co-Founder Among Kamala Harris' New Corporate Endorsers
[Summary]: Ripple Co-Founder and Executive Chairman Chris Larsen is among the 88 corporate leaders who endorsed Vice-President Kamala Harris to be the future president of the United States in a letter.

Crypto c...

[Headline]: Ripple USD Stablecoin Could Be Issued in 'Weeks, Not Months': Garlinghouse 
[Summary]: Ripple is close to launching its U.S.-dollar pegged stablecoin, Ripple USD (RLUSD), with CEO Brad Garlinghouse indicating a launch timeline of ""weeks.""

RLUSD will be fully backed by U.S. dollar asset...

[Headline]: Ripple Will Soon Add Ethereum Compatible Smart Contracts to XRP Ledger
[Summary]: Ripple will add Ethereum-compatible smart contracts via a new sidechain to XRP Ledger, expanding its functionality beyond basic transactions.

This development includes using the Axelar network for cr...

[Headline]: What's Next in SEC v. Ripple?
[Summary]: Last week, a federal judge ruled that Ripple should pay $125 million after finding last year that the company had violated federal securities laws with its direct sales of XRP to institutional clients...

[Headline]: Ripple Begins Testing Its Stablecoin on Ethereum and XRP Ledger
[Summary]: Ripple's new stablecoin is being tested on Ethereum and XRP Ledger.

RLUSD isn't tradeable yet as it still has to get regulatory approval.

Ripple, the enterprise-focused blockchain service closely re...



Based on all the information before 2024-09-27, let's first analyze the positive developments and potential concerns for XRP-USD. Come up with 2-4 most important factors respectively and keep them concise. Most factors should be inferred from cryptocurrencies related news. Then let's assume your prediction for next week (2024-09-27 to 2024-10-04) is down by more than 5%. Provide a summary analysis to support your prediction. The prediction result need to be inferred from your analysis at the end, and thus not appearing as a foundational factor of your analysis.","**[Positive Developments]:**
1. **Stablecoin Launch**: The imminent launch of Ripple's stablecoin (RLUSD) may drive demand and investment in XRP.
2. **Expanded Functionality**: The addition of Ethereum-compatible smart contracts to the XRP Ledger broadens its use cases and may attract new users and developers.
3. **Political Influence**: The endorsement of Kamala Harris by Ripple's co-founder may indicate favorable political conditions for the company and the crypto market.
4. **Market Stability**: XRP's price has stabilized, which may signal a period of consolidation and potential growth.

**[Potential Concerns]:**
1. **SEC Case Uncertainty**: The ongoing SEC case and Ripple's planned cross-appeal introduce regulatory uncertainty and potential downside risk.
2. **Market Sentiment**: The broader crypto market sentiment remains cautious, which may limit XRP's upside potential.
3. **Regulatory Challenges**: The need for regulatory approval for Ripple's initiatives may hinder progress and market enthusiasm.
4. **Technical Resistance**: XRP's price may face technical resistance levels, which could limit short-term gains.

**[Prediction & Analysis]:**
For the upcoming week, XRP's price is expected to decrease by more than 5%. Despite positive developments like the stablecoin launch and expanded functionality, the ongoing SEC case uncertainty and cautious market sentiment may weigh heavily on the price. The political influence and market stability provide some support, but regulatory challenges and technical resistance may contribute to a significant price decrease."
"[Cryptocurrency Introduction]: XRP (XRP) is a cryptocurrency . XRP has a current supply of 99,986,084,900 with 58,759,724,027 in circulation. The last known price of XRP is 2.15496928 USD and is up 1.07 over the last 24 hours. It is currently trading on 1621 active market(s) with $1,946,240,978.17 traded over the last 24 hours. More information can be found at https://xrpl.org/.. It has a market capilization of 126935072768.

From 2024-09-27 to 2024-10-04, XRP-USD's stock price decreased from 0.59 to 0.53. News during this period are listed below:

[Headline]: Ripple Partners With Brazilian Exchange Mercado Bitcoin to Offer Business-Focused Payments Solution
[Summary]: Mercado Bitcoin, a leading Brazilian crypto exchange, will be the first customer of Ripple's product in Brazil. use Ripple’s platform to improve its internal treasury operations between Brazil and Por...

[Headline]: SEC Files Notice of Appeal in Case Against Ripple
[Summary]: The U.S. Securities and Exchange Commission announced it would appeal a federal judge's ruling in its case against Ripple on Wednesday.

The federal regulator filed a ""notice of appeal"" to the Second ...

[Headline]: CoinDesk 20 Performance Update: Ripple's XRP Drops 5.1% as Nearly All Assets Decline
[Summary]: CoinDesk Indices presents its daily market update, highlighting the performance of leaders and laggards in the CoinDesk 20 Index.

The CoinDesk 20 is currently trading at 1927.79, down 1.8% (-35.38) s...

[Headline]: Open Interest in XRP Zooms to $1B as Ripple Tests RLUSD Stablecoin
[Summary]: Open interest in XRP has surged past $1 billion amid growing enthusiasm for Ripple's forthcoming RLUSD stablecoin, currently in private beta testing on both XRP Ledger and the Ethereum blockchain.

Be...



Based on all the information before 2024-10-04, let's first analyze the positive developments and potential concerns for XRP-USD. Come up with 2-4 most important factors respectively and keep them concise. Most factors should be inferred from cryptocurrencies related news. Then let's assume your prediction for next week (2024-10-04 to 2024-10-11) is up by 0-1%. Provide a summary analysis to support your prediction. The prediction result need to be inferred from your analysis at the end, and thus not appearing as a foundational factor of your analysis.","**[Positive Developments]:**
1. **Brazilian Exchange Partnership**: Ripple's partnership with Mercado Bitcoin to offer business-focused payments solutions expands its market reach and use cases.
2. **Open Interest Surge**: The surge in open interest in XRP past $1 billion indicates growing market enthusiasm and potential investment flows.
3. **Cross-Appeal Strategy**: Ripple's planned cross-appeal in the SEC case demonstrates its commitment to defending its legal position and may reassure investors.
4. **Custody Business Expansion**: Ripple's expansion of its custody business to offer 'bank-grade' service to crypto firms diversifies its revenue streams and enhances its market position.

**[Potential Concerns]:**
1. **SEC Appeal**: The SEC's appeal in the case against Ripple introduces regulatory uncertainty and potential downside risk.
2. **Market Decline**: The broader crypto market decline, as indicated by the CoinDesk 20 Index, may weigh on XRP's price.
3. **Stablecoin Regulatory Hurdles**: The regulatory approval required for Ripple's stablecoin may slow down progress and limit market enthusiasm.
4. **Technical Weakness**: XRP's price may face technical weakness and support levels may be tested, which could limit short-term gains.

**[Prediction & Analysis]:**
Next week, XRP's price is expected to increase by 0-1%. The positive developments, such as the Brazilian exchange partnership and open interest surge, may support the price. However, the SEC appeal and broader market decline may limit gains. The cross-appeal strategy and custody business expansion provide a foundation for modest growth, but stablecoin regulatory hurdles and technical weakness may temper any significant price increases."
"[Cryptocurrency Introduction]: XRP (XRP) is a cryptocurrency . XRP has a current supply of 99,986,084,900 with 58,759,724,027 in circulation. The last known price of XRP is 2.15496928 USD and is up 1.07 over the last 24 hours. It is currently trading on 1621 active market(s) with $1,946,240,978.17 traded over the last 24 hours. More information can be found at https://xrpl.org/.. It has a market capilization of 126935072768.

From 2024-10-04 to 2024-10-11, XRP-USD's stock price increased from 0.53 to 0.54. News during this period are listed below:

[Headline]: Ripple Plans 'Cross-Appeal' in SEC Case
[Summary]: Ripple Labs will file a cross-appeal in its ongoing case against the U.S. Securities and Exchange Commission, the company announced Thursday, as part of an effort to maintain its legal defenses as the...

[Headline]: Ripple Expands Custody Business to Offer 'Bank-Grade' Service to Crypto Firms
[Summary]: Ripple, a provider of digital asset infrastructure, has introduced new functionality to its custody service

The company is associated with the XRP token, which rose as much as 3.75% Thursday, its big...



Based on all the information before 2024-10-11, let's first analyze the positive developments and potential concerns for XRP-USD. Come up with 2-4 most important factors respectively and keep them concise. Most factors should be inferred from cryptocurrencies related news. Then let's assume your prediction for next week (2024-10-11 to 2024-10-18) is up by 1-2%. Provide a summary analysis to support your prediction. The prediction result need to be inferred from your analysis at the end, and thus not appearing as a foundational factor of your analysis.","**[Positive Developments]:**
1. **Cross-Appeal Initiative**: Ripple's cross-appeal in the SEC case shows its proactive stance in resolving legal uncertainties, which may reassure investors.
2. **Custody Business Growth**: The expansion of Ripple's custody business to offer 'bank-grade' service enhances its market position and may drive demand.
3. **Market Recovery**: The broader crypto market recovery, as seen in the CoinDesk 20 Index, may support XRP's price growth.
4. **Technical Support**: XRP's price has found technical support, which may indicate a potential rebound and consolidation.

**[Potential Concerns]:**
1. **SEC Case Uncertainty**: The ongoing SEC case and appeal process introduce regulatory uncertainty and potential downside risk.
2. **Market Volatility**: The crypto market's inherent volatility poses a risk to sustained growth and may lead to price fluctuations.
3. **Regulatory Approval**: The need for regulatory approval for Ripple's initiatives may hinder progress and market enthusiasm.
4. **Competitive Landscape**: Intense competition from other crypto projects may limit XRP's upside potential and market share.

**[Prediction & Analysis]:**
For the upcoming week, XRP's price is expected to increase by 1-2%. The cross-appeal initiative and custody business growth indicate strategic progress and potential market enthusiasm. The market recovery and technical support provide a foundation for growth. However, the SEC case uncertainty and market volatility may temper gains. Regulatory approval challenges and the competitive landscape may also limit significant price increases, but overall, the positive developments are likely to drive modest growth."
"[Cryptocurrency Introduction]: XRP (XRP) is a cryptocurrency . XRP has a current supply of 99,986,084,900 with 58,759,724,027 in circulation. The last known price of XRP is 2.15496928 USD and is up 1.07 over the last 24 hours. It is currently trading on 1621 active market(s) with $1,946,240,978.17 traded over the last 24 hours. More information can be found at https://xrpl.org/.. It has a market capilization of 126935072768.

From 2024-09-27 to 2024-10-04, XRP-USD's stock price decreased from 0.59 to 0.53. News during this period are listed below:

[Headline]: Ripple Partners With Brazilian Exchange Mercado Bitcoin to Offer Business-Focused Payments Solution
[Summary]: Mercado Bitcoin, a leading Brazilian crypto exchange, will be the first customer of Ripple's product in Brazil. use Ripple’s platform to improve its internal treasury operations between Brazil and Por...

[Headline]: SEC Files Notice of Appeal in Case Against Ripple
[Summary]: The U.S. Securities and Exchange Commission announced it would appeal a federal judge's ruling in its case against Ripple on Wednesday.

The federal regulator filed a ""notice of appeal"" to the Second ...

[Headline]: CoinDesk 20 Performance Update: Ripple's XRP Drops 5.1% as Nearly All Assets Decline
[Summary]: CoinDesk Indices presents its daily market update, highlighting the performance of leaders and laggards in the CoinDesk 20 Index.

The CoinDesk 20 is currently trading at 1927.79, down 1.8% (-35.38) s...

[Headline]: Open Interest in XRP Zooms to $1B as Ripple Tests RLUSD Stablecoin
[Summary]: Open interest in XRP has surged past $1 billion amid growing enthusiasm for Ripple's forthcoming RLUSD stablecoin, currently in private beta testing on both XRP Ledger and the Ethereum blockchain.

Be...

From 2024-10-04 to 2024-10-11, XRP-USD's stock price increased from 0.53 to 0.54. News during this period are listed below:

[Headline]: Ripple Plans 'Cross-Appeal' in SEC Case
[Summary]: Ripple Labs will file a cross-appeal in its ongoing case against the U.S. Securities and Exchange Commission, the company announced Thursday, as part of an effort to maintain its legal defenses as the...

[Headline]: Ripple Expands Custody Business to Offer 'Bank-Grade' Service to Crypto Firms
[Summary]: Ripple, a provider of digital asset infrastructure, has introduced new functionality to its custody service

The company is associated with the XRP token, which rose as much as 3.75% Thursday, its big...

From 2024-10-11 to 2024-10-18, XRP-USD's stock price increased from 0.54 to 0.55. News during this period are listed below:

[Headline]: Ripple Names Exchange Partners for Stablecoin RLUSD, Awaits NYDFS Approval
[Summary]: Ripple Labs named exchange partners and market makers for its RLUSD gearing up towards the public rollout of its RLUSD stablecoin.

The token is ""operationally ready,"" awaiting regulatory approval by ...



Based on all the information before 2024-10-18, let's first analyze the positive developments and potential concerns for XRP-USD. Come up with 2-4 most important factors respectively and keep them concise. Most factors should be inferred from cryptocurrencies related news. Then let's assume your prediction for next week (2024-10-18 to 2024-10-25) is down by more than 5%. Provide a summary analysis to support your prediction. The prediction result need to be inferred from your analysis at the end, and thus not appearing as a foundational factor of your analysis.","**[Positive Developments]:**
1. **Ripple's Partnership with Mercado Bitcoin**: Expanding into Brazil, one of the largest cryptocurrency markets, is a significant move for Ripple. This partnership can increase XRP's utility and adoption.
2. **Growing Enthusiasm for RLUSD Stablecoin**: The surge in open interest and the private beta testing of RLUSD on XRP Ledger and Ethereum indicate strong market interest and potential new use cases for XRP.
3. **Expansion of Custody Business**: Ripple's new 'bank-grade' custody service can attract more institutional investors, increasing XRP's liquidity and market depth.

**[Potential Concerns]:**
1. **SEC Appeal**: The SEC's appeal in the case against Ripple introduces regulatory uncertainty, which can deter potential investors and partners.
2. **Market Decline**: The overall decline in the crypto market, as indicated by the CoinDesk 20 index, can negatively impact XRP's price.

**[Prediction & Analysis]:**
XRP's price has been volatile, with a slight increase over the past two weeks. However, the ongoing SEC case and the broader market decline could pressure XRP's price. The partnerships and the stablecoin development are positive signals, but regulatory uncertainty may overshadow these developments in the short term. Therefore, a price decrease of more than 5% is likely in the upcoming week."
"[Cryptocurrency Introduction]: XRP (XRP) is a cryptocurrency . XRP has a current supply of 99,986,084,900 with 58,759,724,027 in circulation. The last known price of XRP is 2.15496928 USD and is up 1.07 over the last 24 hours. It is currently trading on 1621 active market(s) with $1,946,240,978.17 traded over the last 24 hours. More information can be found at https://xrpl.org/.. It has a market capilization of 126935072768.

From 2024-10-18 to 2024-10-25, XRP-USD's stock price decreased from 0.55 to 0.50. News during this period are listed below:

[Headline]: Citibank Debanked Ripple's Brad Garlinghouse Due to Crypto, Exec Says
[Summary]: Ripple CEO Brad Garlinghouse has personally been severed from a longtime banking relationship because he's a prominent figure in crypto, he told an audience in Washington on Wednesday.

""Individuals w...

[Headline]: Ripple Co-Founder Larsen Flooding Kamala Harris' Election Effort With XRP
[Summary]: Ripple co-founder Chris Larsen said he amplified his support for Vice President Kamala Harris, adding $10 million worth of XRP to her election efforts.

Larsen, now the crypto sector's biggest individ...



Based on all the information before 2024-10-25, let's first analyze the positive developments and potential concerns for XRP-USD. Come up with 2-4 most important factors respectively and keep them concise. Most factors should be inferred from cryptocurrencies related news. Then let's assume your prediction for next week (2024-10-25 to 2024-11-01) is up by 2-3%. Provide a summary analysis to support your prediction. The prediction result need to be inferred from your analysis at the end, and thus not appearing as a foundational factor of your analysis.","**[Positive Developments]:**
1. **Political Support**: The donation to Vice President Kamala Harris' election efforts by Ripple's co-founder could translate into political support for favorable crypto regulation.

**[Potential Concerns]:**
1. **Debanking of Ripple's CEO**: The debanking of Brad Garlinghouse due to his association with crypto may indicate a broader banking resistance to cryptocurrencies, potentially hindering XRP's liquidity and adoption.
2. **Price Decline**: XRP's price decreased by 9.1% over the past week, indicating bearish market sentiment.

**[Prediction & Analysis]:**
The debanking of Ripple's CEO introduces uncertainty regarding XRP's liquidity and adoption. However, the political support could mitigate this concern and drive a slight price increase. Therefore, a price increase of 2-3% is likely in the upcoming week."
"[Cryptocurrency Introduction]: XRP (XRP) is a cryptocurrency . XRP has a current supply of 99,986,084,900 with 58,759,724,027 in circulation. The last known price of XRP is 2.15496928 USD and is up 1.07 over the last 24 hours. It is currently trading on 1621 active market(s) with $1,946,240,978.17 traded over the last 24 hours. More information can be found at https://xrpl.org/.. It has a market capilization of 126935072768.

From 2024-10-25 to 2024-11-01, XRP-USD's stock price increased from 0.50 to 0.51. News during this period are listed below:

[Headline]: Citibank Debanked Ripple's Brad Garlinghouse Due to Crypto, Exec Says
[Summary]: Ripple CEO Brad Garlinghouse has personally been severed from a longtime banking relationship because he's a prominent figure in crypto, he told an audience in Washington on Wednesday.

""Individuals w...

[Headline]: Ripple Co-Founder Larsen Flooding Kamala Harris' Election Effort With XRP
[Summary]: Ripple co-founder Chris Larsen said he amplified his support for Vice President Kamala Harris, adding $10 million worth of XRP to her election efforts.

Larsen, now the crypto sector's biggest individ...

[Headline]: Ripple Names Exchange Partners for Stablecoin RLUSD, Awaits NYDFS Approval
[Summary]: Ripple Labs named exchange partners and market makers for its RLUSD gearing up towards the public rollout of its RLUSD stablecoin.

The token is ""operationally ready,"" awaiting regulatory approval by ...

[Headline]: Ripple Plans 'Cross-Appeal' in SEC Case
[Summary]: Ripple Labs will file a cross-appeal in its ongoing case against the U.S. Securities and Exchange Commission, the company announced Thursday, as part of an effort to maintain its legal defenses as the...

[Headline]: Ripple Expands Custody Business to Offer 'Bank-Grade' Service to Crypto Firms
[Summary]: Ripple, a provider of digital asset infrastructure, has introduced new functionality to its custody service

The company is associated with the XRP token, which rose as much as 3.75% Thursday, its big...



Based on all the information before 2024-11-01, let's first analyze the positive developments and potential concerns for XRP-USD. Come up with 2-4 most important factors respectively and keep them concise. Most factors should be inferred from cryptocurrencies related news. Then let's assume your prediction for next week (2024-11-01 to 2024-11-08) is up by more than 5%. Provide a summary analysis to support your prediction. The prediction result need to be inferred from your analysis at the end, and thus not appearing as a foundational factor of your analysis.","**[Positive Developments]:**
1. **Stablecoin Progress**: Ripple naming exchange partners for RLUSD and awaiting regulatory approval signifies progress towards the stablecoin's public rollout, which can drive XRP's utility and adoption.
2. **Expansion of Custody Business**: The enhanced custody service can attract more institutional investors, increasing XRP's liquidity and market depth.

**[Potential Concerns]:**
1. **Regulatory Uncertainty**: The ongoing SEC case and the awaiting regulatory approval for RLUSD introduce uncertainty, which can deter potential investors and partners.

**[Prediction & Analysis]:**
The progress towards RLUSD's public rollout and the expanded custody business are strong positive developments. Although regulatory uncertainty persists, these positive developments are likely to drive a price increase of more than 5% in the upcoming week."
"[Cryptocurrency Introduction]: XRP (XRP) is a cryptocurrency . XRP has a current supply of 99,986,084,900 with 58,759,724,027 in circulation. The last known price of XRP is 2.15496928 USD and is up 1.07 over the last 24 hours. It is currently trading on 1621 active market(s) with $1,946,240,978.17 traded over the last 24 hours. More information can be found at https://xrpl.org/.. It has a market capilization of 126935072768.

From 2024-10-18 to 2024-10-25, XRP-USD's stock price decreased from 0.55 to 0.50. News during this period are listed below:

[Headline]: Citibank Debanked Ripple's Brad Garlinghouse Due to Crypto, Exec Says
[Summary]: Ripple CEO Brad Garlinghouse has personally been severed from a longtime banking relationship because he's a prominent figure in crypto, he told an audience in Washington on Wednesday.

""Individuals w...

[Headline]: Ripple Co-Founder Larsen Flooding Kamala Harris' Election Effort With XRP
[Summary]: Ripple co-founder Chris Larsen said he amplified his support for Vice President Kamala Harris, adding $10 million worth of XRP to her election efforts.

Larsen, now the crypto sector's biggest individ...

From 2024-10-25 to 2024-11-01, XRP-USD's stock price increased from 0.50 to 0.51. News during this period are listed below:

[Headline]: Citibank Debanked Ripple's Brad Garlinghouse Due to Crypto, Exec Says
[Summary]: Ripple CEO Brad Garlinghouse has personally been severed from a longtime banking relationship because he's a prominent figure in crypto, he told an audience in Washington on Wednesday.

""Individuals w...

[Headline]: Ripple Co-Founder Larsen Flooding Kamala Harris' Election Effort With XRP
[Summary]: Ripple co-founder Chris Larsen said he amplified his support for Vice President Kamala Harris, adding $10 million worth of XRP to her election efforts.

Larsen, now the crypto sector's biggest individ...

[Headline]: Ripple Names Exchange Partners for Stablecoin RLUSD, Awaits NYDFS Approval
[Summary]: Ripple Labs named exchange partners and market makers for its RLUSD gearing up towards the public rollout of its RLUSD stablecoin.

The token is ""operationally ready,"" awaiting regulatory approval by ...

[Headline]: Ripple Plans 'Cross-Appeal' in SEC Case
[Summary]: Ripple Labs will file a cross-appeal in its ongoing case against the U.S. Securities and Exchange Commission, the company announced Thursday, as part of an effort to maintain its legal defenses as the...

[Headline]: Ripple Expands Custody Business to Offer 'Bank-Grade' Service to Crypto Firms
[Summary]: Ripple, a provider of digital asset infrastructure, has introduced new functionality to its custody service

The company is associated with the XRP token, which rose as much as 3.75% Thursday, its big...

From 2024-11-01 to 2024-11-08, XRP-USD's stock price increased from 0.51 to 0.55. News during this period are listed below:

[Headline]: Citibank Debanked Ripple's Brad Garlinghouse Due to Crypto, Exec Says
[Summary]: Ripple CEO Brad Garlinghouse has personally been severed from a longtime banking relationship because he's a prominent figure in crypto, he told an audience in Washington on Wednesday.

""Individuals w...

[Headline]: Ripple Co-Founder Larsen Flooding Kamala Harris' Election Effort With XRP
[Summary]: Ripple co-founder Chris Larsen said he amplified his support for Vice President Kamala Harris, adding $10 million worth of XRP to her election efforts.

Larsen, now the crypto sector's biggest individ...

[Headline]: Ripple Names Exchange Partners for Stablecoin RLUSD, Awaits NYDFS Approval
[Summary]: Ripple Labs named exchange partners and market makers for its RLUSD gearing up towards the public rollout of its RLUSD stablecoin.

The token is ""operationally ready,"" awaiting regulatory approval by ...

[Headline]: Ripple Plans 'Cross-Appeal' in SEC Case
[Summary]: Ripple Labs will file a cross-appeal in its ongoing case against the U.S. Securities and Exchange Commission, the company announced Thursday, as part of an effort to maintain its legal defenses as the...

[Headline]: Ripple Expands Custody Business to Offer 'Bank-Grade' Service to Crypto Firms
[Summary]: Ripple, a provider of digital asset infrastructure, has introduced new functionality to its custody service

The company is associated with the XRP token, which rose as much as 3.75% Thursday, its big...



Based on all the information before 2024-11-08, let's first analyze the positive developments and potential concerns for XRP-USD. Come up with 2-4 most important factors respectively and keep them concise. Most factors should be inferred from cryptocurrencies related news. Then let's assume your prediction for next week (2024-11-08 to 2024-11-15) is up by more than 5%. Provide a summary analysis to support your prediction. The prediction result need to be inferred from your analysis at the end, and thus not appearing as a foundational factor of your analysis.","**[Positive Developments]:**
1. **Stablecoin Progress**: The naming of exchange partners for RLUSD and the awaiting regulatory approval signify progress towards the stablecoin's public rollout, which can drive XRP's utility and adoption.
2. **Expansion of Custody Business**: The enhanced custody service can attract more institutional investors, increasing XRP's liquidity and market depth.

**[Potential Concerns]:**
1. **Regulatory Uncertainty**: The ongoing SEC case and the awaiting regulatory approval for RLUSD introduce uncertainty, which can deter potential investors and partners.
2. **Debanking of Ripple's CEO**: The debanking of Brad Garlinghouse may indicate broader banking resistance to cryptocurrencies, potentially hindering XRP's liquidity and adoption.

**[Prediction & Analysis]:**
Despite regulatory uncertainty and the debanking of Ripple's CEO, the progress towards RLUSD's public rollout and the expanded custody business are strong positive developments. These factors are likely to drive a price increase of more than 5% in the upcoming week."
"[Cryptocurrency Introduction]: XRP (XRP) is a cryptocurrency . XRP has a current supply of 99,986,084,900 with 58,759,724,027 in circulation. The last known price of XRP is 2.15496928 USD and is up 1.07 over the last 24 hours. It is currently trading on 1621 active market(s) with $1,946,240,978.17 traded over the last 24 hours. More information can be found at https://xrpl.org/.. It has a market capilization of 126935072768.

From 2024-11-01 to 2024-11-08, XRP-USD's stock price increased from 0.51 to 0.55. News during this period are listed below:

[Headline]: Citibank Debanked Ripple's Brad Garlinghouse Due to Crypto, Exec Says
[Summary]: Ripple CEO Brad Garlinghouse has personally been severed from a longtime banking relationship because he's a prominent figure in crypto, he told an audience in Washington on Wednesday.

""Individuals w...

[Headline]: Ripple Co-Founder Larsen Flooding Kamala Harris' Election Effort With XRP
[Summary]: Ripple co-founder Chris Larsen said he amplified his support for Vice President Kamala Harris, adding $10 million worth of XRP to her election efforts.

Larsen, now the crypto sector's biggest individ...

[Headline]: Ripple Names Exchange Partners for Stablecoin RLUSD, Awaits NYDFS Approval
[Summary]: Ripple Labs named exchange partners and market makers for its RLUSD gearing up towards the public rollout of its RLUSD stablecoin.

The token is ""operationally ready,"" awaiting regulatory approval by ...

[Headline]: Ripple Plans 'Cross-Appeal' in SEC Case
[Summary]: Ripple Labs will file a cross-appeal in its ongoing case against the U.S. Securities and Exchange Commission, the company announced Thursday, as part of an effort to maintain its legal defenses as the...

[Headline]: Ripple Expands Custody Business to Offer 'Bank-Grade' Service to Crypto Firms
[Summary]: Ripple, a provider of digital asset infrastructure, has introduced new functionality to its custody service

The company is associated with the XRP token, which rose as much as 3.75% Thursday, its big...

From 2024-11-08 to 2024-11-15, XRP-USD's stock price increased from 0.55 to 0.89. News during this period are listed below:

[Headline]: Citibank Debanked Ripple's Brad Garlinghouse Due to Crypto, Exec Says
[Summary]: Ripple CEO Brad Garlinghouse has personally been severed from a longtime banking relationship because he's a prominent figure in crypto, he told an audience in Washington on Wednesday.

""Individuals w...

[Headline]: Ripple Co-Founder Larsen Flooding Kamala Harris' Election Effort With XRP
[Summary]: Ripple co-founder Chris Larsen said he amplified his support for Vice President Kamala Harris, adding $10 million worth of XRP to her election efforts.

Larsen, now the crypto sector's biggest individ...

[Headline]: Ripple Names Exchange Partners for Stablecoin RLUSD, Awaits NYDFS Approval
[Summary]: Ripple Labs named exchange partners and market makers for its RLUSD gearing up towards the public rollout of its RLUSD stablecoin.

The token is ""operationally ready,"" awaiting regulatory approval by ...

[Headline]: Ripple Plans 'Cross-Appeal' in SEC Case
[Summary]: Ripple Labs will file a cross-appeal in its ongoing case against the U.S. Securities and Exchange Commission, the company announced Thursday, as part of an effort to maintain its legal defenses as the...

[Headline]: Ripple Expands Custody Business to Offer 'Bank-Grade' Service to Crypto Firms
[Summary]: Ripple, a provider of digital asset infrastructure, has introduced new functionality to its custody service

The company is associated with the XRP token, which rose as much as 3.75% Thursday, its big...



Based on all the information before 2024-11-15, let's first analyze the positive developments and potential concerns for XRP-USD. Come up with 2-4 most important factors respectively and keep them concise. Most factors should be inferred from cryptocurrencies related news. Then let's assume your prediction for next week (2024-11-15 to 2024-11-22) is up by more than 5%. Provide a summary analysis to support your prediction. The prediction result need to be inferred from your analysis at the end, and thus not appearing as a foundational factor of your analysis.","**[Positive Developments]:**
1. **Price Increase**: XRP's price increased by 36.4% over the past week, indicating strong bullish market sentiment.
2. **Stablecoin Progress**: The progress towards RLUSD's public rollout can drive XRP's utility and adoption.
3. **Expansion of Custody Business**: The enhanced custody service can attract more institutional investors, increasing XRP's liquidity and market depth.

**[Potential Concerns]:**
1. **Regulatory Uncertainty**: The ongoing SEC case introduces uncertainty, which can deter potential investors and partners.

**[Prediction & Analysis]:**
The significant price increase, progress towards RLUSD's public rollout, and the expanded custody business are strong positive developments. Although regulatory uncertainty persists, these positive developments are likely to drive a price increase of more than 5% in the upcoming week."
"[Cryptocurrency Introduction]: XRP (XRP) is a cryptocurrency . XRP has a current supply of 99,986,084,900 with 58,759,724,027 in circulation. The last known price of XRP is 2.15496928 USD and is up 1.07 over the last 24 hours. It is currently trading on 1621 active market(s) with $1,946,240,978.17 traded over the last 24 hours. More information can be found at https://xrpl.org/.. It has a market capilization of 126935072768.

From 2024-11-08 to 2024-11-15, XRP-USD's stock price increased from 0.55 to 0.89. News during this period are listed below:

[Headline]: Citibank Debanked Ripple's Brad Garlinghouse Due to Crypto, Exec Says
[Summary]: Ripple CEO Brad Garlinghouse has personally been severed from a longtime banking relationship because he's a prominent figure in crypto, he told an audience in Washington on Wednesday.

""Individuals w...

[Headline]: Ripple Co-Founder Larsen Flooding Kamala Harris' Election Effort With XRP
[Summary]: Ripple co-founder Chris Larsen said he amplified his support for Vice President Kamala Harris, adding $10 million worth of XRP to her election efforts.

Larsen, now the crypto sector's biggest individ...

[Headline]: Ripple Names Exchange Partners for Stablecoin RLUSD, Awaits NYDFS Approval
[Summary]: Ripple Labs named exchange partners and market makers for its RLUSD gearing up towards the public rollout of its RLUSD stablecoin.

The token is ""operationally ready,"" awaiting regulatory approval by ...

[Headline]: Ripple Plans 'Cross-Appeal' in SEC Case
[Summary]: Ripple Labs will file a cross-appeal in its ongoing case against the U.S. Securities and Exchange Commission, the company announced Thursday, as part of an effort to maintain its legal defenses as the...

[Headline]: Ripple Expands Custody Business to Offer 'Bank-Grade' Service to Crypto Firms
[Summary]: Ripple, a provider of digital asset infrastructure, has introduced new functionality to its custody service

The company is associated with the XRP token, which rose as much as 3.75% Thursday, its big...

From 2024-11-15 to 2024-11-22, XRP-USD's stock price increased from 0.89 to 1.47. News during this period are listed below:

[Headline]: XRP Price Surges 25% as Headwinds for Ripple Clear Even More
[Summary]: XRP zoomed as Gary Gensler’s announcement of stepping down in January as chairman of the U.S. Securities and Exchange Commission (SEC) kept a multiweek bullish trade going.

XRP prices surged 25% in t...



Based on all the information before 2024-11-22, let's first analyze the positive developments and potential concerns for XRP-USD. Come up with 2-4 most important factors respectively and keep them concise. Most factors should be inferred from cryptocurrencies related news. Then let's assume your prediction for next week (2024-11-22 to 2024-11-29) is up by more than 5%. Provide a summary analysis to support your prediction. The prediction result need to be inferred from your analysis at the end, and thus not appearing as a foundational factor of your analysis.","**[Positive Developments]:**
1. **Regulatory Clarity**: The announcement of Gary Gensler stepping down as SEC chairman has eased regulatory pressures, contributing to a 25% surge in XRP prices.
2. **Stablecoin Launch**: Ripple's stablecoin RLUSD is operationally ready and awaiting regulatory approval, which can drive demand for XRP.
3. **Political Influence**: Ripple co-founder Chris Larsen's significant contribution to Kamala Harris' election efforts may foster political goodwill towards crypto.
4. **Expanded Services**: Ripple's new custody services offer 'bank-grade' security, enhancing its appeal to institutional investors.

**[Potential Concerns]:**
1. **SEC Lawsuit**: The ongoing SEC lawsuit against Ripple creates uncertainty, although Ripple's cross-appeal shows their resolve.
2. **Banking Relationships**: Brad Garlinghouse's debanking by Citibank highlights the traditional banking system's hesitancy towards crypto.
3. **Profit Realization**: Significant profit-taking by long-term XRP holders could signal a potential reversal or consolidation.

**[Prediction & Analysis]:**
The upcoming week looks bullish for XRP. The surge due to Gensler's departure, the impending launch of RLUSD, and enhanced custody services create strong upward momentum. The political support from Larsen's contributions and the aggressive stance in the SEC lawsuit show Ripple's commitment to growth. Despite profit-taking and banking hesitancy, the bullish trends are likely to continue. Therefore, a price increase of more than 5% is anticipated."
"[Cryptocurrency Introduction]: XRP (XRP) is a cryptocurrency . XRP has a current supply of 99,986,084,900 with 58,759,724,027 in circulation. The last known price of XRP is 2.15496928 USD and is up 1.07 over the last 24 hours. It is currently trading on 1621 active market(s) with $1,946,240,978.17 traded over the last 24 hours. More information can be found at https://xrpl.org/.. It has a market capilization of 126935072768.

From 2024-11-08 to 2024-11-15, XRP-USD's stock price increased from 0.55 to 0.89. News during this period are listed below:

[Headline]: Citibank Debanked Ripple's Brad Garlinghouse Due to Crypto, Exec Says
[Summary]: Ripple CEO Brad Garlinghouse has personally been severed from a longtime banking relationship because he's a prominent figure in crypto, he told an audience in Washington on Wednesday.

""Individuals w...

[Headline]: Ripple Co-Founder Larsen Flooding Kamala Harris' Election Effort With XRP
[Summary]: Ripple co-founder Chris Larsen said he amplified his support for Vice President Kamala Harris, adding $10 million worth of XRP to her election efforts.

Larsen, now the crypto sector's biggest individ...

[Headline]: Ripple Names Exchange Partners for Stablecoin RLUSD, Awaits NYDFS Approval
[Summary]: Ripple Labs named exchange partners and market makers for its RLUSD gearing up towards the public rollout of its RLUSD stablecoin.

The token is ""operationally ready,"" awaiting regulatory approval by ...

[Headline]: Ripple Plans 'Cross-Appeal' in SEC Case
[Summary]: Ripple Labs will file a cross-appeal in its ongoing case against the U.S. Securities and Exchange Commission, the company announced Thursday, as part of an effort to maintain its legal defenses as the...

[Headline]: Ripple Expands Custody Business to Offer 'Bank-Grade' Service to Crypto Firms
[Summary]: Ripple, a provider of digital asset infrastructure, has introduced new functionality to its custody service

The company is associated with the XRP token, which rose as much as 3.75% Thursday, its big...

From 2024-11-15 to 2024-11-22, XRP-USD's stock price increased from 0.89 to 1.47. News during this period are listed below:

[Headline]: XRP Price Surges 25% as Headwinds for Ripple Clear Even More
[Summary]: XRP zoomed as Gary Gensler’s announcement of stepping down in January as chairman of the U.S. Securities and Exchange Commission (SEC) kept a multiweek bullish trade going.

XRP prices surged 25% in t...

From 2024-11-22 to 2024-11-29, XRP-USD's stock price increased from 1.47 to 1.80. News during this period are listed below:

[Headline]: XRP Rally Sees Record Profit-Taking as Ripple Labs Plans to Invest in Bitwise XRP ETF
[Summary]: Long-term holders of XRP realized over $1.5 billion in profits last week as the payments-focused cryptocurrency zoomed to a three-year high, data shows, marking the highest profit realization since Ap...

[Headline]: Ripple Drops Another $25M Into Crypto PAC to Sway 2026 Congressional Races
[Summary]: Ripple Labs has kicked in another $25 million to the cryptocurrency industry's Fairshake political action committee, one of the most aggressive and high-dollar campaign-finance operations in corporate...



Based on all the information before 2024-11-29, let's first analyze the positive developments and potential concerns for XRP-USD. Come up with 2-4 most important factors respectively and keep them concise. Most factors should be inferred from cryptocurrencies related news. Then let's assume your prediction for next week (2024-11-29 to 2024-12-06) is up by more than 5%. Provide a summary analysis to support your prediction. The prediction result need to be inferred from your analysis at the end, and thus not appearing as a foundational factor of your analysis.","**[Positive Developments]:**
1. **ETF Investment**: Ripple Labs' plan to invest in the Bitwise XRP ETF could boost institutional interest and demand for XRP.
2. **Political Lobbying**: Ripple's $25 million contribution to the Fairshake PAC indicates proactive political engagement to shape crypto-friendly regulations.
3. **Price Momentum**: XRP's recent surge to a three-year high shows strong bullish momentum and market interest.

**[Potential Concerns]:**
1. **Regulatory Approval**: The RLUSD stablecoin launch hinges on NYDFS approval, which, if delayed, could dampen market enthusiasm.
2. **Market Volatility**: Crypto markets are inherently volatile, and external economic factors could impact XRP's price trajectory.

**[Prediction & Analysis]:**
The upcoming week looks promising for XRP. The potential ETF investment and political lobbying efforts create a favorable environment for price appreciation. The recent price surge and the anticipation of the RLUSD launch are strong bullish indicators. Despite regulatory uncertainties and market volatility, the overall sentiment supports a price increase of more than 5%."
"[Cryptocurrency Introduction]: XRP (XRP) is a cryptocurrency . XRP has a current supply of 99,986,084,900 with 58,759,724,027 in circulation. The last known price of XRP is 2.15496928 USD and is up 1.07 over the last 24 hours. It is currently trading on 1621 active market(s) with $1,946,240,978.17 traded over the last 24 hours. More information can be found at https://xrpl.org/.. It has a market capilization of 126935072768.

From 2024-11-08 to 2024-11-15, XRP-USD's stock price increased from 0.55 to 0.89. News during this period are listed below:

[Headline]: Citibank Debanked Ripple's Brad Garlinghouse Due to Crypto, Exec Says
[Summary]: Ripple CEO Brad Garlinghouse has personally been severed from a longtime banking relationship because he's a prominent figure in crypto, he told an audience in Washington on Wednesday.

""Individuals w...

[Headline]: Ripple Co-Founder Larsen Flooding Kamala Harris' Election Effort With XRP
[Summary]: Ripple co-founder Chris Larsen said he amplified his support for Vice President Kamala Harris, adding $10 million worth of XRP to her election efforts.

Larsen, now the crypto sector's biggest individ...

[Headline]: Ripple Names Exchange Partners for Stablecoin RLUSD, Awaits NYDFS Approval
[Summary]: Ripple Labs named exchange partners and market makers for its RLUSD gearing up towards the public rollout of its RLUSD stablecoin.

The token is ""operationally ready,"" awaiting regulatory approval by ...

[Headline]: Ripple Plans 'Cross-Appeal' in SEC Case
[Summary]: Ripple Labs will file a cross-appeal in its ongoing case against the U.S. Securities and Exchange Commission, the company announced Thursday, as part of an effort to maintain its legal defenses as the...

[Headline]: Ripple Expands Custody Business to Offer 'Bank-Grade' Service to Crypto Firms
[Summary]: Ripple, a provider of digital asset infrastructure, has introduced new functionality to its custody service

The company is associated with the XRP token, which rose as much as 3.75% Thursday, its big...

From 2024-11-15 to 2024-11-22, XRP-USD's stock price increased from 0.89 to 1.47. News during this period are listed below:

[Headline]: XRP Price Surges 25% as Headwinds for Ripple Clear Even More
[Summary]: XRP zoomed as Gary Gensler’s announcement of stepping down in January as chairman of the U.S. Securities and Exchange Commission (SEC) kept a multiweek bullish trade going.

XRP prices surged 25% in t...

From 2024-11-22 to 2024-11-29, XRP-USD's stock price increased from 1.47 to 1.80. News during this period are listed below:

[Headline]: XRP Rally Sees Record Profit-Taking as Ripple Labs Plans to Invest in Bitwise XRP ETF
[Summary]: Long-term holders of XRP realized over $1.5 billion in profits last week as the payments-focused cryptocurrency zoomed to a three-year high, data shows, marking the highest profit realization since Ap...

[Headline]: Ripple Drops Another $25M Into Crypto PAC to Sway 2026 Congressional Races
[Summary]: Ripple Labs has kicked in another $25 million to the cryptocurrency industry's Fairshake political action committee, one of the most aggressive and high-dollar campaign-finance operations in corporate...

From 2024-11-29 to 2024-12-06, XRP-USD's stock price increased from 1.80 to 2.42. News during this period are listed below:

[Headline]: XRP Tops $100B Market Cap, Reaches 2018 Levels, as Ripple’s RLUSD Close to Approval
[Summary]: XRP flipped a $100 billion market capitalization late Saturday as a multiweek rally showed no signs of pausing amid multiple catalysts over the past weeks.



XRP zoomed nearly 10% in a 24-period from...



Based on all the information before 2024-12-06, let's first analyze the positive developments and potential concerns for XRP-USD. Come up with 2-4 most important factors respectively and keep them concise. Most factors should be inferred from cryptocurrencies related news. Then let's assume your prediction for next week (2024-12-06 to 2024-12-13) is down by 0-1%. Provide a summary analysis to support your prediction. The prediction result need to be inferred from your analysis at the end, and thus not appearing as a foundational factor of your analysis.","**[Positive Developments]:**
1. **Market Cap Milestone**: XRP surpassed a $100 billion market cap, indicating robust market demand and investor confidence.
2. **Stablecoin Approval**: The imminent approval of Ripple's RLUSD stablecoin is a significant catalyst for XRP's growth.
3. **Political Engagement**: Ripple's contributions to the Fairshake PAC and Garlinghouse's comments on voter education show proactive political involvement.

**[Potential Concerns]:**
1. **Potential Sell-Off**: The recent price surge could lead to profit-taking, causing a temporary price correction.
2. **Regulatory Hurdles**: Despite progress, regulatory challenges remain a concern for the stablecoin launch and overall market stability.

**[Prediction & Analysis]:**
The upcoming week is likely to see a slight correction for XRP. Despite the market cap milestone and stablecoin approval, the recent price surge may lead to profit-taking. Additionally, regulatory hurdles could temper market enthusiasm. While political engagement is positive, the overall sentiment points to a potential 0-1% decrease in price."
"[Cryptocurrency Introduction]: XRP (XRP) is a cryptocurrency . XRP has a current supply of 99,986,084,900 with 58,759,724,027 in circulation. The last known price of XRP is 2.15496928 USD and is up 1.07 over the last 24 hours. It is currently trading on 1621 active market(s) with $1,946,240,978.17 traded over the last 24 hours. More information can be found at https://xrpl.org/.. It has a market capilization of 126935072768.

From 2024-11-15 to 2024-11-22, XRP-USD's stock price increased from 0.89 to 1.47. News during this period are listed below:

[Headline]: XRP Price Surges 25% as Headwinds for Ripple Clear Even More
[Summary]: XRP zoomed as Gary Gensler’s announcement of stepping down in January as chairman of the U.S. Securities and Exchange Commission (SEC) kept a multiweek bullish trade going.

XRP prices surged 25% in t...

From 2024-11-22 to 2024-11-29, XRP-USD's stock price increased from 1.47 to 1.80. News during this period are listed below:

[Headline]: XRP Rally Sees Record Profit-Taking as Ripple Labs Plans to Invest in Bitwise XRP ETF
[Summary]: Long-term holders of XRP realized over $1.5 billion in profits last week as the payments-focused cryptocurrency zoomed to a three-year high, data shows, marking the highest profit realization since Ap...

[Headline]: Ripple Drops Another $25M Into Crypto PAC to Sway 2026 Congressional Races
[Summary]: Ripple Labs has kicked in another $25 million to the cryptocurrency industry's Fairshake political action committee, one of the most aggressive and high-dollar campaign-finance operations in corporate...

From 2024-11-29 to 2024-12-06, XRP-USD's stock price increased from 1.80 to 2.42. News during this period are listed below:

[Headline]: XRP Tops $100B Market Cap, Reaches 2018 Levels, as Ripple’s RLUSD Close to Approval
[Summary]: XRP flipped a $100 billion market capitalization late Saturday as a multiweek rally showed no signs of pausing amid multiple catalysts over the past weeks.



XRP zoomed nearly 10% in a 24-period from...

From 2024-12-06 to 2024-12-13, XRP-USD's stock price decreased from 2.42 to 2.42. News during this period are listed below:

[Headline]: XRP Rallies 10% as Ripple's Stablecoin Gets Regulatory Approval, CEO Garlinghouse Says
[Summary]: XRP, the native token of the XRP Ledger (XRPL) network, surged during the U.S. afternoon hours on Tuesday as Ripple CEO Brad Garlinghouse said the company's much-anticipated stablecoin obtained regula...

[Headline]: Ripple's Garlinghouse Says 2024 Election Was a Chance to 'Educate Voters'
[Summary]: Ripple CEO Brad Garlinghouse in an interview with 60 Minutes, said that the 2024 election was a ""major victory"" for crypto as the majority of Fairshake, a crypto political action committee (PAC), back...



Based on all the information before 2024-12-13, let's first analyze the positive developments and potential concerns for XRP-USD. Come up with 2-4 most important factors respectively and keep them concise. Most factors should be inferred from cryptocurrencies related news. Then let's assume your prediction for next week (2024-12-13 to 2024-12-20) is down by more than 5%. Provide a summary analysis to support your prediction. The prediction result need to be inferred from your analysis at the end, and thus not appearing as a foundational factor of your analysis.","**[Positive Developments]:**
1. **Stablecoin Launch**: The regulatory approval of Ripple's stablecoin is a significant milestone that could drive XRP demand.
2. **Political Victory**: Garlinghouse's comments on the 2024 election indicate a favorable political climate for crypto.
3. **Market Sentiment**: The recent price stability despite regulatory news shows resilient market sentiment.

**[Potential Concerns]:**
1. **Market Saturation**: The lack of significant price movement despite positive news could indicate market saturation.
2. **External Factors**: Broader economic conditions and market trends could impact XRP's price trajectory.

**[Prediction & Analysis]:**
The upcoming week could see a notable correction for XRP. Despite the stablecoin launch and political victory, market saturation and external economic factors may lead to a price decrease. The recent stability might be a calm before the storm, with a potential decrease of more than 5% in the upcoming week."
"[Cryptocurrency Introduction]: XRP (XRP) is a cryptocurrency . XRP has a current supply of 99,986,084,900 with 58,759,724,027 in circulation. The last known price of XRP is 2.15496928 USD and is up 1.07 over the last 24 hours. It is currently trading on 1621 active market(s) with $1,946,240,978.17 traded over the last 24 hours. More information can be found at https://xrpl.org/.. It has a market capilization of 126935072768.

From 2024-12-06 to 2024-12-13, XRP-USD's stock price decreased from 2.42 to 2.42. News during this period are listed below:

[Headline]: XRP Rallies 10% as Ripple's Stablecoin Gets Regulatory Approval, CEO Garlinghouse Says
[Summary]: XRP, the native token of the XRP Ledger (XRPL) network, surged during the U.S. afternoon hours on Tuesday as Ripple CEO Brad Garlinghouse said the company's much-anticipated stablecoin obtained regula...

[Headline]: Ripple's Garlinghouse Says 2024 Election Was a Chance to 'Educate Voters'
[Summary]: Ripple CEO Brad Garlinghouse in an interview with 60 Minutes, said that the 2024 election was a ""major victory"" for crypto as the majority of Fairshake, a crypto political action committee (PAC), back...

From 2024-12-13 to 2024-12-20, XRP-USD's stock price decreased from 2.42 to 2.28. News during this period are listed below:

[Headline]: Ripple’s RLUSD Stablecoin Attracts Frenzy Bids for 800 XRP Ahead of Release
[Summary]: Ripple’s upcoming RLUSD stablecoin is attracting bids upto 836 XRP ($2068) on onchain marketplaces ahead of its Tuesday release, a sign of frenzy among enthusiasts who may want to be the first to hold...

[Headline]: Ripple to Roll Out RLUSD Stablecoin on Dec. 17, Adds Former Central Bankers to Advisory Board
[Summary]: Ripple, an enterprise-focused blockchain service closely related to the XRP Ledger (XRP), said it will start making its highly-anticipated U.S. dollar stablecoin accessible to users on Tuesday, Dec. 1...



Based on all the information before 2024-12-20, let's first analyze the positive developments and potential concerns for XRP-USD. Come up with 2-4 most important factors respectively and keep them concise. Most factors should be inferred from cryptocurrencies related news. Then let's assume your prediction for next week (2024-12-20 to 2024-12-27) is down by more than 5%. Provide a summary analysis to support your prediction. The prediction result need to be inferred from your analysis at the end, and thus not appearing as a foundational factor of your analysis.","**[Positive Developments]:**
1. **Stablecoin Demand**: The frenzy bids for Ripple's RLUSD stablecoin indicate strong market demand and enthusiasm.
2. **Advisory Board**: The addition of former central bankers to Ripple's advisory board enhances credibility and regulatory compliance.

**[Potential Concerns]:**
1. **Post-Launch Sell-Off**: The stablecoin launch could lead to a ""buy the rumor, sell the news"" scenario, causing a price correction.
2. **Market Volatility**: The crypto market's inherent volatility and external economic factors pose risks to XRP's price stability.

**[Prediction & Analysis]:**
The upcoming week is likely to see a significant correction for XRP. Despite the stablecoin demand and advisory board enhancements, the post-launch sell-off and market volatility could lead to a price decrease. The recent price stability might be a temporary pause before a more substantial correction, with a potential decrease of more than 5% in the upcoming week."
"[Cryptocurrency Introduction]: XRP (XRP) is a cryptocurrency . XRP has a current supply of 99,986,084,900 with 58,759,724,027 in circulation. The last known price of XRP is 2.15496928 USD and is up 1.07 over the last 24 hours. It is currently trading on 1621 active market(s) with $1,946,240,978.17 traded over the last 24 hours. More information can be found at https://xrpl.org/.. It has a market capilization of 126935072768.

From 2024-12-13 to 2024-12-20, XRP-USD's stock price decreased from 2.42 to 2.28. News during this period are listed below:

[Headline]: Ripple’s RLUSD Stablecoin Attracts Frenzy Bids for 800 XRP Ahead of Release
[Summary]: Ripple’s upcoming RLUSD stablecoin is attracting bids upto 836 XRP ($2068) on onchain marketplaces ahead of its Tuesday release, a sign of frenzy among enthusiasts who may want to be the first to hold...

[Headline]: Ripple to Roll Out RLUSD Stablecoin on Dec. 17, Adds Former Central Bankers to Advisory Board
[Summary]: Ripple, an enterprise-focused blockchain service closely related to the XRP Ledger (XRP), said it will start making its highly-anticipated U.S. dollar stablecoin accessible to users on Tuesday, Dec. 1...

From 2024-12-20 to 2024-12-27, XRP-USD's stock price decreased from 2.28 to 2.14. News during this period are listed below:

[Headline]: Ripple’s RLUSD Stablecoin Attracts Frenzy Bids for 800 XRP Ahead of Release
[Summary]: Ripple’s upcoming RLUSD stablecoin is attracting bids upto 836 XRP ($2068) on onchain marketplaces ahead of its Tuesday release, a sign of frenzy among enthusiasts who may want to be the first to hold...

[Headline]: Ripple to Roll Out RLUSD Stablecoin on Dec. 17, Adds Former Central Bankers to Advisory Board
[Summary]: Ripple, an enterprise-focused blockchain service closely related to the XRP Ledger (XRP), said it will start making its highly-anticipated U.S. dollar stablecoin accessible to users on Tuesday, Dec. 1...

[Headline]: XRP Rallies 10% as Ripple's Stablecoin Gets Regulatory Approval, CEO Garlinghouse Says
[Summary]: XRP, the native token of the XRP Ledger (XRPL) network, surged during the U.S. afternoon hours on Tuesday as Ripple CEO Brad Garlinghouse said the company's much-anticipated stablecoin obtained regula...

[Headline]: Ripple's Garlinghouse Says 2024 Election Was a Chance to 'Educate Voters'
[Summary]: Ripple CEO Brad Garlinghouse in an interview with 60 Minutes, said that the 2024 election was a ""major victory"" for crypto as the majority of Fairshake, a crypto political action committee (PAC), back...

[Headline]: XRP Tops $100B Market Cap, Reaches 2018 Levels, as Ripple’s RLUSD Close to Approval
[Summary]: XRP flipped a $100 billion market capitalization late Saturday as a multiweek rally showed no signs of pausing amid multiple catalysts over the past weeks.



XRP zoomed nearly 10% in a 24-period from...



Based on all the information before 2024-12-27, let's first analyze the positive developments and potential concerns for XRP-USD. Come up with 2-4 most important factors respectively and keep them concise. Most factors should be inferred from cryptocurrencies related news. Then let's assume your prediction for next week (2024-12-27 to 2025-01-03) is down by 2-3%. Provide a summary analysis to support your prediction. The prediction result need to be inferred from your analysis at the end, and thus not appearing as a foundational factor of your analysis.","**Response to Analysis Request 1:**

**[Positive Developments]:**
1. **Stablecoin Launch:** Ripple's launch of the RLUSD stablecoin has brought significant attention and enthusiasm to XRP, with high bids being placed ahead of its release.
2. **Regulatory Approval:** The regulatory approval of Ripple's stablecoin has led to a rally in XRP's price, indicating increased investor confidence.
3. **Market Cap Milestone:** XRP reached a $100 billion market capitalization, demonstrating strong market demand and investor interest.
4. **Political Engagement:** Ripple CEO Brad Garlinghouse's comments on the 2024 election suggest growing political acceptance and awareness of cryptocurrencies.

**[Potential Concerns]:**
1. **Price Volatility:** Despite the positive news, XRP's price decreased from 2024-12-13 to 2024-12-27, indicating high volatility and potential market instability.
2. **Dependence on Stablecoin Success:** Much of the recent hype and price movement is tied to the RLUSD stablecoin. If the stablecoin does not meet expectations, XRP could see a reversal.
3. **Regulatory Uncertainty:** While the stablecoin received regulatory approval, the broader regulatory environment for cryptocurrencies remains uncertain.
4. **Market Overextension:** The rapid price increase and high market capitalization could indicate overextension, potentially leading to a correction.

**[Prediction & Analysis]:**
XRP has experienced a significant rally and market capitalization growth driven by the launch and regulatory approval of Ripple's RLUSD stablecoin. However, the price has started to decrease, suggesting potential market correction or stabilization. The high volatility and dependence on the stablecoin's success, along with persistent regulatory uncertainties, indicate a cautious outlook. Despite the positive developments, the potential concerns and recent price decreases suggest a slight correction in the upcoming week. Therefore, a 2-3% price decrease is predicted for the week of 2024-12-27 to 2025-01-03."
